#
# A fatal error has been detected by the Java Runtime Environment:
#
#  SIGSEGV (0xb) at pc=0x000000772770bce0, pid=12688, tid=12784
#
# JRE version: OpenJDK Runtime Environment (25.0.3) (build 25.0.3-internal-adhoc.runner.openjdk)
# Java VM: OpenJDK 64-Bit Server VM (25.0.3-internal-adhoc.runner.openjdk, mixed mode, tiered, compressed oops, compressed class ptrs, g1 gc, linux-aarch64)
# Problematic frame:
# C  0x000000772770bce0
#
# Core dump will be written. Default location: core.12688 (may not exist)
#
# If you would like to submit a bug report, please visit:
#   https://bugreport.java.com/bugreport/crash.jsp
# The crash happened outside the Java Virtual Machine in native code.
# See problematic frame for where to report the bug.
#

---------------  S U M M A R Y ------------

Command Line: -Djava.home=/data/user/0/com.movtery.zalithlauncher.v2/files/games/runtimes/Internal-25 -Djava.io.tmpdir=/data/user/0/com.movtery.zalithlauncher.v2/cache -Djna.boot.library.path=/data/user/0/com.movtery.zalithlauncher.v2/files/games/jna_dir/jna/5.17.0 -Duser.home=/storage/emulated/0/Android/data/com.movtery.zalithlauncher.v2/files/.minecraft -Duser.language=zh -Duser.country=CN -Duser.timezone=Asia/Shanghai -Dos.name=Linux -Dos.version=Android-16 -Dpojav.path.minecraft=/storage/emulated/0/Android/data/com.movtery.zalithlauncher.v2/files/.minecraft -Dpojav.path.private.account=/data/user/0/com.movtery.zalithlauncher.v2/databases -Dorg.lwjgl.vulkan.libname=libvulkan.so -Dglfwstub.windowWidth=2660 -Dglfwstub.windowHeight=1196 -Dglfwstub.initEgl=false -Dext.net.resolvPath=/data/user/0/com.movtery.zalithlauncher.v2/files/games/resolv.conf -Dlog4j2.formatMsgNoLookups=true -Djava.rmi.server.useCodebaseOnly=true -Dcom.sun.jndi.rmi.object.trustURLCodebase=false -Dcom.sun.jndi.cosnaming.object.trustURLCodebase=false -Dnet.minecraft.clientmodname=Zalith Launcher -Dfml.earlyprogresswindow=false -Dfml.ignoreInvalidMinecraftCertificates=true -Dfml.ignorePatchDiscrepancies=true -Dloader.disable_forked_guis=true -Djdk.lang.Process.launchMechanism=FORK -Dsodium.checks.issue2561=false -javaagent:/data/user/0/com.movtery.zalithlauncher.v2/files/components/launcher/MioLibPatcher.jar -Xms4096M -Xmx4096M -Dorg.lwjgl.openal.libname=/data/app/~~YuncQEj0Rruyt6y_-RebSA==/com.movtery.zalithlauncher.v2-JtRzSV7VpInkzDcyzopsqQ==/lib/arm64/libopenal.so -Dorg.lwjgl.freetype.libname=/data/app/~~YuncQEj0Rruyt6y_-RebSA==/com.movtery.zalithlauncher.v2-JtRzSV7VpInkzDcyzopsqQ==/lib/arm64/libfreetype.so -Dorg.lwjgl.spvc.libname=spirv-cross-c-shared -Dorg.lwjgl.system.allocator=system -XX:ActiveProcessorCount=8 -Dorg.lwjgl.opengl.libname=/data/app/~~QKEs1JII7EGqWaUN30S5Ew==/com.fcl.plugin.mobileglues--v6YcgpMiEwZGl3weWR_XA==/lib/arm64/libmobileglues.so -Djava.awt.headless=false -Dcacio.managed.screensize=2660x1196 -Dcacio.font.fontmanager=sun.awt.X11FontManager -Dcacio.font.fontscaler=sun.font.FreetypeFontScaler -Dswing.defaultlaf=javax.swing.plaf.nimbus.NimbusLookAndFeel -Dawt.toolkit=com.github.caciocavallosilano.cacio.ctc.CTCToolkit -Djava.awt.graphicsenv=com.github.caciocavallosilano.cacio.ctc.CTCGraphicsEnvironment -javaagent:/data/user/0/com.movtery.zalithlauncher.v2/files/components/caciocavallo17/cacio-agent.jar --add-exports=java.desktop/java.awt=ALL-UNNAMED --add-exports=java.desktop/java.awt.peer=ALL-UNNAMED --add-exports=java.desktop/sun.awt.image=ALL-UNNAMED --add-exports=java.desktop/sun.java2d=ALL-UNNAMED --add-exports=java.desktop/java.awt.dnd.peer=ALL-UNNAMED --add-exports=java.desktop/sun.awt=ALL-UNNAMED --add-exports=java.desktop/sun.awt.event=ALL-UNNAMED --add-exports=java.desktop/sun.awt.datatransfer=ALL-UNNAMED --add-exports=java.desktop/sun.font=ALL-UNNAMED --add-exports=java.base/sun.security.action=ALL-UNNAMED --add-opens=java.base/java.util=ALL-UNNAMED --add-opens=java.desktop/java.awt=ALL-UNNAMED --add-opens=java.desktop/sun.font=ALL-UNNAMED --add-opens=java.desktop/sun.java2d=ALL-UNNAMED --add-opens=java.base/java.lang.reflect=ALL-UNNAMED --add-opens=java.base/java.net=ALL-UNNAMED -Xbootclasspath/a:/data/user/0/com.movtery.zalithlauncher.v2/files/components/caciocavallo17/cacio-agent.jar:/data/user/0/com.movtery.zalithlauncher.v2/files/components/caciocavallo17/cacio-shared-1.19.1-SNAPSHOT.jar:/data/user/0/com.movtery.zalithlauncher.v2/files/components/caciocavallo17/cacio-tta-1.19.1-SNAPSHOT.jar -Dlog4j.configurationFile=/storage/emulated/0/Android/data/com.movtery.zalithlauncher.v2/files/.minecraft/versions/26.2 NeoForge 26.2.0.59/log4j2.xml -Dminecraft.client.jar=/storage/emulated/0/Android/data/com.movtery.zalithlauncher.v2/files/.minecraft/versions/26.2 NeoForge 26.2.0.59/26.2 NeoForge 26.2.0.59.jar -Dminecraft.launcher.brand=Zalith Launcher -Dminecraft.launcher.version=2.4.11 --sun-misc-unsafe-memory-access=allow --enable-native-access=ALL-UNNAMED -Djava.library.path=/data/app/~~QKEs1JII7EGqWaUN30S5Ew==/com.fcl.plugin.mobileglues--v6YcgpMiEwZGl3weWR_XA==/lib/arm64:/data/user/0/com.movtery.zalithlauncher.v2/files/games/runtimes/Internal-25/lib/jli:/data/user/0/com.movtery.zalithlauncher.v2/files/games/runtimes/Internal-25/lib/server:/system/lib64:/vendor/lib64:/vendor/lib64/hw:/system_ext/lib64:/data/user/0/com.movtery.zalithlauncher.v2/files/games/jna_dir/jna:/data/user/0/com.movtery.zalithlauncher.v2/app_runtime_mod:/data/app/~~YuncQEj0Rruyt6y_-RebSA==/com.movtery.zalithlauncher.v2-JtRzSV7VpInkzDcyzopsqQ==/lib/arm64:/data/user/0/com.movtery.zalithlauncher.v2/files/games/jna_dir/jna/5.17.0 -Djna.tmpdir=/data/user/0/com.movtery.zalithlauncher.v2/cache/jna -Dorg.lwjgl.system.SharedLibraryExtractPath=/data/user/0/com.movtery.zalithlauncher.v2/cache/lwjgl -Dio.netty.native.workdir=/data/user/0/com.movtery.zalithlauncher.v2/cache/netty -Dminecraft.launcher.brand=Zalith Launcher -Dminecraft.launcher.version=2.4.11 -Djava.net.preferIPv6Addresses=system -DlibraryDirectory=/storage/emulated/0/Android/data/com.movtery.zalithlauncher.v2/files/.minecraft/libraries --add-opens=java.base/java.lang.invoke=ALL-UNNAMED --add-exports=jdk.naming.dns/com.sun.jndi.dns=java.naming --add-exports=net.neoforged.fml.startup/net.neoforged.fml.startup=ALL-UNNAMED net.neoforged.fml.startup.Client --username Trail_Akivili --version 26.2 NeoForge 26.2.0.59 --gameDir /storage/emulated/0/Android/data/com.movtery.zalithlauncher.v2/files/.minecraft/versions/26.2 NeoForge 26.2.0.59 --assetsDir /storage/emulated/0/Android/data/com.movtery.zalithlauncher.v2/files/.minecraft/assets --assetIndex 32 --uuid 050f97b8d0c942c5a3fc65e7017d8894 --accessToken eyJraWQiOiIwNDkxODEiLCJhbGciOiJSUzI1NiJ9.eyJ4dWlkIjoiMjUzNTQ2NDIxMjEyMDk5NSIsImFnZyI6IkFkdWx0Iiwic3ViIjoiMDlhYjYxNWQtZmIwYi01OWI2LTg2YjgtZWFiNTYxNGZmZGEyIiwiYXV0aCI6IlhCT1giLCJucyI6ImRlZmF1bHQiLCJyb2xlcyI6W10sImlzcyI6ImF1dGhlbnRpY2F0aW9uIiwiZmxhZ3MiOlsibXVsdGlwbGF5ZXIiLCJtaW5lY3JhZnRfbmV0Il0sInByb2ZpbGVzIjp7Im1jIjoiMDUwZjk3YjgtZDBjOS00MmM1LWEzZmMtNjVlNzAxN2Q4ODk0In0sInBtaWQiOiI4ZjU2ZDE5OC1hNDk3LTViMzYtYTZlYS0wN2M3N2QwYjE5M2EiLCJwbGF0Zm9ybSI6IldFQiIsInRpZCI6IkU5OUIwIiwicGZkIjpbeyJ0eXBlIjoibWMiLCJpZCI6IjA1MGY5N2I4LWQwYzktNDJjNS1hM2ZjLTY1ZTcwMTdkODg5NCIsIm5hbWUiOiJUcmFpbF9Ba2l2aWxpIn1dLCJ4aWQiOiIyNTM1NDY0MjEyMTIwOTk1IiwibmJmIjoxNzg2ODk0MzQxLCJleHAiOjE3ODY5ODA3NDEsImlhdCI6MTc4Njg5NDM0MSwiYWlkIjoiN2Q1Yzg0M2ItZmUyNi00NWY3LTkwNzMtYjY4M2IyYWM3ZWMzIn0.DulUALbDPqlfykkE99tbb6pAUO-k9CPuPHv8c1Knwpky6Yjk-Tp0_hi-eztNidLTR839qH8W2f0tu1pP-MIcxuu1_PBbgfvus7lIDInrzM2o_SKolqAGtuSqkSzCg8r80x-2D0EWumzzYhiZiwx30ADk884b1r3nOmeMY423GVjflqUKWrhowzRht_AKGVBkyt8jek0BZub3r8_0Dl8UDmVpDlIjNjyvvsoWbsCYIk2T4wmbmwMvGidY_H3YStQtKQC13U4Q2W05436uF1mwqB7cO_uszUoApP9RNVWhXLbIEfyD8D4eU9XqA1YYF-u6keVpgWlUIaFOtdClNxPALQ --clientId ${clientid} --xuid 11443960021059368384 --versionType ZalithLauncher2.4.11 --fml.neoForgeVersion 26.2.0.59 --fml.mcVersion 26.2 --fml.neoFormVersion 2

Host: AArch64, 8 cores, 10G, Linux
Time: Mon Aug 17 00:17:23 2026 CST elapsed time: 22.093948 seconds (0d 0h 0m 22s)

---------------  T H R E A D  ---------------

Current thread (0x00000075d7432070):  JavaThread "Render thread"        [_thread_in_native, id=12784, stack(0x0000007496800000,0x00000074969fe3c0) (2040K)]

Stack: [0x0000007496800000,0x00000074969fe3c0],  sp=0x00000074969fd3b0,  free space=2036k
Native frames: (J=compiled Java code, j=interpreted, Vv=VM code, C=native code)
C  0x000000772770bce0
j  org.lwjgl.system.JNI.callPPPPI(JJJJJ)I+0
j  org.lwjgl.vulkan.KHRAndroidSurface.nvkCreateAndroidSurfaceKHR(Lorg/lwjgl/vulkan/VkInstance;JJJ)I+31
j  org.lwjgl.vulkan.KHRAndroidSurface.vkCreateAndroidSurfaceKHR(Lorg/lwjgl/vulkan/VkInstance;Lorg/lwjgl/vulkan/VkAndroidSurfaceCreateInfoKHR;Lorg/lwjgl/vulkan/VkAllocationCallbacks;Ljava/nio/LongBuffer;)I+24
j  org.lwjgl.glfw.GLFWVulkan.glfwCreateWindowSurface(Lorg/lwjgl/vulkan/VkInstance;JLorg/lwjgl/vulkan/VkAllocationCallbacks;Ljava/nio/LongBuffer;)I+78
j  com.mojang.blaze3d.vulkan.VulkanGpuSurface.<init>(Lcom/mojang/blaze3d/vulkan/VulkanDevice;J)V+88 minecraft@26.2
j  com.mojang.blaze3d.vulkan.VulkanDevice.createSurface(J)Lcom/mojang/blaze3d/systems/GpuSurfaceBackend;+6 minecraft@26.2
j  com.mojang.blaze3d.systems.GpuDevice.createSurface(J)Lcom/mojang/blaze3d/systems/GpuSurface;+9 minecraft@26.2
j  net.minecraft.client.Minecraft.<init>(Lnet/minecraft/client/main/GameConfig;)V+1416 minecraft@26.2
j  net.minecraft.client.main.Main.main([Ljava/lang/String;)V+1615 minecraft@26.2
j  java.lang.invoke.LambdaForm$DMH+0x0000000041115c00.invokeStatic(Ljava/lang/Object;Ljava/lang/Object;)V+10 java.base@25.0.3-internal
j  java.lang.invoke.LambdaForm$MH+0x0000000041101c00.invokeExact_MT(Ljava/lang/Object;Ljava/lang/Object;Ljava/lang/Object;)V+19 java.base@25.0.3-internal
j  net.neoforged.fml.startup.Client.main([Ljava/lang/String;)V+28
v  ~StubRoutines::call_stub 0x0000007485337154
V  [libjvm.so+0xa948d4]
V  [libjvm.so+0xb13ecc]
V  [libjvm.so+0xb17258]
C  [libjli.so+0x93cc]
C  [libjli.so+0xba88]
C  [libc.so+0xc9df4]  __pthread_start(void*)+0xbc
C  [libc.so+0xbc4c0]  __start_thread+0x48
Java frames: (J=compiled Java code, j=interpreted, Vv=VM code)
j  org.lwjgl.system.JNI.callPPPPI(JJJJJ)I+0
j  org.lwjgl.vulkan.KHRAndroidSurface.nvkCreateAndroidSurfaceKHR(Lorg/lwjgl/vulkan/VkInstance;JJJ)I+31
j  org.lwjgl.vulkan.KHRAndroidSurface.vkCreateAndroidSurfaceKHR(Lorg/lwjgl/vulkan/VkInstance;Lorg/lwjgl/vulkan/VkAndroidSurfaceCreateInfoKHR;Lorg/lwjgl/vulkan/VkAllocationCallbacks;Ljava/nio/LongBuffer;)I+24
j  org.lwjgl.glfw.GLFWVulkan.glfwCreateWindowSurface(Lorg/lwjgl/vulkan/VkInstance;JLorg/lwjgl/vulkan/VkAllocationCallbacks;Ljava/nio/LongBuffer;)I+78
j  com.mojang.blaze3d.vulkan.VulkanGpuSurface.<init>(Lcom/mojang/blaze3d/vulkan/VulkanDevice;J)V+88 minecraft@26.2
j  com.mojang.blaze3d.vulkan.VulkanDevice.createSurface(J)Lcom/mojang/blaze3d/systems/GpuSurfaceBackend;+6 minecraft@26.2
j  com.mojang.blaze3d.systems.GpuDevice.createSurface(J)Lcom/mojang/blaze3d/systems/GpuSurface;+9 minecraft@26.2
j  net.minecraft.client.Minecraft.<init>(Lnet/minecraft/client/main/GameConfig;)V+1416 minecraft@26.2
j  net.minecraft.client.main.Main.main([Ljava/lang/String;)V+1615 minecraft@26.2
j  java.lang.invoke.LambdaForm$DMH+0x0000000041115c00.invokeStatic(Ljava/lang/Object;Ljava/lang/Object;)V+10 java.base@25.0.3-internal
j  java.lang.invoke.LambdaForm$MH+0x0000000041101c00.invokeExact_MT(Ljava/lang/Object;Ljava/lang/Object;Ljava/lang/Object;)V+19 java.base@25.0.3-internal
j  net.neoforged.fml.startup.Client.main([Ljava/lang/String;)V+28
v  ~StubRoutines::call_stub 0x0000007485337154

siginfo: si_signo: 11 (SIGSEGV), si_code: 2 (SEGV_ACCERR), si_addr: 0x000000772770bce0

Registers:
R0=0x00000075f7472720
R1=0x00000078165b6ac4
R2=0x00000078165b6ac4
R3=0x0000000000000008
R4=0x0000000000000000
R5=0x000000756743afd0
R6=0x00000078258305d8
R7=0x00000075d7432070
R8=0x000000772770bce0
R9=0x635581bd4708b8f4
R10=0x635581bd4708b8f4
R11=0x0200007597a061d0
R12=0x000000746bb665e0
R13=0x0000000000000000
R14=0x000000746bb665e0
R15=0x00000000ffffff00
R16=0x0000000000000001
R17=0x00000078164e0954
R18=0x00000000e0b00628
R19=0x00000076c76a29e8
R20=0x0000007597a061d0
R21=0x000000756743afd0
R22=0x00000075c7763a90
R23=0x00000075f7472720
R24=0x0000000000000000
R25=0x00000000000000a9
R26=0x000000746bb8fbe8
R27=0x0000000000000000
R28=0x00000075d7432070
R29=0x00000074969fd3b0
R30=0x000000782583064c


Register to memory mapping:

R0 =0x00000075f7472720 points into unknown readable memory: 0x0000000000000000 | 00 00 00 00 00 00 00 00
R1 =0x00000078165b6ac4: <offset 0x000000000013eac4> in /apex/com.android.runtime/lib64/bionic/libc.so at 0x0000007816478000
R2 =0x00000078165b6ac4: <offset 0x000000000013eac4> in /apex/com.android.runtime/lib64/bionic/libc.so at 0x0000007816478000
R3 =0x0000000000000008 is an unknown value
R4 =0x0 is null
R5 =0x000000756743afd0 points into unknown readable memory: 0x0000000000000000 | 00 00 00 00 00 00 00 00
R6 =0x00000078258305d8: <offset 0x000000000002a5d8> in /system/lib64/libvulkan.so at 0x0000007825806000
R7 =0x00000075d7432070 is a thread
R8 =0x000000772770bce0 points into unknown readable memory: 0x0000007826ad5068 | 68 50 ad 26 78 00 00 00
R9 =0x635581bd4708b8f4 is an unknown value
R10=0x635581bd4708b8f4 is an unknown value
R11=0x0200007597a061d0 points into unknown readable memory: 0x0000000000000000 | 00 00 00 00 00 00 00 00
R12={method} {0x000000746bb665e0} 'callPPPPI' '(JJJJJ)I' in 'org/lwjgl/system/JNI'
R13=0x0 is null
R14={method} {0x000000746bb665e0} 'callPPPPI' '(JJJJJ)I' in 'org/lwjgl/system/JNI'
R15=0x00000000ffffff00 is an unknown value
R16=0x0000000000000001 is an unknown value
R17=0x00000078164e0954: posix_memalign+0x0000000000000000 in /apex/com.android.runtime/lib64/bionic/libc.so at 0x0000007816478000
R18=3769632296 is a compressed pointer to object: java.lang.Module 
{0x0000000705803140} - klass: 'java/lang/Module' - flags: 

 - ---- fields (total size 7 words):
 - private 'enableNativeAccess' 'Z' @12  false (0x00)
 - injected 'module_entry' 'J' @16  510954663344 (0x00000076f7456db0)
 - private final 'layer' 'Ljava/lang/ModuleLayer;' @24  null (0x00000000)
 - private final 'name' 'Ljava/lang/String;' @28  null (0x00000000)
 - private final 'loader' 'Ljava/lang/ClassLoader;' @32  a 'jdk/internal/loader/ClassLoaders$AppClassLoader'{0x0000000705800578} (0xe0b000af)
 - private final 'descriptor' 'Ljava/lang/module/ModuleDescriptor;' @36  null (0x00000000)
 - private volatile 'reads' 'Ljava/util/Set;' @40  null (0x00000000)
 - private volatile 'openPackages' 'Ljava/util/Map;' @44  null (0x00000000)
 - private volatile 'exportedPackages' 'Ljava/util/Map;' @48  null (0x00000000)
 - private volatile 'moduleInfoClass' 'Ljava/lang/Class;' @52  null (0x00000000)
R19=0x00000076c76a29e8 points into unknown readable memory: 0x0000000000000000 | 00 00 00 00 00 00 00 00
R20=0x0000007597a061d0 points into unknown readable memory: 0x0000000000000000 | 00 00 00 00 00 00 00 00
R21=0x000000756743afd0 points into unknown readable memory: 0x0000000000000000 | 00 00 00 00 00 00 00 00
R22=0x00000075c7763a90 points into unknown readable memory: 0x00000076c76a28d0 | d0 28 6a c7 76 00 00 00
R23=0x00000075f7472720 points into unknown readable memory: 0x0000000000000000 | 00 00 00 00 00 00 00 00
R24=0x0 is null
R25=0x00000000000000a9 is an unknown value
R26=0x000000746bb8fbe8 is pointing into metadata
R27=0x0 is null
R28=0x00000075d7432070 is a thread
R29=0x00000074969fd3b0 is pointing into the stack for thread: 0x00000075d7432070
R30=0x000000782583064c: <offset 0x000000000002a64c> in /system/lib64/libvulkan.so at 0x0000007825806000

Top of Stack: (sp=0x00000074969fd3b0)
0x00000074969fd3b0:   00000074969fd490 0073f5748533f830   ....t...0.3.t.s.
0x00000074969fd3c0:   00000074969fd4f8 00000007eedeba60   ....t...`.......
0x00000074969fd3d0:   0000000000000000 00000074a27b1368   ........h.{.t...
0x00000074969fd3e0:   00000074969fd3f0 000000748533d464   ....t...d.3.t...
0x00000074969fd3f0:   0000000000000000 0000000000000000   ................
0x00000074969fd400:   00000074969fd460 00000074a1f478e8   `...t....x..t...
0x00000074969fd410:   00000075d7432070 0000000000000000   p C.u...........
0x00000074969fd420:   0000007421ed3460 00000000000000a9   `4.!t...........
0x00000074969fd430:   00000074969fd5a8 00000007eedeba60   ....t...`.......
0x00000074969fd440:   fffffffffffffff6 0000000000000000   ................
0x00000074969fd450:   000000000000000d 000000746bb8fbe8   ...........kt...
0x00000074969fd460:   0000000704673888 fffffffffffffff4   .8g.............
0x00000074969fd470:   0000000000000000 000000746bb665e0   .........e.kt...
0x00000074969fd480:   0000000000000000 00000074969fd490   ............t...
0x00000074969fd490:   00000074969fd550 000000748533b904   P...t.....3.t...
0x00000074969fd4a0:   0000000704673888 000000748533d464   .8g.....d.3.t...
0x00000074969fd4b0:   00000078258305d8 0000000000000000   ...%x...........
0x00000074969fd4c0:   000000756743afd0 0000000000000000   ..Cgu...........
0x00000074969fd4d0:   0000000000000000 0000000000000000   ................
0x00000074969fd4e0:   0000007597a00560 0000000000000000   `...u...........
0x00000074969fd4f0:   00000075c7763a90 0000000000000000   .:v.u...........
0x00000074969fd500:   fffffffffffffff6 0000007421ed2f17   ........./.!t...
0x00000074969fd510:   000000000000000b 0000007421ed3460   ........`4.!t...
0x00000074969fd520:   00000007eea7a6a0 ffffffffffffffe8   ................
0x00000074969fd530:   0000000000000000 0000007421ed2f60   ........`/.!t...
0x00000074969fd540:   ffffffffffffffec 00000074969fd560   ........`...t...
0x00000074969fd550:   00000074969fd600 000000748533b904   ....t.....3.t...
0x00000074969fd560:   0000000000000000 00000078258305d8   ...........%x...
0x00000074969fd570:   0000000000000000 000000756743afd0   ..........Cgu...
0x00000074969fd580:   0000000000000000 0000000000000000   ................
0x00000074969fd590:   0000000000000000 0000007597a00560   ........`...u...
0x00000074969fd5a0:   0000000000000000 00000007ef7b7400   .........t{.....

Instructions: (pc=0x000000772770bce0)
  0x000000772770bbe0:   00 00 00 00 00 00 00 00 00 00 00 00 00 00 00 00
  0x000000772770bbf0:   3c 00 00 00 00 00 00 00 00 00 00 00 00 00 00 00
  0x000000772770bc00:   00 00 00 00 00 00 00 00 00 00 00 00 00 00 00 00
  0x000000772770bc10:   00 00 00 00 00 00 00 00 00 00 00 00 00 00 00 00
  0x000000772770bc20:   08 01 09 00 00 00 61 5b 00 00 00 00 00 00 00 00
  0x000000772770bc30:   2c d8 5a 34 05 00 00 00 04 00 00 00 90 00 00 00
  0x000000772770bc40:   3c 00 00 00 00 00 00 00 00 00 00 00 3c 00 00 00
  0x000000772770bc50:   00 00 00 00 00 00 00 00 00 00 00 00 3c 00 00 00
  0x000000772770bc60:   b0 de 96 57 77 00 00 00 38 96 de fb 77 00 00 00
  0x000000772770bc70:   c0 bc 70 27 77 00 00 00 b0 de 96 57 77 00 00 00
  0x000000772770bc80:   00 00 00 00 00 00 00 00 00 00 00 00 00 00 00 00
  0x000000772770bc90:   00 00 00 00 00 00 00 00 00 00 00 00 00 00 00 00
  0x000000772770bca0:   3c 00 00 00 00 00 00 00 00 00 00 00 00 00 00 00
  0x000000772770bcb0:   00 00 00 00 00 00 00 00 00 00 00 00 00 00 00 00
  0x000000772770bcc0:   00 00 00 00 00 00 00 00 00 00 00 00 00 00 00 00
  0x000000772770bcd0:   08 81 08 00 00 00 e6 14 00 00 00 00 00 00 00 00
=>0x000000772770bce0:   68 50 ad 26 78 00 00 00 50 70 40 07 77 00 00 b4
  0x000000772770bcf0:   01 00 00 00 00 00 00 00 50 9c 40 07 77 00 00 b4
  0x000000772770bd00:   b0 18 57 57 77 00 00 00 00 09 45 97 75 00 00 00
  0x000000772770bd10:   00 00 00 00 00 00 00 00 00 00 00 00 00 00 00 00
  0x000000772770bd20:   a8 a1 ad 26 78 00 00 00 01 00 00 00 76 00 00 00
  0x000000772770bd30:   d1 0c 00 00 00 00 00 00 c8 0c 00 00 00 00 00 00
  0x000000772770bd40:   20 72 62 87 75 00 00 00 70 6e 4e a7 76 00 00 00
  0x000000772770bd50:   68 79 4e a7 76 00 00 00 70 7a 4e a7 76 00 00 00
  0x000000772770bd60:   00 00 00 00 00 00 00 00 00 00 00 00 00 00 00 00
  0x000000772770bd70:   00 00 00 00 00 00 00 00 00 00 00 00 00 00 00 00
  0x000000772770bd80:   08 01 09 00 00 00 15 48 00 00 00 00 00 00 00 00
  0x000000772770bd90:   2c d8 5a 34 05 00 00 00 04 00 00 00 90 00 00 00
  0x000000772770bda0:   3c 00 00 00 00 00 00 00 00 00 00 00 3c 00 00 00
  0x000000772770bdb0:   00 00 00 00 00 00 00 00 00 00 00 00 3c 00 00 00
  0x000000772770bdc0:   70 d3 96 57 77 00 00 00 38 96 de fb 77 00 00 00
  0x000000772770bdd0:   20 be 70 27 77 00 00 00 70 d3 96 57 77 00 00 00


Stack slot to memory mapping:

stack at sp + 0 slots: 0x00000074969fd490 is pointing into the stack for thread: 0x00000075d7432070
stack at sp + 1 slots: 0x0073f5748533f830 is an unknown value
stack at sp + 2 slots: 0x00000074969fd4f8 is pointing into the stack for thread: 0x00000075d7432070
stack at sp + 3 slots: 0x00000007eedeba60 is an oop: [B 
{0x00000007eedeba60} - klass: {type array byte} - flags: is_cloneable_fast 

 - length: 8
 -   0: 71 q
 -   1: 75 u
 -   2: 61 a
 -   3: 6c l
 -   4: 63 c
 -   5: 6f o
 -   6: 6d m
 -   7: 6d m
stack at sp + 4 slots: 0x0 is null
stack at sp + 5 slots: 0x00000074a27b1368: <offset 0x00000000012f5368> in /data/data/com.movtery.zalithlauncher.v2/files/games/runtimes/Internal-25/lib/server/libjvm.so at 0x00000074a14bc000
stack at sp + 6 slots: 0x00000074969fd3f0 is pointing into the stack for thread: 0x00000075d7432070
stack at sp + 7 slots: 0x000000748533d464 is at code_begin+36 in an Interpreter codelet
result handlers for native calls  [0x000000748533d440, 0x000000748533d488]  72 bytes

Lock stack of current Java thread (top to bottom):


---------------  P R O C E S S  ---------------

Threads class SMR info:
_java_thread_list=0x00000075979b6580, length=32, elements={
0x00000075d7432070, 0x00000075d7433ea0, 0x00000075d743a340, 0x00000075d7437b00,
0x00000075d7439930, 0x00000075d74370f0, 0x00000075d74366e0, 0x00000075d74352c0,
0x00000075d7441c00, 0x00000075d7448ab0, 0x00000075d7452bb0, 0x00000075d74cada0,
0x00000075d743f3c0, 0x00000075d7451790, 0x00000075d74553f0, 0x00000075d7459050,
0x00000075d744ef50, 0x00000075d74d0830, 0x00000075d74df9b0, 0x00000075d75def10,
0x00000075d75e71e0, 0x00000075d754d090, 0x00000075d7550cf0, 0x00000075d754f8d0,
0x00000075d754e4b0, 0x00000075d7444e50, 0x00000075d74c0ca0, 0x00000075d75813c0,
0x00000075d75a6f80, 0x00000075d76e8f80, 0x00000075d76ee000, 0x00000075d76f62d0
}

Java Threads: ( => current thread )
=>0x00000075d7432070 JavaThread "Render thread"                     [_thread_in_native, id=12784, stack(0x0000007496800000,0x00000074969fe3c0) (2040K)]
  0x00000075d7433ea0 JavaThread "Reference Handler"          daemon [_thread_blocked, id=12792, stack(0x000000746e400000,0x000000746e5fe3c0) (2040K)]
  0x00000075d743a340 JavaThread "Finalizer"                  daemon [_thread_blocked, id=12793, stack(0x0000007467c00000,0x0000007467dfe3c0) (2040K)]
  0x00000075d7437b00 JavaThread "Signal Dispatcher"          daemon [_thread_blocked, id=12794, stack(0x0000007466800000,0x00000074669fe3c0) (2040K)]
  0x00000075d7439930 JavaThread "Service Thread"             daemon [_thread_blocked, id=12795, stack(0x0000007465400000,0x00000074655fe3c0) (2040K)]
  0x00000075d74370f0 JavaThread "Monitor Deflation Thread"   daemon [_thread_blocked, id=12796, stack(0x0000007464000000,0x00000074641fe3c0) (2040K)]
  0x00000075d74366e0 JavaThread "C2 CompilerThread0"         daemon [_thread_in_native, id=12797, stack(0x0000007462c00000,0x0000007462dfe3c0) (2040K)]
  0x00000075d74352c0 JavaThread "C1 CompilerThread0"         daemon [_thread_blocked, id=12798, stack(0x0000007461800000,0x00000074619fe3c0) (2040K)]
  0x00000075d7441c00 JavaThread "Common-Cleaner"             daemon [_thread_blocked, id=12799, stack(0x0000007460400000,0x00000074605fe3c0) (2040K)]
  0x00000075d7448ab0 JavaThread "CacioEventPump"             daemon [_thread_blocked, id=12801, stack(0x0000007457600000,0x00000074577fe3c0) (2040K)]
  0x00000075d7452bb0 JavaThread "Notification Thread"        daemon [_thread_blocked, id=12803, stack(0x0000007454e00000,0x0000007454ffe3c0) (2040K)]
  0x00000075d74cada0 JavaThread "ForkJoinPool.commonPool-worker-1" daemon [_thread_blocked, id=12819, stack(0x0000007455c00000,0x0000007455dfe3c0) (2040K)]
  0x00000075d743f3c0 JavaThread "ForkJoinPool.commonPool-worker-2" daemon [_thread_blocked, id=12821, stack(0x0000007455800000,0x00000074559fe3c0) (2040K)]
  0x00000075d7451790 JavaThread "ForkJoinPool.commonPool-worker-3" daemon [_thread_blocked, id=12822, stack(0x0000007455400000,0x00000074555fe3c0) (2040K)]
  0x00000075d74553f0 JavaThread "ForkJoinPool.commonPool-worker-5" daemon [_thread_blocked, id=12823, stack(0x0000007440800000,0x00000074409fe3c0) (2040K)]
  0x00000075d7459050 JavaThread "ForkJoinPool.commonPool-worker-7" daemon [_thread_blocked, id=12824, stack(0x000000743f400000,0x000000743f5fe3c0) (2040K)]
  0x00000075d744ef50 JavaThread "ForkJoinPool.commonPool-worker-4" daemon [_thread_blocked, id=12825, stack(0x000000743e000000,0x000000743e1fe3c0) (2040K)]
  0x00000075d74d0830 JavaThread "ForkJoinPool.commonPool-worker-6" daemon [_thread_blocked, id=12826, stack(0x000000743cc00000,0x000000743cdfe3c0) (2040K)]
  0x00000075d74df9b0 JavaThread "fml-loadingscreen"          daemon [_thread_blocked, id=12828, stack(0x000000743a000000,0x000000743a1fe3c0) (2040K)]
  0x00000075d75def10 JavaThread "JNA Cleaner"                daemon [_thread_blocked, id=12869, stack(0x0000007427600000,0x00000074277fe3c0) (2040K)]
  0x00000075d75e71e0 JavaThread "process reaper"             daemon [_thread_blocked, id=12883, stack(0x00000077fbb79000,0x00000077fbba33c0) (168K)]
  0x00000075d754d090 JavaThread "modloading-worker-0"        daemon [_thread_blocked, id=12994, stack(0x0000007456200000,0x00000074563fe3c0) (2040K)]
  0x00000075d7550cf0 JavaThread "modloading-worker-0"        daemon [_thread_blocked, id=12995, stack(0x000000744f800000,0x000000744f9fe3c0) (2040K)]
  0x00000075d754f8d0 JavaThread "modloading-worker-0"        daemon [_thread_blocked, id=12996, stack(0x000000744f400000,0x000000744f5fe3c0) (2040K)]
  0x00000075d754e4b0 JavaThread "modloading-worker-0"        daemon [_thread_blocked, id=12997, stack(0x000000744f000000,0x000000744f1fe3c0) (2040K)]
  0x00000075d7444e50 JavaThread "modloading-sync-worker"     daemon [_thread_blocked, id=13000, stack(0x0000007450600000,0x00000074507fe3c0) (2040K)]
  0x00000075d74c0ca0 JavaThread "FileSystemWatchService"     daemon [_thread_in_native, id=13005, stack(0x0000007450200000,0x00000074503fe3c0) (2040K)]
  0x00000075d75813c0 JavaThread "config-file-watcher-0-0"    daemon [_thread_blocked, id=13006, stack(0x000000744fe00000,0x000000744fffe3c0) (2040K)]
  0x00000075d75a6f80 JavaThread "Timer hack thread"          daemon [_thread_blocked, id=13007, stack(0x000000743aa00000,0x000000743abfe3c0) (2040K)]
  0x00000075d76e8f80 JavaThread "Yggdrasil Key Fetcher"      daemon [_thread_in_Java, id=13008, stack(0x0000007438800000,0x00000074389fe3c0) (2040K)]
  0x00000075d76ee000 JavaThread "Download-1"                 daemon [_thread_blocked, id=13009, stack(0x0000007431000000,0x00000074311fe3c0) (2040K)]
  0x00000075d76f62d0 JavaThread "Download-2"                 daemon [_thread_blocked, id=13010, stack(0x0000007430c00000,0x0000007430dfe3c0) (2040K)]
Total: 32

Other Threads:
  0x00000076074485b0 VMThread "VM Thread"                           [id=12791, stack(0x000000746e801000,0x000000746ea003c0) (2044K)]
  0x000000760744b2c0 WatcherThread "VM Periodic Task Thread"        [id=12790, stack(0x000000746fc01000,0x000000746fe003c0) (2044K)]
  0x0000007607441840 WorkerThread "GC Thread#0"                     [id=12785, stack(0x0000007478401000,0x00000074786003c0) (2044K)]
  0x00000076074a4170 WorkerThread "GC Thread#1"                     [id=12808, stack(0x000000744ec01000,0x000000744ee003c0) (2044K)]
  0x000000760753efe0 WorkerThread "GC Thread#2"                     [id=12809, stack(0x000000744d801000,0x000000744da003c0) (2044K)]
  0x000000760753bc60 WorkerThread "GC Thread#3"                     [id=12810, stack(0x000000744c401000,0x000000744c6003c0) (2044K)]
  0x000000760753dc90 WorkerThread "GC Thread#4"                     [id=12811, stack(0x000000744b001000,0x000000744b2003c0) (2044K)]
  0x000000760753d620 WorkerThread "GC Thread#5"                     [id=12812, stack(0x0000007449c01000,0x0000007449e003c0) (2044K)]
  0x000000760753e300 WorkerThread "GC Thread#6"                     [id=12813, stack(0x0000007448801000,0x0000007448a003c0) (2044K)]
  0x000000760753e970 WorkerThread "GC Thread#7"                     [id=12814, stack(0x0000007447401000,0x00000074476003c0) (2044K)]
  0x0000007607443ee0 ConcurrentGCThread "G1 Main Marker"            [id=12786, stack(0x0000007477001000,0x00000074772003c0) (2044K)]
  0x0000007607445230 WorkerThread "G1 Conc#0"                       [id=12787, stack(0x0000007475c01000,0x0000007475e003c0) (2044K)]
  0x00000076074f3c10 WorkerThread "G1 Conc#1"                       [id=12815, stack(0x0000007446001000,0x00000074462003c0) (2044K)]
  0x0000007607445f10 ConcurrentGCThread "G1 Refine#0"               [id=12788, stack(0x0000007472401000,0x00000074726003c0) (2044K)]
  0x0000007607449f70 ConcurrentGCThread "G1 Service"                [id=12789, stack(0x0000007471001000,0x00000074712003c0) (2044K)]
Total: 15

Threads with active compile tasks:
C2 CompilerThread0  22103 10695       4       java.lang.invoke.MethodType::makeImpl (109 bytes)
Total: 1

VM state: not at safepoint (normal execution)

VM Mutex/Monitor currently owned by a thread: None

Heap address: 0x0000000700000000, size: 4096 MB, Compressed Oops mode: Zero based, Oop shift amount: 3

CDS archive(s) not mapped
Compressed class space mapped at: 0x0000000041000000-0x0000000081000000, reserved size: 1073741824
UseCompressedClassPointers 1, UseCompactObjectHeaders 0
Narrow klass pointer bits 32, Max shift 3
Narrow klass base: 0x0000000000000000, Narrow klass shift: 0
Encoding Range: [0x0000000000000000 - 0x0000000100000000), (4294967296 bytes)
Klass Range:    [0x0000000041000000 - 0x0000000081000000), (1073741824 bytes)
Klass ID Range:  [1090519040 - 2164260857) (1073741817)
No protection zone.

GC Precious Log:
 CardTable entry size: 512
 Card Set container configuration: InlinePtr #cards 4 size 8 Array Of Cards #cards 16 size 48 Howl #buckets 8 coarsen threshold 3686 Howl Bitmap #cards 512 size 80 coarsen threshold 460 Card regions per heap region 1 cards per card region 4096
 CPUs: 8 total, 8 available
 Memory: 11256M
 Large Page Support: Disabled
 NUMA Support: Disabled
 Compressed Oops: Enabled (Zero based)
 Heap Region Size: 2M
 Heap Min Capacity: 4G
 Heap Initial Capacity: 4G
 Heap Max Capacity: 4G
 Pre-touch: Disabled
 Parallel Workers: 8
 Concurrent Workers: 2
 Concurrent Refinement Workers: 8
 Periodic GC: Disabled

Heap:
 garbage-first heap   total reserved 4194304K, committed 4194304K, used 378683K [0x0000000700000000, 0x0000000800000000)
  region size 2048K, 139 young (284672K), 49 survivors (100352K)

Heap Regions: E=young(eden), S=young(survivor), O=old, HS=humongous(starts), HC=humongous(continues), CS=collection set, F=free, TAMS=top-at-mark-start, PB=parsable bottom
|   0|0x0000000700000000, 0x0000000700200000, 0x0000000700200000|100%|HS|  |TAMS 0x0000000700000000| PB 0x0000000700000000| Complete |  0
|   1|0x0000000700200000, 0x0000000700400000, 0x0000000700400000|100%|HS|  |TAMS 0x0000000700200000| PB 0x0000000700200000| Complete |  0
|   2|0x0000000700400000, 0x0000000700600000, 0x0000000700600000|100%|HC|  |TAMS 0x0000000700400000| PB 0x0000000700400000| Complete |  0
|   3|0x0000000700600000, 0x0000000700800000, 0x0000000700800000|100%| O|  |TAMS 0x0000000700600000| PB 0x0000000700600000| Untracked |  0
|   4|0x0000000700800000, 0x0000000700a00000, 0x0000000700a00000|100%| O|  |TAMS 0x0000000700800000| PB 0x0000000700800000| Untracked |  0
|   5|0x0000000700a00000, 0x0000000700c00000, 0x0000000700c00000|100%| O|  |TAMS 0x0000000700a00000| PB 0x0000000700a00000| Untracked |  0
|   6|0x0000000700c00000, 0x0000000700e00000, 0x0000000700e00000|100%|HS|  |TAMS 0x0000000700c00000| PB 0x0000000700c00000| Complete |  0
|   7|0x0000000700e00000, 0x0000000701000000, 0x0000000701000000|100%|HC|  |TAMS 0x0000000700e00000| PB 0x0000000700e00000| Complete |  0
|   8|0x0000000701000000, 0x0000000701200000, 0x0000000701200000|100%|HC|  |TAMS 0x0000000701000000| PB 0x0000000701000000| Complete |  0
|   9|0x0000000701200000, 0x0000000701400000, 0x0000000701400000|100%|HC|  |TAMS 0x0000000701200000| PB 0x0000000701200000| Complete |  0
|  10|0x0000000701400000, 0x0000000701600000, 0x0000000701600000|100%|HC|  |TAMS 0x0000000701400000| PB 0x0000000701400000| Complete |  0
|  11|0x0000000701600000, 0x0000000701800000, 0x0000000701800000|100%|HC|  |TAMS 0x0000000701600000| PB 0x0000000701600000| Complete |  0
|  12|0x0000000701800000, 0x0000000701a00000, 0x0000000701a00000|100%|HC|  |TAMS 0x0000000701800000| PB 0x0000000701800000| Complete |  0
|  13|0x0000000701a00000, 0x0000000701a00000, 0x0000000701c00000|  0%| F|  |TAMS 0x0000000701a00000| PB 0x0000000701a00000| Untracked |  0
|  14|0x0000000701c00000, 0x0000000701e00000, 0x0000000701e00000|100%| O|  |TAMS 0x0000000701c00000| PB 0x0000000701c00000| Untracked |  0
|  15|0x0000000701e00000, 0x0000000702000000, 0x0000000702000000|100%| O|  |TAMS 0x0000000701e00000| PB 0x0000000701e00000| Untracked |  0
|  16|0x0000000702000000, 0x0000000702200000, 0x0000000702200000|100%| O|  |TAMS 0x0000000702000000| PB 0x0000000702000000| Untracked |  0
|  17|0x0000000702200000, 0x0000000702400000, 0x0000000702400000|100%|HS|  |TAMS 0x0000000702200000| PB 0x0000000702200000| Complete |  0
|  18|0x0000000702400000, 0x0000000702600000, 0x0000000702600000|100%|HC|  |TAMS 0x0000000702400000| PB 0x0000000702400000| Complete |  0
|  19|0x0000000702600000, 0x0000000702800000, 0x0000000702800000|100%|HC|  |TAMS 0x0000000702600000| PB 0x0000000702600000| Complete |  0
|  20|0x0000000702800000, 0x0000000702a00000, 0x0000000702a00000|100%|HC|  |TAMS 0x0000000702800000| PB 0x0000000702800000| Complete |  0
|  21|0x0000000702a00000, 0x0000000702c00000, 0x0000000702c00000|100%|HC|  |TAMS 0x0000000702a00000| PB 0x0000000702a00000| Complete |  0
|  22|0x0000000702c00000, 0x0000000702e00000, 0x0000000702e00000|100%|HC|  |TAMS 0x0000000702c00000| PB 0x0000000702c00000| Complete |  0
|  23|0x0000000702e00000, 0x0000000703000000, 0x0000000703000000|100%| O|  |TAMS 0x0000000702e00000| PB 0x0000000702e00000| Untracked |  0
|  24|0x0000000703000000, 0x0000000703200000, 0x0000000703200000|100%| O|  |TAMS 0x0000000703000000| PB 0x0000000703000000| Untracked |  0
|  25|0x0000000703200000, 0x0000000703400000, 0x0000000703400000|100%| O|  |TAMS 0x0000000703200000| PB 0x0000000703200000| Untracked |  0
|  26|0x0000000703400000, 0x0000000703600000, 0x0000000703600000|100%| O|  |TAMS 0x0000000703400000| PB 0x0000000703400000| Untracked |  0
|  27|0x0000000703600000, 0x0000000703800000, 0x0000000703800000|100%| O|  |TAMS 0x0000000703600000| PB 0x0000000703600000| Untracked |  0
|  28|0x0000000703800000, 0x0000000703a00000, 0x0000000703a00000|100%|HS|  |TAMS 0x0000000703800000| PB 0x0000000703800000| Complete |  0
|  29|0x0000000703a00000, 0x0000000703c00000, 0x0000000703c00000|100%|HC|  |TAMS 0x0000000703a00000| PB 0x0000000703a00000| Complete |  0
|  30|0x0000000703c00000, 0x0000000703e00000, 0x0000000703e00000|100%|HS|  |TAMS 0x0000000703c00000| PB 0x0000000703c00000| Complete |  0
|  31|0x0000000703e00000, 0x0000000704000000, 0x0000000704000000|100%|HC|  |TAMS 0x0000000703e00000| PB 0x0000000703e00000| Complete |  0
|  32|0x0000000704000000, 0x0000000704200000, 0x0000000704200000|100%|HC|  |TAMS 0x0000000704000000| PB 0x0000000704000000| Complete |  0
|  33|0x0000000704200000, 0x0000000704400000, 0x0000000704400000|100%| O|  |TAMS 0x0000000704200000| PB 0x0000000704200000| Untracked |  0
|  34|0x0000000704400000, 0x0000000704600000, 0x0000000704600000|100%| O|  |TAMS 0x0000000704400000| PB 0x0000000704400000| Untracked |  0
|  35|0x0000000704600000, 0x0000000704800000, 0x0000000704800000|100%| O|  |TAMS 0x0000000704600000| PB 0x0000000704600000| Untracked |  0
|  36|0x0000000704800000, 0x0000000704a00000, 0x0000000704a00000|100%| O|  |TAMS 0x0000000704800000| PB 0x0000000704800000| Untracked |  0
|  37|0x0000000704a00000, 0x0000000704c00000, 0x0000000704c00000|100%| O|  |TAMS 0x0000000704a00000| PB 0x0000000704a00000| Untracked |  0
|  38|0x0000000704c00000, 0x0000000704e00000, 0x0000000704e00000|100%| O|  |TAMS 0x0000000704c00000| PB 0x0000000704c00000| Untracked |  0
|  39|0x0000000704e00000, 0x0000000705000000, 0x0000000705000000|100%| O|  |TAMS 0x0000000704e00000| PB 0x0000000704e00000| Untracked |  0
|  40|0x0000000705000000, 0x0000000705200000, 0x0000000705200000|100%| O|  |TAMS 0x0000000705000000| PB 0x0000000705000000| Untracked |  0
|  41|0x0000000705200000, 0x0000000705400000, 0x0000000705400000|100%| O|  |TAMS 0x0000000705200000| PB 0x0000000705200000| Untracked |  0
|  42|0x0000000705400000, 0x0000000705600000, 0x0000000705600000|100%| O|  |TAMS 0x0000000705400000| PB 0x0000000705400000| Untracked |  0
|  43|0x0000000705600000, 0x0000000705800000, 0x0000000705800000|100%| O|  |TAMS 0x0000000705600000| PB 0x0000000705600000| Untracked |  0
|  44|0x0000000705800000, 0x0000000705a00000, 0x0000000705a00000|100%| O|Cm|TAMS 0x0000000705800000| PB 0x0000000705800000| Complete |  0
|  45|0x0000000705a00000, 0x0000000705bcee98, 0x0000000705c00000| 90%| O|  |TAMS 0x0000000705a00000| PB 0x0000000705a00000| Untracked |  0
|  46|0x0000000705c00000, 0x0000000705e00000, 0x0000000705e00000|100%|HS|  |TAMS 0x0000000705c00000| PB 0x0000000705c00000| Complete |  0
|  47|0x0000000705e00000, 0x0000000706000000, 0x0000000706000000|100%|HC|  |TAMS 0x0000000705e00000| PB 0x0000000705e00000| Complete |  0
|  48|0x0000000706000000, 0x0000000706000000, 0x0000000706200000|  0%| F|  |TAMS 0x0000000706000000| PB 0x0000000706000000| Untracked |  0
|  49|0x0000000706200000, 0x0000000706200000, 0x0000000706400000|  0%| F|  |TAMS 0x0000000706200000| PB 0x0000000706200000| Untracked |  0
|  50|0x0000000706400000, 0x0000000706400000, 0x0000000706600000|  0%| F|  |TAMS 0x0000000706400000| PB 0x0000000706400000| Untracked |  0
|  51|0x0000000706600000, 0x0000000706600000, 0x0000000706800000|  0%| F|  |TAMS 0x0000000706600000| PB 0x0000000706600000| Untracked |  0
|  52|0x0000000706800000, 0x0000000706800000, 0x0000000706a00000|  0%| F|  |TAMS 0x0000000706800000| PB 0x0000000706800000| Untracked |  0
|  53|0x0000000706a00000, 0x0000000706a00000, 0x0000000706c00000|  0%| F|  |TAMS 0x0000000706a00000| PB 0x0000000706a00000| Untracked |  0
|  54|0x0000000706c00000, 0x0000000706c00000, 0x0000000706e00000|  0%| F|  |TAMS 0x0000000706c00000| PB 0x0000000706c00000| Untracked |  0
|  55|0x0000000706e00000, 0x0000000706e00000, 0x0000000707000000|  0%| F|  |TAMS 0x0000000706e00000| PB 0x0000000706e00000| Untracked |  0
|  56|0x0000000707000000, 0x0000000707000000, 0x0000000707200000|  0%| F|  |TAMS 0x0000000707000000| PB 0x0000000707000000| Untracked |  0
|  57|0x0000000707200000, 0x0000000707200000, 0x0000000707400000|  0%| F|  |TAMS 0x0000000707200000| PB 0x0000000707200000| Untracked |  0
|  58|0x0000000707400000, 0x0000000707400000, 0x0000000707600000|  0%| F|  |TAMS 0x0000000707400000| PB 0x0000000707400000| Untracked |  0
|  59|0x0000000707600000, 0x0000000707600000, 0x0000000707800000|  0%| F|  |TAMS 0x0000000707600000| PB 0x0000000707600000| Untracked |  0
|  60|0x0000000707800000, 0x0000000707800000, 0x0000000707a00000|  0%| F|  |TAMS 0x0000000707800000| PB 0x0000000707800000| Untracked |  0
|  61|0x0000000707a00000, 0x0000000707a00000, 0x0000000707c00000|  0%| F|  |TAMS 0x0000000707a00000| PB 0x0000000707a00000| Untracked |  0
|  62|0x0000000707c00000, 0x0000000707c00000, 0x0000000707e00000|  0%| F|  |TAMS 0x0000000707c00000| PB 0x0000000707c00000| Untracked |  0
|  63|0x0000000707e00000, 0x0000000707e00000, 0x0000000708000000|  0%| F|  |TAMS 0x0000000707e00000| PB 0x0000000707e00000| Untracked |  0
|  64|0x0000000708000000, 0x0000000708000000, 0x0000000708200000|  0%| F|  |TAMS 0x0000000708000000| PB 0x0000000708000000| Untracked |  0
|  65|0x0000000708200000, 0x0000000708200000, 0x0000000708400000|  0%| F|  |TAMS 0x0000000708200000| PB 0x0000000708200000| Untracked |  0
|  66|0x0000000708400000, 0x0000000708400000, 0x0000000708600000|  0%| F|  |TAMS 0x0000000708400000| PB 0x0000000708400000| Untracked |  0
|  67|0x0000000708600000, 0x0000000708600000, 0x0000000708800000|  0%| F|  |TAMS 0x0000000708600000| PB 0x0000000708600000| Untracked |  0
|  68|0x0000000708800000, 0x0000000708800000, 0x0000000708a00000|  0%| F|  |TAMS 0x0000000708800000| PB 0x0000000708800000| Untracked |  0
|  69|0x0000000708a00000, 0x0000000708a00000, 0x0000000708c00000|  0%| F|  |TAMS 0x0000000708a00000| PB 0x0000000708a00000| Untracked |  0
|  70|0x0000000708c00000, 0x0000000708c00000, 0x0000000708e00000|  0%| F|  |TAMS 0x0000000708c00000| PB 0x0000000708c00000| Untracked |  0
|  71|0x0000000708e00000, 0x0000000708e00000, 0x0000000709000000|  0%| F|  |TAMS 0x0000000708e00000| PB 0x0000000708e00000| Untracked |  0
|  72|0x0000000709000000, 0x0000000709000000, 0x0000000709200000|  0%| F|  |TAMS 0x0000000709000000| PB 0x0000000709000000| Untracked |  0
|  73|0x0000000709200000, 0x0000000709200000, 0x0000000709400000|  0%| F|  |TAMS 0x0000000709200000| PB 0x0000000709200000| Untracked |  0
|  74|0x0000000709400000, 0x0000000709400000, 0x0000000709600000|  0%| F|  |TAMS 0x0000000709400000| PB 0x0000000709400000| Untracked |  0
|  75|0x0000000709600000, 0x0000000709600000, 0x0000000709800000|  0%| F|  |TAMS 0x0000000709600000| PB 0x0000000709600000| Untracked |  0
|  76|0x0000000709800000, 0x0000000709800000, 0x0000000709a00000|  0%| F|  |TAMS 0x0000000709800000| PB 0x0000000709800000| Untracked |  0
|  77|0x0000000709a00000, 0x0000000709a00000, 0x0000000709c00000|  0%| F|  |TAMS 0x0000000709a00000| PB 0x0000000709a00000| Untracked |  0
|  78|0x0000000709c00000, 0x0000000709c00000, 0x0000000709e00000|  0%| F|  |TAMS 0x0000000709c00000| PB 0x0000000709c00000| Untracked |  0
|  79|0x0000000709e00000, 0x0000000709e00000, 0x000000070a000000|  0%| F|  |TAMS 0x0000000709e00000| PB 0x0000000709e00000| Untracked |  0
|  80|0x000000070a000000, 0x000000070a000000, 0x000000070a200000|  0%| F|  |TAMS 0x000000070a000000| PB 0x000000070a000000| Untracked |  0
|  81|0x000000070a200000, 0x000000070a200000, 0x000000070a400000|  0%| F|  |TAMS 0x000000070a200000| PB 0x000000070a200000| Untracked |  0
|  82|0x000000070a400000, 0x000000070a400000, 0x000000070a600000|  0%| F|  |TAMS 0x000000070a400000| PB 0x000000070a400000| Untracked |  0
|  83|0x000000070a600000, 0x000000070a600000, 0x000000070a800000|  0%| F|  |TAMS 0x000000070a600000| PB 0x000000070a600000| Untracked |  0
|  84|0x000000070a800000, 0x000000070a800000, 0x000000070aa00000|  0%| F|  |TAMS 0x000000070a800000| PB 0x000000070a800000| Untracked |  0
|  85|0x000000070aa00000, 0x000000070aa00000, 0x000000070ac00000|  0%| F|  |TAMS 0x000000070aa00000| PB 0x000000070aa00000| Untracked |  0
|  86|0x000000070ac00000, 0x000000070ac00000, 0x000000070ae00000|  0%| F|  |TAMS 0x000000070ac00000| PB 0x000000070ac00000| Untracked |  0
|  87|0x000000070ae00000, 0x000000070ae00000, 0x000000070b000000|  0%| F|  |TAMS 0x000000070ae00000| PB 0x000000070ae00000| Untracked |  0
|  88|0x000000070b000000, 0x000000070b000000, 0x000000070b200000|  0%| F|  |TAMS 0x000000070b000000| PB 0x000000070b000000| Untracked |  0
|  89|0x000000070b200000, 0x000000070b200000, 0x000000070b400000|  0%| F|  |TAMS 0x000000070b200000| PB 0x000000070b200000| Untracked |  0
|  90|0x000000070b400000, 0x000000070b400000, 0x000000070b600000|  0%| F|  |TAMS 0x000000070b400000| PB 0x000000070b400000| Untracked |  0
|  91|0x000000070b600000, 0x000000070b600000, 0x000000070b800000|  0%| F|  |TAMS 0x000000070b600000| PB 0x000000070b600000| Untracked |  0
|  92|0x000000070b800000, 0x000000070b800000, 0x000000070ba00000|  0%| F|  |TAMS 0x000000070b800000| PB 0x000000070b800000| Untracked |  0
|  93|0x000000070ba00000, 0x000000070ba00000, 0x000000070bc00000|  0%| F|  |TAMS 0x000000070ba00000| PB 0x000000070ba00000| Untracked |  0
|  94|0x000000070bc00000, 0x000000070bc00000, 0x000000070be00000|  0%| F|  |TAMS 0x000000070bc00000| PB 0x000000070bc00000| Untracked |  0
|  95|0x000000070be00000, 0x000000070be00000, 0x000000070c000000|  0%| F|  |TAMS 0x000000070be00000| PB 0x000000070be00000| Untracked |  0
|  96|0x000000070c000000, 0x000000070c000000, 0x000000070c200000|  0%| F|  |TAMS 0x000000070c000000| PB 0x000000070c000000| Untracked |  0
|  97|0x000000070c200000, 0x000000070c200000, 0x000000070c400000|  0%| F|  |TAMS 0x000000070c200000| PB 0x000000070c200000| Untracked |  0
|  98|0x000000070c400000, 0x000000070c400000, 0x000000070c600000|  0%| F|  |TAMS 0x000000070c400000| PB 0x000000070c400000| Untracked |  0
|  99|0x000000070c600000, 0x000000070c600000, 0x000000070c800000|  0%| F|  |TAMS 0x000000070c600000| PB 0x000000070c600000| Untracked |  0
| 100|0x000000070c800000, 0x000000070c800000, 0x000000070ca00000|  0%| F|  |TAMS 0x000000070c800000| PB 0x000000070c800000| Untracked |  0
| 101|0x000000070ca00000, 0x000000070ca00000, 0x000000070cc00000|  0%| F|  |TAMS 0x000000070ca00000| PB 0x000000070ca00000| Untracked |  0
| 102|0x000000070cc00000, 0x000000070cc00000, 0x000000070ce00000|  0%| F|  |TAMS 0x000000070cc00000| PB 0x000000070cc00000| Untracked |  0
| 103|0x000000070ce00000, 0x000000070ce00000, 0x000000070d000000|  0%| F|  |TAMS 0x000000070ce00000| PB 0x000000070ce00000| Untracked |  0
| 104|0x000000070d000000, 0x000000070d000000, 0x000000070d200000|  0%| F|  |TAMS 0x000000070d000000| PB 0x000000070d000000| Untracked |  0
| 105|0x000000070d200000, 0x000000070d200000, 0x000000070d400000|  0%| F|  |TAMS 0x000000070d200000| PB 0x000000070d200000| Untracked |  0
| 106|0x000000070d400000, 0x000000070d400000, 0x000000070d600000|  0%| F|  |TAMS 0x000000070d400000| PB 0x000000070d400000| Untracked |  0
| 107|0x000000070d600000, 0x000000070d600000, 0x000000070d800000|  0%| F|  |TAMS 0x000000070d600000| PB 0x000000070d600000| Untracked |  0
| 108|0x000000070d800000, 0x000000070d800000, 0x000000070da00000|  0%| F|  |TAMS 0x000000070d800000| PB 0x000000070d800000| Untracked |  0
| 109|0x000000070da00000, 0x000000070da00000, 0x000000070dc00000|  0%| F|  |TAMS 0x000000070da00000| PB 0x000000070da00000| Untracked |  0
| 110|0x000000070dc00000, 0x000000070dc00000, 0x000000070de00000|  0%| F|  |TAMS 0x000000070dc00000| PB 0x000000070dc00000| Untracked |  0
| 111|0x000000070de00000, 0x000000070de00000, 0x000000070e000000|  0%| F|  |TAMS 0x000000070de00000| PB 0x000000070de00000| Untracked |  0
| 112|0x000000070e000000, 0x000000070e000000, 0x000000070e200000|  0%| F|  |TAMS 0x000000070e000000| PB 0x000000070e000000| Untracked |  0
| 113|0x000000070e200000, 0x000000070e200000, 0x000000070e400000|  0%| F|  |TAMS 0x000000070e200000| PB 0x000000070e200000| Untracked |  0
| 114|0x000000070e400000, 0x000000070e400000, 0x000000070e600000|  0%| F|  |TAMS 0x000000070e400000| PB 0x000000070e400000| Untracked |  0
| 115|0x000000070e600000, 0x000000070e600000, 0x000000070e800000|  0%| F|  |TAMS 0x000000070e600000| PB 0x000000070e600000| Untracked |  0
| 116|0x000000070e800000, 0x000000070e800000, 0x000000070ea00000|  0%| F|  |TAMS 0x000000070e800000| PB 0x000000070e800000| Untracked |  0
| 117|0x000000070ea00000, 0x000000070ea00000, 0x000000070ec00000|  0%| F|  |TAMS 0x000000070ea00000| PB 0x000000070ea00000| Untracked |  0
| 118|0x000000070ec00000, 0x000000070ec00000, 0x000000070ee00000|  0%| F|  |TAMS 0x000000070ec00000| PB 0x000000070ec00000| Untracked |  0
| 119|0x000000070ee00000, 0x000000070ee00000, 0x000000070f000000|  0%| F|  |TAMS 0x000000070ee00000| PB 0x000000070ee00000| Untracked |  0
| 120|0x000000070f000000, 0x000000070f000000, 0x000000070f200000|  0%| F|  |TAMS 0x000000070f000000| PB 0x000000070f000000| Untracked |  0
| 121|0x000000070f200000, 0x000000070f200000, 0x000000070f400000|  0%| F|  |TAMS 0x000000070f200000| PB 0x000000070f200000| Untracked |  0
| 122|0x000000070f400000, 0x000000070f400000, 0x000000070f600000|  0%| F|  |TAMS 0x000000070f400000| PB 0x000000070f400000| Untracked |  0
| 123|0x000000070f600000, 0x000000070f600000, 0x000000070f800000|  0%| F|  |TAMS 0x000000070f600000| PB 0x000000070f600000| Untracked |  0
| 124|0x000000070f800000, 0x000000070f800000, 0x000000070fa00000|  0%| F|  |TAMS 0x000000070f800000| PB 0x000000070f800000| Untracked |  0
| 125|0x000000070fa00000, 0x000000070fa00000, 0x000000070fc00000|  0%| F|  |TAMS 0x000000070fa00000| PB 0x000000070fa00000| Untracked |  0
| 126|0x000000070fc00000, 0x000000070fc00000, 0x000000070fe00000|  0%| F|  |TAMS 0x000000070fc00000| PB 0x000000070fc00000| Untracked |  0
| 127|0x000000070fe00000, 0x000000070fe00000, 0x0000000710000000|  0%| F|  |TAMS 0x000000070fe00000| PB 0x000000070fe00000| Untracked |  0
| 128|0x0000000710000000, 0x0000000710000000, 0x0000000710200000|  0%| F|  |TAMS 0x0000000710000000| PB 0x0000000710000000| Untracked |  0
| 129|0x0000000710200000, 0x0000000710200000, 0x0000000710400000|  0%| F|  |TAMS 0x0000000710200000| PB 0x0000000710200000| Untracked |  0
| 130|0x0000000710400000, 0x0000000710400000, 0x0000000710600000|  0%| F|  |TAMS 0x0000000710400000| PB 0x0000000710400000| Untracked |  0
| 131|0x0000000710600000, 0x0000000710600000, 0x0000000710800000|  0%| F|  |TAMS 0x0000000710600000| PB 0x0000000710600000| Untracked |  0
| 132|0x0000000710800000, 0x0000000710800000, 0x0000000710a00000|  0%| F|  |TAMS 0x0000000710800000| PB 0x0000000710800000| Untracked |  0
| 133|0x0000000710a00000, 0x0000000710a00000, 0x0000000710c00000|  0%| F|  |TAMS 0x0000000710a00000| PB 0x0000000710a00000| Untracked |  0
| 134|0x0000000710c00000, 0x0000000710c00000, 0x0000000710e00000|  0%| F|  |TAMS 0x0000000710c00000| PB 0x0000000710c00000| Untracked |  0
| 135|0x0000000710e00000, 0x0000000710e00000, 0x0000000711000000|  0%| F|  |TAMS 0x0000000710e00000| PB 0x0000000710e00000| Untracked |  0
| 136|0x0000000711000000, 0x0000000711000000, 0x0000000711200000|  0%| F|  |TAMS 0x0000000711000000| PB 0x0000000711000000| Untracked |  0
| 137|0x0000000711200000, 0x0000000711200000, 0x0000000711400000|  0%| F|  |TAMS 0x0000000711200000| PB 0x0000000711200000| Untracked |  0
| 138|0x0000000711400000, 0x0000000711400000, 0x0000000711600000|  0%| F|  |TAMS 0x0000000711400000| PB 0x0000000711400000| Untracked |  0
| 139|0x0000000711600000, 0x0000000711600000, 0x0000000711800000|  0%| F|  |TAMS 0x0000000711600000| PB 0x0000000711600000| Untracked |  0
| 140|0x0000000711800000, 0x0000000711800000, 0x0000000711a00000|  0%| F|  |TAMS 0x0000000711800000| PB 0x0000000711800000| Untracked |  0
| 141|0x0000000711a00000, 0x0000000711a00000, 0x0000000711c00000|  0%| F|  |TAMS 0x0000000711a00000| PB 0x0000000711a00000| Untracked |  0
| 142|0x0000000711c00000, 0x0000000711c00000, 0x0000000711e00000|  0%| F|  |TAMS 0x0000000711c00000| PB 0x0000000711c00000| Untracked |  0
| 143|0x0000000711e00000, 0x0000000711e00000, 0x0000000712000000|  0%| F|  |TAMS 0x0000000711e00000| PB 0x0000000711e00000| Untracked |  0
| 144|0x0000000712000000, 0x0000000712000000, 0x0000000712200000|  0%| F|  |TAMS 0x0000000712000000| PB 0x0000000712000000| Untracked |  0
| 145|0x0000000712200000, 0x0000000712200000, 0x0000000712400000|  0%| F|  |TAMS 0x0000000712200000| PB 0x0000000712200000| Untracked |  0
| 146|0x0000000712400000, 0x0000000712400000, 0x0000000712600000|  0%| F|  |TAMS 0x0000000712400000| PB 0x0000000712400000| Untracked |  0
| 147|0x0000000712600000, 0x0000000712600000, 0x0000000712800000|  0%| F|  |TAMS 0x0000000712600000| PB 0x0000000712600000| Untracked |  0
| 148|0x0000000712800000, 0x0000000712800000, 0x0000000712a00000|  0%| F|  |TAMS 0x0000000712800000| PB 0x0000000712800000| Untracked |  0
| 149|0x0000000712a00000, 0x0000000712a00000, 0x0000000712c00000|  0%| F|  |TAMS 0x0000000712a00000| PB 0x0000000712a00000| Untracked |  0
| 150|0x0000000712c00000, 0x0000000712c00000, 0x0000000712e00000|  0%| F|  |TAMS 0x0000000712c00000| PB 0x0000000712c00000| Untracked |  0
| 151|0x0000000712e00000, 0x0000000712e00000, 0x0000000713000000|  0%| F|  |TAMS 0x0000000712e00000| PB 0x0000000712e00000| Untracked |  0
| 152|0x0000000713000000, 0x0000000713000000, 0x0000000713200000|  0%| F|  |TAMS 0x0000000713000000| PB 0x0000000713000000| Untracked |  0
| 153|0x0000000713200000, 0x0000000713200000, 0x0000000713400000|  0%| F|  |TAMS 0x0000000713200000| PB 0x0000000713200000| Untracked |  0
| 154|0x0000000713400000, 0x0000000713400000, 0x0000000713600000|  0%| F|  |TAMS 0x0000000713400000| PB 0x0000000713400000| Untracked |  0
| 155|0x0000000713600000, 0x0000000713600000, 0x0000000713800000|  0%| F|  |TAMS 0x0000000713600000| PB 0x0000000713600000| Untracked |  0
| 156|0x0000000713800000, 0x0000000713800000, 0x0000000713a00000|  0%| F|  |TAMS 0x0000000713800000| PB 0x0000000713800000| Untracked |  0
| 157|0x0000000713a00000, 0x0000000713a00000, 0x0000000713c00000|  0%| F|  |TAMS 0x0000000713a00000| PB 0x0000000713a00000| Untracked |  0
| 158|0x0000000713c00000, 0x0000000713c00000, 0x0000000713e00000|  0%| F|  |TAMS 0x0000000713c00000| PB 0x0000000713c00000| Untracked |  0
| 159|0x0000000713e00000, 0x0000000713e00000, 0x0000000714000000|  0%| F|  |TAMS 0x0000000713e00000| PB 0x0000000713e00000| Untracked |  0
| 160|0x0000000714000000, 0x0000000714000000, 0x0000000714200000|  0%| F|  |TAMS 0x0000000714000000| PB 0x0000000714000000| Untracked |  0
| 161|0x0000000714200000, 0x0000000714200000, 0x0000000714400000|  0%| F|  |TAMS 0x0000000714200000| PB 0x0000000714200000| Untracked |  0
| 162|0x0000000714400000, 0x0000000714400000, 0x0000000714600000|  0%| F|  |TAMS 0x0000000714400000| PB 0x0000000714400000| Untracked |  0
| 163|0x0000000714600000, 0x0000000714600000, 0x0000000714800000|  0%| F|  |TAMS 0x0000000714600000| PB 0x0000000714600000| Untracked |  0
| 164|0x0000000714800000, 0x0000000714800000, 0x0000000714a00000|  0%| F|  |TAMS 0x0000000714800000| PB 0x0000000714800000| Untracked |  0
| 165|0x0000000714a00000, 0x0000000714a00000, 0x0000000714c00000|  0%| F|  |TAMS 0x0000000714a00000| PB 0x0000000714a00000| Untracked |  0
| 166|0x0000000714c00000, 0x0000000714c00000, 0x0000000714e00000|  0%| F|  |TAMS 0x0000000714c00000| PB 0x0000000714c00000| Untracked |  0
| 167|0x0000000714e00000, 0x0000000714e00000, 0x0000000715000000|  0%| F|  |TAMS 0x0000000714e00000| PB 0x0000000714e00000| Untracked |  0
| 168|0x0000000715000000, 0x0000000715000000, 0x0000000715200000|  0%| F|  |TAMS 0x0000000715000000| PB 0x0000000715000000| Untracked |  0
| 169|0x0000000715200000, 0x0000000715200000, 0x0000000715400000|  0%| F|  |TAMS 0x0000000715200000| PB 0x0000000715200000| Untracked |  0
| 170|0x0000000715400000, 0x0000000715400000, 0x0000000715600000|  0%| F|  |TAMS 0x0000000715400000| PB 0x0000000715400000| Untracked |  0
| 171|0x0000000715600000, 0x0000000715600000, 0x0000000715800000|  0%| F|  |TAMS 0x0000000715600000| PB 0x0000000715600000| Untracked |  0
| 172|0x0000000715800000, 0x0000000715800000, 0x0000000715a00000|  0%| F|  |TAMS 0x0000000715800000| PB 0x0000000715800000| Untracked |  0
| 173|0x0000000715a00000, 0x0000000715a00000, 0x0000000715c00000|  0%| F|  |TAMS 0x0000000715a00000| PB 0x0000000715a00000| Untracked |  0
| 174|0x0000000715c00000, 0x0000000715c00000, 0x0000000715e00000|  0%| F|  |TAMS 0x0000000715c00000| PB 0x0000000715c00000| Untracked |  0
| 175|0x0000000715e00000, 0x0000000715e00000, 0x0000000716000000|  0%| F|  |TAMS 0x0000000715e00000| PB 0x0000000715e00000| Untracked |  0
| 176|0x0000000716000000, 0x0000000716000000, 0x0000000716200000|  0%| F|  |TAMS 0x0000000716000000| PB 0x0000000716000000| Untracked |  0
| 177|0x0000000716200000, 0x0000000716200000, 0x0000000716400000|  0%| F|  |TAMS 0x0000000716200000| PB 0x0000000716200000| Untracked |  0
| 178|0x0000000716400000, 0x0000000716400000, 0x0000000716600000|  0%| F|  |TAMS 0x0000000716400000| PB 0x0000000716400000| Untracked |  0
| 179|0x0000000716600000, 0x0000000716600000, 0x0000000716800000|  0%| F|  |TAMS 0x0000000716600000| PB 0x0000000716600000| Untracked |  0
| 180|0x0000000716800000, 0x0000000716800000, 0x0000000716a00000|  0%| F|  |TAMS 0x0000000716800000| PB 0x0000000716800000| Untracked |  0
| 181|0x0000000716a00000, 0x0000000716a00000, 0x0000000716c00000|  0%| F|  |TAMS 0x0000000716a00000| PB 0x0000000716a00000| Untracked |  0
| 182|0x0000000716c00000, 0x0000000716c00000, 0x0000000716e00000|  0%| F|  |TAMS 0x0000000716c00000| PB 0x0000000716c00000| Untracked |  0
| 183|0x0000000716e00000, 0x0000000716e00000, 0x0000000717000000|  0%| F|  |TAMS 0x0000000716e00000| PB 0x0000000716e00000| Untracked |  0
| 184|0x0000000717000000, 0x0000000717000000, 0x0000000717200000|  0%| F|  |TAMS 0x0000000717000000| PB 0x0000000717000000| Untracked |  0
| 185|0x0000000717200000, 0x0000000717200000, 0x0000000717400000|  0%| F|  |TAMS 0x0000000717200000| PB 0x0000000717200000| Untracked |  0
| 186|0x0000000717400000, 0x0000000717400000, 0x0000000717600000|  0%| F|  |TAMS 0x0000000717400000| PB 0x0000000717400000| Untracked |  0
| 187|0x0000000717600000, 0x0000000717600000, 0x0000000717800000|  0%| F|  |TAMS 0x0000000717600000| PB 0x0000000717600000| Untracked |  0
| 188|0x0000000717800000, 0x0000000717800000, 0x0000000717a00000|  0%| F|  |TAMS 0x0000000717800000| PB 0x0000000717800000| Untracked |  0
| 189|0x0000000717a00000, 0x0000000717a00000, 0x0000000717c00000|  0%| F|  |TAMS 0x0000000717a00000| PB 0x0000000717a00000| Untracked |  0
| 190|0x0000000717c00000, 0x0000000717c00000, 0x0000000717e00000|  0%| F|  |TAMS 0x0000000717c00000| PB 0x0000000717c00000| Untracked |  0
| 191|0x0000000717e00000, 0x0000000717e00000, 0x0000000718000000|  0%| F|  |TAMS 0x0000000717e00000| PB 0x0000000717e00000| Untracked |  0
| 192|0x0000000718000000, 0x0000000718000000, 0x0000000718200000|  0%| F|  |TAMS 0x0000000718000000| PB 0x0000000718000000| Untracked |  0
| 193|0x0000000718200000, 0x0000000718200000, 0x0000000718400000|  0%| F|  |TAMS 0x0000000718200000| PB 0x0000000718200000| Untracked |  0
| 194|0x0000000718400000, 0x0000000718400000, 0x0000000718600000|  0%| F|  |TAMS 0x0000000718400000| PB 0x0000000718400000| Untracked |  0
| 195|0x0000000718600000, 0x0000000718600000, 0x0000000718800000|  0%| F|  |TAMS 0x0000000718600000| PB 0x0000000718600000| Untracked |  0
| 196|0x0000000718800000, 0x0000000718800000, 0x0000000718a00000|  0%| F|  |TAMS 0x0000000718800000| PB 0x0000000718800000| Untracked |  0
| 197|0x0000000718a00000, 0x0000000718a00000, 0x0000000718c00000|  0%| F|  |TAMS 0x0000000718a00000| PB 0x0000000718a00000| Untracked |  0
| 198|0x0000000718c00000, 0x0000000718c00000, 0x0000000718e00000|  0%| F|  |TAMS 0x0000000718c00000| PB 0x0000000718c00000| Untracked |  0
| 199|0x0000000718e00000, 0x0000000718e00000, 0x0000000719000000|  0%| F|  |TAMS 0x0000000718e00000| PB 0x0000000718e00000| Untracked |  0
| 200|0x0000000719000000, 0x0000000719000000, 0x0000000719200000|  0%| F|  |TAMS 0x0000000719000000| PB 0x0000000719000000| Untracked |  0
| 201|0x0000000719200000, 0x0000000719200000, 0x0000000719400000|  0%| F|  |TAMS 0x0000000719200000| PB 0x0000000719200000| Untracked |  0
| 202|0x0000000719400000, 0x0000000719400000, 0x0000000719600000|  0%| F|  |TAMS 0x0000000719400000| PB 0x0000000719400000| Untracked |  0
| 203|0x0000000719600000, 0x0000000719600000, 0x0000000719800000|  0%| F|  |TAMS 0x0000000719600000| PB 0x0000000719600000| Untracked |  0
| 204|0x0000000719800000, 0x0000000719800000, 0x0000000719a00000|  0%| F|  |TAMS 0x0000000719800000| PB 0x0000000719800000| Untracked |  0
| 205|0x0000000719a00000, 0x0000000719a00000, 0x0000000719c00000|  0%| F|  |TAMS 0x0000000719a00000| PB 0x0000000719a00000| Untracked |  0
| 206|0x0000000719c00000, 0x0000000719c00000, 0x0000000719e00000|  0%| F|  |TAMS 0x0000000719c00000| PB 0x0000000719c00000| Untracked |  0
| 207|0x0000000719e00000, 0x0000000719e00000, 0x000000071a000000|  0%| F|  |TAMS 0x0000000719e00000| PB 0x0000000719e00000| Untracked |  0
| 208|0x000000071a000000, 0x000000071a000000, 0x000000071a200000|  0%| F|  |TAMS 0x000000071a000000| PB 0x000000071a000000| Untracked |  0
| 209|0x000000071a200000, 0x000000071a200000, 0x000000071a400000|  0%| F|  |TAMS 0x000000071a200000| PB 0x000000071a200000| Untracked |  0
| 210|0x000000071a400000, 0x000000071a400000, 0x000000071a600000|  0%| F|  |TAMS 0x000000071a400000| PB 0x000000071a400000| Untracked |  0
| 211|0x000000071a600000, 0x000000071a600000, 0x000000071a800000|  0%| F|  |TAMS 0x000000071a600000| PB 0x000000071a600000| Untracked |  0
| 212|0x000000071a800000, 0x000000071a800000, 0x000000071aa00000|  0%| F|  |TAMS 0x000000071a800000| PB 0x000000071a800000| Untracked |  0
| 213|0x000000071aa00000, 0x000000071aa00000, 0x000000071ac00000|  0%| F|  |TAMS 0x000000071aa00000| PB 0x000000071aa00000| Untracked |  0
| 214|0x000000071ac00000, 0x000000071ac00000, 0x000000071ae00000|  0%| F|  |TAMS 0x000000071ac00000| PB 0x000000071ac00000| Untracked |  0
| 215|0x000000071ae00000, 0x000000071ae00000, 0x000000071b000000|  0%| F|  |TAMS 0x000000071ae00000| PB 0x000000071ae00000| Untracked |  0
| 216|0x000000071b000000, 0x000000071b000000, 0x000000071b200000|  0%| F|  |TAMS 0x000000071b000000| PB 0x000000071b000000| Untracked |  0
| 217|0x000000071b200000, 0x000000071b200000, 0x000000071b400000|  0%| F|  |TAMS 0x000000071b200000| PB 0x000000071b200000| Untracked |  0
| 218|0x000000071b400000, 0x000000071b400000, 0x000000071b600000|  0%| F|  |TAMS 0x000000071b400000| PB 0x000000071b400000| Untracked |  0
| 219|0x000000071b600000, 0x000000071b600000, 0x000000071b800000|  0%| F|  |TAMS 0x000000071b600000| PB 0x000000071b600000| Untracked |  0
| 220|0x000000071b800000, 0x000000071b800000, 0x000000071ba00000|  0%| F|  |TAMS 0x000000071b800000| PB 0x000000071b800000| Untracked |  0
| 221|0x000000071ba00000, 0x000000071ba00000, 0x000000071bc00000|  0%| F|  |TAMS 0x000000071ba00000| PB 0x000000071ba00000| Untracked |  0
| 222|0x000000071bc00000, 0x000000071bc00000, 0x000000071be00000|  0%| F|  |TAMS 0x000000071bc00000| PB 0x000000071bc00000| Untracked |  0
| 223|0x000000071be00000, 0x000000071be00000, 0x000000071c000000|  0%| F|  |TAMS 0x000000071be00000| PB 0x000000071be00000| Untracked |  0
| 224|0x000000071c000000, 0x000000071c000000, 0x000000071c200000|  0%| F|  |TAMS 0x000000071c000000| PB 0x000000071c000000| Untracked |  0
| 225|0x000000071c200000, 0x000000071c200000, 0x000000071c400000|  0%| F|  |TAMS 0x000000071c200000| PB 0x000000071c200000| Untracked |  0
| 226|0x000000071c400000, 0x000000071c400000, 0x000000071c600000|  0%| F|  |TAMS 0x000000071c400000| PB 0x000000071c400000| Untracked |  0
| 227|0x000000071c600000, 0x000000071c600000, 0x000000071c800000|  0%| F|  |TAMS 0x000000071c600000| PB 0x000000071c600000| Untracked |  0
| 228|0x000000071c800000, 0x000000071c800000, 0x000000071ca00000|  0%| F|  |TAMS 0x000000071c800000| PB 0x000000071c800000| Untracked |  0
| 229|0x000000071ca00000, 0x000000071ca00000, 0x000000071cc00000|  0%| F|  |TAMS 0x000000071ca00000| PB 0x000000071ca00000| Untracked |  0
| 230|0x000000071cc00000, 0x000000071cc00000, 0x000000071ce00000|  0%| F|  |TAMS 0x000000071cc00000| PB 0x000000071cc00000| Untracked |  0
| 231|0x000000071ce00000, 0x000000071ce00000, 0x000000071d000000|  0%| F|  |TAMS 0x000000071ce00000| PB 0x000000071ce00000| Untracked |  0
| 232|0x000000071d000000, 0x000000071d000000, 0x000000071d200000|  0%| F|  |TAMS 0x000000071d000000| PB 0x000000071d000000| Untracked |  0
| 233|0x000000071d200000, 0x000000071d200000, 0x000000071d400000|  0%| F|  |TAMS 0x000000071d200000| PB 0x000000071d200000| Untracked |  0
| 234|0x000000071d400000, 0x000000071d400000, 0x000000071d600000|  0%| F|  |TAMS 0x000000071d400000| PB 0x000000071d400000| Untracked |  0
| 235|0x000000071d600000, 0x000000071d600000, 0x000000071d800000|  0%| F|  |TAMS 0x000000071d600000| PB 0x000000071d600000| Untracked |  0
| 236|0x000000071d800000, 0x000000071d800000, 0x000000071da00000|  0%| F|  |TAMS 0x000000071d800000| PB 0x000000071d800000| Untracked |  0
| 237|0x000000071da00000, 0x000000071da00000, 0x000000071dc00000|  0%| F|  |TAMS 0x000000071da00000| PB 0x000000071da00000| Untracked |  0
| 238|0x000000071dc00000, 0x000000071dc00000, 0x000000071de00000|  0%| F|  |TAMS 0x000000071dc00000| PB 0x000000071dc00000| Untracked |  0
| 239|0x000000071de00000, 0x000000071de00000, 0x000000071e000000|  0%| F|  |TAMS 0x000000071de00000| PB 0x000000071de00000| Untracked |  0
| 240|0x000000071e000000, 0x000000071e000000, 0x000000071e200000|  0%| F|  |TAMS 0x000000071e000000| PB 0x000000071e000000| Untracked |  0
| 241|0x000000071e200000, 0x000000071e200000, 0x000000071e400000|  0%| F|  |TAMS 0x000000071e200000| PB 0x000000071e200000| Untracked |  0
| 242|0x000000071e400000, 0x000000071e400000, 0x000000071e600000|  0%| F|  |TAMS 0x000000071e400000| PB 0x000000071e400000| Untracked |  0
| 243|0x000000071e600000, 0x000000071e600000, 0x000000071e800000|  0%| F|  |TAMS 0x000000071e600000| PB 0x000000071e600000| Untracked |  0
| 244|0x000000071e800000, 0x000000071e800000, 0x000000071ea00000|  0%| F|  |TAMS 0x000000071e800000| PB 0x000000071e800000| Untracked |  0
| 245|0x000000071ea00000, 0x000000071ea00000, 0x000000071ec00000|  0%| F|  |TAMS 0x000000071ea00000| PB 0x000000071ea00000| Untracked |  0
| 246|0x000000071ec00000, 0x000000071ec00000, 0x000000071ee00000|  0%| F|  |TAMS 0x000000071ec00000| PB 0x000000071ec00000| Untracked |  0
| 247|0x000000071ee00000, 0x000000071ee00000, 0x000000071f000000|  0%| F|  |TAMS 0x000000071ee00000| PB 0x000000071ee00000| Untracked |  0
| 248|0x000000071f000000, 0x000000071f000000, 0x000000071f200000|  0%| F|  |TAMS 0x000000071f000000| PB 0x000000071f000000| Untracked |  0
| 249|0x000000071f200000, 0x000000071f200000, 0x000000071f400000|  0%| F|  |TAMS 0x000000071f200000| PB 0x000000071f200000| Untracked |  0
| 250|0x000000071f400000, 0x000000071f400000, 0x000000071f600000|  0%| F|  |TAMS 0x000000071f400000| PB 0x000000071f400000| Untracked |  0
| 251|0x000000071f600000, 0x000000071f600000, 0x000000071f800000|  0%| F|  |TAMS 0x000000071f600000| PB 0x000000071f600000| Untracked |  0
| 252|0x000000071f800000, 0x000000071f800000, 0x000000071fa00000|  0%| F|  |TAMS 0x000000071f800000| PB 0x000000071f800000| Untracked |  0
| 253|0x000000071fa00000, 0x000000071fa00000, 0x000000071fc00000|  0%| F|  |TAMS 0x000000071fa00000| PB 0x000000071fa00000| Untracked |  0
| 254|0x000000071fc00000, 0x000000071fc00000, 0x000000071fe00000|  0%| F|  |TAMS 0x000000071fc00000| PB 0x000000071fc00000| Untracked |  0
| 255|0x000000071fe00000, 0x000000071fe00000, 0x0000000720000000|  0%| F|  |TAMS 0x000000071fe00000| PB 0x000000071fe00000| Untracked |  0
| 256|0x0000000720000000, 0x0000000720000000, 0x0000000720200000|  0%| F|  |TAMS 0x0000000720000000| PB 0x0000000720000000| Untracked |  0
| 257|0x0000000720200000, 0x0000000720200000, 0x0000000720400000|  0%| F|  |TAMS 0x0000000720200000| PB 0x0000000720200000| Untracked |  0
| 258|0x0000000720400000, 0x0000000720400000, 0x0000000720600000|  0%| F|  |TAMS 0x0000000720400000| PB 0x0000000720400000| Untracked |  0
| 259|0x0000000720600000, 0x0000000720600000, 0x0000000720800000|  0%| F|  |TAMS 0x0000000720600000| PB 0x0000000720600000| Untracked |  0
| 260|0x0000000720800000, 0x0000000720800000, 0x0000000720a00000|  0%| F|  |TAMS 0x0000000720800000| PB 0x0000000720800000| Untracked |  0
| 261|0x0000000720a00000, 0x0000000720a00000, 0x0000000720c00000|  0%| F|  |TAMS 0x0000000720a00000| PB 0x0000000720a00000| Untracked |  0
| 262|0x0000000720c00000, 0x0000000720c00000, 0x0000000720e00000|  0%| F|  |TAMS 0x0000000720c00000| PB 0x0000000720c00000| Untracked |  0
| 263|0x0000000720e00000, 0x0000000720e00000, 0x0000000721000000|  0%| F|  |TAMS 0x0000000720e00000| PB 0x0000000720e00000| Untracked |  0
| 264|0x0000000721000000, 0x0000000721000000, 0x0000000721200000|  0%| F|  |TAMS 0x0000000721000000| PB 0x0000000721000000| Untracked |  0
| 265|0x0000000721200000, 0x0000000721200000, 0x0000000721400000|  0%| F|  |TAMS 0x0000000721200000| PB 0x0000000721200000| Untracked |  0
| 266|0x0000000721400000, 0x0000000721400000, 0x0000000721600000|  0%| F|  |TAMS 0x0000000721400000| PB 0x0000000721400000| Untracked |  0
| 267|0x0000000721600000, 0x0000000721600000, 0x0000000721800000|  0%| F|  |TAMS 0x0000000721600000| PB 0x0000000721600000| Untracked |  0
| 268|0x0000000721800000, 0x0000000721800000, 0x0000000721a00000|  0%| F|  |TAMS 0x0000000721800000| PB 0x0000000721800000| Untracked |  0
| 269|0x0000000721a00000, 0x0000000721a00000, 0x0000000721c00000|  0%| F|  |TAMS 0x0000000721a00000| PB 0x0000000721a00000| Untracked |  0
| 270|0x0000000721c00000, 0x0000000721c00000, 0x0000000721e00000|  0%| F|  |TAMS 0x0000000721c00000| PB 0x0000000721c00000| Untracked |  0
| 271|0x0000000721e00000, 0x0000000721e00000, 0x0000000722000000|  0%| F|  |TAMS 0x0000000721e00000| PB 0x0000000721e00000| Untracked |  0
| 272|0x0000000722000000, 0x0000000722000000, 0x0000000722200000|  0%| F|  |TAMS 0x0000000722000000| PB 0x0000000722000000| Untracked |  0
| 273|0x0000000722200000, 0x0000000722200000, 0x0000000722400000|  0%| F|  |TAMS 0x0000000722200000| PB 0x0000000722200000| Untracked |  0
| 274|0x0000000722400000, 0x0000000722400000, 0x0000000722600000|  0%| F|  |TAMS 0x0000000722400000| PB 0x0000000722400000| Untracked |  0
| 275|0x0000000722600000, 0x0000000722600000, 0x0000000722800000|  0%| F|  |TAMS 0x0000000722600000| PB 0x0000000722600000| Untracked |  0
| 276|0x0000000722800000, 0x0000000722800000, 0x0000000722a00000|  0%| F|  |TAMS 0x0000000722800000| PB 0x0000000722800000| Untracked |  0
| 277|0x0000000722a00000, 0x0000000722a00000, 0x0000000722c00000|  0%| F|  |TAMS 0x0000000722a00000| PB 0x0000000722a00000| Untracked |  0
| 278|0x0000000722c00000, 0x0000000722c00000, 0x0000000722e00000|  0%| F|  |TAMS 0x0000000722c00000| PB 0x0000000722c00000| Untracked |  0
| 279|0x0000000722e00000, 0x0000000722e00000, 0x0000000723000000|  0%| F|  |TAMS 0x0000000722e00000| PB 0x0000000722e00000| Untracked |  0
| 280|0x0000000723000000, 0x0000000723000000, 0x0000000723200000|  0%| F|  |TAMS 0x0000000723000000| PB 0x0000000723000000| Untracked |  0
| 281|0x0000000723200000, 0x0000000723200000, 0x0000000723400000|  0%| F|  |TAMS 0x0000000723200000| PB 0x0000000723200000| Untracked |  0
| 282|0x0000000723400000, 0x0000000723400000, 0x0000000723600000|  0%| F|  |TAMS 0x0000000723400000| PB 0x0000000723400000| Untracked |  0
| 283|0x0000000723600000, 0x0000000723600000, 0x0000000723800000|  0%| F|  |TAMS 0x0000000723600000| PB 0x0000000723600000| Untracked |  0
| 284|0x0000000723800000, 0x0000000723800000, 0x0000000723a00000|  0%| F|  |TAMS 0x0000000723800000| PB 0x0000000723800000| Untracked |  0
| 285|0x0000000723a00000, 0x0000000723a00000, 0x0000000723c00000|  0%| F|  |TAMS 0x0000000723a00000| PB 0x0000000723a00000| Untracked |  0
| 286|0x0000000723c00000, 0x0000000723c00000, 0x0000000723e00000|  0%| F|  |TAMS 0x0000000723c00000| PB 0x0000000723c00000| Untracked |  0
| 287|0x0000000723e00000, 0x0000000723e00000, 0x0000000724000000|  0%| F|  |TAMS 0x0000000723e00000| PB 0x0000000723e00000| Untracked |  0
| 288|0x0000000724000000, 0x0000000724000000, 0x0000000724200000|  0%| F|  |TAMS 0x0000000724000000| PB 0x0000000724000000| Untracked |  0
| 289|0x0000000724200000, 0x0000000724200000, 0x0000000724400000|  0%| F|  |TAMS 0x0000000724200000| PB 0x0000000724200000| Untracked |  0
| 290|0x0000000724400000, 0x0000000724400000, 0x0000000724600000|  0%| F|  |TAMS 0x0000000724400000| PB 0x0000000724400000| Untracked |  0
| 291|0x0000000724600000, 0x0000000724600000, 0x0000000724800000|  0%| F|  |TAMS 0x0000000724600000| PB 0x0000000724600000| Untracked |  0
| 292|0x0000000724800000, 0x0000000724800000, 0x0000000724a00000|  0%| F|  |TAMS 0x0000000724800000| PB 0x0000000724800000| Untracked |  0
| 293|0x0000000724a00000, 0x0000000724a00000, 0x0000000724c00000|  0%| F|  |TAMS 0x0000000724a00000| PB 0x0000000724a00000| Untracked |  0
| 294|0x0000000724c00000, 0x0000000724c00000, 0x0000000724e00000|  0%| F|  |TAMS 0x0000000724c00000| PB 0x0000000724c00000| Untracked |  0
| 295|0x0000000724e00000, 0x0000000724e00000, 0x0000000725000000|  0%| F|  |TAMS 0x0000000724e00000| PB 0x0000000724e00000| Untracked |  0
| 296|0x0000000725000000, 0x0000000725000000, 0x0000000725200000|  0%| F|  |TAMS 0x0000000725000000| PB 0x0000000725000000| Untracked |  0
| 297|0x0000000725200000, 0x0000000725200000, 0x0000000725400000|  0%| F|  |TAMS 0x0000000725200000| PB 0x0000000725200000| Untracked |  0
| 298|0x0000000725400000, 0x0000000725400000, 0x0000000725600000|  0%| F|  |TAMS 0x0000000725400000| PB 0x0000000725400000| Untracked |  0
| 299|0x0000000725600000, 0x0000000725600000, 0x0000000725800000|  0%| F|  |TAMS 0x0000000725600000| PB 0x0000000725600000| Untracked |  0
| 300|0x0000000725800000, 0x0000000725800000, 0x0000000725a00000|  0%| F|  |TAMS 0x0000000725800000| PB 0x0000000725800000| Untracked |  0
| 301|0x0000000725a00000, 0x0000000725a00000, 0x0000000725c00000|  0%| F|  |TAMS 0x0000000725a00000| PB 0x0000000725a00000| Untracked |  0
| 302|0x0000000725c00000, 0x0000000725c00000, 0x0000000725e00000|  0%| F|  |TAMS 0x0000000725c00000| PB 0x0000000725c00000| Untracked |  0
| 303|0x0000000725e00000, 0x0000000725e00000, 0x0000000726000000|  0%| F|  |TAMS 0x0000000725e00000| PB 0x0000000725e00000| Untracked |  0
| 304|0x0000000726000000, 0x0000000726000000, 0x0000000726200000|  0%| F|  |TAMS 0x0000000726000000| PB 0x0000000726000000| Untracked |  0
| 305|0x0000000726200000, 0x0000000726200000, 0x0000000726400000|  0%| F|  |TAMS 0x0000000726200000| PB 0x0000000726200000| Untracked |  0
| 306|0x0000000726400000, 0x0000000726400000, 0x0000000726600000|  0%| F|  |TAMS 0x0000000726400000| PB 0x0000000726400000| Untracked |  0
| 307|0x0000000726600000, 0x0000000726600000, 0x0000000726800000|  0%| F|  |TAMS 0x0000000726600000| PB 0x0000000726600000| Untracked |  0
| 308|0x0000000726800000, 0x0000000726800000, 0x0000000726a00000|  0%| F|  |TAMS 0x0000000726800000| PB 0x0000000726800000| Untracked |  0
| 309|0x0000000726a00000, 0x0000000726a00000, 0x0000000726c00000|  0%| F|  |TAMS 0x0000000726a00000| PB 0x0000000726a00000| Untracked |  0
| 310|0x0000000726c00000, 0x0000000726c00000, 0x0000000726e00000|  0%| F|  |TAMS 0x0000000726c00000| PB 0x0000000726c00000| Untracked |  0
| 311|0x0000000726e00000, 0x0000000726e00000, 0x0000000727000000|  0%| F|  |TAMS 0x0000000726e00000| PB 0x0000000726e00000| Untracked |  0
| 312|0x0000000727000000, 0x0000000727000000, 0x0000000727200000|  0%| F|  |TAMS 0x0000000727000000| PB 0x0000000727000000| Untracked |  0
| 313|0x0000000727200000, 0x0000000727200000, 0x0000000727400000|  0%| F|  |TAMS 0x0000000727200000| PB 0x0000000727200000| Untracked |  0
| 314|0x0000000727400000, 0x0000000727400000, 0x0000000727600000|  0%| F|  |TAMS 0x0000000727400000| PB 0x0000000727400000| Untracked |  0
| 315|0x0000000727600000, 0x0000000727600000, 0x0000000727800000|  0%| F|  |TAMS 0x0000000727600000| PB 0x0000000727600000| Untracked |  0
| 316|0x0000000727800000, 0x0000000727800000, 0x0000000727a00000|  0%| F|  |TAMS 0x0000000727800000| PB 0x0000000727800000| Untracked |  0
| 317|0x0000000727a00000, 0x0000000727a00000, 0x0000000727c00000|  0%| F|  |TAMS 0x0000000727a00000| PB 0x0000000727a00000| Untracked |  0
| 318|0x0000000727c00000, 0x0000000727c00000, 0x0000000727e00000|  0%| F|  |TAMS 0x0000000727c00000| PB 0x0000000727c00000| Untracked |  0
| 319|0x0000000727e00000, 0x0000000727e00000, 0x0000000728000000|  0%| F|  |TAMS 0x0000000727e00000| PB 0x0000000727e00000| Untracked |  0
| 320|0x0000000728000000, 0x0000000728000000, 0x0000000728200000|  0%| F|  |TAMS 0x0000000728000000| PB 0x0000000728000000| Untracked |  0
| 321|0x0000000728200000, 0x0000000728200000, 0x0000000728400000|  0%| F|  |TAMS 0x0000000728200000| PB 0x0000000728200000| Untracked |  0
| 322|0x0000000728400000, 0x0000000728400000, 0x0000000728600000|  0%| F|  |TAMS 0x0000000728400000| PB 0x0000000728400000| Untracked |  0
| 323|0x0000000728600000, 0x0000000728600000, 0x0000000728800000|  0%| F|  |TAMS 0x0000000728600000| PB 0x0000000728600000| Untracked |  0
| 324|0x0000000728800000, 0x0000000728800000, 0x0000000728a00000|  0%| F|  |TAMS 0x0000000728800000| PB 0x0000000728800000| Untracked |  0
| 325|0x0000000728a00000, 0x0000000728a00000, 0x0000000728c00000|  0%| F|  |TAMS 0x0000000728a00000| PB 0x0000000728a00000| Untracked |  0
| 326|0x0000000728c00000, 0x0000000728c00000, 0x0000000728e00000|  0%| F|  |TAMS 0x0000000728c00000| PB 0x0000000728c00000| Untracked |  0
| 327|0x0000000728e00000, 0x0000000728e00000, 0x0000000729000000|  0%| F|  |TAMS 0x0000000728e00000| PB 0x0000000728e00000| Untracked |  0
| 328|0x0000000729000000, 0x0000000729000000, 0x0000000729200000|  0%| F|  |TAMS 0x0000000729000000| PB 0x0000000729000000| Untracked |  0
| 329|0x0000000729200000, 0x0000000729200000, 0x0000000729400000|  0%| F|  |TAMS 0x0000000729200000| PB 0x0000000729200000| Untracked |  0
| 330|0x0000000729400000, 0x0000000729400000, 0x0000000729600000|  0%| F|  |TAMS 0x0000000729400000| PB 0x0000000729400000| Untracked |  0
| 331|0x0000000729600000, 0x0000000729600000, 0x0000000729800000|  0%| F|  |TAMS 0x0000000729600000| PB 0x0000000729600000| Untracked |  0
| 332|0x0000000729800000, 0x0000000729800000, 0x0000000729a00000|  0%| F|  |TAMS 0x0000000729800000| PB 0x0000000729800000| Untracked |  0
| 333|0x0000000729a00000, 0x0000000729a00000, 0x0000000729c00000|  0%| F|  |TAMS 0x0000000729a00000| PB 0x0000000729a00000| Untracked |  0
| 334|0x0000000729c00000, 0x0000000729c00000, 0x0000000729e00000|  0%| F|  |TAMS 0x0000000729c00000| PB 0x0000000729c00000| Untracked |  0
| 335|0x0000000729e00000, 0x0000000729e00000, 0x000000072a000000|  0%| F|  |TAMS 0x0000000729e00000| PB 0x0000000729e00000| Untracked |  0
| 336|0x000000072a000000, 0x000000072a000000, 0x000000072a200000|  0%| F|  |TAMS 0x000000072a000000| PB 0x000000072a000000| Untracked |  0
| 337|0x000000072a200000, 0x000000072a200000, 0x000000072a400000|  0%| F|  |TAMS 0x000000072a200000| PB 0x000000072a200000| Untracked |  0
| 338|0x000000072a400000, 0x000000072a400000, 0x000000072a600000|  0%| F|  |TAMS 0x000000072a400000| PB 0x000000072a400000| Untracked |  0
| 339|0x000000072a600000, 0x000000072a600000, 0x000000072a800000|  0%| F|  |TAMS 0x000000072a600000| PB 0x000000072a600000| Untracked |  0
| 340|0x000000072a800000, 0x000000072a800000, 0x000000072aa00000|  0%| F|  |TAMS 0x000000072a800000| PB 0x000000072a800000| Untracked |  0
| 341|0x000000072aa00000, 0x000000072aa00000, 0x000000072ac00000|  0%| F|  |TAMS 0x000000072aa00000| PB 0x000000072aa00000| Untracked |  0
| 342|0x000000072ac00000, 0x000000072ac00000, 0x000000072ae00000|  0%| F|  |TAMS 0x000000072ac00000| PB 0x000000072ac00000| Untracked |  0
| 343|0x000000072ae00000, 0x000000072ae00000, 0x000000072b000000|  0%| F|  |TAMS 0x000000072ae00000| PB 0x000000072ae00000| Untracked |  0
| 344|0x000000072b000000, 0x000000072b000000, 0x000000072b200000|  0%| F|  |TAMS 0x000000072b000000| PB 0x000000072b000000| Untracked |  0
| 345|0x000000072b200000, 0x000000072b200000, 0x000000072b400000|  0%| F|  |TAMS 0x000000072b200000| PB 0x000000072b200000| Untracked |  0
| 346|0x000000072b400000, 0x000000072b400000, 0x000000072b600000|  0%| F|  |TAMS 0x000000072b400000| PB 0x000000072b400000| Untracked |  0
| 347|0x000000072b600000, 0x000000072b600000, 0x000000072b800000|  0%| F|  |TAMS 0x000000072b600000| PB 0x000000072b600000| Untracked |  0
| 348|0x000000072b800000, 0x000000072b800000, 0x000000072ba00000|  0%| F|  |TAMS 0x000000072b800000| PB 0x000000072b800000| Untracked |  0
| 349|0x000000072ba00000, 0x000000072ba00000, 0x000000072bc00000|  0%| F|  |TAMS 0x000000072ba00000| PB 0x000000072ba00000| Untracked |  0
| 350|0x000000072bc00000, 0x000000072bc00000, 0x000000072be00000|  0%| F|  |TAMS 0x000000072bc00000| PB 0x000000072bc00000| Untracked |  0
| 351|0x000000072be00000, 0x000000072be00000, 0x000000072c000000|  0%| F|  |TAMS 0x000000072be00000| PB 0x000000072be00000| Untracked |  0
| 352|0x000000072c000000, 0x000000072c000000, 0x000000072c200000|  0%| F|  |TAMS 0x000000072c000000| PB 0x000000072c000000| Untracked |  0
| 353|0x000000072c200000, 0x000000072c200000, 0x000000072c400000|  0%| F|  |TAMS 0x000000072c200000| PB 0x000000072c200000| Untracked |  0
| 354|0x000000072c400000, 0x000000072c400000, 0x000000072c600000|  0%| F|  |TAMS 0x000000072c400000| PB 0x000000072c400000| Untracked |  0
| 355|0x000000072c600000, 0x000000072c600000, 0x000000072c800000|  0%| F|  |TAMS 0x000000072c600000| PB 0x000000072c600000| Untracked |  0
| 356|0x000000072c800000, 0x000000072c800000, 0x000000072ca00000|  0%| F|  |TAMS 0x000000072c800000| PB 0x000000072c800000| Untracked |  0
| 357|0x000000072ca00000, 0x000000072ca00000, 0x000000072cc00000|  0%| F|  |TAMS 0x000000072ca00000| PB 0x000000072ca00000| Untracked |  0
| 358|0x000000072cc00000, 0x000000072cc00000, 0x000000072ce00000|  0%| F|  |TAMS 0x000000072cc00000| PB 0x000000072cc00000| Untracked |  0
| 359|0x000000072ce00000, 0x000000072ce00000, 0x000000072d000000|  0%| F|  |TAMS 0x000000072ce00000| PB 0x000000072ce00000| Untracked |  0
| 360|0x000000072d000000, 0x000000072d000000, 0x000000072d200000|  0%| F|  |TAMS 0x000000072d000000| PB 0x000000072d000000| Untracked |  0
| 361|0x000000072d200000, 0x000000072d200000, 0x000000072d400000|  0%| F|  |TAMS 0x000000072d200000| PB 0x000000072d200000| Untracked |  0
| 362|0x000000072d400000, 0x000000072d400000, 0x000000072d600000|  0%| F|  |TAMS 0x000000072d400000| PB 0x000000072d400000| Untracked |  0
| 363|0x000000072d600000, 0x000000072d600000, 0x000000072d800000|  0%| F|  |TAMS 0x000000072d600000| PB 0x000000072d600000| Untracked |  0
| 364|0x000000072d800000, 0x000000072d800000, 0x000000072da00000|  0%| F|  |TAMS 0x000000072d800000| PB 0x000000072d800000| Untracked |  0
| 365|0x000000072da00000, 0x000000072da00000, 0x000000072dc00000|  0%| F|  |TAMS 0x000000072da00000| PB 0x000000072da00000| Untracked |  0
| 366|0x000000072dc00000, 0x000000072dc00000, 0x000000072de00000|  0%| F|  |TAMS 0x000000072dc00000| PB 0x000000072dc00000| Untracked |  0
| 367|0x000000072de00000, 0x000000072de00000, 0x000000072e000000|  0%| F|  |TAMS 0x000000072de00000| PB 0x000000072de00000| Untracked |  0
| 368|0x000000072e000000, 0x000000072e000000, 0x000000072e200000|  0%| F|  |TAMS 0x000000072e000000| PB 0x000000072e000000| Untracked |  0
| 369|0x000000072e200000, 0x000000072e200000, 0x000000072e400000|  0%| F|  |TAMS 0x000000072e200000| PB 0x000000072e200000| Untracked |  0
| 370|0x000000072e400000, 0x000000072e400000, 0x000000072e600000|  0%| F|  |TAMS 0x000000072e400000| PB 0x000000072e400000| Untracked |  0
| 371|0x000000072e600000, 0x000000072e600000, 0x000000072e800000|  0%| F|  |TAMS 0x000000072e600000| PB 0x000000072e600000| Untracked |  0
| 372|0x000000072e800000, 0x000000072e800000, 0x000000072ea00000|  0%| F|  |TAMS 0x000000072e800000| PB 0x000000072e800000| Untracked |  0
| 373|0x000000072ea00000, 0x000000072ea00000, 0x000000072ec00000|  0%| F|  |TAMS 0x000000072ea00000| PB 0x000000072ea00000| Untracked |  0
| 374|0x000000072ec00000, 0x000000072ec00000, 0x000000072ee00000|  0%| F|  |TAMS 0x000000072ec00000| PB 0x000000072ec00000| Untracked |  0
| 375|0x000000072ee00000, 0x000000072ee00000, 0x000000072f000000|  0%| F|  |TAMS 0x000000072ee00000| PB 0x000000072ee00000| Untracked |  0
| 376|0x000000072f000000, 0x000000072f000000, 0x000000072f200000|  0%| F|  |TAMS 0x000000072f000000| PB 0x000000072f000000| Untracked |  0
| 377|0x000000072f200000, 0x000000072f200000, 0x000000072f400000|  0%| F|  |TAMS 0x000000072f200000| PB 0x000000072f200000| Untracked |  0
| 378|0x000000072f400000, 0x000000072f400000, 0x000000072f600000|  0%| F|  |TAMS 0x000000072f400000| PB 0x000000072f400000| Untracked |  0
| 379|0x000000072f600000, 0x000000072f600000, 0x000000072f800000|  0%| F|  |TAMS 0x000000072f600000| PB 0x000000072f600000| Untracked |  0
| 380|0x000000072f800000, 0x000000072f800000, 0x000000072fa00000|  0%| F|  |TAMS 0x000000072f800000| PB 0x000000072f800000| Untracked |  0
| 381|0x000000072fa00000, 0x000000072fa00000, 0x000000072fc00000|  0%| F|  |TAMS 0x000000072fa00000| PB 0x000000072fa00000| Untracked |  0
| 382|0x000000072fc00000, 0x000000072fc00000, 0x000000072fe00000|  0%| F|  |TAMS 0x000000072fc00000| PB 0x000000072fc00000| Untracked |  0
| 383|0x000000072fe00000, 0x000000072fe00000, 0x0000000730000000|  0%| F|  |TAMS 0x000000072fe00000| PB 0x000000072fe00000| Untracked |  0
| 384|0x0000000730000000, 0x0000000730000000, 0x0000000730200000|  0%| F|  |TAMS 0x0000000730000000| PB 0x0000000730000000| Untracked |  0
| 385|0x0000000730200000, 0x0000000730200000, 0x0000000730400000|  0%| F|  |TAMS 0x0000000730200000| PB 0x0000000730200000| Untracked |  0
| 386|0x0000000730400000, 0x0000000730400000, 0x0000000730600000|  0%| F|  |TAMS 0x0000000730400000| PB 0x0000000730400000| Untracked |  0
| 387|0x0000000730600000, 0x0000000730600000, 0x0000000730800000|  0%| F|  |TAMS 0x0000000730600000| PB 0x0000000730600000| Untracked |  0
| 388|0x0000000730800000, 0x0000000730800000, 0x0000000730a00000|  0%| F|  |TAMS 0x0000000730800000| PB 0x0000000730800000| Untracked |  0
| 389|0x0000000730a00000, 0x0000000730a00000, 0x0000000730c00000|  0%| F|  |TAMS 0x0000000730a00000| PB 0x0000000730a00000| Untracked |  0
| 390|0x0000000730c00000, 0x0000000730c00000, 0x0000000730e00000|  0%| F|  |TAMS 0x0000000730c00000| PB 0x0000000730c00000| Untracked |  0
| 391|0x0000000730e00000, 0x0000000730e00000, 0x0000000731000000|  0%| F|  |TAMS 0x0000000730e00000| PB 0x0000000730e00000| Untracked |  0
| 392|0x0000000731000000, 0x0000000731000000, 0x0000000731200000|  0%| F|  |TAMS 0x0000000731000000| PB 0x0000000731000000| Untracked |  0
| 393|0x0000000731200000, 0x0000000731200000, 0x0000000731400000|  0%| F|  |TAMS 0x0000000731200000| PB 0x0000000731200000| Untracked |  0
| 394|0x0000000731400000, 0x0000000731400000, 0x0000000731600000|  0%| F|  |TAMS 0x0000000731400000| PB 0x0000000731400000| Untracked |  0
| 395|0x0000000731600000, 0x0000000731600000, 0x0000000731800000|  0%| F|  |TAMS 0x0000000731600000| PB 0x0000000731600000| Untracked |  0
| 396|0x0000000731800000, 0x0000000731800000, 0x0000000731a00000|  0%| F|  |TAMS 0x0000000731800000| PB 0x0000000731800000| Untracked |  0
| 397|0x0000000731a00000, 0x0000000731a00000, 0x0000000731c00000|  0%| F|  |TAMS 0x0000000731a00000| PB 0x0000000731a00000| Untracked |  0
| 398|0x0000000731c00000, 0x0000000731c00000, 0x0000000731e00000|  0%| F|  |TAMS 0x0000000731c00000| PB 0x0000000731c00000| Untracked |  0
| 399|0x0000000731e00000, 0x0000000731e00000, 0x0000000732000000|  0%| F|  |TAMS 0x0000000731e00000| PB 0x0000000731e00000| Untracked |  0
| 400|0x0000000732000000, 0x0000000732000000, 0x0000000732200000|  0%| F|  |TAMS 0x0000000732000000| PB 0x0000000732000000| Untracked |  0
| 401|0x0000000732200000, 0x0000000732200000, 0x0000000732400000|  0%| F|  |TAMS 0x0000000732200000| PB 0x0000000732200000| Untracked |  0
| 402|0x0000000732400000, 0x0000000732400000, 0x0000000732600000|  0%| F|  |TAMS 0x0000000732400000| PB 0x0000000732400000| Untracked |  0
| 403|0x0000000732600000, 0x0000000732600000, 0x0000000732800000|  0%| F|  |TAMS 0x0000000732600000| PB 0x0000000732600000| Untracked |  0
| 404|0x0000000732800000, 0x0000000732800000, 0x0000000732a00000|  0%| F|  |TAMS 0x0000000732800000| PB 0x0000000732800000| Untracked |  0
| 405|0x0000000732a00000, 0x0000000732a00000, 0x0000000732c00000|  0%| F|  |TAMS 0x0000000732a00000| PB 0x0000000732a00000| Untracked |  0
| 406|0x0000000732c00000, 0x0000000732c00000, 0x0000000732e00000|  0%| F|  |TAMS 0x0000000732c00000| PB 0x0000000732c00000| Untracked |  0
| 407|0x0000000732e00000, 0x0000000732e00000, 0x0000000733000000|  0%| F|  |TAMS 0x0000000732e00000| PB 0x0000000732e00000| Untracked |  0
| 408|0x0000000733000000, 0x0000000733000000, 0x0000000733200000|  0%| F|  |TAMS 0x0000000733000000| PB 0x0000000733000000| Untracked |  0
| 409|0x0000000733200000, 0x0000000733200000, 0x0000000733400000|  0%| F|  |TAMS 0x0000000733200000| PB 0x0000000733200000| Untracked |  0
| 410|0x0000000733400000, 0x0000000733400000, 0x0000000733600000|  0%| F|  |TAMS 0x0000000733400000| PB 0x0000000733400000| Untracked |  0
| 411|0x0000000733600000, 0x0000000733600000, 0x0000000733800000|  0%| F|  |TAMS 0x0000000733600000| PB 0x0000000733600000| Untracked |  0
| 412|0x0000000733800000, 0x0000000733800000, 0x0000000733a00000|  0%| F|  |TAMS 0x0000000733800000| PB 0x0000000733800000| Untracked |  0
| 413|0x0000000733a00000, 0x0000000733a00000, 0x0000000733c00000|  0%| F|  |TAMS 0x0000000733a00000| PB 0x0000000733a00000| Untracked |  0
| 414|0x0000000733c00000, 0x0000000733c00000, 0x0000000733e00000|  0%| F|  |TAMS 0x0000000733c00000| PB 0x0000000733c00000| Untracked |  0
| 415|0x0000000733e00000, 0x0000000733e00000, 0x0000000734000000|  0%| F|  |TAMS 0x0000000733e00000| PB 0x0000000733e00000| Untracked |  0
| 416|0x0000000734000000, 0x0000000734000000, 0x0000000734200000|  0%| F|  |TAMS 0x0000000734000000| PB 0x0000000734000000| Untracked |  0
| 417|0x0000000734200000, 0x0000000734200000, 0x0000000734400000|  0%| F|  |TAMS 0x0000000734200000| PB 0x0000000734200000| Untracked |  0
| 418|0x0000000734400000, 0x0000000734400000, 0x0000000734600000|  0%| F|  |TAMS 0x0000000734400000| PB 0x0000000734400000| Untracked |  0
| 419|0x0000000734600000, 0x0000000734600000, 0x0000000734800000|  0%| F|  |TAMS 0x0000000734600000| PB 0x0000000734600000| Untracked |  0
| 420|0x0000000734800000, 0x0000000734800000, 0x0000000734a00000|  0%| F|  |TAMS 0x0000000734800000| PB 0x0000000734800000| Untracked |  0
| 421|0x0000000734a00000, 0x0000000734a00000, 0x0000000734c00000|  0%| F|  |TAMS 0x0000000734a00000| PB 0x0000000734a00000| Untracked |  0
| 422|0x0000000734c00000, 0x0000000734c00000, 0x0000000734e00000|  0%| F|  |TAMS 0x0000000734c00000| PB 0x0000000734c00000| Untracked |  0
| 423|0x0000000734e00000, 0x0000000734e00000, 0x0000000735000000|  0%| F|  |TAMS 0x0000000734e00000| PB 0x0000000734e00000| Untracked |  0
| 424|0x0000000735000000, 0x0000000735000000, 0x0000000735200000|  0%| F|  |TAMS 0x0000000735000000| PB 0x0000000735000000| Untracked |  0
| 425|0x0000000735200000, 0x0000000735200000, 0x0000000735400000|  0%| F|  |TAMS 0x0000000735200000| PB 0x0000000735200000| Untracked |  0
| 426|0x0000000735400000, 0x0000000735400000, 0x0000000735600000|  0%| F|  |TAMS 0x0000000735400000| PB 0x0000000735400000| Untracked |  0
| 427|0x0000000735600000, 0x0000000735600000, 0x0000000735800000|  0%| F|  |TAMS 0x0000000735600000| PB 0x0000000735600000| Untracked |  0
| 428|0x0000000735800000, 0x0000000735800000, 0x0000000735a00000|  0%| F|  |TAMS 0x0000000735800000| PB 0x0000000735800000| Untracked |  0
| 429|0x0000000735a00000, 0x0000000735a00000, 0x0000000735c00000|  0%| F|  |TAMS 0x0000000735a00000| PB 0x0000000735a00000| Untracked |  0
| 430|0x0000000735c00000, 0x0000000735c00000, 0x0000000735e00000|  0%| F|  |TAMS 0x0000000735c00000| PB 0x0000000735c00000| Untracked |  0
| 431|0x0000000735e00000, 0x0000000735e00000, 0x0000000736000000|  0%| F|  |TAMS 0x0000000735e00000| PB 0x0000000735e00000| Untracked |  0
| 432|0x0000000736000000, 0x0000000736000000, 0x0000000736200000|  0%| F|  |TAMS 0x0000000736000000| PB 0x0000000736000000| Untracked |  0
| 433|0x0000000736200000, 0x0000000736200000, 0x0000000736400000|  0%| F|  |TAMS 0x0000000736200000| PB 0x0000000736200000| Untracked |  0
| 434|0x0000000736400000, 0x0000000736400000, 0x0000000736600000|  0%| F|  |TAMS 0x0000000736400000| PB 0x0000000736400000| Untracked |  0
| 435|0x0000000736600000, 0x0000000736600000, 0x0000000736800000|  0%| F|  |TAMS 0x0000000736600000| PB 0x0000000736600000| Untracked |  0
| 436|0x0000000736800000, 0x0000000736800000, 0x0000000736a00000|  0%| F|  |TAMS 0x0000000736800000| PB 0x0000000736800000| Untracked |  0
| 437|0x0000000736a00000, 0x0000000736a00000, 0x0000000736c00000|  0%| F|  |TAMS 0x0000000736a00000| PB 0x0000000736a00000| Untracked |  0
| 438|0x0000000736c00000, 0x0000000736c00000, 0x0000000736e00000|  0%| F|  |TAMS 0x0000000736c00000| PB 0x0000000736c00000| Untracked |  0
| 439|0x0000000736e00000, 0x0000000736e00000, 0x0000000737000000|  0%| F|  |TAMS 0x0000000736e00000| PB 0x0000000736e00000| Untracked |  0
| 440|0x0000000737000000, 0x0000000737000000, 0x0000000737200000|  0%| F|  |TAMS 0x0000000737000000| PB 0x0000000737000000| Untracked |  0
| 441|0x0000000737200000, 0x0000000737200000, 0x0000000737400000|  0%| F|  |TAMS 0x0000000737200000| PB 0x0000000737200000| Untracked |  0
| 442|0x0000000737400000, 0x0000000737400000, 0x0000000737600000|  0%| F|  |TAMS 0x0000000737400000| PB 0x0000000737400000| Untracked |  0
| 443|0x0000000737600000, 0x0000000737600000, 0x0000000737800000|  0%| F|  |TAMS 0x0000000737600000| PB 0x0000000737600000| Untracked |  0
| 444|0x0000000737800000, 0x0000000737800000, 0x0000000737a00000|  0%| F|  |TAMS 0x0000000737800000| PB 0x0000000737800000| Untracked |  0
| 445|0x0000000737a00000, 0x0000000737a00000, 0x0000000737c00000|  0%| F|  |TAMS 0x0000000737a00000| PB 0x0000000737a00000| Untracked |  0
| 446|0x0000000737c00000, 0x0000000737c00000, 0x0000000737e00000|  0%| F|  |TAMS 0x0000000737c00000| PB 0x0000000737c00000| Untracked |  0
| 447|0x0000000737e00000, 0x0000000737e00000, 0x0000000738000000|  0%| F|  |TAMS 0x0000000737e00000| PB 0x0000000737e00000| Untracked |  0
| 448|0x0000000738000000, 0x0000000738000000, 0x0000000738200000|  0%| F|  |TAMS 0x0000000738000000| PB 0x0000000738000000| Untracked |  0
| 449|0x0000000738200000, 0x0000000738200000, 0x0000000738400000|  0%| F|  |TAMS 0x0000000738200000| PB 0x0000000738200000| Untracked |  0
| 450|0x0000000738400000, 0x0000000738400000, 0x0000000738600000|  0%| F|  |TAMS 0x0000000738400000| PB 0x0000000738400000| Untracked |  0
| 451|0x0000000738600000, 0x0000000738600000, 0x0000000738800000|  0%| F|  |TAMS 0x0000000738600000| PB 0x0000000738600000| Untracked |  0
| 452|0x0000000738800000, 0x0000000738800000, 0x0000000738a00000|  0%| F|  |TAMS 0x0000000738800000| PB 0x0000000738800000| Untracked |  0
| 453|0x0000000738a00000, 0x0000000738a00000, 0x0000000738c00000|  0%| F|  |TAMS 0x0000000738a00000| PB 0x0000000738a00000| Untracked |  0
| 454|0x0000000738c00000, 0x0000000738c00000, 0x0000000738e00000|  0%| F|  |TAMS 0x0000000738c00000| PB 0x0000000738c00000| Untracked |  0
| 455|0x0000000738e00000, 0x0000000738e00000, 0x0000000739000000|  0%| F|  |TAMS 0x0000000738e00000| PB 0x0000000738e00000| Untracked |  0
| 456|0x0000000739000000, 0x0000000739000000, 0x0000000739200000|  0%| F|  |TAMS 0x0000000739000000| PB 0x0000000739000000| Untracked |  0
| 457|0x0000000739200000, 0x0000000739200000, 0x0000000739400000|  0%| F|  |TAMS 0x0000000739200000| PB 0x0000000739200000| Untracked |  0
| 458|0x0000000739400000, 0x0000000739400000, 0x0000000739600000|  0%| F|  |TAMS 0x0000000739400000| PB 0x0000000739400000| Untracked |  0
| 459|0x0000000739600000, 0x0000000739600000, 0x0000000739800000|  0%| F|  |TAMS 0x0000000739600000| PB 0x0000000739600000| Untracked |  0
| 460|0x0000000739800000, 0x0000000739800000, 0x0000000739a00000|  0%| F|  |TAMS 0x0000000739800000| PB 0x0000000739800000| Untracked |  0
| 461|0x0000000739a00000, 0x0000000739a00000, 0x0000000739c00000|  0%| F|  |TAMS 0x0000000739a00000| PB 0x0000000739a00000| Untracked |  0
| 462|0x0000000739c00000, 0x0000000739c00000, 0x0000000739e00000|  0%| F|  |TAMS 0x0000000739c00000| PB 0x0000000739c00000| Untracked |  0
| 463|0x0000000739e00000, 0x0000000739e00000, 0x000000073a000000|  0%| F|  |TAMS 0x0000000739e00000| PB 0x0000000739e00000| Untracked |  0
| 464|0x000000073a000000, 0x000000073a000000, 0x000000073a200000|  0%| F|  |TAMS 0x000000073a000000| PB 0x000000073a000000| Untracked |  0
| 465|0x000000073a200000, 0x000000073a200000, 0x000000073a400000|  0%| F|  |TAMS 0x000000073a200000| PB 0x000000073a200000| Untracked |  0
| 466|0x000000073a400000, 0x000000073a400000, 0x000000073a600000|  0%| F|  |TAMS 0x000000073a400000| PB 0x000000073a400000| Untracked |  0
| 467|0x000000073a600000, 0x000000073a600000, 0x000000073a800000|  0%| F|  |TAMS 0x000000073a600000| PB 0x000000073a600000| Untracked |  0
| 468|0x000000073a800000, 0x000000073a800000, 0x000000073aa00000|  0%| F|  |TAMS 0x000000073a800000| PB 0x000000073a800000| Untracked |  0
| 469|0x000000073aa00000, 0x000000073aa00000, 0x000000073ac00000|  0%| F|  |TAMS 0x000000073aa00000| PB 0x000000073aa00000| Untracked |  0
| 470|0x000000073ac00000, 0x000000073ac00000, 0x000000073ae00000|  0%| F|  |TAMS 0x000000073ac00000| PB 0x000000073ac00000| Untracked |  0
| 471|0x000000073ae00000, 0x000000073ae00000, 0x000000073b000000|  0%| F|  |TAMS 0x000000073ae00000| PB 0x000000073ae00000| Untracked |  0
| 472|0x000000073b000000, 0x000000073b000000, 0x000000073b200000|  0%| F|  |TAMS 0x000000073b000000| PB 0x000000073b000000| Untracked |  0
| 473|0x000000073b200000, 0x000000073b200000, 0x000000073b400000|  0%| F|  |TAMS 0x000000073b200000| PB 0x000000073b200000| Untracked |  0
| 474|0x000000073b400000, 0x000000073b400000, 0x000000073b600000|  0%| F|  |TAMS 0x000000073b400000| PB 0x000000073b400000| Untracked |  0
| 475|0x000000073b600000, 0x000000073b600000, 0x000000073b800000|  0%| F|  |TAMS 0x000000073b600000| PB 0x000000073b600000| Untracked |  0
| 476|0x000000073b800000, 0x000000073b800000, 0x000000073ba00000|  0%| F|  |TAMS 0x000000073b800000| PB 0x000000073b800000| Untracked |  0
| 477|0x000000073ba00000, 0x000000073ba00000, 0x000000073bc00000|  0%| F|  |TAMS 0x000000073ba00000| PB 0x000000073ba00000| Untracked |  0
| 478|0x000000073bc00000, 0x000000073bc00000, 0x000000073be00000|  0%| F|  |TAMS 0x000000073bc00000| PB 0x000000073bc00000| Untracked |  0
| 479|0x000000073be00000, 0x000000073be00000, 0x000000073c000000|  0%| F|  |TAMS 0x000000073be00000| PB 0x000000073be00000| Untracked |  0
| 480|0x000000073c000000, 0x000000073c000000, 0x000000073c200000|  0%| F|  |TAMS 0x000000073c000000| PB 0x000000073c000000| Untracked |  0
| 481|0x000000073c200000, 0x000000073c200000, 0x000000073c400000|  0%| F|  |TAMS 0x000000073c200000| PB 0x000000073c200000| Untracked |  0
| 482|0x000000073c400000, 0x000000073c400000, 0x000000073c600000|  0%| F|  |TAMS 0x000000073c400000| PB 0x000000073c400000| Untracked |  0
| 483|0x000000073c600000, 0x000000073c600000, 0x000000073c800000|  0%| F|  |TAMS 0x000000073c600000| PB 0x000000073c600000| Untracked |  0
| 484|0x000000073c800000, 0x000000073c800000, 0x000000073ca00000|  0%| F|  |TAMS 0x000000073c800000| PB 0x000000073c800000| Untracked |  0
| 485|0x000000073ca00000, 0x000000073ca00000, 0x000000073cc00000|  0%| F|  |TAMS 0x000000073ca00000| PB 0x000000073ca00000| Untracked |  0
| 486|0x000000073cc00000, 0x000000073cc00000, 0x000000073ce00000|  0%| F|  |TAMS 0x000000073cc00000| PB 0x000000073cc00000| Untracked |  0
| 487|0x000000073ce00000, 0x000000073ce00000, 0x000000073d000000|  0%| F|  |TAMS 0x000000073ce00000| PB 0x000000073ce00000| Untracked |  0
| 488|0x000000073d000000, 0x000000073d000000, 0x000000073d200000|  0%| F|  |TAMS 0x000000073d000000| PB 0x000000073d000000| Untracked |  0
| 489|0x000000073d200000, 0x000000073d200000, 0x000000073d400000|  0%| F|  |TAMS 0x000000073d200000| PB 0x000000073d200000| Untracked |  0
| 490|0x000000073d400000, 0x000000073d400000, 0x000000073d600000|  0%| F|  |TAMS 0x000000073d400000| PB 0x000000073d400000| Untracked |  0
| 491|0x000000073d600000, 0x000000073d600000, 0x000000073d800000|  0%| F|  |TAMS 0x000000073d600000| PB 0x000000073d600000| Untracked |  0
| 492|0x000000073d800000, 0x000000073d800000, 0x000000073da00000|  0%| F|  |TAMS 0x000000073d800000| PB 0x000000073d800000| Untracked |  0
| 493|0x000000073da00000, 0x000000073da00000, 0x000000073dc00000|  0%| F|  |TAMS 0x000000073da00000| PB 0x000000073da00000| Untracked |  0
| 494|0x000000073dc00000, 0x000000073dc00000, 0x000000073de00000|  0%| F|  |TAMS 0x000000073dc00000| PB 0x000000073dc00000| Untracked |  0
| 495|0x000000073de00000, 0x000000073de00000, 0x000000073e000000|  0%| F|  |TAMS 0x000000073de00000| PB 0x000000073de00000| Untracked |  0
| 496|0x000000073e000000, 0x000000073e000000, 0x000000073e200000|  0%| F|  |TAMS 0x000000073e000000| PB 0x000000073e000000| Untracked |  0
| 497|0x000000073e200000, 0x000000073e200000, 0x000000073e400000|  0%| F|  |TAMS 0x000000073e200000| PB 0x000000073e200000| Untracked |  0
| 498|0x000000073e400000, 0x000000073e400000, 0x000000073e600000|  0%| F|  |TAMS 0x000000073e400000| PB 0x000000073e400000| Untracked |  0
| 499|0x000000073e600000, 0x000000073e600000, 0x000000073e800000|  0%| F|  |TAMS 0x000000073e600000| PB 0x000000073e600000| Untracked |  0
| 500|0x000000073e800000, 0x000000073e800000, 0x000000073ea00000|  0%| F|  |TAMS 0x000000073e800000| PB 0x000000073e800000| Untracked |  0
| 501|0x000000073ea00000, 0x000000073ea00000, 0x000000073ec00000|  0%| F|  |TAMS 0x000000073ea00000| PB 0x000000073ea00000| Untracked |  0
| 502|0x000000073ec00000, 0x000000073ec00000, 0x000000073ee00000|  0%| F|  |TAMS 0x000000073ec00000| PB 0x000000073ec00000| Untracked |  0
| 503|0x000000073ee00000, 0x000000073ee00000, 0x000000073f000000|  0%| F|  |TAMS 0x000000073ee00000| PB 0x000000073ee00000| Untracked |  0
| 504|0x000000073f000000, 0x000000073f000000, 0x000000073f200000|  0%| F|  |TAMS 0x000000073f000000| PB 0x000000073f000000| Untracked |  0
| 505|0x000000073f200000, 0x000000073f200000, 0x000000073f400000|  0%| F|  |TAMS 0x000000073f200000| PB 0x000000073f200000| Untracked |  0
| 506|0x000000073f400000, 0x000000073f400000, 0x000000073f600000|  0%| F|  |TAMS 0x000000073f400000| PB 0x000000073f400000| Untracked |  0
| 507|0x000000073f600000, 0x000000073f600000, 0x000000073f800000|  0%| F|  |TAMS 0x000000073f600000| PB 0x000000073f600000| Untracked |  0
| 508|0x000000073f800000, 0x000000073f800000, 0x000000073fa00000|  0%| F|  |TAMS 0x000000073f800000| PB 0x000000073f800000| Untracked |  0
| 509|0x000000073fa00000, 0x000000073fa00000, 0x000000073fc00000|  0%| F|  |TAMS 0x000000073fa00000| PB 0x000000073fa00000| Untracked |  0
| 510|0x000000073fc00000, 0x000000073fc00000, 0x000000073fe00000|  0%| F|  |TAMS 0x000000073fc00000| PB 0x000000073fc00000| Untracked |  0
| 511|0x000000073fe00000, 0x000000073fe00000, 0x0000000740000000|  0%| F|  |TAMS 0x000000073fe00000| PB 0x000000073fe00000| Untracked |  0
| 512|0x0000000740000000, 0x0000000740000000, 0x0000000740200000|  0%| F|  |TAMS 0x0000000740000000| PB 0x0000000740000000| Untracked |  0
| 513|0x0000000740200000, 0x0000000740200000, 0x0000000740400000|  0%| F|  |TAMS 0x0000000740200000| PB 0x0000000740200000| Untracked |  0
| 514|0x0000000740400000, 0x0000000740400000, 0x0000000740600000|  0%| F|  |TAMS 0x0000000740400000| PB 0x0000000740400000| Untracked |  0
| 515|0x0000000740600000, 0x0000000740600000, 0x0000000740800000|  0%| F|  |TAMS 0x0000000740600000| PB 0x0000000740600000| Untracked |  0
| 516|0x0000000740800000, 0x0000000740800000, 0x0000000740a00000|  0%| F|  |TAMS 0x0000000740800000| PB 0x0000000740800000| Untracked |  0
| 517|0x0000000740a00000, 0x0000000740a00000, 0x0000000740c00000|  0%| F|  |TAMS 0x0000000740a00000| PB 0x0000000740a00000| Untracked |  0
| 518|0x0000000740c00000, 0x0000000740c00000, 0x0000000740e00000|  0%| F|  |TAMS 0x0000000740c00000| PB 0x0000000740c00000| Untracked |  0
| 519|0x0000000740e00000, 0x0000000740e00000, 0x0000000741000000|  0%| F|  |TAMS 0x0000000740e00000| PB 0x0000000740e00000| Untracked |  0
| 520|0x0000000741000000, 0x0000000741000000, 0x0000000741200000|  0%| F|  |TAMS 0x0000000741000000| PB 0x0000000741000000| Untracked |  0
| 521|0x0000000741200000, 0x0000000741200000, 0x0000000741400000|  0%| F|  |TAMS 0x0000000741200000| PB 0x0000000741200000| Untracked |  0
| 522|0x0000000741400000, 0x0000000741400000, 0x0000000741600000|  0%| F|  |TAMS 0x0000000741400000| PB 0x0000000741400000| Untracked |  0
| 523|0x0000000741600000, 0x0000000741600000, 0x0000000741800000|  0%| F|  |TAMS 0x0000000741600000| PB 0x0000000741600000| Untracked |  0
| 524|0x0000000741800000, 0x0000000741800000, 0x0000000741a00000|  0%| F|  |TAMS 0x0000000741800000| PB 0x0000000741800000| Untracked |  0
| 525|0x0000000741a00000, 0x0000000741a00000, 0x0000000741c00000|  0%| F|  |TAMS 0x0000000741a00000| PB 0x0000000741a00000| Untracked |  0
| 526|0x0000000741c00000, 0x0000000741c00000, 0x0000000741e00000|  0%| F|  |TAMS 0x0000000741c00000| PB 0x0000000741c00000| Untracked |  0
| 527|0x0000000741e00000, 0x0000000741e00000, 0x0000000742000000|  0%| F|  |TAMS 0x0000000741e00000| PB 0x0000000741e00000| Untracked |  0
| 528|0x0000000742000000, 0x0000000742000000, 0x0000000742200000|  0%| F|  |TAMS 0x0000000742000000| PB 0x0000000742000000| Untracked |  0
| 529|0x0000000742200000, 0x0000000742200000, 0x0000000742400000|  0%| F|  |TAMS 0x0000000742200000| PB 0x0000000742200000| Untracked |  0
| 530|0x0000000742400000, 0x0000000742400000, 0x0000000742600000|  0%| F|  |TAMS 0x0000000742400000| PB 0x0000000742400000| Untracked |  0
| 531|0x0000000742600000, 0x0000000742600000, 0x0000000742800000|  0%| F|  |TAMS 0x0000000742600000| PB 0x0000000742600000| Untracked |  0
| 532|0x0000000742800000, 0x0000000742800000, 0x0000000742a00000|  0%| F|  |TAMS 0x0000000742800000| PB 0x0000000742800000| Untracked |  0
| 533|0x0000000742a00000, 0x0000000742a00000, 0x0000000742c00000|  0%| F|  |TAMS 0x0000000742a00000| PB 0x0000000742a00000| Untracked |  0
| 534|0x0000000742c00000, 0x0000000742c00000, 0x0000000742e00000|  0%| F|  |TAMS 0x0000000742c00000| PB 0x0000000742c00000| Untracked |  0
| 535|0x0000000742e00000, 0x0000000742e00000, 0x0000000743000000|  0%| F|  |TAMS 0x0000000742e00000| PB 0x0000000742e00000| Untracked |  0
| 536|0x0000000743000000, 0x0000000743000000, 0x0000000743200000|  0%| F|  |TAMS 0x0000000743000000| PB 0x0000000743000000| Untracked |  0
| 537|0x0000000743200000, 0x0000000743200000, 0x0000000743400000|  0%| F|  |TAMS 0x0000000743200000| PB 0x0000000743200000| Untracked |  0
| 538|0x0000000743400000, 0x0000000743400000, 0x0000000743600000|  0%| F|  |TAMS 0x0000000743400000| PB 0x0000000743400000| Untracked |  0
| 539|0x0000000743600000, 0x0000000743600000, 0x0000000743800000|  0%| F|  |TAMS 0x0000000743600000| PB 0x0000000743600000| Untracked |  0
| 540|0x0000000743800000, 0x0000000743800000, 0x0000000743a00000|  0%| F|  |TAMS 0x0000000743800000| PB 0x0000000743800000| Untracked |  0
| 541|0x0000000743a00000, 0x0000000743a00000, 0x0000000743c00000|  0%| F|  |TAMS 0x0000000743a00000| PB 0x0000000743a00000| Untracked |  0
| 542|0x0000000743c00000, 0x0000000743c00000, 0x0000000743e00000|  0%| F|  |TAMS 0x0000000743c00000| PB 0x0000000743c00000| Untracked |  0
| 543|0x0000000743e00000, 0x0000000743e00000, 0x0000000744000000|  0%| F|  |TAMS 0x0000000743e00000| PB 0x0000000743e00000| Untracked |  0
| 544|0x0000000744000000, 0x0000000744000000, 0x0000000744200000|  0%| F|  |TAMS 0x0000000744000000| PB 0x0000000744000000| Untracked |  0
| 545|0x0000000744200000, 0x0000000744200000, 0x0000000744400000|  0%| F|  |TAMS 0x0000000744200000| PB 0x0000000744200000| Untracked |  0
| 546|0x0000000744400000, 0x0000000744400000, 0x0000000744600000|  0%| F|  |TAMS 0x0000000744400000| PB 0x0000000744400000| Untracked |  0
| 547|0x0000000744600000, 0x0000000744600000, 0x0000000744800000|  0%| F|  |TAMS 0x0000000744600000| PB 0x0000000744600000| Untracked |  0
| 548|0x0000000744800000, 0x0000000744800000, 0x0000000744a00000|  0%| F|  |TAMS 0x0000000744800000| PB 0x0000000744800000| Untracked |  0
| 549|0x0000000744a00000, 0x0000000744a00000, 0x0000000744c00000|  0%| F|  |TAMS 0x0000000744a00000| PB 0x0000000744a00000| Untracked |  0
| 550|0x0000000744c00000, 0x0000000744c00000, 0x0000000744e00000|  0%| F|  |TAMS 0x0000000744c00000| PB 0x0000000744c00000| Untracked |  0
| 551|0x0000000744e00000, 0x0000000744e00000, 0x0000000745000000|  0%| F|  |TAMS 0x0000000744e00000| PB 0x0000000744e00000| Untracked |  0
| 552|0x0000000745000000, 0x0000000745000000, 0x0000000745200000|  0%| F|  |TAMS 0x0000000745000000| PB 0x0000000745000000| Untracked |  0
| 553|0x0000000745200000, 0x0000000745200000, 0x0000000745400000|  0%| F|  |TAMS 0x0000000745200000| PB 0x0000000745200000| Untracked |  0
| 554|0x0000000745400000, 0x0000000745400000, 0x0000000745600000|  0%| F|  |TAMS 0x0000000745400000| PB 0x0000000745400000| Untracked |  0
| 555|0x0000000745600000, 0x0000000745600000, 0x0000000745800000|  0%| F|  |TAMS 0x0000000745600000| PB 0x0000000745600000| Untracked |  0
| 556|0x0000000745800000, 0x0000000745800000, 0x0000000745a00000|  0%| F|  |TAMS 0x0000000745800000| PB 0x0000000745800000| Untracked |  0
| 557|0x0000000745a00000, 0x0000000745a00000, 0x0000000745c00000|  0%| F|  |TAMS 0x0000000745a00000| PB 0x0000000745a00000| Untracked |  0
| 558|0x0000000745c00000, 0x0000000745c00000, 0x0000000745e00000|  0%| F|  |TAMS 0x0000000745c00000| PB 0x0000000745c00000| Untracked |  0
| 559|0x0000000745e00000, 0x0000000745e00000, 0x0000000746000000|  0%| F|  |TAMS 0x0000000745e00000| PB 0x0000000745e00000| Untracked |  0
| 560|0x0000000746000000, 0x0000000746000000, 0x0000000746200000|  0%| F|  |TAMS 0x0000000746000000| PB 0x0000000746000000| Untracked |  0
| 561|0x0000000746200000, 0x0000000746200000, 0x0000000746400000|  0%| F|  |TAMS 0x0000000746200000| PB 0x0000000746200000| Untracked |  0
| 562|0x0000000746400000, 0x0000000746400000, 0x0000000746600000|  0%| F|  |TAMS 0x0000000746400000| PB 0x0000000746400000| Untracked |  0
| 563|0x0000000746600000, 0x0000000746600000, 0x0000000746800000|  0%| F|  |TAMS 0x0000000746600000| PB 0x0000000746600000| Untracked |  0
| 564|0x0000000746800000, 0x0000000746800000, 0x0000000746a00000|  0%| F|  |TAMS 0x0000000746800000| PB 0x0000000746800000| Untracked |  0
| 565|0x0000000746a00000, 0x0000000746a00000, 0x0000000746c00000|  0%| F|  |TAMS 0x0000000746a00000| PB 0x0000000746a00000| Untracked |  0
| 566|0x0000000746c00000, 0x0000000746c00000, 0x0000000746e00000|  0%| F|  |TAMS 0x0000000746c00000| PB 0x0000000746c00000| Untracked |  0
| 567|0x0000000746e00000, 0x0000000746e00000, 0x0000000747000000|  0%| F|  |TAMS 0x0000000746e00000| PB 0x0000000746e00000| Untracked |  0
| 568|0x0000000747000000, 0x0000000747000000, 0x0000000747200000|  0%| F|  |TAMS 0x0000000747000000| PB 0x0000000747000000| Untracked |  0
| 569|0x0000000747200000, 0x0000000747200000, 0x0000000747400000|  0%| F|  |TAMS 0x0000000747200000| PB 0x0000000747200000| Untracked |  0
| 570|0x0000000747400000, 0x0000000747400000, 0x0000000747600000|  0%| F|  |TAMS 0x0000000747400000| PB 0x0000000747400000| Untracked |  0
| 571|0x0000000747600000, 0x0000000747600000, 0x0000000747800000|  0%| F|  |TAMS 0x0000000747600000| PB 0x0000000747600000| Untracked |  0
| 572|0x0000000747800000, 0x0000000747800000, 0x0000000747a00000|  0%| F|  |TAMS 0x0000000747800000| PB 0x0000000747800000| Untracked |  0
| 573|0x0000000747a00000, 0x0000000747a00000, 0x0000000747c00000|  0%| F|  |TAMS 0x0000000747a00000| PB 0x0000000747a00000| Untracked |  0
| 574|0x0000000747c00000, 0x0000000747c00000, 0x0000000747e00000|  0%| F|  |TAMS 0x0000000747c00000| PB 0x0000000747c00000| Untracked |  0
| 575|0x0000000747e00000, 0x0000000747e00000, 0x0000000748000000|  0%| F|  |TAMS 0x0000000747e00000| PB 0x0000000747e00000| Untracked |  0
| 576|0x0000000748000000, 0x0000000748000000, 0x0000000748200000|  0%| F|  |TAMS 0x0000000748000000| PB 0x0000000748000000| Untracked |  0
| 577|0x0000000748200000, 0x0000000748200000, 0x0000000748400000|  0%| F|  |TAMS 0x0000000748200000| PB 0x0000000748200000| Untracked |  0
| 578|0x0000000748400000, 0x0000000748400000, 0x0000000748600000|  0%| F|  |TAMS 0x0000000748400000| PB 0x0000000748400000| Untracked |  0
| 579|0x0000000748600000, 0x0000000748600000, 0x0000000748800000|  0%| F|  |TAMS 0x0000000748600000| PB 0x0000000748600000| Untracked |  0
| 580|0x0000000748800000, 0x0000000748800000, 0x0000000748a00000|  0%| F|  |TAMS 0x0000000748800000| PB 0x0000000748800000| Untracked |  0
| 581|0x0000000748a00000, 0x0000000748a00000, 0x0000000748c00000|  0%| F|  |TAMS 0x0000000748a00000| PB 0x0000000748a00000| Untracked |  0
| 582|0x0000000748c00000, 0x0000000748c00000, 0x0000000748e00000|  0%| F|  |TAMS 0x0000000748c00000| PB 0x0000000748c00000| Untracked |  0
| 583|0x0000000748e00000, 0x0000000748e00000, 0x0000000749000000|  0%| F|  |TAMS 0x0000000748e00000| PB 0x0000000748e00000| Untracked |  0
| 584|0x0000000749000000, 0x0000000749000000, 0x0000000749200000|  0%| F|  |TAMS 0x0000000749000000| PB 0x0000000749000000| Untracked |  0
| 585|0x0000000749200000, 0x0000000749200000, 0x0000000749400000|  0%| F|  |TAMS 0x0000000749200000| PB 0x0000000749200000| Untracked |  0
| 586|0x0000000749400000, 0x0000000749400000, 0x0000000749600000|  0%| F|  |TAMS 0x0000000749400000| PB 0x0000000749400000| Untracked |  0
| 587|0x0000000749600000, 0x0000000749600000, 0x0000000749800000|  0%| F|  |TAMS 0x0000000749600000| PB 0x0000000749600000| Untracked |  0
| 588|0x0000000749800000, 0x0000000749800000, 0x0000000749a00000|  0%| F|  |TAMS 0x0000000749800000| PB 0x0000000749800000| Untracked |  0
| 589|0x0000000749a00000, 0x0000000749a00000, 0x0000000749c00000|  0%| F|  |TAMS 0x0000000749a00000| PB 0x0000000749a00000| Untracked |  0
| 590|0x0000000749c00000, 0x0000000749c00000, 0x0000000749e00000|  0%| F|  |TAMS 0x0000000749c00000| PB 0x0000000749c00000| Untracked |  0
| 591|0x0000000749e00000, 0x0000000749e00000, 0x000000074a000000|  0%| F|  |TAMS 0x0000000749e00000| PB 0x0000000749e00000| Untracked |  0
| 592|0x000000074a000000, 0x000000074a000000, 0x000000074a200000|  0%| F|  |TAMS 0x000000074a000000| PB 0x000000074a000000| Untracked |  0
| 593|0x000000074a200000, 0x000000074a200000, 0x000000074a400000|  0%| F|  |TAMS 0x000000074a200000| PB 0x000000074a200000| Untracked |  0
| 594|0x000000074a400000, 0x000000074a400000, 0x000000074a600000|  0%| F|  |TAMS 0x000000074a400000| PB 0x000000074a400000| Untracked |  0
| 595|0x000000074a600000, 0x000000074a600000, 0x000000074a800000|  0%| F|  |TAMS 0x000000074a600000| PB 0x000000074a600000| Untracked |  0
| 596|0x000000074a800000, 0x000000074a800000, 0x000000074aa00000|  0%| F|  |TAMS 0x000000074a800000| PB 0x000000074a800000| Untracked |  0
| 597|0x000000074aa00000, 0x000000074aa00000, 0x000000074ac00000|  0%| F|  |TAMS 0x000000074aa00000| PB 0x000000074aa00000| Untracked |  0
| 598|0x000000074ac00000, 0x000000074ac00000, 0x000000074ae00000|  0%| F|  |TAMS 0x000000074ac00000| PB 0x000000074ac00000| Untracked |  0
| 599|0x000000074ae00000, 0x000000074ae00000, 0x000000074b000000|  0%| F|  |TAMS 0x000000074ae00000| PB 0x000000074ae00000| Untracked |  0
| 600|0x000000074b000000, 0x000000074b000000, 0x000000074b200000|  0%| F|  |TAMS 0x000000074b000000| PB 0x000000074b000000| Untracked |  0
| 601|0x000000074b200000, 0x000000074b200000, 0x000000074b400000|  0%| F|  |TAMS 0x000000074b200000| PB 0x000000074b200000| Untracked |  0
| 602|0x000000074b400000, 0x000000074b400000, 0x000000074b600000|  0%| F|  |TAMS 0x000000074b400000| PB 0x000000074b400000| Untracked |  0
| 603|0x000000074b600000, 0x000000074b600000, 0x000000074b800000|  0%| F|  |TAMS 0x000000074b600000| PB 0x000000074b600000| Untracked |  0
| 604|0x000000074b800000, 0x000000074b800000, 0x000000074ba00000|  0%| F|  |TAMS 0x000000074b800000| PB 0x000000074b800000| Untracked |  0
| 605|0x000000074ba00000, 0x000000074ba00000, 0x000000074bc00000|  0%| F|  |TAMS 0x000000074ba00000| PB 0x000000074ba00000| Untracked |  0
| 606|0x000000074bc00000, 0x000000074bc00000, 0x000000074be00000|  0%| F|  |TAMS 0x000000074bc00000| PB 0x000000074bc00000| Untracked |  0
| 607|0x000000074be00000, 0x000000074be00000, 0x000000074c000000|  0%| F|  |TAMS 0x000000074be00000| PB 0x000000074be00000| Untracked |  0
| 608|0x000000074c000000, 0x000000074c000000, 0x000000074c200000|  0%| F|  |TAMS 0x000000074c000000| PB 0x000000074c000000| Untracked |  0
| 609|0x000000074c200000, 0x000000074c200000, 0x000000074c400000|  0%| F|  |TAMS 0x000000074c200000| PB 0x000000074c200000| Untracked |  0
| 610|0x000000074c400000, 0x000000074c400000, 0x000000074c600000|  0%| F|  |TAMS 0x000000074c400000| PB 0x000000074c400000| Untracked |  0
| 611|0x000000074c600000, 0x000000074c600000, 0x000000074c800000|  0%| F|  |TAMS 0x000000074c600000| PB 0x000000074c600000| Untracked |  0
| 612|0x000000074c800000, 0x000000074c800000, 0x000000074ca00000|  0%| F|  |TAMS 0x000000074c800000| PB 0x000000074c800000| Untracked |  0
| 613|0x000000074ca00000, 0x000000074ca00000, 0x000000074cc00000|  0%| F|  |TAMS 0x000000074ca00000| PB 0x000000074ca00000| Untracked |  0
| 614|0x000000074cc00000, 0x000000074cc00000, 0x000000074ce00000|  0%| F|  |TAMS 0x000000074cc00000| PB 0x000000074cc00000| Untracked |  0
| 615|0x000000074ce00000, 0x000000074ce00000, 0x000000074d000000|  0%| F|  |TAMS 0x000000074ce00000| PB 0x000000074ce00000| Untracked |  0
| 616|0x000000074d000000, 0x000000074d000000, 0x000000074d200000|  0%| F|  |TAMS 0x000000074d000000| PB 0x000000074d000000| Untracked |  0
| 617|0x000000074d200000, 0x000000074d200000, 0x000000074d400000|  0%| F|  |TAMS 0x000000074d200000| PB 0x000000074d200000| Untracked |  0
| 618|0x000000074d400000, 0x000000074d400000, 0x000000074d600000|  0%| F|  |TAMS 0x000000074d400000| PB 0x000000074d400000| Untracked |  0
| 619|0x000000074d600000, 0x000000074d600000, 0x000000074d800000|  0%| F|  |TAMS 0x000000074d600000| PB 0x000000074d600000| Untracked |  0
| 620|0x000000074d800000, 0x000000074d800000, 0x000000074da00000|  0%| F|  |TAMS 0x000000074d800000| PB 0x000000074d800000| Untracked |  0
| 621|0x000000074da00000, 0x000000074da00000, 0x000000074dc00000|  0%| F|  |TAMS 0x000000074da00000| PB 0x000000074da00000| Untracked |  0
| 622|0x000000074dc00000, 0x000000074dc00000, 0x000000074de00000|  0%| F|  |TAMS 0x000000074dc00000| PB 0x000000074dc00000| Untracked |  0
| 623|0x000000074de00000, 0x000000074de00000, 0x000000074e000000|  0%| F|  |TAMS 0x000000074de00000| PB 0x000000074de00000| Untracked |  0
| 624|0x000000074e000000, 0x000000074e000000, 0x000000074e200000|  0%| F|  |TAMS 0x000000074e000000| PB 0x000000074e000000| Untracked |  0
| 625|0x000000074e200000, 0x000000074e200000, 0x000000074e400000|  0%| F|  |TAMS 0x000000074e200000| PB 0x000000074e200000| Untracked |  0
| 626|0x000000074e400000, 0x000000074e400000, 0x000000074e600000|  0%| F|  |TAMS 0x000000074e400000| PB 0x000000074e400000| Untracked |  0
| 627|0x000000074e600000, 0x000000074e600000, 0x000000074e800000|  0%| F|  |TAMS 0x000000074e600000| PB 0x000000074e600000| Untracked |  0
| 628|0x000000074e800000, 0x000000074e800000, 0x000000074ea00000|  0%| F|  |TAMS 0x000000074e800000| PB 0x000000074e800000| Untracked |  0
| 629|0x000000074ea00000, 0x000000074ea00000, 0x000000074ec00000|  0%| F|  |TAMS 0x000000074ea00000| PB 0x000000074ea00000| Untracked |  0
| 630|0x000000074ec00000, 0x000000074ec00000, 0x000000074ee00000|  0%| F|  |TAMS 0x000000074ec00000| PB 0x000000074ec00000| Untracked |  0
| 631|0x000000074ee00000, 0x000000074ee00000, 0x000000074f000000|  0%| F|  |TAMS 0x000000074ee00000| PB 0x000000074ee00000| Untracked |  0
| 632|0x000000074f000000, 0x000000074f000000, 0x000000074f200000|  0%| F|  |TAMS 0x000000074f000000| PB 0x000000074f000000| Untracked |  0
| 633|0x000000074f200000, 0x000000074f200000, 0x000000074f400000|  0%| F|  |TAMS 0x000000074f200000| PB 0x000000074f200000| Untracked |  0
| 634|0x000000074f400000, 0x000000074f400000, 0x000000074f600000|  0%| F|  |TAMS 0x000000074f400000| PB 0x000000074f400000| Untracked |  0
| 635|0x000000074f600000, 0x000000074f600000, 0x000000074f800000|  0%| F|  |TAMS 0x000000074f600000| PB 0x000000074f600000| Untracked |  0
| 636|0x000000074f800000, 0x000000074f800000, 0x000000074fa00000|  0%| F|  |TAMS 0x000000074f800000| PB 0x000000074f800000| Untracked |  0
| 637|0x000000074fa00000, 0x000000074fa00000, 0x000000074fc00000|  0%| F|  |TAMS 0x000000074fa00000| PB 0x000000074fa00000| Untracked |  0
| 638|0x000000074fc00000, 0x000000074fc00000, 0x000000074fe00000|  0%| F|  |TAMS 0x000000074fc00000| PB 0x000000074fc00000| Untracked |  0
| 639|0x000000074fe00000, 0x000000074fe00000, 0x0000000750000000|  0%| F|  |TAMS 0x000000074fe00000| PB 0x000000074fe00000| Untracked |  0
| 640|0x0000000750000000, 0x0000000750000000, 0x0000000750200000|  0%| F|  |TAMS 0x0000000750000000| PB 0x0000000750000000| Untracked |  0
| 641|0x0000000750200000, 0x0000000750200000, 0x0000000750400000|  0%| F|  |TAMS 0x0000000750200000| PB 0x0000000750200000| Untracked |  0
| 642|0x0000000750400000, 0x0000000750400000, 0x0000000750600000|  0%| F|  |TAMS 0x0000000750400000| PB 0x0000000750400000| Untracked |  0
| 643|0x0000000750600000, 0x0000000750600000, 0x0000000750800000|  0%| F|  |TAMS 0x0000000750600000| PB 0x0000000750600000| Untracked |  0
| 644|0x0000000750800000, 0x0000000750800000, 0x0000000750a00000|  0%| F|  |TAMS 0x0000000750800000| PB 0x0000000750800000| Untracked |  0
| 645|0x0000000750a00000, 0x0000000750a00000, 0x0000000750c00000|  0%| F|  |TAMS 0x0000000750a00000| PB 0x0000000750a00000| Untracked |  0
| 646|0x0000000750c00000, 0x0000000750c00000, 0x0000000750e00000|  0%| F|  |TAMS 0x0000000750c00000| PB 0x0000000750c00000| Untracked |  0
| 647|0x0000000750e00000, 0x0000000750e00000, 0x0000000751000000|  0%| F|  |TAMS 0x0000000750e00000| PB 0x0000000750e00000| Untracked |  0
| 648|0x0000000751000000, 0x0000000751000000, 0x0000000751200000|  0%| F|  |TAMS 0x0000000751000000| PB 0x0000000751000000| Untracked |  0
| 649|0x0000000751200000, 0x0000000751200000, 0x0000000751400000|  0%| F|  |TAMS 0x0000000751200000| PB 0x0000000751200000| Untracked |  0
| 650|0x0000000751400000, 0x0000000751400000, 0x0000000751600000|  0%| F|  |TAMS 0x0000000751400000| PB 0x0000000751400000| Untracked |  0
| 651|0x0000000751600000, 0x0000000751600000, 0x0000000751800000|  0%| F|  |TAMS 0x0000000751600000| PB 0x0000000751600000| Untracked |  0
| 652|0x0000000751800000, 0x0000000751800000, 0x0000000751a00000|  0%| F|  |TAMS 0x0000000751800000| PB 0x0000000751800000| Untracked |  0
| 653|0x0000000751a00000, 0x0000000751a00000, 0x0000000751c00000|  0%| F|  |TAMS 0x0000000751a00000| PB 0x0000000751a00000| Untracked |  0
| 654|0x0000000751c00000, 0x0000000751c00000, 0x0000000751e00000|  0%| F|  |TAMS 0x0000000751c00000| PB 0x0000000751c00000| Untracked |  0
| 655|0x0000000751e00000, 0x0000000751e00000, 0x0000000752000000|  0%| F|  |TAMS 0x0000000751e00000| PB 0x0000000751e00000| Untracked |  0
| 656|0x0000000752000000, 0x0000000752000000, 0x0000000752200000|  0%| F|  |TAMS 0x0000000752000000| PB 0x0000000752000000| Untracked |  0
| 657|0x0000000752200000, 0x0000000752200000, 0x0000000752400000|  0%| F|  |TAMS 0x0000000752200000| PB 0x0000000752200000| Untracked |  0
| 658|0x0000000752400000, 0x0000000752400000, 0x0000000752600000|  0%| F|  |TAMS 0x0000000752400000| PB 0x0000000752400000| Untracked |  0
| 659|0x0000000752600000, 0x0000000752600000, 0x0000000752800000|  0%| F|  |TAMS 0x0000000752600000| PB 0x0000000752600000| Untracked |  0
| 660|0x0000000752800000, 0x0000000752800000, 0x0000000752a00000|  0%| F|  |TAMS 0x0000000752800000| PB 0x0000000752800000| Untracked |  0
| 661|0x0000000752a00000, 0x0000000752a00000, 0x0000000752c00000|  0%| F|  |TAMS 0x0000000752a00000| PB 0x0000000752a00000| Untracked |  0
| 662|0x0000000752c00000, 0x0000000752c00000, 0x0000000752e00000|  0%| F|  |TAMS 0x0000000752c00000| PB 0x0000000752c00000| Untracked |  0
| 663|0x0000000752e00000, 0x0000000752e00000, 0x0000000753000000|  0%| F|  |TAMS 0x0000000752e00000| PB 0x0000000752e00000| Untracked |  0
| 664|0x0000000753000000, 0x0000000753000000, 0x0000000753200000|  0%| F|  |TAMS 0x0000000753000000| PB 0x0000000753000000| Untracked |  0
| 665|0x0000000753200000, 0x0000000753200000, 0x0000000753400000|  0%| F|  |TAMS 0x0000000753200000| PB 0x0000000753200000| Untracked |  0
| 666|0x0000000753400000, 0x0000000753400000, 0x0000000753600000|  0%| F|  |TAMS 0x0000000753400000| PB 0x0000000753400000| Untracked |  0
| 667|0x0000000753600000, 0x0000000753600000, 0x0000000753800000|  0%| F|  |TAMS 0x0000000753600000| PB 0x0000000753600000| Untracked |  0
| 668|0x0000000753800000, 0x0000000753800000, 0x0000000753a00000|  0%| F|  |TAMS 0x0000000753800000| PB 0x0000000753800000| Untracked |  0
| 669|0x0000000753a00000, 0x0000000753a00000, 0x0000000753c00000|  0%| F|  |TAMS 0x0000000753a00000| PB 0x0000000753a00000| Untracked |  0
| 670|0x0000000753c00000, 0x0000000753c00000, 0x0000000753e00000|  0%| F|  |TAMS 0x0000000753c00000| PB 0x0000000753c00000| Untracked |  0
| 671|0x0000000753e00000, 0x0000000753e00000, 0x0000000754000000|  0%| F|  |TAMS 0x0000000753e00000| PB 0x0000000753e00000| Untracked |  0
| 672|0x0000000754000000, 0x0000000754000000, 0x0000000754200000|  0%| F|  |TAMS 0x0000000754000000| PB 0x0000000754000000| Untracked |  0
| 673|0x0000000754200000, 0x0000000754200000, 0x0000000754400000|  0%| F|  |TAMS 0x0000000754200000| PB 0x0000000754200000| Untracked |  0
| 674|0x0000000754400000, 0x0000000754400000, 0x0000000754600000|  0%| F|  |TAMS 0x0000000754400000| PB 0x0000000754400000| Untracked |  0
| 675|0x0000000754600000, 0x0000000754600000, 0x0000000754800000|  0%| F|  |TAMS 0x0000000754600000| PB 0x0000000754600000| Untracked |  0
| 676|0x0000000754800000, 0x0000000754800000, 0x0000000754a00000|  0%| F|  |TAMS 0x0000000754800000| PB 0x0000000754800000| Untracked |  0
| 677|0x0000000754a00000, 0x0000000754a00000, 0x0000000754c00000|  0%| F|  |TAMS 0x0000000754a00000| PB 0x0000000754a00000| Untracked |  0
| 678|0x0000000754c00000, 0x0000000754c00000, 0x0000000754e00000|  0%| F|  |TAMS 0x0000000754c00000| PB 0x0000000754c00000| Untracked |  0
| 679|0x0000000754e00000, 0x0000000754e00000, 0x0000000755000000|  0%| F|  |TAMS 0x0000000754e00000| PB 0x0000000754e00000| Untracked |  0
| 680|0x0000000755000000, 0x0000000755000000, 0x0000000755200000|  0%| F|  |TAMS 0x0000000755000000| PB 0x0000000755000000| Untracked |  0
| 681|0x0000000755200000, 0x0000000755200000, 0x0000000755400000|  0%| F|  |TAMS 0x0000000755200000| PB 0x0000000755200000| Untracked |  0
| 682|0x0000000755400000, 0x0000000755400000, 0x0000000755600000|  0%| F|  |TAMS 0x0000000755400000| PB 0x0000000755400000| Untracked |  0
| 683|0x0000000755600000, 0x0000000755600000, 0x0000000755800000|  0%| F|  |TAMS 0x0000000755600000| PB 0x0000000755600000| Untracked |  0
| 684|0x0000000755800000, 0x0000000755800000, 0x0000000755a00000|  0%| F|  |TAMS 0x0000000755800000| PB 0x0000000755800000| Untracked |  0
| 685|0x0000000755a00000, 0x0000000755a00000, 0x0000000755c00000|  0%| F|  |TAMS 0x0000000755a00000| PB 0x0000000755a00000| Untracked |  0
| 686|0x0000000755c00000, 0x0000000755c00000, 0x0000000755e00000|  0%| F|  |TAMS 0x0000000755c00000| PB 0x0000000755c00000| Untracked |  0
| 687|0x0000000755e00000, 0x0000000755e00000, 0x0000000756000000|  0%| F|  |TAMS 0x0000000755e00000| PB 0x0000000755e00000| Untracked |  0
| 688|0x0000000756000000, 0x0000000756000000, 0x0000000756200000|  0%| F|  |TAMS 0x0000000756000000| PB 0x0000000756000000| Untracked |  0
| 689|0x0000000756200000, 0x0000000756200000, 0x0000000756400000|  0%| F|  |TAMS 0x0000000756200000| PB 0x0000000756200000| Untracked |  0
| 690|0x0000000756400000, 0x0000000756400000, 0x0000000756600000|  0%| F|  |TAMS 0x0000000756400000| PB 0x0000000756400000| Untracked |  0
| 691|0x0000000756600000, 0x0000000756600000, 0x0000000756800000|  0%| F|  |TAMS 0x0000000756600000| PB 0x0000000756600000| Untracked |  0
| 692|0x0000000756800000, 0x0000000756800000, 0x0000000756a00000|  0%| F|  |TAMS 0x0000000756800000| PB 0x0000000756800000| Untracked |  0
| 693|0x0000000756a00000, 0x0000000756a00000, 0x0000000756c00000|  0%| F|  |TAMS 0x0000000756a00000| PB 0x0000000756a00000| Untracked |  0
| 694|0x0000000756c00000, 0x0000000756c00000, 0x0000000756e00000|  0%| F|  |TAMS 0x0000000756c00000| PB 0x0000000756c00000| Untracked |  0
| 695|0x0000000756e00000, 0x0000000756e00000, 0x0000000757000000|  0%| F|  |TAMS 0x0000000756e00000| PB 0x0000000756e00000| Untracked |  0
| 696|0x0000000757000000, 0x0000000757000000, 0x0000000757200000|  0%| F|  |TAMS 0x0000000757000000| PB 0x0000000757000000| Untracked |  0
| 697|0x0000000757200000, 0x0000000757200000, 0x0000000757400000|  0%| F|  |TAMS 0x0000000757200000| PB 0x0000000757200000| Untracked |  0
| 698|0x0000000757400000, 0x0000000757400000, 0x0000000757600000|  0%| F|  |TAMS 0x0000000757400000| PB 0x0000000757400000| Untracked |  0
| 699|0x0000000757600000, 0x0000000757600000, 0x0000000757800000|  0%| F|  |TAMS 0x0000000757600000| PB 0x0000000757600000| Untracked |  0
| 700|0x0000000757800000, 0x0000000757800000, 0x0000000757a00000|  0%| F|  |TAMS 0x0000000757800000| PB 0x0000000757800000| Untracked |  0
| 701|0x0000000757a00000, 0x0000000757a00000, 0x0000000757c00000|  0%| F|  |TAMS 0x0000000757a00000| PB 0x0000000757a00000| Untracked |  0
| 702|0x0000000757c00000, 0x0000000757c00000, 0x0000000757e00000|  0%| F|  |TAMS 0x0000000757c00000| PB 0x0000000757c00000| Untracked |  0
| 703|0x0000000757e00000, 0x0000000757e00000, 0x0000000758000000|  0%| F|  |TAMS 0x0000000757e00000| PB 0x0000000757e00000| Untracked |  0
| 704|0x0000000758000000, 0x0000000758000000, 0x0000000758200000|  0%| F|  |TAMS 0x0000000758000000| PB 0x0000000758000000| Untracked |  0
| 705|0x0000000758200000, 0x0000000758200000, 0x0000000758400000|  0%| F|  |TAMS 0x0000000758200000| PB 0x0000000758200000| Untracked |  0
| 706|0x0000000758400000, 0x0000000758400000, 0x0000000758600000|  0%| F|  |TAMS 0x0000000758400000| PB 0x0000000758400000| Untracked |  0
| 707|0x0000000758600000, 0x0000000758600000, 0x0000000758800000|  0%| F|  |TAMS 0x0000000758600000| PB 0x0000000758600000| Untracked |  0
| 708|0x0000000758800000, 0x0000000758800000, 0x0000000758a00000|  0%| F|  |TAMS 0x0000000758800000| PB 0x0000000758800000| Untracked |  0
| 709|0x0000000758a00000, 0x0000000758a00000, 0x0000000758c00000|  0%| F|  |TAMS 0x0000000758a00000| PB 0x0000000758a00000| Untracked |  0
| 710|0x0000000758c00000, 0x0000000758c00000, 0x0000000758e00000|  0%| F|  |TAMS 0x0000000758c00000| PB 0x0000000758c00000| Untracked |  0
| 711|0x0000000758e00000, 0x0000000758e00000, 0x0000000759000000|  0%| F|  |TAMS 0x0000000758e00000| PB 0x0000000758e00000| Untracked |  0
| 712|0x0000000759000000, 0x0000000759000000, 0x0000000759200000|  0%| F|  |TAMS 0x0000000759000000| PB 0x0000000759000000| Untracked |  0
| 713|0x0000000759200000, 0x0000000759200000, 0x0000000759400000|  0%| F|  |TAMS 0x0000000759200000| PB 0x0000000759200000| Untracked |  0
| 714|0x0000000759400000, 0x0000000759400000, 0x0000000759600000|  0%| F|  |TAMS 0x0000000759400000| PB 0x0000000759400000| Untracked |  0
| 715|0x0000000759600000, 0x0000000759600000, 0x0000000759800000|  0%| F|  |TAMS 0x0000000759600000| PB 0x0000000759600000| Untracked |  0
| 716|0x0000000759800000, 0x0000000759800000, 0x0000000759a00000|  0%| F|  |TAMS 0x0000000759800000| PB 0x0000000759800000| Untracked |  0
| 717|0x0000000759a00000, 0x0000000759a00000, 0x0000000759c00000|  0%| F|  |TAMS 0x0000000759a00000| PB 0x0000000759a00000| Untracked |  0
| 718|0x0000000759c00000, 0x0000000759c00000, 0x0000000759e00000|  0%| F|  |TAMS 0x0000000759c00000| PB 0x0000000759c00000| Untracked |  0
| 719|0x0000000759e00000, 0x0000000759e00000, 0x000000075a000000|  0%| F|  |TAMS 0x0000000759e00000| PB 0x0000000759e00000| Untracked |  0
| 720|0x000000075a000000, 0x000000075a000000, 0x000000075a200000|  0%| F|  |TAMS 0x000000075a000000| PB 0x000000075a000000| Untracked |  0
| 721|0x000000075a200000, 0x000000075a200000, 0x000000075a400000|  0%| F|  |TAMS 0x000000075a200000| PB 0x000000075a200000| Untracked |  0
| 722|0x000000075a400000, 0x000000075a400000, 0x000000075a600000|  0%| F|  |TAMS 0x000000075a400000| PB 0x000000075a400000| Untracked |  0
| 723|0x000000075a600000, 0x000000075a600000, 0x000000075a800000|  0%| F|  |TAMS 0x000000075a600000| PB 0x000000075a600000| Untracked |  0
| 724|0x000000075a800000, 0x000000075a800000, 0x000000075aa00000|  0%| F|  |TAMS 0x000000075a800000| PB 0x000000075a800000| Untracked |  0
| 725|0x000000075aa00000, 0x000000075aa00000, 0x000000075ac00000|  0%| F|  |TAMS 0x000000075aa00000| PB 0x000000075aa00000| Untracked |  0
| 726|0x000000075ac00000, 0x000000075ac00000, 0x000000075ae00000|  0%| F|  |TAMS 0x000000075ac00000| PB 0x000000075ac00000| Untracked |  0
| 727|0x000000075ae00000, 0x000000075ae00000, 0x000000075b000000|  0%| F|  |TAMS 0x000000075ae00000| PB 0x000000075ae00000| Untracked |  0
| 728|0x000000075b000000, 0x000000075b000000, 0x000000075b200000|  0%| F|  |TAMS 0x000000075b000000| PB 0x000000075b000000| Untracked |  0
| 729|0x000000075b200000, 0x000000075b200000, 0x000000075b400000|  0%| F|  |TAMS 0x000000075b200000| PB 0x000000075b200000| Untracked |  0
| 730|0x000000075b400000, 0x000000075b400000, 0x000000075b600000|  0%| F|  |TAMS 0x000000075b400000| PB 0x000000075b400000| Untracked |  0
| 731|0x000000075b600000, 0x000000075b600000, 0x000000075b800000|  0%| F|  |TAMS 0x000000075b600000| PB 0x000000075b600000| Untracked |  0
| 732|0x000000075b800000, 0x000000075b800000, 0x000000075ba00000|  0%| F|  |TAMS 0x000000075b800000| PB 0x000000075b800000| Untracked |  0
| 733|0x000000075ba00000, 0x000000075ba00000, 0x000000075bc00000|  0%| F|  |TAMS 0x000000075ba00000| PB 0x000000075ba00000| Untracked |  0
| 734|0x000000075bc00000, 0x000000075bc00000, 0x000000075be00000|  0%| F|  |TAMS 0x000000075bc00000| PB 0x000000075bc00000| Untracked |  0
| 735|0x000000075be00000, 0x000000075be00000, 0x000000075c000000|  0%| F|  |TAMS 0x000000075be00000| PB 0x000000075be00000| Untracked |  0
| 736|0x000000075c000000, 0x000000075c000000, 0x000000075c200000|  0%| F|  |TAMS 0x000000075c000000| PB 0x000000075c000000| Untracked |  0
| 737|0x000000075c200000, 0x000000075c200000, 0x000000075c400000|  0%| F|  |TAMS 0x000000075c200000| PB 0x000000075c200000| Untracked |  0
| 738|0x000000075c400000, 0x000000075c400000, 0x000000075c600000|  0%| F|  |TAMS 0x000000075c400000| PB 0x000000075c400000| Untracked |  0
| 739|0x000000075c600000, 0x000000075c600000, 0x000000075c800000|  0%| F|  |TAMS 0x000000075c600000| PB 0x000000075c600000| Untracked |  0
| 740|0x000000075c800000, 0x000000075c800000, 0x000000075ca00000|  0%| F|  |TAMS 0x000000075c800000| PB 0x000000075c800000| Untracked |  0
| 741|0x000000075ca00000, 0x000000075ca00000, 0x000000075cc00000|  0%| F|  |TAMS 0x000000075ca00000| PB 0x000000075ca00000| Untracked |  0
| 742|0x000000075cc00000, 0x000000075cc00000, 0x000000075ce00000|  0%| F|  |TAMS 0x000000075cc00000| PB 0x000000075cc00000| Untracked |  0
| 743|0x000000075ce00000, 0x000000075ce00000, 0x000000075d000000|  0%| F|  |TAMS 0x000000075ce00000| PB 0x000000075ce00000| Untracked |  0
| 744|0x000000075d000000, 0x000000075d000000, 0x000000075d200000|  0%| F|  |TAMS 0x000000075d000000| PB 0x000000075d000000| Untracked |  0
| 745|0x000000075d200000, 0x000000075d200000, 0x000000075d400000|  0%| F|  |TAMS 0x000000075d200000| PB 0x000000075d200000| Untracked |  0
| 746|0x000000075d400000, 0x000000075d400000, 0x000000075d600000|  0%| F|  |TAMS 0x000000075d400000| PB 0x000000075d400000| Untracked |  0
| 747|0x000000075d600000, 0x000000075d600000, 0x000000075d800000|  0%| F|  |TAMS 0x000000075d600000| PB 0x000000075d600000| Untracked |  0
| 748|0x000000075d800000, 0x000000075d800000, 0x000000075da00000|  0%| F|  |TAMS 0x000000075d800000| PB 0x000000075d800000| Untracked |  0
| 749|0x000000075da00000, 0x000000075da00000, 0x000000075dc00000|  0%| F|  |TAMS 0x000000075da00000| PB 0x000000075da00000| Untracked |  0
| 750|0x000000075dc00000, 0x000000075dc00000, 0x000000075de00000|  0%| F|  |TAMS 0x000000075dc00000| PB 0x000000075dc00000| Untracked |  0
| 751|0x000000075de00000, 0x000000075de00000, 0x000000075e000000|  0%| F|  |TAMS 0x000000075de00000| PB 0x000000075de00000| Untracked |  0
| 752|0x000000075e000000, 0x000000075e000000, 0x000000075e200000|  0%| F|  |TAMS 0x000000075e000000| PB 0x000000075e000000| Untracked |  0
| 753|0x000000075e200000, 0x000000075e200000, 0x000000075e400000|  0%| F|  |TAMS 0x000000075e200000| PB 0x000000075e200000| Untracked |  0
| 754|0x000000075e400000, 0x000000075e400000, 0x000000075e600000|  0%| F|  |TAMS 0x000000075e400000| PB 0x000000075e400000| Untracked |  0
| 755|0x000000075e600000, 0x000000075e600000, 0x000000075e800000|  0%| F|  |TAMS 0x000000075e600000| PB 0x000000075e600000| Untracked |  0
| 756|0x000000075e800000, 0x000000075e800000, 0x000000075ea00000|  0%| F|  |TAMS 0x000000075e800000| PB 0x000000075e800000| Untracked |  0
| 757|0x000000075ea00000, 0x000000075ea00000, 0x000000075ec00000|  0%| F|  |TAMS 0x000000075ea00000| PB 0x000000075ea00000| Untracked |  0
| 758|0x000000075ec00000, 0x000000075ec00000, 0x000000075ee00000|  0%| F|  |TAMS 0x000000075ec00000| PB 0x000000075ec00000| Untracked |  0
| 759|0x000000075ee00000, 0x000000075ee00000, 0x000000075f000000|  0%| F|  |TAMS 0x000000075ee00000| PB 0x000000075ee00000| Untracked |  0
| 760|0x000000075f000000, 0x000000075f000000, 0x000000075f200000|  0%| F|  |TAMS 0x000000075f000000| PB 0x000000075f000000| Untracked |  0
| 761|0x000000075f200000, 0x000000075f200000, 0x000000075f400000|  0%| F|  |TAMS 0x000000075f200000| PB 0x000000075f200000| Untracked |  0
| 762|0x000000075f400000, 0x000000075f400000, 0x000000075f600000|  0%| F|  |TAMS 0x000000075f400000| PB 0x000000075f400000| Untracked |  0
| 763|0x000000075f600000, 0x000000075f600000, 0x000000075f800000|  0%| F|  |TAMS 0x000000075f600000| PB 0x000000075f600000| Untracked |  0
| 764|0x000000075f800000, 0x000000075f800000, 0x000000075fa00000|  0%| F|  |TAMS 0x000000075f800000| PB 0x000000075f800000| Untracked |  0
| 765|0x000000075fa00000, 0x000000075fa00000, 0x000000075fc00000|  0%| F|  |TAMS 0x000000075fa00000| PB 0x000000075fa00000| Untracked |  0
| 766|0x000000075fc00000, 0x000000075fc00000, 0x000000075fe00000|  0%| F|  |TAMS 0x000000075fc00000| PB 0x000000075fc00000| Untracked |  0
| 767|0x000000075fe00000, 0x000000075fe00000, 0x0000000760000000|  0%| F|  |TAMS 0x000000075fe00000| PB 0x000000075fe00000| Untracked |  0
| 768|0x0000000760000000, 0x0000000760000000, 0x0000000760200000|  0%| F|  |TAMS 0x0000000760000000| PB 0x0000000760000000| Untracked |  0
| 769|0x0000000760200000, 0x0000000760200000, 0x0000000760400000|  0%| F|  |TAMS 0x0000000760200000| PB 0x0000000760200000| Untracked |  0
| 770|0x0000000760400000, 0x0000000760400000, 0x0000000760600000|  0%| F|  |TAMS 0x0000000760400000| PB 0x0000000760400000| Untracked |  0
| 771|0x0000000760600000, 0x0000000760600000, 0x0000000760800000|  0%| F|  |TAMS 0x0000000760600000| PB 0x0000000760600000| Untracked |  0
| 772|0x0000000760800000, 0x0000000760800000, 0x0000000760a00000|  0%| F|  |TAMS 0x0000000760800000| PB 0x0000000760800000| Untracked |  0
| 773|0x0000000760a00000, 0x0000000760a00000, 0x0000000760c00000|  0%| F|  |TAMS 0x0000000760a00000| PB 0x0000000760a00000| Untracked |  0
| 774|0x0000000760c00000, 0x0000000760c00000, 0x0000000760e00000|  0%| F|  |TAMS 0x0000000760c00000| PB 0x0000000760c00000| Untracked |  0
| 775|0x0000000760e00000, 0x0000000760e00000, 0x0000000761000000|  0%| F|  |TAMS 0x0000000760e00000| PB 0x0000000760e00000| Untracked |  0
| 776|0x0000000761000000, 0x0000000761000000, 0x0000000761200000|  0%| F|  |TAMS 0x0000000761000000| PB 0x0000000761000000| Untracked |  0
| 777|0x0000000761200000, 0x0000000761200000, 0x0000000761400000|  0%| F|  |TAMS 0x0000000761200000| PB 0x0000000761200000| Untracked |  0
| 778|0x0000000761400000, 0x0000000761400000, 0x0000000761600000|  0%| F|  |TAMS 0x0000000761400000| PB 0x0000000761400000| Untracked |  0
| 779|0x0000000761600000, 0x0000000761600000, 0x0000000761800000|  0%| F|  |TAMS 0x0000000761600000| PB 0x0000000761600000| Untracked |  0
| 780|0x0000000761800000, 0x0000000761800000, 0x0000000761a00000|  0%| F|  |TAMS 0x0000000761800000| PB 0x0000000761800000| Untracked |  0
| 781|0x0000000761a00000, 0x0000000761a00000, 0x0000000761c00000|  0%| F|  |TAMS 0x0000000761a00000| PB 0x0000000761a00000| Untracked |  0
| 782|0x0000000761c00000, 0x0000000761c00000, 0x0000000761e00000|  0%| F|  |TAMS 0x0000000761c00000| PB 0x0000000761c00000| Untracked |  0
| 783|0x0000000761e00000, 0x0000000761e00000, 0x0000000762000000|  0%| F|  |TAMS 0x0000000761e00000| PB 0x0000000761e00000| Untracked |  0
| 784|0x0000000762000000, 0x0000000762000000, 0x0000000762200000|  0%| F|  |TAMS 0x0000000762000000| PB 0x0000000762000000| Untracked |  0
| 785|0x0000000762200000, 0x0000000762200000, 0x0000000762400000|  0%| F|  |TAMS 0x0000000762200000| PB 0x0000000762200000| Untracked |  0
| 786|0x0000000762400000, 0x0000000762400000, 0x0000000762600000|  0%| F|  |TAMS 0x0000000762400000| PB 0x0000000762400000| Untracked |  0
| 787|0x0000000762600000, 0x0000000762600000, 0x0000000762800000|  0%| F|  |TAMS 0x0000000762600000| PB 0x0000000762600000| Untracked |  0
| 788|0x0000000762800000, 0x0000000762800000, 0x0000000762a00000|  0%| F|  |TAMS 0x0000000762800000| PB 0x0000000762800000| Untracked |  0
| 789|0x0000000762a00000, 0x0000000762a00000, 0x0000000762c00000|  0%| F|  |TAMS 0x0000000762a00000| PB 0x0000000762a00000| Untracked |  0
| 790|0x0000000762c00000, 0x0000000762c00000, 0x0000000762e00000|  0%| F|  |TAMS 0x0000000762c00000| PB 0x0000000762c00000| Untracked |  0
| 791|0x0000000762e00000, 0x0000000762e00000, 0x0000000763000000|  0%| F|  |TAMS 0x0000000762e00000| PB 0x0000000762e00000| Untracked |  0
| 792|0x0000000763000000, 0x0000000763000000, 0x0000000763200000|  0%| F|  |TAMS 0x0000000763000000| PB 0x0000000763000000| Untracked |  0
| 793|0x0000000763200000, 0x0000000763200000, 0x0000000763400000|  0%| F|  |TAMS 0x0000000763200000| PB 0x0000000763200000| Untracked |  0
| 794|0x0000000763400000, 0x0000000763400000, 0x0000000763600000|  0%| F|  |TAMS 0x0000000763400000| PB 0x0000000763400000| Untracked |  0
| 795|0x0000000763600000, 0x0000000763600000, 0x0000000763800000|  0%| F|  |TAMS 0x0000000763600000| PB 0x0000000763600000| Untracked |  0
| 796|0x0000000763800000, 0x0000000763800000, 0x0000000763a00000|  0%| F|  |TAMS 0x0000000763800000| PB 0x0000000763800000| Untracked |  0
| 797|0x0000000763a00000, 0x0000000763a00000, 0x0000000763c00000|  0%| F|  |TAMS 0x0000000763a00000| PB 0x0000000763a00000| Untracked |  0
| 798|0x0000000763c00000, 0x0000000763c00000, 0x0000000763e00000|  0%| F|  |TAMS 0x0000000763c00000| PB 0x0000000763c00000| Untracked |  0
| 799|0x0000000763e00000, 0x0000000763e00000, 0x0000000764000000|  0%| F|  |TAMS 0x0000000763e00000| PB 0x0000000763e00000| Untracked |  0
| 800|0x0000000764000000, 0x0000000764000000, 0x0000000764200000|  0%| F|  |TAMS 0x0000000764000000| PB 0x0000000764000000| Untracked |  0
| 801|0x0000000764200000, 0x0000000764200000, 0x0000000764400000|  0%| F|  |TAMS 0x0000000764200000| PB 0x0000000764200000| Untracked |  0
| 802|0x0000000764400000, 0x0000000764400000, 0x0000000764600000|  0%| F|  |TAMS 0x0000000764400000| PB 0x0000000764400000| Untracked |  0
| 803|0x0000000764600000, 0x0000000764600000, 0x0000000764800000|  0%| F|  |TAMS 0x0000000764600000| PB 0x0000000764600000| Untracked |  0
| 804|0x0000000764800000, 0x0000000764800000, 0x0000000764a00000|  0%| F|  |TAMS 0x0000000764800000| PB 0x0000000764800000| Untracked |  0
| 805|0x0000000764a00000, 0x0000000764a00000, 0x0000000764c00000|  0%| F|  |TAMS 0x0000000764a00000| PB 0x0000000764a00000| Untracked |  0
| 806|0x0000000764c00000, 0x0000000764c00000, 0x0000000764e00000|  0%| F|  |TAMS 0x0000000764c00000| PB 0x0000000764c00000| Untracked |  0
| 807|0x0000000764e00000, 0x0000000764e00000, 0x0000000765000000|  0%| F|  |TAMS 0x0000000764e00000| PB 0x0000000764e00000| Untracked |  0
| 808|0x0000000765000000, 0x0000000765000000, 0x0000000765200000|  0%| F|  |TAMS 0x0000000765000000| PB 0x0000000765000000| Untracked |  0
| 809|0x0000000765200000, 0x0000000765200000, 0x0000000765400000|  0%| F|  |TAMS 0x0000000765200000| PB 0x0000000765200000| Untracked |  0
| 810|0x0000000765400000, 0x0000000765400000, 0x0000000765600000|  0%| F|  |TAMS 0x0000000765400000| PB 0x0000000765400000| Untracked |  0
| 811|0x0000000765600000, 0x0000000765600000, 0x0000000765800000|  0%| F|  |TAMS 0x0000000765600000| PB 0x0000000765600000| Untracked |  0
| 812|0x0000000765800000, 0x0000000765800000, 0x0000000765a00000|  0%| F|  |TAMS 0x0000000765800000| PB 0x0000000765800000| Untracked |  0
| 813|0x0000000765a00000, 0x0000000765a00000, 0x0000000765c00000|  0%| F|  |TAMS 0x0000000765a00000| PB 0x0000000765a00000| Untracked |  0
| 814|0x0000000765c00000, 0x0000000765c00000, 0x0000000765e00000|  0%| F|  |TAMS 0x0000000765c00000| PB 0x0000000765c00000| Untracked |  0
| 815|0x0000000765e00000, 0x0000000765e00000, 0x0000000766000000|  0%| F|  |TAMS 0x0000000765e00000| PB 0x0000000765e00000| Untracked |  0
| 816|0x0000000766000000, 0x0000000766000000, 0x0000000766200000|  0%| F|  |TAMS 0x0000000766000000| PB 0x0000000766000000| Untracked |  0
| 817|0x0000000766200000, 0x0000000766200000, 0x0000000766400000|  0%| F|  |TAMS 0x0000000766200000| PB 0x0000000766200000| Untracked |  0
| 818|0x0000000766400000, 0x0000000766400000, 0x0000000766600000|  0%| F|  |TAMS 0x0000000766400000| PB 0x0000000766400000| Untracked |  0
| 819|0x0000000766600000, 0x0000000766600000, 0x0000000766800000|  0%| F|  |TAMS 0x0000000766600000| PB 0x0000000766600000| Untracked |  0
| 820|0x0000000766800000, 0x0000000766800000, 0x0000000766a00000|  0%| F|  |TAMS 0x0000000766800000| PB 0x0000000766800000| Untracked |  0
| 821|0x0000000766a00000, 0x0000000766a00000, 0x0000000766c00000|  0%| F|  |TAMS 0x0000000766a00000| PB 0x0000000766a00000| Untracked |  0
| 822|0x0000000766c00000, 0x0000000766c00000, 0x0000000766e00000|  0%| F|  |TAMS 0x0000000766c00000| PB 0x0000000766c00000| Untracked |  0
| 823|0x0000000766e00000, 0x0000000766e00000, 0x0000000767000000|  0%| F|  |TAMS 0x0000000766e00000| PB 0x0000000766e00000| Untracked |  0
| 824|0x0000000767000000, 0x0000000767000000, 0x0000000767200000|  0%| F|  |TAMS 0x0000000767000000| PB 0x0000000767000000| Untracked |  0
| 825|0x0000000767200000, 0x0000000767200000, 0x0000000767400000|  0%| F|  |TAMS 0x0000000767200000| PB 0x0000000767200000| Untracked |  0
| 826|0x0000000767400000, 0x0000000767400000, 0x0000000767600000|  0%| F|  |TAMS 0x0000000767400000| PB 0x0000000767400000| Untracked |  0
| 827|0x0000000767600000, 0x0000000767600000, 0x0000000767800000|  0%| F|  |TAMS 0x0000000767600000| PB 0x0000000767600000| Untracked |  0
| 828|0x0000000767800000, 0x0000000767800000, 0x0000000767a00000|  0%| F|  |TAMS 0x0000000767800000| PB 0x0000000767800000| Untracked |  0
| 829|0x0000000767a00000, 0x0000000767a00000, 0x0000000767c00000|  0%| F|  |TAMS 0x0000000767a00000| PB 0x0000000767a00000| Untracked |  0
| 830|0x0000000767c00000, 0x0000000767c00000, 0x0000000767e00000|  0%| F|  |TAMS 0x0000000767c00000| PB 0x0000000767c00000| Untracked |  0
| 831|0x0000000767e00000, 0x0000000767e00000, 0x0000000768000000|  0%| F|  |TAMS 0x0000000767e00000| PB 0x0000000767e00000| Untracked |  0
| 832|0x0000000768000000, 0x0000000768000000, 0x0000000768200000|  0%| F|  |TAMS 0x0000000768000000| PB 0x0000000768000000| Untracked |  0
| 833|0x0000000768200000, 0x0000000768200000, 0x0000000768400000|  0%| F|  |TAMS 0x0000000768200000| PB 0x0000000768200000| Untracked |  0
| 834|0x0000000768400000, 0x0000000768400000, 0x0000000768600000|  0%| F|  |TAMS 0x0000000768400000| PB 0x0000000768400000| Untracked |  0
| 835|0x0000000768600000, 0x0000000768600000, 0x0000000768800000|  0%| F|  |TAMS 0x0000000768600000| PB 0x0000000768600000| Untracked |  0
| 836|0x0000000768800000, 0x0000000768800000, 0x0000000768a00000|  0%| F|  |TAMS 0x0000000768800000| PB 0x0000000768800000| Untracked |  0
| 837|0x0000000768a00000, 0x0000000768a00000, 0x0000000768c00000|  0%| F|  |TAMS 0x0000000768a00000| PB 0x0000000768a00000| Untracked |  0
| 838|0x0000000768c00000, 0x0000000768c00000, 0x0000000768e00000|  0%| F|  |TAMS 0x0000000768c00000| PB 0x0000000768c00000| Untracked |  0
| 839|0x0000000768e00000, 0x0000000768e00000, 0x0000000769000000|  0%| F|  |TAMS 0x0000000768e00000| PB 0x0000000768e00000| Untracked |  0
| 840|0x0000000769000000, 0x0000000769000000, 0x0000000769200000|  0%| F|  |TAMS 0x0000000769000000| PB 0x0000000769000000| Untracked |  0
| 841|0x0000000769200000, 0x0000000769200000, 0x0000000769400000|  0%| F|  |TAMS 0x0000000769200000| PB 0x0000000769200000| Untracked |  0
| 842|0x0000000769400000, 0x0000000769400000, 0x0000000769600000|  0%| F|  |TAMS 0x0000000769400000| PB 0x0000000769400000| Untracked |  0
| 843|0x0000000769600000, 0x0000000769600000, 0x0000000769800000|  0%| F|  |TAMS 0x0000000769600000| PB 0x0000000769600000| Untracked |  0
| 844|0x0000000769800000, 0x0000000769800000, 0x0000000769a00000|  0%| F|  |TAMS 0x0000000769800000| PB 0x0000000769800000| Untracked |  0
| 845|0x0000000769a00000, 0x0000000769a00000, 0x0000000769c00000|  0%| F|  |TAMS 0x0000000769a00000| PB 0x0000000769a00000| Untracked |  0
| 846|0x0000000769c00000, 0x0000000769c00000, 0x0000000769e00000|  0%| F|  |TAMS 0x0000000769c00000| PB 0x0000000769c00000| Untracked |  0
| 847|0x0000000769e00000, 0x0000000769e00000, 0x000000076a000000|  0%| F|  |TAMS 0x0000000769e00000| PB 0x0000000769e00000| Untracked |  0
| 848|0x000000076a000000, 0x000000076a000000, 0x000000076a200000|  0%| F|  |TAMS 0x000000076a000000| PB 0x000000076a000000| Untracked |  0
| 849|0x000000076a200000, 0x000000076a200000, 0x000000076a400000|  0%| F|  |TAMS 0x000000076a200000| PB 0x000000076a200000| Untracked |  0
| 850|0x000000076a400000, 0x000000076a400000, 0x000000076a600000|  0%| F|  |TAMS 0x000000076a400000| PB 0x000000076a400000| Untracked |  0
| 851|0x000000076a600000, 0x000000076a600000, 0x000000076a800000|  0%| F|  |TAMS 0x000000076a600000| PB 0x000000076a600000| Untracked |  0
| 852|0x000000076a800000, 0x000000076a800000, 0x000000076aa00000|  0%| F|  |TAMS 0x000000076a800000| PB 0x000000076a800000| Untracked |  0
| 853|0x000000076aa00000, 0x000000076aa00000, 0x000000076ac00000|  0%| F|  |TAMS 0x000000076aa00000| PB 0x000000076aa00000| Untracked |  0
| 854|0x000000076ac00000, 0x000000076ac00000, 0x000000076ae00000|  0%| F|  |TAMS 0x000000076ac00000| PB 0x000000076ac00000| Untracked |  0
| 855|0x000000076ae00000, 0x000000076ae00000, 0x000000076b000000|  0%| F|  |TAMS 0x000000076ae00000| PB 0x000000076ae00000| Untracked |  0
| 856|0x000000076b000000, 0x000000076b000000, 0x000000076b200000|  0%| F|  |TAMS 0x000000076b000000| PB 0x000000076b000000| Untracked |  0
| 857|0x000000076b200000, 0x000000076b200000, 0x000000076b400000|  0%| F|  |TAMS 0x000000076b200000| PB 0x000000076b200000| Untracked |  0
| 858|0x000000076b400000, 0x000000076b400000, 0x000000076b600000|  0%| F|  |TAMS 0x000000076b400000| PB 0x000000076b400000| Untracked |  0
| 859|0x000000076b600000, 0x000000076b600000, 0x000000076b800000|  0%| F|  |TAMS 0x000000076b600000| PB 0x000000076b600000| Untracked |  0
| 860|0x000000076b800000, 0x000000076b800000, 0x000000076ba00000|  0%| F|  |TAMS 0x000000076b800000| PB 0x000000076b800000| Untracked |  0
| 861|0x000000076ba00000, 0x000000076ba00000, 0x000000076bc00000|  0%| F|  |TAMS 0x000000076ba00000| PB 0x000000076ba00000| Untracked |  0
| 862|0x000000076bc00000, 0x000000076bc00000, 0x000000076be00000|  0%| F|  |TAMS 0x000000076bc00000| PB 0x000000076bc00000| Untracked |  0
| 863|0x000000076be00000, 0x000000076be00000, 0x000000076c000000|  0%| F|  |TAMS 0x000000076be00000| PB 0x000000076be00000| Untracked |  0
| 864|0x000000076c000000, 0x000000076c000000, 0x000000076c200000|  0%| F|  |TAMS 0x000000076c000000| PB 0x000000076c000000| Untracked |  0
| 865|0x000000076c200000, 0x000000076c200000, 0x000000076c400000|  0%| F|  |TAMS 0x000000076c200000| PB 0x000000076c200000| Untracked |  0
| 866|0x000000076c400000, 0x000000076c400000, 0x000000076c600000|  0%| F|  |TAMS 0x000000076c400000| PB 0x000000076c400000| Untracked |  0
| 867|0x000000076c600000, 0x000000076c600000, 0x000000076c800000|  0%| F|  |TAMS 0x000000076c600000| PB 0x000000076c600000| Untracked |  0
| 868|0x000000076c800000, 0x000000076c800000, 0x000000076ca00000|  0%| F|  |TAMS 0x000000076c800000| PB 0x000000076c800000| Untracked |  0
| 869|0x000000076ca00000, 0x000000076ca00000, 0x000000076cc00000|  0%| F|  |TAMS 0x000000076ca00000| PB 0x000000076ca00000| Untracked |  0
| 870|0x000000076cc00000, 0x000000076cc00000, 0x000000076ce00000|  0%| F|  |TAMS 0x000000076cc00000| PB 0x000000076cc00000| Untracked |  0
| 871|0x000000076ce00000, 0x000000076ce00000, 0x000000076d000000|  0%| F|  |TAMS 0x000000076ce00000| PB 0x000000076ce00000| Untracked |  0
| 872|0x000000076d000000, 0x000000076d000000, 0x000000076d200000|  0%| F|  |TAMS 0x000000076d000000| PB 0x000000076d000000| Untracked |  0
| 873|0x000000076d200000, 0x000000076d200000, 0x000000076d400000|  0%| F|  |TAMS 0x000000076d200000| PB 0x000000076d200000| Untracked |  0
| 874|0x000000076d400000, 0x000000076d400000, 0x000000076d600000|  0%| F|  |TAMS 0x000000076d400000| PB 0x000000076d400000| Untracked |  0
| 875|0x000000076d600000, 0x000000076d600000, 0x000000076d800000|  0%| F|  |TAMS 0x000000076d600000| PB 0x000000076d600000| Untracked |  0
| 876|0x000000076d800000, 0x000000076d800000, 0x000000076da00000|  0%| F|  |TAMS 0x000000076d800000| PB 0x000000076d800000| Untracked |  0
| 877|0x000000076da00000, 0x000000076da00000, 0x000000076dc00000|  0%| F|  |TAMS 0x000000076da00000| PB 0x000000076da00000| Untracked |  0
| 878|0x000000076dc00000, 0x000000076dc00000, 0x000000076de00000|  0%| F|  |TAMS 0x000000076dc00000| PB 0x000000076dc00000| Untracked |  0
| 879|0x000000076de00000, 0x000000076de00000, 0x000000076e000000|  0%| F|  |TAMS 0x000000076de00000| PB 0x000000076de00000| Untracked |  0
| 880|0x000000076e000000, 0x000000076e000000, 0x000000076e200000|  0%| F|  |TAMS 0x000000076e000000| PB 0x000000076e000000| Untracked |  0
| 881|0x000000076e200000, 0x000000076e200000, 0x000000076e400000|  0%| F|  |TAMS 0x000000076e200000| PB 0x000000076e200000| Untracked |  0
| 882|0x000000076e400000, 0x000000076e400000, 0x000000076e600000|  0%| F|  |TAMS 0x000000076e400000| PB 0x000000076e400000| Untracked |  0
| 883|0x000000076e600000, 0x000000076e600000, 0x000000076e800000|  0%| F|  |TAMS 0x000000076e600000| PB 0x000000076e600000| Untracked |  0
| 884|0x000000076e800000, 0x000000076e800000, 0x000000076ea00000|  0%| F|  |TAMS 0x000000076e800000| PB 0x000000076e800000| Untracked |  0
| 885|0x000000076ea00000, 0x000000076ea00000, 0x000000076ec00000|  0%| F|  |TAMS 0x000000076ea00000| PB 0x000000076ea00000| Untracked |  0
| 886|0x000000076ec00000, 0x000000076ec00000, 0x000000076ee00000|  0%| F|  |TAMS 0x000000076ec00000| PB 0x000000076ec00000| Untracked |  0
| 887|0x000000076ee00000, 0x000000076ee00000, 0x000000076f000000|  0%| F|  |TAMS 0x000000076ee00000| PB 0x000000076ee00000| Untracked |  0
| 888|0x000000076f000000, 0x000000076f000000, 0x000000076f200000|  0%| F|  |TAMS 0x000000076f000000| PB 0x000000076f000000| Untracked |  0
| 889|0x000000076f200000, 0x000000076f200000, 0x000000076f400000|  0%| F|  |TAMS 0x000000076f200000| PB 0x000000076f200000| Untracked |  0
| 890|0x000000076f400000, 0x000000076f400000, 0x000000076f600000|  0%| F|  |TAMS 0x000000076f400000| PB 0x000000076f400000| Untracked |  0
| 891|0x000000076f600000, 0x000000076f600000, 0x000000076f800000|  0%| F|  |TAMS 0x000000076f600000| PB 0x000000076f600000| Untracked |  0
| 892|0x000000076f800000, 0x000000076f800000, 0x000000076fa00000|  0%| F|  |TAMS 0x000000076f800000| PB 0x000000076f800000| Untracked |  0
| 893|0x000000076fa00000, 0x000000076fa00000, 0x000000076fc00000|  0%| F|  |TAMS 0x000000076fa00000| PB 0x000000076fa00000| Untracked |  0
| 894|0x000000076fc00000, 0x000000076fc00000, 0x000000076fe00000|  0%| F|  |TAMS 0x000000076fc00000| PB 0x000000076fc00000| Untracked |  0
| 895|0x000000076fe00000, 0x000000076fe00000, 0x0000000770000000|  0%| F|  |TAMS 0x000000076fe00000| PB 0x000000076fe00000| Untracked |  0
| 896|0x0000000770000000, 0x0000000770000000, 0x0000000770200000|  0%| F|  |TAMS 0x0000000770000000| PB 0x0000000770000000| Untracked |  0
| 897|0x0000000770200000, 0x0000000770200000, 0x0000000770400000|  0%| F|  |TAMS 0x0000000770200000| PB 0x0000000770200000| Untracked |  0
| 898|0x0000000770400000, 0x0000000770400000, 0x0000000770600000|  0%| F|  |TAMS 0x0000000770400000| PB 0x0000000770400000| Untracked |  0
| 899|0x0000000770600000, 0x0000000770600000, 0x0000000770800000|  0%| F|  |TAMS 0x0000000770600000| PB 0x0000000770600000| Untracked |  0
| 900|0x0000000770800000, 0x0000000770800000, 0x0000000770a00000|  0%| F|  |TAMS 0x0000000770800000| PB 0x0000000770800000| Untracked |  0
| 901|0x0000000770a00000, 0x0000000770a00000, 0x0000000770c00000|  0%| F|  |TAMS 0x0000000770a00000| PB 0x0000000770a00000| Untracked |  0
| 902|0x0000000770c00000, 0x0000000770c00000, 0x0000000770e00000|  0%| F|  |TAMS 0x0000000770c00000| PB 0x0000000770c00000| Untracked |  0
| 903|0x0000000770e00000, 0x0000000770e00000, 0x0000000771000000|  0%| F|  |TAMS 0x0000000770e00000| PB 0x0000000770e00000| Untracked |  0
| 904|0x0000000771000000, 0x0000000771000000, 0x0000000771200000|  0%| F|  |TAMS 0x0000000771000000| PB 0x0000000771000000| Untracked |  0
| 905|0x0000000771200000, 0x0000000771200000, 0x0000000771400000|  0%| F|  |TAMS 0x0000000771200000| PB 0x0000000771200000| Untracked |  0
| 906|0x0000000771400000, 0x0000000771400000, 0x0000000771600000|  0%| F|  |TAMS 0x0000000771400000| PB 0x0000000771400000| Untracked |  0
| 907|0x0000000771600000, 0x0000000771600000, 0x0000000771800000|  0%| F|  |TAMS 0x0000000771600000| PB 0x0000000771600000| Untracked |  0
| 908|0x0000000771800000, 0x0000000771800000, 0x0000000771a00000|  0%| F|  |TAMS 0x0000000771800000| PB 0x0000000771800000| Untracked |  0
| 909|0x0000000771a00000, 0x0000000771a00000, 0x0000000771c00000|  0%| F|  |TAMS 0x0000000771a00000| PB 0x0000000771a00000| Untracked |  0
| 910|0x0000000771c00000, 0x0000000771c00000, 0x0000000771e00000|  0%| F|  |TAMS 0x0000000771c00000| PB 0x0000000771c00000| Untracked |  0
| 911|0x0000000771e00000, 0x0000000771e00000, 0x0000000772000000|  0%| F|  |TAMS 0x0000000771e00000| PB 0x0000000771e00000| Untracked |  0
| 912|0x0000000772000000, 0x0000000772000000, 0x0000000772200000|  0%| F|  |TAMS 0x0000000772000000| PB 0x0000000772000000| Untracked |  0
| 913|0x0000000772200000, 0x0000000772200000, 0x0000000772400000|  0%| F|  |TAMS 0x0000000772200000| PB 0x0000000772200000| Untracked |  0
| 914|0x0000000772400000, 0x0000000772400000, 0x0000000772600000|  0%| F|  |TAMS 0x0000000772400000| PB 0x0000000772400000| Untracked |  0
| 915|0x0000000772600000, 0x0000000772600000, 0x0000000772800000|  0%| F|  |TAMS 0x0000000772600000| PB 0x0000000772600000| Untracked |  0
| 916|0x0000000772800000, 0x0000000772800000, 0x0000000772a00000|  0%| F|  |TAMS 0x0000000772800000| PB 0x0000000772800000| Untracked |  0
| 917|0x0000000772a00000, 0x0000000772a00000, 0x0000000772c00000|  0%| F|  |TAMS 0x0000000772a00000| PB 0x0000000772a00000| Untracked |  0
| 918|0x0000000772c00000, 0x0000000772c00000, 0x0000000772e00000|  0%| F|  |TAMS 0x0000000772c00000| PB 0x0000000772c00000| Untracked |  0
| 919|0x0000000772e00000, 0x0000000772e00000, 0x0000000773000000|  0%| F|  |TAMS 0x0000000772e00000| PB 0x0000000772e00000| Untracked |  0
| 920|0x0000000773000000, 0x0000000773000000, 0x0000000773200000|  0%| F|  |TAMS 0x0000000773000000| PB 0x0000000773000000| Untracked |  0
| 921|0x0000000773200000, 0x0000000773200000, 0x0000000773400000|  0%| F|  |TAMS 0x0000000773200000| PB 0x0000000773200000| Untracked |  0
| 922|0x0000000773400000, 0x0000000773400000, 0x0000000773600000|  0%| F|  |TAMS 0x0000000773400000| PB 0x0000000773400000| Untracked |  0
| 923|0x0000000773600000, 0x0000000773600000, 0x0000000773800000|  0%| F|  |TAMS 0x0000000773600000| PB 0x0000000773600000| Untracked |  0
| 924|0x0000000773800000, 0x0000000773800000, 0x0000000773a00000|  0%| F|  |TAMS 0x0000000773800000| PB 0x0000000773800000| Untracked |  0
| 925|0x0000000773a00000, 0x0000000773a00000, 0x0000000773c00000|  0%| F|  |TAMS 0x0000000773a00000| PB 0x0000000773a00000| Untracked |  0
| 926|0x0000000773c00000, 0x0000000773c00000, 0x0000000773e00000|  0%| F|  |TAMS 0x0000000773c00000| PB 0x0000000773c00000| Untracked |  0
| 927|0x0000000773e00000, 0x0000000773e00000, 0x0000000774000000|  0%| F|  |TAMS 0x0000000773e00000| PB 0x0000000773e00000| Untracked |  0
| 928|0x0000000774000000, 0x0000000774000000, 0x0000000774200000|  0%| F|  |TAMS 0x0000000774000000| PB 0x0000000774000000| Untracked |  0
| 929|0x0000000774200000, 0x0000000774200000, 0x0000000774400000|  0%| F|  |TAMS 0x0000000774200000| PB 0x0000000774200000| Untracked |  0
| 930|0x0000000774400000, 0x0000000774400000, 0x0000000774600000|  0%| F|  |TAMS 0x0000000774400000| PB 0x0000000774400000| Untracked |  0
| 931|0x0000000774600000, 0x0000000774600000, 0x0000000774800000|  0%| F|  |TAMS 0x0000000774600000| PB 0x0000000774600000| Untracked |  0
| 932|0x0000000774800000, 0x0000000774800000, 0x0000000774a00000|  0%| F|  |TAMS 0x0000000774800000| PB 0x0000000774800000| Untracked |  0
| 933|0x0000000774a00000, 0x0000000774a00000, 0x0000000774c00000|  0%| F|  |TAMS 0x0000000774a00000| PB 0x0000000774a00000| Untracked |  0
| 934|0x0000000774c00000, 0x0000000774c00000, 0x0000000774e00000|  0%| F|  |TAMS 0x0000000774c00000| PB 0x0000000774c00000| Untracked |  0
| 935|0x0000000774e00000, 0x0000000774e00000, 0x0000000775000000|  0%| F|  |TAMS 0x0000000774e00000| PB 0x0000000774e00000| Untracked |  0
| 936|0x0000000775000000, 0x0000000775000000, 0x0000000775200000|  0%| F|  |TAMS 0x0000000775000000| PB 0x0000000775000000| Untracked |  0
| 937|0x0000000775200000, 0x0000000775200000, 0x0000000775400000|  0%| F|  |TAMS 0x0000000775200000| PB 0x0000000775200000| Untracked |  0
| 938|0x0000000775400000, 0x0000000775400000, 0x0000000775600000|  0%| F|  |TAMS 0x0000000775400000| PB 0x0000000775400000| Untracked |  0
| 939|0x0000000775600000, 0x0000000775600000, 0x0000000775800000|  0%| F|  |TAMS 0x0000000775600000| PB 0x0000000775600000| Untracked |  0
| 940|0x0000000775800000, 0x0000000775800000, 0x0000000775a00000|  0%| F|  |TAMS 0x0000000775800000| PB 0x0000000775800000| Untracked |  0
| 941|0x0000000775a00000, 0x0000000775a00000, 0x0000000775c00000|  0%| F|  |TAMS 0x0000000775a00000| PB 0x0000000775a00000| Untracked |  0
| 942|0x0000000775c00000, 0x0000000775c00000, 0x0000000775e00000|  0%| F|  |TAMS 0x0000000775c00000| PB 0x0000000775c00000| Untracked |  0
| 943|0x0000000775e00000, 0x0000000775e00000, 0x0000000776000000|  0%| F|  |TAMS 0x0000000775e00000| PB 0x0000000775e00000| Untracked |  0
| 944|0x0000000776000000, 0x0000000776000000, 0x0000000776200000|  0%| F|  |TAMS 0x0000000776000000| PB 0x0000000776000000| Untracked |  0
| 945|0x0000000776200000, 0x0000000776200000, 0x0000000776400000|  0%| F|  |TAMS 0x0000000776200000| PB 0x0000000776200000| Untracked |  0
| 946|0x0000000776400000, 0x0000000776400000, 0x0000000776600000|  0%| F|  |TAMS 0x0000000776400000| PB 0x0000000776400000| Untracked |  0
| 947|0x0000000776600000, 0x0000000776600000, 0x0000000776800000|  0%| F|  |TAMS 0x0000000776600000| PB 0x0000000776600000| Untracked |  0
| 948|0x0000000776800000, 0x0000000776800000, 0x0000000776a00000|  0%| F|  |TAMS 0x0000000776800000| PB 0x0000000776800000| Untracked |  0
| 949|0x0000000776a00000, 0x0000000776a00000, 0x0000000776c00000|  0%| F|  |TAMS 0x0000000776a00000| PB 0x0000000776a00000| Untracked |  0
| 950|0x0000000776c00000, 0x0000000776c00000, 0x0000000776e00000|  0%| F|  |TAMS 0x0000000776c00000| PB 0x0000000776c00000| Untracked |  0
| 951|0x0000000776e00000, 0x0000000776e00000, 0x0000000777000000|  0%| F|  |TAMS 0x0000000776e00000| PB 0x0000000776e00000| Untracked |  0
| 952|0x0000000777000000, 0x0000000777000000, 0x0000000777200000|  0%| F|  |TAMS 0x0000000777000000| PB 0x0000000777000000| Untracked |  0
| 953|0x0000000777200000, 0x0000000777200000, 0x0000000777400000|  0%| F|  |TAMS 0x0000000777200000| PB 0x0000000777200000| Untracked |  0
| 954|0x0000000777400000, 0x0000000777400000, 0x0000000777600000|  0%| F|  |TAMS 0x0000000777400000| PB 0x0000000777400000| Untracked |  0
| 955|0x0000000777600000, 0x0000000777600000, 0x0000000777800000|  0%| F|  |TAMS 0x0000000777600000| PB 0x0000000777600000| Untracked |  0
| 956|0x0000000777800000, 0x0000000777800000, 0x0000000777a00000|  0%| F|  |TAMS 0x0000000777800000| PB 0x0000000777800000| Untracked |  0
| 957|0x0000000777a00000, 0x0000000777a00000, 0x0000000777c00000|  0%| F|  |TAMS 0x0000000777a00000| PB 0x0000000777a00000| Untracked |  0
| 958|0x0000000777c00000, 0x0000000777c00000, 0x0000000777e00000|  0%| F|  |TAMS 0x0000000777c00000| PB 0x0000000777c00000| Untracked |  0
| 959|0x0000000777e00000, 0x0000000777e00000, 0x0000000778000000|  0%| F|  |TAMS 0x0000000777e00000| PB 0x0000000777e00000| Untracked |  0
| 960|0x0000000778000000, 0x0000000778000000, 0x0000000778200000|  0%| F|  |TAMS 0x0000000778000000| PB 0x0000000778000000| Untracked |  0
| 961|0x0000000778200000, 0x0000000778200000, 0x0000000778400000|  0%| F|  |TAMS 0x0000000778200000| PB 0x0000000778200000| Untracked |  0
| 962|0x0000000778400000, 0x0000000778400000, 0x0000000778600000|  0%| F|  |TAMS 0x0000000778400000| PB 0x0000000778400000| Untracked |  0
| 963|0x0000000778600000, 0x0000000778600000, 0x0000000778800000|  0%| F|  |TAMS 0x0000000778600000| PB 0x0000000778600000| Untracked |  0
| 964|0x0000000778800000, 0x0000000778800000, 0x0000000778a00000|  0%| F|  |TAMS 0x0000000778800000| PB 0x0000000778800000| Untracked |  0
| 965|0x0000000778a00000, 0x0000000778a00000, 0x0000000778c00000|  0%| F|  |TAMS 0x0000000778a00000| PB 0x0000000778a00000| Untracked |  0
| 966|0x0000000778c00000, 0x0000000778c00000, 0x0000000778e00000|  0%| F|  |TAMS 0x0000000778c00000| PB 0x0000000778c00000| Untracked |  0
| 967|0x0000000778e00000, 0x0000000778e00000, 0x0000000779000000|  0%| F|  |TAMS 0x0000000778e00000| PB 0x0000000778e00000| Untracked |  0
| 968|0x0000000779000000, 0x0000000779000000, 0x0000000779200000|  0%| F|  |TAMS 0x0000000779000000| PB 0x0000000779000000| Untracked |  0
| 969|0x0000000779200000, 0x0000000779200000, 0x0000000779400000|  0%| F|  |TAMS 0x0000000779200000| PB 0x0000000779200000| Untracked |  0
| 970|0x0000000779400000, 0x0000000779400000, 0x0000000779600000|  0%| F|  |TAMS 0x0000000779400000| PB 0x0000000779400000| Untracked |  0
| 971|0x0000000779600000, 0x0000000779600000, 0x0000000779800000|  0%| F|  |TAMS 0x0000000779600000| PB 0x0000000779600000| Untracked |  0
| 972|0x0000000779800000, 0x0000000779800000, 0x0000000779a00000|  0%| F|  |TAMS 0x0000000779800000| PB 0x0000000779800000| Untracked |  0
| 973|0x0000000779a00000, 0x0000000779a00000, 0x0000000779c00000|  0%| F|  |TAMS 0x0000000779a00000| PB 0x0000000779a00000| Untracked |  0
| 974|0x0000000779c00000, 0x0000000779c00000, 0x0000000779e00000|  0%| F|  |TAMS 0x0000000779c00000| PB 0x0000000779c00000| Untracked |  0
| 975|0x0000000779e00000, 0x0000000779e00000, 0x000000077a000000|  0%| F|  |TAMS 0x0000000779e00000| PB 0x0000000779e00000| Untracked |  0
| 976|0x000000077a000000, 0x000000077a000000, 0x000000077a200000|  0%| F|  |TAMS 0x000000077a000000| PB 0x000000077a000000| Untracked |  0
| 977|0x000000077a200000, 0x000000077a200000, 0x000000077a400000|  0%| F|  |TAMS 0x000000077a200000| PB 0x000000077a200000| Untracked |  0
| 978|0x000000077a400000, 0x000000077a400000, 0x000000077a600000|  0%| F|  |TAMS 0x000000077a400000| PB 0x000000077a400000| Untracked |  0
| 979|0x000000077a600000, 0x000000077a600000, 0x000000077a800000|  0%| F|  |TAMS 0x000000077a600000| PB 0x000000077a600000| Untracked |  0
| 980|0x000000077a800000, 0x000000077a800000, 0x000000077aa00000|  0%| F|  |TAMS 0x000000077a800000| PB 0x000000077a800000| Untracked |  0
| 981|0x000000077aa00000, 0x000000077aa00000, 0x000000077ac00000|  0%| F|  |TAMS 0x000000077aa00000| PB 0x000000077aa00000| Untracked |  0
| 982|0x000000077ac00000, 0x000000077ac00000, 0x000000077ae00000|  0%| F|  |TAMS 0x000000077ac00000| PB 0x000000077ac00000| Untracked |  0
| 983|0x000000077ae00000, 0x000000077ae00000, 0x000000077b000000|  0%| F|  |TAMS 0x000000077ae00000| PB 0x000000077ae00000| Untracked |  0
| 984|0x000000077b000000, 0x000000077b000000, 0x000000077b200000|  0%| F|  |TAMS 0x000000077b000000| PB 0x000000077b000000| Untracked |  0
| 985|0x000000077b200000, 0x000000077b200000, 0x000000077b400000|  0%| F|  |TAMS 0x000000077b200000| PB 0x000000077b200000| Untracked |  0
| 986|0x000000077b400000, 0x000000077b400000, 0x000000077b600000|  0%| F|  |TAMS 0x000000077b400000| PB 0x000000077b400000| Untracked |  0
| 987|0x000000077b600000, 0x000000077b600000, 0x000000077b800000|  0%| F|  |TAMS 0x000000077b600000| PB 0x000000077b600000| Untracked |  0
| 988|0x000000077b800000, 0x000000077b800000, 0x000000077ba00000|  0%| F|  |TAMS 0x000000077b800000| PB 0x000000077b800000| Untracked |  0
| 989|0x000000077ba00000, 0x000000077ba00000, 0x000000077bc00000|  0%| F|  |TAMS 0x000000077ba00000| PB 0x000000077ba00000| Untracked |  0
| 990|0x000000077bc00000, 0x000000077bc00000, 0x000000077be00000|  0%| F|  |TAMS 0x000000077bc00000| PB 0x000000077bc00000| Untracked |  0
| 991|0x000000077be00000, 0x000000077be00000, 0x000000077c000000|  0%| F|  |TAMS 0x000000077be00000| PB 0x000000077be00000| Untracked |  0
| 992|0x000000077c000000, 0x000000077c000000, 0x000000077c200000|  0%| F|  |TAMS 0x000000077c000000| PB 0x000000077c000000| Untracked |  0
| 993|0x000000077c200000, 0x000000077c200000, 0x000000077c400000|  0%| F|  |TAMS 0x000000077c200000| PB 0x000000077c200000| Untracked |  0
| 994|0x000000077c400000, 0x000000077c400000, 0x000000077c600000|  0%| F|  |TAMS 0x000000077c400000| PB 0x000000077c400000| Untracked |  0
| 995|0x000000077c600000, 0x000000077c600000, 0x000000077c800000|  0%| F|  |TAMS 0x000000077c600000| PB 0x000000077c600000| Untracked |  0
| 996|0x000000077c800000, 0x000000077c800000, 0x000000077ca00000|  0%| F|  |TAMS 0x000000077c800000| PB 0x000000077c800000| Untracked |  0
| 997|0x000000077ca00000, 0x000000077ca00000, 0x000000077cc00000|  0%| F|  |TAMS 0x000000077ca00000| PB 0x000000077ca00000| Untracked |  0
| 998|0x000000077cc00000, 0x000000077cc00000, 0x000000077ce00000|  0%| F|  |TAMS 0x000000077cc00000| PB 0x000000077cc00000| Untracked |  0
| 999|0x000000077ce00000, 0x000000077ce00000, 0x000000077d000000|  0%| F|  |TAMS 0x000000077ce00000| PB 0x000000077ce00000| Untracked |  0
|1000|0x000000077d000000, 0x000000077d000000, 0x000000077d200000|  0%| F|  |TAMS 0x000000077d000000| PB 0x000000077d000000| Untracked |  0
|1001|0x000000077d200000, 0x000000077d200000, 0x000000077d400000|  0%| F|  |TAMS 0x000000077d200000| PB 0x000000077d200000| Untracked |  0
|1002|0x000000077d400000, 0x000000077d400000, 0x000000077d600000|  0%| F|  |TAMS 0x000000077d400000| PB 0x000000077d400000| Untracked |  0
|1003|0x000000077d600000, 0x000000077d600000, 0x000000077d800000|  0%| F|  |TAMS 0x000000077d600000| PB 0x000000077d600000| Untracked |  0
|1004|0x000000077d800000, 0x000000077d800000, 0x000000077da00000|  0%| F|  |TAMS 0x000000077d800000| PB 0x000000077d800000| Untracked |  0
|1005|0x000000077da00000, 0x000000077da00000, 0x000000077dc00000|  0%| F|  |TAMS 0x000000077da00000| PB 0x000000077da00000| Untracked |  0
|1006|0x000000077dc00000, 0x000000077dc00000, 0x000000077de00000|  0%| F|  |TAMS 0x000000077dc00000| PB 0x000000077dc00000| Untracked |  0
|1007|0x000000077de00000, 0x000000077de00000, 0x000000077e000000|  0%| F|  |TAMS 0x000000077de00000| PB 0x000000077de00000| Untracked |  0
|1008|0x000000077e000000, 0x000000077e000000, 0x000000077e200000|  0%| F|  |TAMS 0x000000077e000000| PB 0x000000077e000000| Untracked |  0
|1009|0x000000077e200000, 0x000000077e200000, 0x000000077e400000|  0%| F|  |TAMS 0x000000077e200000| PB 0x000000077e200000| Untracked |  0
|1010|0x000000077e400000, 0x000000077e400000, 0x000000077e600000|  0%| F|  |TAMS 0x000000077e400000| PB 0x000000077e400000| Untracked |  0
|1011|0x000000077e600000, 0x000000077e600000, 0x000000077e800000|  0%| F|  |TAMS 0x000000077e600000| PB 0x000000077e600000| Untracked |  0
|1012|0x000000077e800000, 0x000000077e800000, 0x000000077ea00000|  0%| F|  |TAMS 0x000000077e800000| PB 0x000000077e800000| Untracked |  0
|1013|0x000000077ea00000, 0x000000077ea00000, 0x000000077ec00000|  0%| F|  |TAMS 0x000000077ea00000| PB 0x000000077ea00000| Untracked |  0
|1014|0x000000077ec00000, 0x000000077ec00000, 0x000000077ee00000|  0%| F|  |TAMS 0x000000077ec00000| PB 0x000000077ec00000| Untracked |  0
|1015|0x000000077ee00000, 0x000000077ee00000, 0x000000077f000000|  0%| F|  |TAMS 0x000000077ee00000| PB 0x000000077ee00000| Untracked |  0
|1016|0x000000077f000000, 0x000000077f000000, 0x000000077f200000|  0%| F|  |TAMS 0x000000077f000000| PB 0x000000077f000000| Untracked |  0
|1017|0x000000077f200000, 0x000000077f200000, 0x000000077f400000|  0%| F|  |TAMS 0x000000077f200000| PB 0x000000077f200000| Untracked |  0
|1018|0x000000077f400000, 0x000000077f400000, 0x000000077f600000|  0%| F|  |TAMS 0x000000077f400000| PB 0x000000077f400000| Untracked |  0
|1019|0x000000077f600000, 0x000000077f600000, 0x000000077f800000|  0%| F|  |TAMS 0x000000077f600000| PB 0x000000077f600000| Untracked |  0
|1020|0x000000077f800000, 0x000000077f800000, 0x000000077fa00000|  0%| F|  |TAMS 0x000000077f800000| PB 0x000000077f800000| Untracked |  0
|1021|0x000000077fa00000, 0x000000077fa00000, 0x000000077fc00000|  0%| F|  |TAMS 0x000000077fa00000| PB 0x000000077fa00000| Untracked |  0
|1022|0x000000077fc00000, 0x000000077fc00000, 0x000000077fe00000|  0%| F|  |TAMS 0x000000077fc00000| PB 0x000000077fc00000| Untracked |  0
|1023|0x000000077fe00000, 0x000000077fe00000, 0x0000000780000000|  0%| F|  |TAMS 0x000000077fe00000| PB 0x000000077fe00000| Untracked |  0
|1024|0x0000000780000000, 0x0000000780000000, 0x0000000780200000|  0%| F|  |TAMS 0x0000000780000000| PB 0x0000000780000000| Untracked |  0
|1025|0x0000000780200000, 0x0000000780200000, 0x0000000780400000|  0%| F|  |TAMS 0x0000000780200000| PB 0x0000000780200000| Untracked |  0
|1026|0x0000000780400000, 0x0000000780400000, 0x0000000780600000|  0%| F|  |TAMS 0x0000000780400000| PB 0x0000000780400000| Untracked |  0
|1027|0x0000000780600000, 0x0000000780600000, 0x0000000780800000|  0%| F|  |TAMS 0x0000000780600000| PB 0x0000000780600000| Untracked |  0
|1028|0x0000000780800000, 0x0000000780800000, 0x0000000780a00000|  0%| F|  |TAMS 0x0000000780800000| PB 0x0000000780800000| Untracked |  0
|1029|0x0000000780a00000, 0x0000000780a00000, 0x0000000780c00000|  0%| F|  |TAMS 0x0000000780a00000| PB 0x0000000780a00000| Untracked |  0
|1030|0x0000000780c00000, 0x0000000780c00000, 0x0000000780e00000|  0%| F|  |TAMS 0x0000000780c00000| PB 0x0000000780c00000| Untracked |  0
|1031|0x0000000780e00000, 0x0000000780e00000, 0x0000000781000000|  0%| F|  |TAMS 0x0000000780e00000| PB 0x0000000780e00000| Untracked |  0
|1032|0x0000000781000000, 0x0000000781000000, 0x0000000781200000|  0%| F|  |TAMS 0x0000000781000000| PB 0x0000000781000000| Untracked |  0
|1033|0x0000000781200000, 0x0000000781200000, 0x0000000781400000|  0%| F|  |TAMS 0x0000000781200000| PB 0x0000000781200000| Untracked |  0
|1034|0x0000000781400000, 0x0000000781400000, 0x0000000781600000|  0%| F|  |TAMS 0x0000000781400000| PB 0x0000000781400000| Untracked |  0
|1035|0x0000000781600000, 0x0000000781600000, 0x0000000781800000|  0%| F|  |TAMS 0x0000000781600000| PB 0x0000000781600000| Untracked |  0
|1036|0x0000000781800000, 0x0000000781800000, 0x0000000781a00000|  0%| F|  |TAMS 0x0000000781800000| PB 0x0000000781800000| Untracked |  0
|1037|0x0000000781a00000, 0x0000000781a00000, 0x0000000781c00000|  0%| F|  |TAMS 0x0000000781a00000| PB 0x0000000781a00000| Untracked |  0
|1038|0x0000000781c00000, 0x0000000781c00000, 0x0000000781e00000|  0%| F|  |TAMS 0x0000000781c00000| PB 0x0000000781c00000| Untracked |  0
|1039|0x0000000781e00000, 0x0000000781e00000, 0x0000000782000000|  0%| F|  |TAMS 0x0000000781e00000| PB 0x0000000781e00000| Untracked |  0
|1040|0x0000000782000000, 0x0000000782000000, 0x0000000782200000|  0%| F|  |TAMS 0x0000000782000000| PB 0x0000000782000000| Untracked |  0
|1041|0x0000000782200000, 0x0000000782200000, 0x0000000782400000|  0%| F|  |TAMS 0x0000000782200000| PB 0x0000000782200000| Untracked |  0
|1042|0x0000000782400000, 0x0000000782400000, 0x0000000782600000|  0%| F|  |TAMS 0x0000000782400000| PB 0x0000000782400000| Untracked |  0
|1043|0x0000000782600000, 0x0000000782600000, 0x0000000782800000|  0%| F|  |TAMS 0x0000000782600000| PB 0x0000000782600000| Untracked |  0
|1044|0x0000000782800000, 0x0000000782800000, 0x0000000782a00000|  0%| F|  |TAMS 0x0000000782800000| PB 0x0000000782800000| Untracked |  0
|1045|0x0000000782a00000, 0x0000000782a00000, 0x0000000782c00000|  0%| F|  |TAMS 0x0000000782a00000| PB 0x0000000782a00000| Untracked |  0
|1046|0x0000000782c00000, 0x0000000782c00000, 0x0000000782e00000|  0%| F|  |TAMS 0x0000000782c00000| PB 0x0000000782c00000| Untracked |  0
|1047|0x0000000782e00000, 0x0000000782e00000, 0x0000000783000000|  0%| F|  |TAMS 0x0000000782e00000| PB 0x0000000782e00000| Untracked |  0
|1048|0x0000000783000000, 0x0000000783000000, 0x0000000783200000|  0%| F|  |TAMS 0x0000000783000000| PB 0x0000000783000000| Untracked |  0
|1049|0x0000000783200000, 0x0000000783200000, 0x0000000783400000|  0%| F|  |TAMS 0x0000000783200000| PB 0x0000000783200000| Untracked |  0
|1050|0x0000000783400000, 0x0000000783400000, 0x0000000783600000|  0%| F|  |TAMS 0x0000000783400000| PB 0x0000000783400000| Untracked |  0
|1051|0x0000000783600000, 0x0000000783600000, 0x0000000783800000|  0%| F|  |TAMS 0x0000000783600000| PB 0x0000000783600000| Untracked |  0
|1052|0x0000000783800000, 0x0000000783800000, 0x0000000783a00000|  0%| F|  |TAMS 0x0000000783800000| PB 0x0000000783800000| Untracked |  0
|1053|0x0000000783a00000, 0x0000000783a00000, 0x0000000783c00000|  0%| F|  |TAMS 0x0000000783a00000| PB 0x0000000783a00000| Untracked |  0
|1054|0x0000000783c00000, 0x0000000783c00000, 0x0000000783e00000|  0%| F|  |TAMS 0x0000000783c00000| PB 0x0000000783c00000| Untracked |  0
|1055|0x0000000783e00000, 0x0000000783e00000, 0x0000000784000000|  0%| F|  |TAMS 0x0000000783e00000| PB 0x0000000783e00000| Untracked |  0
|1056|0x0000000784000000, 0x0000000784000000, 0x0000000784200000|  0%| F|  |TAMS 0x0000000784000000| PB 0x0000000784000000| Untracked |  0
|1057|0x0000000784200000, 0x0000000784200000, 0x0000000784400000|  0%| F|  |TAMS 0x0000000784200000| PB 0x0000000784200000| Untracked |  0
|1058|0x0000000784400000, 0x0000000784400000, 0x0000000784600000|  0%| F|  |TAMS 0x0000000784400000| PB 0x0000000784400000| Untracked |  0
|1059|0x0000000784600000, 0x0000000784600000, 0x0000000784800000|  0%| F|  |TAMS 0x0000000784600000| PB 0x0000000784600000| Untracked |  0
|1060|0x0000000784800000, 0x0000000784800000, 0x0000000784a00000|  0%| F|  |TAMS 0x0000000784800000| PB 0x0000000784800000| Untracked |  0
|1061|0x0000000784a00000, 0x0000000784a00000, 0x0000000784c00000|  0%| F|  |TAMS 0x0000000784a00000| PB 0x0000000784a00000| Untracked |  0
|1062|0x0000000784c00000, 0x0000000784c00000, 0x0000000784e00000|  0%| F|  |TAMS 0x0000000784c00000| PB 0x0000000784c00000| Untracked |  0
|1063|0x0000000784e00000, 0x0000000784e00000, 0x0000000785000000|  0%| F|  |TAMS 0x0000000784e00000| PB 0x0000000784e00000| Untracked |  0
|1064|0x0000000785000000, 0x0000000785000000, 0x0000000785200000|  0%| F|  |TAMS 0x0000000785000000| PB 0x0000000785000000| Untracked |  0
|1065|0x0000000785200000, 0x0000000785200000, 0x0000000785400000|  0%| F|  |TAMS 0x0000000785200000| PB 0x0000000785200000| Untracked |  0
|1066|0x0000000785400000, 0x0000000785400000, 0x0000000785600000|  0%| F|  |TAMS 0x0000000785400000| PB 0x0000000785400000| Untracked |  0
|1067|0x0000000785600000, 0x0000000785600000, 0x0000000785800000|  0%| F|  |TAMS 0x0000000785600000| PB 0x0000000785600000| Untracked |  0
|1068|0x0000000785800000, 0x0000000785800000, 0x0000000785a00000|  0%| F|  |TAMS 0x0000000785800000| PB 0x0000000785800000| Untracked |  0
|1069|0x0000000785a00000, 0x0000000785a00000, 0x0000000785c00000|  0%| F|  |TAMS 0x0000000785a00000| PB 0x0000000785a00000| Untracked |  0
|1070|0x0000000785c00000, 0x0000000785c00000, 0x0000000785e00000|  0%| F|  |TAMS 0x0000000785c00000| PB 0x0000000785c00000| Untracked |  0
|1071|0x0000000785e00000, 0x0000000785e00000, 0x0000000786000000|  0%| F|  |TAMS 0x0000000785e00000| PB 0x0000000785e00000| Untracked |  0
|1072|0x0000000786000000, 0x0000000786000000, 0x0000000786200000|  0%| F|  |TAMS 0x0000000786000000| PB 0x0000000786000000| Untracked |  0
|1073|0x0000000786200000, 0x0000000786200000, 0x0000000786400000|  0%| F|  |TAMS 0x0000000786200000| PB 0x0000000786200000| Untracked |  0
|1074|0x0000000786400000, 0x0000000786400000, 0x0000000786600000|  0%| F|  |TAMS 0x0000000786400000| PB 0x0000000786400000| Untracked |  0
|1075|0x0000000786600000, 0x0000000786600000, 0x0000000786800000|  0%| F|  |TAMS 0x0000000786600000| PB 0x0000000786600000| Untracked |  0
|1076|0x0000000786800000, 0x0000000786800000, 0x0000000786a00000|  0%| F|  |TAMS 0x0000000786800000| PB 0x0000000786800000| Untracked |  0
|1077|0x0000000786a00000, 0x0000000786a00000, 0x0000000786c00000|  0%| F|  |TAMS 0x0000000786a00000| PB 0x0000000786a00000| Untracked |  0
|1078|0x0000000786c00000, 0x0000000786c00000, 0x0000000786e00000|  0%| F|  |TAMS 0x0000000786c00000| PB 0x0000000786c00000| Untracked |  0
|1079|0x0000000786e00000, 0x0000000786e00000, 0x0000000787000000|  0%| F|  |TAMS 0x0000000786e00000| PB 0x0000000786e00000| Untracked |  0
|1080|0x0000000787000000, 0x0000000787000000, 0x0000000787200000|  0%| F|  |TAMS 0x0000000787000000| PB 0x0000000787000000| Untracked |  0
|1081|0x0000000787200000, 0x0000000787200000, 0x0000000787400000|  0%| F|  |TAMS 0x0000000787200000| PB 0x0000000787200000| Untracked |  0
|1082|0x0000000787400000, 0x0000000787400000, 0x0000000787600000|  0%| F|  |TAMS 0x0000000787400000| PB 0x0000000787400000| Untracked |  0
|1083|0x0000000787600000, 0x0000000787600000, 0x0000000787800000|  0%| F|  |TAMS 0x0000000787600000| PB 0x0000000787600000| Untracked |  0
|1084|0x0000000787800000, 0x0000000787800000, 0x0000000787a00000|  0%| F|  |TAMS 0x0000000787800000| PB 0x0000000787800000| Untracked |  0
|1085|0x0000000787a00000, 0x0000000787a00000, 0x0000000787c00000|  0%| F|  |TAMS 0x0000000787a00000| PB 0x0000000787a00000| Untracked |  0
|1086|0x0000000787c00000, 0x0000000787c00000, 0x0000000787e00000|  0%| F|  |TAMS 0x0000000787c00000| PB 0x0000000787c00000| Untracked |  0
|1087|0x0000000787e00000, 0x0000000787e00000, 0x0000000788000000|  0%| F|  |TAMS 0x0000000787e00000| PB 0x0000000787e00000| Untracked |  0
|1088|0x0000000788000000, 0x0000000788000000, 0x0000000788200000|  0%| F|  |TAMS 0x0000000788000000| PB 0x0000000788000000| Untracked |  0
|1089|0x0000000788200000, 0x0000000788200000, 0x0000000788400000|  0%| F|  |TAMS 0x0000000788200000| PB 0x0000000788200000| Untracked |  0
|1090|0x0000000788400000, 0x0000000788400000, 0x0000000788600000|  0%| F|  |TAMS 0x0000000788400000| PB 0x0000000788400000| Untracked |  0
|1091|0x0000000788600000, 0x0000000788600000, 0x0000000788800000|  0%| F|  |TAMS 0x0000000788600000| PB 0x0000000788600000| Untracked |  0
|1092|0x0000000788800000, 0x0000000788800000, 0x0000000788a00000|  0%| F|  |TAMS 0x0000000788800000| PB 0x0000000788800000| Untracked |  0
|1093|0x0000000788a00000, 0x0000000788a00000, 0x0000000788c00000|  0%| F|  |TAMS 0x0000000788a00000| PB 0x0000000788a00000| Untracked |  0
|1094|0x0000000788c00000, 0x0000000788c00000, 0x0000000788e00000|  0%| F|  |TAMS 0x0000000788c00000| PB 0x0000000788c00000| Untracked |  0
|1095|0x0000000788e00000, 0x0000000788e00000, 0x0000000789000000|  0%| F|  |TAMS 0x0000000788e00000| PB 0x0000000788e00000| Untracked |  0
|1096|0x0000000789000000, 0x0000000789000000, 0x0000000789200000|  0%| F|  |TAMS 0x0000000789000000| PB 0x0000000789000000| Untracked |  0
|1097|0x0000000789200000, 0x0000000789200000, 0x0000000789400000|  0%| F|  |TAMS 0x0000000789200000| PB 0x0000000789200000| Untracked |  0
|1098|0x0000000789400000, 0x0000000789400000, 0x0000000789600000|  0%| F|  |TAMS 0x0000000789400000| PB 0x0000000789400000| Untracked |  0
|1099|0x0000000789600000, 0x0000000789600000, 0x0000000789800000|  0%| F|  |TAMS 0x0000000789600000| PB 0x0000000789600000| Untracked |  0
|1100|0x0000000789800000, 0x0000000789800000, 0x0000000789a00000|  0%| F|  |TAMS 0x0000000789800000| PB 0x0000000789800000| Untracked |  0
|1101|0x0000000789a00000, 0x0000000789a00000, 0x0000000789c00000|  0%| F|  |TAMS 0x0000000789a00000| PB 0x0000000789a00000| Untracked |  0
|1102|0x0000000789c00000, 0x0000000789c00000, 0x0000000789e00000|  0%| F|  |TAMS 0x0000000789c00000| PB 0x0000000789c00000| Untracked |  0
|1103|0x0000000789e00000, 0x0000000789e00000, 0x000000078a000000|  0%| F|  |TAMS 0x0000000789e00000| PB 0x0000000789e00000| Untracked |  0
|1104|0x000000078a000000, 0x000000078a000000, 0x000000078a200000|  0%| F|  |TAMS 0x000000078a000000| PB 0x000000078a000000| Untracked |  0
|1105|0x000000078a200000, 0x000000078a200000, 0x000000078a400000|  0%| F|  |TAMS 0x000000078a200000| PB 0x000000078a200000| Untracked |  0
|1106|0x000000078a400000, 0x000000078a400000, 0x000000078a600000|  0%| F|  |TAMS 0x000000078a400000| PB 0x000000078a400000| Untracked |  0
|1107|0x000000078a600000, 0x000000078a600000, 0x000000078a800000|  0%| F|  |TAMS 0x000000078a600000| PB 0x000000078a600000| Untracked |  0
|1108|0x000000078a800000, 0x000000078a800000, 0x000000078aa00000|  0%| F|  |TAMS 0x000000078a800000| PB 0x000000078a800000| Untracked |  0
|1109|0x000000078aa00000, 0x000000078aa00000, 0x000000078ac00000|  0%| F|  |TAMS 0x000000078aa00000| PB 0x000000078aa00000| Untracked |  0
|1110|0x000000078ac00000, 0x000000078ac00000, 0x000000078ae00000|  0%| F|  |TAMS 0x000000078ac00000| PB 0x000000078ac00000| Untracked |  0
|1111|0x000000078ae00000, 0x000000078ae00000, 0x000000078b000000|  0%| F|  |TAMS 0x000000078ae00000| PB 0x000000078ae00000| Untracked |  0
|1112|0x000000078b000000, 0x000000078b000000, 0x000000078b200000|  0%| F|  |TAMS 0x000000078b000000| PB 0x000000078b000000| Untracked |  0
|1113|0x000000078b200000, 0x000000078b200000, 0x000000078b400000|  0%| F|  |TAMS 0x000000078b200000| PB 0x000000078b200000| Untracked |  0
|1114|0x000000078b400000, 0x000000078b400000, 0x000000078b600000|  0%| F|  |TAMS 0x000000078b400000| PB 0x000000078b400000| Untracked |  0
|1115|0x000000078b600000, 0x000000078b600000, 0x000000078b800000|  0%| F|  |TAMS 0x000000078b600000| PB 0x000000078b600000| Untracked |  0
|1116|0x000000078b800000, 0x000000078b800000, 0x000000078ba00000|  0%| F|  |TAMS 0x000000078b800000| PB 0x000000078b800000| Untracked |  0
|1117|0x000000078ba00000, 0x000000078ba00000, 0x000000078bc00000|  0%| F|  |TAMS 0x000000078ba00000| PB 0x000000078ba00000| Untracked |  0
|1118|0x000000078bc00000, 0x000000078bc00000, 0x000000078be00000|  0%| F|  |TAMS 0x000000078bc00000| PB 0x000000078bc00000| Untracked |  0
|1119|0x000000078be00000, 0x000000078be00000, 0x000000078c000000|  0%| F|  |TAMS 0x000000078be00000| PB 0x000000078be00000| Untracked |  0
|1120|0x000000078c000000, 0x000000078c000000, 0x000000078c200000|  0%| F|  |TAMS 0x000000078c000000| PB 0x000000078c000000| Untracked |  0
|1121|0x000000078c200000, 0x000000078c200000, 0x000000078c400000|  0%| F|  |TAMS 0x000000078c200000| PB 0x000000078c200000| Untracked |  0
|1122|0x000000078c400000, 0x000000078c400000, 0x000000078c600000|  0%| F|  |TAMS 0x000000078c400000| PB 0x000000078c400000| Untracked |  0
|1123|0x000000078c600000, 0x000000078c600000, 0x000000078c800000|  0%| F|  |TAMS 0x000000078c600000| PB 0x000000078c600000| Untracked |  0
|1124|0x000000078c800000, 0x000000078c800000, 0x000000078ca00000|  0%| F|  |TAMS 0x000000078c800000| PB 0x000000078c800000| Untracked |  0
|1125|0x000000078ca00000, 0x000000078ca00000, 0x000000078cc00000|  0%| F|  |TAMS 0x000000078ca00000| PB 0x000000078ca00000| Untracked |  0
|1126|0x000000078cc00000, 0x000000078cc00000, 0x000000078ce00000|  0%| F|  |TAMS 0x000000078cc00000| PB 0x000000078cc00000| Untracked |  0
|1127|0x000000078ce00000, 0x000000078ce00000, 0x000000078d000000|  0%| F|  |TAMS 0x000000078ce00000| PB 0x000000078ce00000| Untracked |  0
|1128|0x000000078d000000, 0x000000078d000000, 0x000000078d200000|  0%| F|  |TAMS 0x000000078d000000| PB 0x000000078d000000| Untracked |  0
|1129|0x000000078d200000, 0x000000078d200000, 0x000000078d400000|  0%| F|  |TAMS 0x000000078d200000| PB 0x000000078d200000| Untracked |  0
|1130|0x000000078d400000, 0x000000078d400000, 0x000000078d600000|  0%| F|  |TAMS 0x000000078d400000| PB 0x000000078d400000| Untracked |  0
|1131|0x000000078d600000, 0x000000078d600000, 0x000000078d800000|  0%| F|  |TAMS 0x000000078d600000| PB 0x000000078d600000| Untracked |  0
|1132|0x000000078d800000, 0x000000078d800000, 0x000000078da00000|  0%| F|  |TAMS 0x000000078d800000| PB 0x000000078d800000| Untracked |  0
|1133|0x000000078da00000, 0x000000078da00000, 0x000000078dc00000|  0%| F|  |TAMS 0x000000078da00000| PB 0x000000078da00000| Untracked |  0
|1134|0x000000078dc00000, 0x000000078dc00000, 0x000000078de00000|  0%| F|  |TAMS 0x000000078dc00000| PB 0x000000078dc00000| Untracked |  0
|1135|0x000000078de00000, 0x000000078de00000, 0x000000078e000000|  0%| F|  |TAMS 0x000000078de00000| PB 0x000000078de00000| Untracked |  0
|1136|0x000000078e000000, 0x000000078e000000, 0x000000078e200000|  0%| F|  |TAMS 0x000000078e000000| PB 0x000000078e000000| Untracked |  0
|1137|0x000000078e200000, 0x000000078e200000, 0x000000078e400000|  0%| F|  |TAMS 0x000000078e200000| PB 0x000000078e200000| Untracked |  0
|1138|0x000000078e400000, 0x000000078e400000, 0x000000078e600000|  0%| F|  |TAMS 0x000000078e400000| PB 0x000000078e400000| Untracked |  0
|1139|0x000000078e600000, 0x000000078e600000, 0x000000078e800000|  0%| F|  |TAMS 0x000000078e600000| PB 0x000000078e600000| Untracked |  0
|1140|0x000000078e800000, 0x000000078e800000, 0x000000078ea00000|  0%| F|  |TAMS 0x000000078e800000| PB 0x000000078e800000| Untracked |  0
|1141|0x000000078ea00000, 0x000000078ea00000, 0x000000078ec00000|  0%| F|  |TAMS 0x000000078ea00000| PB 0x000000078ea00000| Untracked |  0
|1142|0x000000078ec00000, 0x000000078ec00000, 0x000000078ee00000|  0%| F|  |TAMS 0x000000078ec00000| PB 0x000000078ec00000| Untracked |  0
|1143|0x000000078ee00000, 0x000000078ee00000, 0x000000078f000000|  0%| F|  |TAMS 0x000000078ee00000| PB 0x000000078ee00000| Untracked |  0
|1144|0x000000078f000000, 0x000000078f000000, 0x000000078f200000|  0%| F|  |TAMS 0x000000078f000000| PB 0x000000078f000000| Untracked |  0
|1145|0x000000078f200000, 0x000000078f200000, 0x000000078f400000|  0%| F|  |TAMS 0x000000078f200000| PB 0x000000078f200000| Untracked |  0
|1146|0x000000078f400000, 0x000000078f400000, 0x000000078f600000|  0%| F|  |TAMS 0x000000078f400000| PB 0x000000078f400000| Untracked |  0
|1147|0x000000078f600000, 0x000000078f600000, 0x000000078f800000|  0%| F|  |TAMS 0x000000078f600000| PB 0x000000078f600000| Untracked |  0
|1148|0x000000078f800000, 0x000000078f800000, 0x000000078fa00000|  0%| F|  |TAMS 0x000000078f800000| PB 0x000000078f800000| Untracked |  0
|1149|0x000000078fa00000, 0x000000078fa00000, 0x000000078fc00000|  0%| F|  |TAMS 0x000000078fa00000| PB 0x000000078fa00000| Untracked |  0
|1150|0x000000078fc00000, 0x000000078fc00000, 0x000000078fe00000|  0%| F|  |TAMS 0x000000078fc00000| PB 0x000000078fc00000| Untracked |  0
|1151|0x000000078fe00000, 0x000000078fe00000, 0x0000000790000000|  0%| F|  |TAMS 0x000000078fe00000| PB 0x000000078fe00000| Untracked |  0
|1152|0x0000000790000000, 0x0000000790000000, 0x0000000790200000|  0%| F|  |TAMS 0x0000000790000000| PB 0x0000000790000000| Untracked |  0
|1153|0x0000000790200000, 0x0000000790200000, 0x0000000790400000|  0%| F|  |TAMS 0x0000000790200000| PB 0x0000000790200000| Untracked |  0
|1154|0x0000000790400000, 0x0000000790400000, 0x0000000790600000|  0%| F|  |TAMS 0x0000000790400000| PB 0x0000000790400000| Untracked |  0
|1155|0x0000000790600000, 0x0000000790600000, 0x0000000790800000|  0%| F|  |TAMS 0x0000000790600000| PB 0x0000000790600000| Untracked |  0
|1156|0x0000000790800000, 0x0000000790800000, 0x0000000790a00000|  0%| F|  |TAMS 0x0000000790800000| PB 0x0000000790800000| Untracked |  0
|1157|0x0000000790a00000, 0x0000000790a00000, 0x0000000790c00000|  0%| F|  |TAMS 0x0000000790a00000| PB 0x0000000790a00000| Untracked |  0
|1158|0x0000000790c00000, 0x0000000790c00000, 0x0000000790e00000|  0%| F|  |TAMS 0x0000000790c00000| PB 0x0000000790c00000| Untracked |  0
|1159|0x0000000790e00000, 0x0000000790e00000, 0x0000000791000000|  0%| F|  |TAMS 0x0000000790e00000| PB 0x0000000790e00000| Untracked |  0
|1160|0x0000000791000000, 0x0000000791000000, 0x0000000791200000|  0%| F|  |TAMS 0x0000000791000000| PB 0x0000000791000000| Untracked |  0
|1161|0x0000000791200000, 0x0000000791200000, 0x0000000791400000|  0%| F|  |TAMS 0x0000000791200000| PB 0x0000000791200000| Untracked |  0
|1162|0x0000000791400000, 0x0000000791400000, 0x0000000791600000|  0%| F|  |TAMS 0x0000000791400000| PB 0x0000000791400000| Untracked |  0
|1163|0x0000000791600000, 0x0000000791600000, 0x0000000791800000|  0%| F|  |TAMS 0x0000000791600000| PB 0x0000000791600000| Untracked |  0
|1164|0x0000000791800000, 0x0000000791800000, 0x0000000791a00000|  0%| F|  |TAMS 0x0000000791800000| PB 0x0000000791800000| Untracked |  0
|1165|0x0000000791a00000, 0x0000000791a00000, 0x0000000791c00000|  0%| F|  |TAMS 0x0000000791a00000| PB 0x0000000791a00000| Untracked |  0
|1166|0x0000000791c00000, 0x0000000791c00000, 0x0000000791e00000|  0%| F|  |TAMS 0x0000000791c00000| PB 0x0000000791c00000| Untracked |  0
|1167|0x0000000791e00000, 0x0000000791e00000, 0x0000000792000000|  0%| F|  |TAMS 0x0000000791e00000| PB 0x0000000791e00000| Untracked |  0
|1168|0x0000000792000000, 0x0000000792000000, 0x0000000792200000|  0%| F|  |TAMS 0x0000000792000000| PB 0x0000000792000000| Untracked |  0
|1169|0x0000000792200000, 0x0000000792200000, 0x0000000792400000|  0%| F|  |TAMS 0x0000000792200000| PB 0x0000000792200000| Untracked |  0
|1170|0x0000000792400000, 0x0000000792400000, 0x0000000792600000|  0%| F|  |TAMS 0x0000000792400000| PB 0x0000000792400000| Untracked |  0
|1171|0x0000000792600000, 0x0000000792600000, 0x0000000792800000|  0%| F|  |TAMS 0x0000000792600000| PB 0x0000000792600000| Untracked |  0
|1172|0x0000000792800000, 0x0000000792800000, 0x0000000792a00000|  0%| F|  |TAMS 0x0000000792800000| PB 0x0000000792800000| Untracked |  0
|1173|0x0000000792a00000, 0x0000000792a00000, 0x0000000792c00000|  0%| F|  |TAMS 0x0000000792a00000| PB 0x0000000792a00000| Untracked |  0
|1174|0x0000000792c00000, 0x0000000792c00000, 0x0000000792e00000|  0%| F|  |TAMS 0x0000000792c00000| PB 0x0000000792c00000| Untracked |  0
|1175|0x0000000792e00000, 0x0000000792e00000, 0x0000000793000000|  0%| F|  |TAMS 0x0000000792e00000| PB 0x0000000792e00000| Untracked |  0
|1176|0x0000000793000000, 0x0000000793000000, 0x0000000793200000|  0%| F|  |TAMS 0x0000000793000000| PB 0x0000000793000000| Untracked |  0
|1177|0x0000000793200000, 0x0000000793200000, 0x0000000793400000|  0%| F|  |TAMS 0x0000000793200000| PB 0x0000000793200000| Untracked |  0
|1178|0x0000000793400000, 0x0000000793400000, 0x0000000793600000|  0%| F|  |TAMS 0x0000000793400000| PB 0x0000000793400000| Untracked |  0
|1179|0x0000000793600000, 0x0000000793600000, 0x0000000793800000|  0%| F|  |TAMS 0x0000000793600000| PB 0x0000000793600000| Untracked |  0
|1180|0x0000000793800000, 0x0000000793800000, 0x0000000793a00000|  0%| F|  |TAMS 0x0000000793800000| PB 0x0000000793800000| Untracked |  0
|1181|0x0000000793a00000, 0x0000000793a00000, 0x0000000793c00000|  0%| F|  |TAMS 0x0000000793a00000| PB 0x0000000793a00000| Untracked |  0
|1182|0x0000000793c00000, 0x0000000793c00000, 0x0000000793e00000|  0%| F|  |TAMS 0x0000000793c00000| PB 0x0000000793c00000| Untracked |  0
|1183|0x0000000793e00000, 0x0000000793e00000, 0x0000000794000000|  0%| F|  |TAMS 0x0000000793e00000| PB 0x0000000793e00000| Untracked |  0
|1184|0x0000000794000000, 0x0000000794000000, 0x0000000794200000|  0%| F|  |TAMS 0x0000000794000000| PB 0x0000000794000000| Untracked |  0
|1185|0x0000000794200000, 0x0000000794200000, 0x0000000794400000|  0%| F|  |TAMS 0x0000000794200000| PB 0x0000000794200000| Untracked |  0
|1186|0x0000000794400000, 0x0000000794400000, 0x0000000794600000|  0%| F|  |TAMS 0x0000000794400000| PB 0x0000000794400000| Untracked |  0
|1187|0x0000000794600000, 0x0000000794600000, 0x0000000794800000|  0%| F|  |TAMS 0x0000000794600000| PB 0x0000000794600000| Untracked |  0
|1188|0x0000000794800000, 0x0000000794800000, 0x0000000794a00000|  0%| F|  |TAMS 0x0000000794800000| PB 0x0000000794800000| Untracked |  0
|1189|0x0000000794a00000, 0x0000000794a00000, 0x0000000794c00000|  0%| F|  |TAMS 0x0000000794a00000| PB 0x0000000794a00000| Untracked |  0
|1190|0x0000000794c00000, 0x0000000794c00000, 0x0000000794e00000|  0%| F|  |TAMS 0x0000000794c00000| PB 0x0000000794c00000| Untracked |  0
|1191|0x0000000794e00000, 0x0000000794e00000, 0x0000000795000000|  0%| F|  |TAMS 0x0000000794e00000| PB 0x0000000794e00000| Untracked |  0
|1192|0x0000000795000000, 0x0000000795000000, 0x0000000795200000|  0%| F|  |TAMS 0x0000000795000000| PB 0x0000000795000000| Untracked |  0
|1193|0x0000000795200000, 0x0000000795200000, 0x0000000795400000|  0%| F|  |TAMS 0x0000000795200000| PB 0x0000000795200000| Untracked |  0
|1194|0x0000000795400000, 0x0000000795400000, 0x0000000795600000|  0%| F|  |TAMS 0x0000000795400000| PB 0x0000000795400000| Untracked |  0
|1195|0x0000000795600000, 0x0000000795600000, 0x0000000795800000|  0%| F|  |TAMS 0x0000000795600000| PB 0x0000000795600000| Untracked |  0
|1196|0x0000000795800000, 0x0000000795800000, 0x0000000795a00000|  0%| F|  |TAMS 0x0000000795800000| PB 0x0000000795800000| Untracked |  0
|1197|0x0000000795a00000, 0x0000000795a00000, 0x0000000795c00000|  0%| F|  |TAMS 0x0000000795a00000| PB 0x0000000795a00000| Untracked |  0
|1198|0x0000000795c00000, 0x0000000795c00000, 0x0000000795e00000|  0%| F|  |TAMS 0x0000000795c00000| PB 0x0000000795c00000| Untracked |  0
|1199|0x0000000795e00000, 0x0000000795e00000, 0x0000000796000000|  0%| F|  |TAMS 0x0000000795e00000| PB 0x0000000795e00000| Untracked |  0
|1200|0x0000000796000000, 0x0000000796000000, 0x0000000796200000|  0%| F|  |TAMS 0x0000000796000000| PB 0x0000000796000000| Untracked |  0
|1201|0x0000000796200000, 0x0000000796200000, 0x0000000796400000|  0%| F|  |TAMS 0x0000000796200000| PB 0x0000000796200000| Untracked |  0
|1202|0x0000000796400000, 0x0000000796400000, 0x0000000796600000|  0%| F|  |TAMS 0x0000000796400000| PB 0x0000000796400000| Untracked |  0
|1203|0x0000000796600000, 0x0000000796600000, 0x0000000796800000|  0%| F|  |TAMS 0x0000000796600000| PB 0x0000000796600000| Untracked |  0
|1204|0x0000000796800000, 0x0000000796800000, 0x0000000796a00000|  0%| F|  |TAMS 0x0000000796800000| PB 0x0000000796800000| Untracked |  0
|1205|0x0000000796a00000, 0x0000000796a00000, 0x0000000796c00000|  0%| F|  |TAMS 0x0000000796a00000| PB 0x0000000796a00000| Untracked |  0
|1206|0x0000000796c00000, 0x0000000796c00000, 0x0000000796e00000|  0%| F|  |TAMS 0x0000000796c00000| PB 0x0000000796c00000| Untracked |  0
|1207|0x0000000796e00000, 0x0000000796e00000, 0x0000000797000000|  0%| F|  |TAMS 0x0000000796e00000| PB 0x0000000796e00000| Untracked |  0
|1208|0x0000000797000000, 0x0000000797000000, 0x0000000797200000|  0%| F|  |TAMS 0x0000000797000000| PB 0x0000000797000000| Untracked |  0
|1209|0x0000000797200000, 0x0000000797200000, 0x0000000797400000|  0%| F|  |TAMS 0x0000000797200000| PB 0x0000000797200000| Untracked |  0
|1210|0x0000000797400000, 0x0000000797400000, 0x0000000797600000|  0%| F|  |TAMS 0x0000000797400000| PB 0x0000000797400000| Untracked |  0
|1211|0x0000000797600000, 0x0000000797600000, 0x0000000797800000|  0%| F|  |TAMS 0x0000000797600000| PB 0x0000000797600000| Untracked |  0
|1212|0x0000000797800000, 0x0000000797800000, 0x0000000797a00000|  0%| F|  |TAMS 0x0000000797800000| PB 0x0000000797800000| Untracked |  0
|1213|0x0000000797a00000, 0x0000000797a00000, 0x0000000797c00000|  0%| F|  |TAMS 0x0000000797a00000| PB 0x0000000797a00000| Untracked |  0
|1214|0x0000000797c00000, 0x0000000797c00000, 0x0000000797e00000|  0%| F|  |TAMS 0x0000000797c00000| PB 0x0000000797c00000| Untracked |  0
|1215|0x0000000797e00000, 0x0000000797e00000, 0x0000000798000000|  0%| F|  |TAMS 0x0000000797e00000| PB 0x0000000797e00000| Untracked |  0
|1216|0x0000000798000000, 0x0000000798000000, 0x0000000798200000|  0%| F|  |TAMS 0x0000000798000000| PB 0x0000000798000000| Untracked |  0
|1217|0x0000000798200000, 0x0000000798200000, 0x0000000798400000|  0%| F|  |TAMS 0x0000000798200000| PB 0x0000000798200000| Untracked |  0
|1218|0x0000000798400000, 0x0000000798400000, 0x0000000798600000|  0%| F|  |TAMS 0x0000000798400000| PB 0x0000000798400000| Untracked |  0
|1219|0x0000000798600000, 0x0000000798600000, 0x0000000798800000|  0%| F|  |TAMS 0x0000000798600000| PB 0x0000000798600000| Untracked |  0
|1220|0x0000000798800000, 0x0000000798800000, 0x0000000798a00000|  0%| F|  |TAMS 0x0000000798800000| PB 0x0000000798800000| Untracked |  0
|1221|0x0000000798a00000, 0x0000000798a00000, 0x0000000798c00000|  0%| F|  |TAMS 0x0000000798a00000| PB 0x0000000798a00000| Untracked |  0
|1222|0x0000000798c00000, 0x0000000798c00000, 0x0000000798e00000|  0%| F|  |TAMS 0x0000000798c00000| PB 0x0000000798c00000| Untracked |  0
|1223|0x0000000798e00000, 0x0000000798e00000, 0x0000000799000000|  0%| F|  |TAMS 0x0000000798e00000| PB 0x0000000798e00000| Untracked |  0
|1224|0x0000000799000000, 0x0000000799000000, 0x0000000799200000|  0%| F|  |TAMS 0x0000000799000000| PB 0x0000000799000000| Untracked |  0
|1225|0x0000000799200000, 0x0000000799200000, 0x0000000799400000|  0%| F|  |TAMS 0x0000000799200000| PB 0x0000000799200000| Untracked |  0
|1226|0x0000000799400000, 0x0000000799400000, 0x0000000799600000|  0%| F|  |TAMS 0x0000000799400000| PB 0x0000000799400000| Untracked |  0
|1227|0x0000000799600000, 0x0000000799600000, 0x0000000799800000|  0%| F|  |TAMS 0x0000000799600000| PB 0x0000000799600000| Untracked |  0
|1228|0x0000000799800000, 0x0000000799800000, 0x0000000799a00000|  0%| F|  |TAMS 0x0000000799800000| PB 0x0000000799800000| Untracked |  0
|1229|0x0000000799a00000, 0x0000000799a00000, 0x0000000799c00000|  0%| F|  |TAMS 0x0000000799a00000| PB 0x0000000799a00000| Untracked |  0
|1230|0x0000000799c00000, 0x0000000799c00000, 0x0000000799e00000|  0%| F|  |TAMS 0x0000000799c00000| PB 0x0000000799c00000| Untracked |  0
|1231|0x0000000799e00000, 0x0000000799e00000, 0x000000079a000000|  0%| F|  |TAMS 0x0000000799e00000| PB 0x0000000799e00000| Untracked |  0
|1232|0x000000079a000000, 0x000000079a000000, 0x000000079a200000|  0%| F|  |TAMS 0x000000079a000000| PB 0x000000079a000000| Untracked |  0
|1233|0x000000079a200000, 0x000000079a200000, 0x000000079a400000|  0%| F|  |TAMS 0x000000079a200000| PB 0x000000079a200000| Untracked |  0
|1234|0x000000079a400000, 0x000000079a400000, 0x000000079a600000|  0%| F|  |TAMS 0x000000079a400000| PB 0x000000079a400000| Untracked |  0
|1235|0x000000079a600000, 0x000000079a600000, 0x000000079a800000|  0%| F|  |TAMS 0x000000079a600000| PB 0x000000079a600000| Untracked |  0
|1236|0x000000079a800000, 0x000000079a800000, 0x000000079aa00000|  0%| F|  |TAMS 0x000000079a800000| PB 0x000000079a800000| Untracked |  0
|1237|0x000000079aa00000, 0x000000079aa00000, 0x000000079ac00000|  0%| F|  |TAMS 0x000000079aa00000| PB 0x000000079aa00000| Untracked |  0
|1238|0x000000079ac00000, 0x000000079ac00000, 0x000000079ae00000|  0%| F|  |TAMS 0x000000079ac00000| PB 0x000000079ac00000| Untracked |  0
|1239|0x000000079ae00000, 0x000000079ae00000, 0x000000079b000000|  0%| F|  |TAMS 0x000000079ae00000| PB 0x000000079ae00000| Untracked |  0
|1240|0x000000079b000000, 0x000000079b000000, 0x000000079b200000|  0%| F|  |TAMS 0x000000079b000000| PB 0x000000079b000000| Untracked |  0
|1241|0x000000079b200000, 0x000000079b200000, 0x000000079b400000|  0%| F|  |TAMS 0x000000079b200000| PB 0x000000079b200000| Untracked |  0
|1242|0x000000079b400000, 0x000000079b400000, 0x000000079b600000|  0%| F|  |TAMS 0x000000079b400000| PB 0x000000079b400000| Untracked |  0
|1243|0x000000079b600000, 0x000000079b600000, 0x000000079b800000|  0%| F|  |TAMS 0x000000079b600000| PB 0x000000079b600000| Untracked |  0
|1244|0x000000079b800000, 0x000000079b800000, 0x000000079ba00000|  0%| F|  |TAMS 0x000000079b800000| PB 0x000000079b800000| Untracked |  0
|1245|0x000000079ba00000, 0x000000079ba00000, 0x000000079bc00000|  0%| F|  |TAMS 0x000000079ba00000| PB 0x000000079ba00000| Untracked |  0
|1246|0x000000079bc00000, 0x000000079bc00000, 0x000000079be00000|  0%| F|  |TAMS 0x000000079bc00000| PB 0x000000079bc00000| Untracked |  0
|1247|0x000000079be00000, 0x000000079be00000, 0x000000079c000000|  0%| F|  |TAMS 0x000000079be00000| PB 0x000000079be00000| Untracked |  0
|1248|0x000000079c000000, 0x000000079c000000, 0x000000079c200000|  0%| F|  |TAMS 0x000000079c000000| PB 0x000000079c000000| Untracked |  0
|1249|0x000000079c200000, 0x000000079c200000, 0x000000079c400000|  0%| F|  |TAMS 0x000000079c200000| PB 0x000000079c200000| Untracked |  0
|1250|0x000000079c400000, 0x000000079c400000, 0x000000079c600000|  0%| F|  |TAMS 0x000000079c400000| PB 0x000000079c400000| Untracked |  0
|1251|0x000000079c600000, 0x000000079c600000, 0x000000079c800000|  0%| F|  |TAMS 0x000000079c600000| PB 0x000000079c600000| Untracked |  0
|1252|0x000000079c800000, 0x000000079c800000, 0x000000079ca00000|  0%| F|  |TAMS 0x000000079c800000| PB 0x000000079c800000| Untracked |  0
|1253|0x000000079ca00000, 0x000000079ca00000, 0x000000079cc00000|  0%| F|  |TAMS 0x000000079ca00000| PB 0x000000079ca00000| Untracked |  0
|1254|0x000000079cc00000, 0x000000079cc00000, 0x000000079ce00000|  0%| F|  |TAMS 0x000000079cc00000| PB 0x000000079cc00000| Untracked |  0
|1255|0x000000079ce00000, 0x000000079ce00000, 0x000000079d000000|  0%| F|  |TAMS 0x000000079ce00000| PB 0x000000079ce00000| Untracked |  0
|1256|0x000000079d000000, 0x000000079d000000, 0x000000079d200000|  0%| F|  |TAMS 0x000000079d000000| PB 0x000000079d000000| Untracked |  0
|1257|0x000000079d200000, 0x000000079d200000, 0x000000079d400000|  0%| F|  |TAMS 0x000000079d200000| PB 0x000000079d200000| Untracked |  0
|1258|0x000000079d400000, 0x000000079d400000, 0x000000079d600000|  0%| F|  |TAMS 0x000000079d400000| PB 0x000000079d400000| Untracked |  0
|1259|0x000000079d600000, 0x000000079d600000, 0x000000079d800000|  0%| F|  |TAMS 0x000000079d600000| PB 0x000000079d600000| Untracked |  0
|1260|0x000000079d800000, 0x000000079d800000, 0x000000079da00000|  0%| F|  |TAMS 0x000000079d800000| PB 0x000000079d800000| Untracked |  0
|1261|0x000000079da00000, 0x000000079da00000, 0x000000079dc00000|  0%| F|  |TAMS 0x000000079da00000| PB 0x000000079da00000| Untracked |  0
|1262|0x000000079dc00000, 0x000000079dc00000, 0x000000079de00000|  0%| F|  |TAMS 0x000000079dc00000| PB 0x000000079dc00000| Untracked |  0
|1263|0x000000079de00000, 0x000000079de00000, 0x000000079e000000|  0%| F|  |TAMS 0x000000079de00000| PB 0x000000079de00000| Untracked |  0
|1264|0x000000079e000000, 0x000000079e000000, 0x000000079e200000|  0%| F|  |TAMS 0x000000079e000000| PB 0x000000079e000000| Untracked |  0
|1265|0x000000079e200000, 0x000000079e200000, 0x000000079e400000|  0%| F|  |TAMS 0x000000079e200000| PB 0x000000079e200000| Untracked |  0
|1266|0x000000079e400000, 0x000000079e400000, 0x000000079e600000|  0%| F|  |TAMS 0x000000079e400000| PB 0x000000079e400000| Untracked |  0
|1267|0x000000079e600000, 0x000000079e600000, 0x000000079e800000|  0%| F|  |TAMS 0x000000079e600000| PB 0x000000079e600000| Untracked |  0
|1268|0x000000079e800000, 0x000000079e800000, 0x000000079ea00000|  0%| F|  |TAMS 0x000000079e800000| PB 0x000000079e800000| Untracked |  0
|1269|0x000000079ea00000, 0x000000079ea00000, 0x000000079ec00000|  0%| F|  |TAMS 0x000000079ea00000| PB 0x000000079ea00000| Untracked |  0
|1270|0x000000079ec00000, 0x000000079ec00000, 0x000000079ee00000|  0%| F|  |TAMS 0x000000079ec00000| PB 0x000000079ec00000| Untracked |  0
|1271|0x000000079ee00000, 0x000000079ee00000, 0x000000079f000000|  0%| F|  |TAMS 0x000000079ee00000| PB 0x000000079ee00000| Untracked |  0
|1272|0x000000079f000000, 0x000000079f000000, 0x000000079f200000|  0%| F|  |TAMS 0x000000079f000000| PB 0x000000079f000000| Untracked |  0
|1273|0x000000079f200000, 0x000000079f200000, 0x000000079f400000|  0%| F|  |TAMS 0x000000079f200000| PB 0x000000079f200000| Untracked |  0
|1274|0x000000079f400000, 0x000000079f400000, 0x000000079f600000|  0%| F|  |TAMS 0x000000079f400000| PB 0x000000079f400000| Untracked |  0
|1275|0x000000079f600000, 0x000000079f600000, 0x000000079f800000|  0%| F|  |TAMS 0x000000079f600000| PB 0x000000079f600000| Untracked |  0
|1276|0x000000079f800000, 0x000000079f800000, 0x000000079fa00000|  0%| F|  |TAMS 0x000000079f800000| PB 0x000000079f800000| Untracked |  0
|1277|0x000000079fa00000, 0x000000079fa00000, 0x000000079fc00000|  0%| F|  |TAMS 0x000000079fa00000| PB 0x000000079fa00000| Untracked |  0
|1278|0x000000079fc00000, 0x000000079fc00000, 0x000000079fe00000|  0%| F|  |TAMS 0x000000079fc00000| PB 0x000000079fc00000| Untracked |  0
|1279|0x000000079fe00000, 0x000000079fe00000, 0x00000007a0000000|  0%| F|  |TAMS 0x000000079fe00000| PB 0x000000079fe00000| Untracked |  0
|1280|0x00000007a0000000, 0x00000007a0000000, 0x00000007a0200000|  0%| F|  |TAMS 0x00000007a0000000| PB 0x00000007a0000000| Untracked |  0
|1281|0x00000007a0200000, 0x00000007a0200000, 0x00000007a0400000|  0%| F|  |TAMS 0x00000007a0200000| PB 0x00000007a0200000| Untracked |  0
|1282|0x00000007a0400000, 0x00000007a0400000, 0x00000007a0600000|  0%| F|  |TAMS 0x00000007a0400000| PB 0x00000007a0400000| Untracked |  0
|1283|0x00000007a0600000, 0x00000007a0600000, 0x00000007a0800000|  0%| F|  |TAMS 0x00000007a0600000| PB 0x00000007a0600000| Untracked |  0
|1284|0x00000007a0800000, 0x00000007a0800000, 0x00000007a0a00000|  0%| F|  |TAMS 0x00000007a0800000| PB 0x00000007a0800000| Untracked |  0
|1285|0x00000007a0a00000, 0x00000007a0a00000, 0x00000007a0c00000|  0%| F|  |TAMS 0x00000007a0a00000| PB 0x00000007a0a00000| Untracked |  0
|1286|0x00000007a0c00000, 0x00000007a0c00000, 0x00000007a0e00000|  0%| F|  |TAMS 0x00000007a0c00000| PB 0x00000007a0c00000| Untracked |  0
|1287|0x00000007a0e00000, 0x00000007a0e00000, 0x00000007a1000000|  0%| F|  |TAMS 0x00000007a0e00000| PB 0x00000007a0e00000| Untracked |  0
|1288|0x00000007a1000000, 0x00000007a1000000, 0x00000007a1200000|  0%| F|  |TAMS 0x00000007a1000000| PB 0x00000007a1000000| Untracked |  0
|1289|0x00000007a1200000, 0x00000007a1200000, 0x00000007a1400000|  0%| F|  |TAMS 0x00000007a1200000| PB 0x00000007a1200000| Untracked |  0
|1290|0x00000007a1400000, 0x00000007a1400000, 0x00000007a1600000|  0%| F|  |TAMS 0x00000007a1400000| PB 0x00000007a1400000| Untracked |  0
|1291|0x00000007a1600000, 0x00000007a1600000, 0x00000007a1800000|  0%| F|  |TAMS 0x00000007a1600000| PB 0x00000007a1600000| Untracked |  0
|1292|0x00000007a1800000, 0x00000007a1800000, 0x00000007a1a00000|  0%| F|  |TAMS 0x00000007a1800000| PB 0x00000007a1800000| Untracked |  0
|1293|0x00000007a1a00000, 0x00000007a1a00000, 0x00000007a1c00000|  0%| F|  |TAMS 0x00000007a1a00000| PB 0x00000007a1a00000| Untracked |  0
|1294|0x00000007a1c00000, 0x00000007a1c00000, 0x00000007a1e00000|  0%| F|  |TAMS 0x00000007a1c00000| PB 0x00000007a1c00000| Untracked |  0
|1295|0x00000007a1e00000, 0x00000007a1e00000, 0x00000007a2000000|  0%| F|  |TAMS 0x00000007a1e00000| PB 0x00000007a1e00000| Untracked |  0
|1296|0x00000007a2000000, 0x00000007a2000000, 0x00000007a2200000|  0%| F|  |TAMS 0x00000007a2000000| PB 0x00000007a2000000| Untracked |  0
|1297|0x00000007a2200000, 0x00000007a2200000, 0x00000007a2400000|  0%| F|  |TAMS 0x00000007a2200000| PB 0x00000007a2200000| Untracked |  0
|1298|0x00000007a2400000, 0x00000007a2400000, 0x00000007a2600000|  0%| F|  |TAMS 0x00000007a2400000| PB 0x00000007a2400000| Untracked |  0
|1299|0x00000007a2600000, 0x00000007a2600000, 0x00000007a2800000|  0%| F|  |TAMS 0x00000007a2600000| PB 0x00000007a2600000| Untracked |  0
|1300|0x00000007a2800000, 0x00000007a2800000, 0x00000007a2a00000|  0%| F|  |TAMS 0x00000007a2800000| PB 0x00000007a2800000| Untracked |  0
|1301|0x00000007a2a00000, 0x00000007a2a00000, 0x00000007a2c00000|  0%| F|  |TAMS 0x00000007a2a00000| PB 0x00000007a2a00000| Untracked |  0
|1302|0x00000007a2c00000, 0x00000007a2c00000, 0x00000007a2e00000|  0%| F|  |TAMS 0x00000007a2c00000| PB 0x00000007a2c00000| Untracked |  0
|1303|0x00000007a2e00000, 0x00000007a2e00000, 0x00000007a3000000|  0%| F|  |TAMS 0x00000007a2e00000| PB 0x00000007a2e00000| Untracked |  0
|1304|0x00000007a3000000, 0x00000007a3000000, 0x00000007a3200000|  0%| F|  |TAMS 0x00000007a3000000| PB 0x00000007a3000000| Untracked |  0
|1305|0x00000007a3200000, 0x00000007a3200000, 0x00000007a3400000|  0%| F|  |TAMS 0x00000007a3200000| PB 0x00000007a3200000| Untracked |  0
|1306|0x00000007a3400000, 0x00000007a3400000, 0x00000007a3600000|  0%| F|  |TAMS 0x00000007a3400000| PB 0x00000007a3400000| Untracked |  0
|1307|0x00000007a3600000, 0x00000007a3600000, 0x00000007a3800000|  0%| F|  |TAMS 0x00000007a3600000| PB 0x00000007a3600000| Untracked |  0
|1308|0x00000007a3800000, 0x00000007a3800000, 0x00000007a3a00000|  0%| F|  |TAMS 0x00000007a3800000| PB 0x00000007a3800000| Untracked |  0
|1309|0x00000007a3a00000, 0x00000007a3a00000, 0x00000007a3c00000|  0%| F|  |TAMS 0x00000007a3a00000| PB 0x00000007a3a00000| Untracked |  0
|1310|0x00000007a3c00000, 0x00000007a3c00000, 0x00000007a3e00000|  0%| F|  |TAMS 0x00000007a3c00000| PB 0x00000007a3c00000| Untracked |  0
|1311|0x00000007a3e00000, 0x00000007a3e00000, 0x00000007a4000000|  0%| F|  |TAMS 0x00000007a3e00000| PB 0x00000007a3e00000| Untracked |  0
|1312|0x00000007a4000000, 0x00000007a4000000, 0x00000007a4200000|  0%| F|  |TAMS 0x00000007a4000000| PB 0x00000007a4000000| Untracked |  0
|1313|0x00000007a4200000, 0x00000007a4200000, 0x00000007a4400000|  0%| F|  |TAMS 0x00000007a4200000| PB 0x00000007a4200000| Untracked |  0
|1314|0x00000007a4400000, 0x00000007a4400000, 0x00000007a4600000|  0%| F|  |TAMS 0x00000007a4400000| PB 0x00000007a4400000| Untracked |  0
|1315|0x00000007a4600000, 0x00000007a4600000, 0x00000007a4800000|  0%| F|  |TAMS 0x00000007a4600000| PB 0x00000007a4600000| Untracked |  0
|1316|0x00000007a4800000, 0x00000007a4800000, 0x00000007a4a00000|  0%| F|  |TAMS 0x00000007a4800000| PB 0x00000007a4800000| Untracked |  0
|1317|0x00000007a4a00000, 0x00000007a4a00000, 0x00000007a4c00000|  0%| F|  |TAMS 0x00000007a4a00000| PB 0x00000007a4a00000| Untracked |  0
|1318|0x00000007a4c00000, 0x00000007a4c00000, 0x00000007a4e00000|  0%| F|  |TAMS 0x00000007a4c00000| PB 0x00000007a4c00000| Untracked |  0
|1319|0x00000007a4e00000, 0x00000007a4e00000, 0x00000007a5000000|  0%| F|  |TAMS 0x00000007a4e00000| PB 0x00000007a4e00000| Untracked |  0
|1320|0x00000007a5000000, 0x00000007a5000000, 0x00000007a5200000|  0%| F|  |TAMS 0x00000007a5000000| PB 0x00000007a5000000| Untracked |  0
|1321|0x00000007a5200000, 0x00000007a5200000, 0x00000007a5400000|  0%| F|  |TAMS 0x00000007a5200000| PB 0x00000007a5200000| Untracked |  0
|1322|0x00000007a5400000, 0x00000007a5400000, 0x00000007a5600000|  0%| F|  |TAMS 0x00000007a5400000| PB 0x00000007a5400000| Untracked |  0
|1323|0x00000007a5600000, 0x00000007a5600000, 0x00000007a5800000|  0%| F|  |TAMS 0x00000007a5600000| PB 0x00000007a5600000| Untracked |  0
|1324|0x00000007a5800000, 0x00000007a5800000, 0x00000007a5a00000|  0%| F|  |TAMS 0x00000007a5800000| PB 0x00000007a5800000| Untracked |  0
|1325|0x00000007a5a00000, 0x00000007a5a00000, 0x00000007a5c00000|  0%| F|  |TAMS 0x00000007a5a00000| PB 0x00000007a5a00000| Untracked |  0
|1326|0x00000007a5c00000, 0x00000007a5c00000, 0x00000007a5e00000|  0%| F|  |TAMS 0x00000007a5c00000| PB 0x00000007a5c00000| Untracked |  0
|1327|0x00000007a5e00000, 0x00000007a5e00000, 0x00000007a6000000|  0%| F|  |TAMS 0x00000007a5e00000| PB 0x00000007a5e00000| Untracked |  0
|1328|0x00000007a6000000, 0x00000007a6000000, 0x00000007a6200000|  0%| F|  |TAMS 0x00000007a6000000| PB 0x00000007a6000000| Untracked |  0
|1329|0x00000007a6200000, 0x00000007a6200000, 0x00000007a6400000|  0%| F|  |TAMS 0x00000007a6200000| PB 0x00000007a6200000| Untracked |  0
|1330|0x00000007a6400000, 0x00000007a6400000, 0x00000007a6600000|  0%| F|  |TAMS 0x00000007a6400000| PB 0x00000007a6400000| Untracked |  0
|1331|0x00000007a6600000, 0x00000007a6600000, 0x00000007a6800000|  0%| F|  |TAMS 0x00000007a6600000| PB 0x00000007a6600000| Untracked |  0
|1332|0x00000007a6800000, 0x00000007a6800000, 0x00000007a6a00000|  0%| F|  |TAMS 0x00000007a6800000| PB 0x00000007a6800000| Untracked |  0
|1333|0x00000007a6a00000, 0x00000007a6a00000, 0x00000007a6c00000|  0%| F|  |TAMS 0x00000007a6a00000| PB 0x00000007a6a00000| Untracked |  0
|1334|0x00000007a6c00000, 0x00000007a6c00000, 0x00000007a6e00000|  0%| F|  |TAMS 0x00000007a6c00000| PB 0x00000007a6c00000| Untracked |  0
|1335|0x00000007a6e00000, 0x00000007a6e00000, 0x00000007a7000000|  0%| F|  |TAMS 0x00000007a6e00000| PB 0x00000007a6e00000| Untracked |  0
|1336|0x00000007a7000000, 0x00000007a7000000, 0x00000007a7200000|  0%| F|  |TAMS 0x00000007a7000000| PB 0x00000007a7000000| Untracked |  0
|1337|0x00000007a7200000, 0x00000007a7200000, 0x00000007a7400000|  0%| F|  |TAMS 0x00000007a7200000| PB 0x00000007a7200000| Untracked |  0
|1338|0x00000007a7400000, 0x00000007a7400000, 0x00000007a7600000|  0%| F|  |TAMS 0x00000007a7400000| PB 0x00000007a7400000| Untracked |  0
|1339|0x00000007a7600000, 0x00000007a7600000, 0x00000007a7800000|  0%| F|  |TAMS 0x00000007a7600000| PB 0x00000007a7600000| Untracked |  0
|1340|0x00000007a7800000, 0x00000007a7800000, 0x00000007a7a00000|  0%| F|  |TAMS 0x00000007a7800000| PB 0x00000007a7800000| Untracked |  0
|1341|0x00000007a7a00000, 0x00000007a7a00000, 0x00000007a7c00000|  0%| F|  |TAMS 0x00000007a7a00000| PB 0x00000007a7a00000| Untracked |  0
|1342|0x00000007a7c00000, 0x00000007a7c00000, 0x00000007a7e00000|  0%| F|  |TAMS 0x00000007a7c00000| PB 0x00000007a7c00000| Untracked |  0
|1343|0x00000007a7e00000, 0x00000007a7e00000, 0x00000007a8000000|  0%| F|  |TAMS 0x00000007a7e00000| PB 0x00000007a7e00000| Untracked |  0
|1344|0x00000007a8000000, 0x00000007a8000000, 0x00000007a8200000|  0%| F|  |TAMS 0x00000007a8000000| PB 0x00000007a8000000| Untracked |  0
|1345|0x00000007a8200000, 0x00000007a8200000, 0x00000007a8400000|  0%| F|  |TAMS 0x00000007a8200000| PB 0x00000007a8200000| Untracked |  0
|1346|0x00000007a8400000, 0x00000007a8400000, 0x00000007a8600000|  0%| F|  |TAMS 0x00000007a8400000| PB 0x00000007a8400000| Untracked |  0
|1347|0x00000007a8600000, 0x00000007a8600000, 0x00000007a8800000|  0%| F|  |TAMS 0x00000007a8600000| PB 0x00000007a8600000| Untracked |  0
|1348|0x00000007a8800000, 0x00000007a8800000, 0x00000007a8a00000|  0%| F|  |TAMS 0x00000007a8800000| PB 0x00000007a8800000| Untracked |  0
|1349|0x00000007a8a00000, 0x00000007a8a00000, 0x00000007a8c00000|  0%| F|  |TAMS 0x00000007a8a00000| PB 0x00000007a8a00000| Untracked |  0
|1350|0x00000007a8c00000, 0x00000007a8c00000, 0x00000007a8e00000|  0%| F|  |TAMS 0x00000007a8c00000| PB 0x00000007a8c00000| Untracked |  0
|1351|0x00000007a8e00000, 0x00000007a8e00000, 0x00000007a9000000|  0%| F|  |TAMS 0x00000007a8e00000| PB 0x00000007a8e00000| Untracked |  0
|1352|0x00000007a9000000, 0x00000007a9000000, 0x00000007a9200000|  0%| F|  |TAMS 0x00000007a9000000| PB 0x00000007a9000000| Untracked |  0
|1353|0x00000007a9200000, 0x00000007a9200000, 0x00000007a9400000|  0%| F|  |TAMS 0x00000007a9200000| PB 0x00000007a9200000| Untracked |  0
|1354|0x00000007a9400000, 0x00000007a9400000, 0x00000007a9600000|  0%| F|  |TAMS 0x00000007a9400000| PB 0x00000007a9400000| Untracked |  0
|1355|0x00000007a9600000, 0x00000007a9600000, 0x00000007a9800000|  0%| F|  |TAMS 0x00000007a9600000| PB 0x00000007a9600000| Untracked |  0
|1356|0x00000007a9800000, 0x00000007a9800000, 0x00000007a9a00000|  0%| F|  |TAMS 0x00000007a9800000| PB 0x00000007a9800000| Untracked |  0
|1357|0x00000007a9a00000, 0x00000007a9a00000, 0x00000007a9c00000|  0%| F|  |TAMS 0x00000007a9a00000| PB 0x00000007a9a00000| Untracked |  0
|1358|0x00000007a9c00000, 0x00000007a9c00000, 0x00000007a9e00000|  0%| F|  |TAMS 0x00000007a9c00000| PB 0x00000007a9c00000| Untracked |  0
|1359|0x00000007a9e00000, 0x00000007a9e00000, 0x00000007aa000000|  0%| F|  |TAMS 0x00000007a9e00000| PB 0x00000007a9e00000| Untracked |  0
|1360|0x00000007aa000000, 0x00000007aa000000, 0x00000007aa200000|  0%| F|  |TAMS 0x00000007aa000000| PB 0x00000007aa000000| Untracked |  0
|1361|0x00000007aa200000, 0x00000007aa200000, 0x00000007aa400000|  0%| F|  |TAMS 0x00000007aa200000| PB 0x00000007aa200000| Untracked |  0
|1362|0x00000007aa400000, 0x00000007aa400000, 0x00000007aa600000|  0%| F|  |TAMS 0x00000007aa400000| PB 0x00000007aa400000| Untracked |  0
|1363|0x00000007aa600000, 0x00000007aa600000, 0x00000007aa800000|  0%| F|  |TAMS 0x00000007aa600000| PB 0x00000007aa600000| Untracked |  0
|1364|0x00000007aa800000, 0x00000007aa800000, 0x00000007aaa00000|  0%| F|  |TAMS 0x00000007aa800000| PB 0x00000007aa800000| Untracked |  0
|1365|0x00000007aaa00000, 0x00000007aaa00000, 0x00000007aac00000|  0%| F|  |TAMS 0x00000007aaa00000| PB 0x00000007aaa00000| Untracked |  0
|1366|0x00000007aac00000, 0x00000007aac00000, 0x00000007aae00000|  0%| F|  |TAMS 0x00000007aac00000| PB 0x00000007aac00000| Untracked |  0
|1367|0x00000007aae00000, 0x00000007aae00000, 0x00000007ab000000|  0%| F|  |TAMS 0x00000007aae00000| PB 0x00000007aae00000| Untracked |  0
|1368|0x00000007ab000000, 0x00000007ab000000, 0x00000007ab200000|  0%| F|  |TAMS 0x00000007ab000000| PB 0x00000007ab000000| Untracked |  0
|1369|0x00000007ab200000, 0x00000007ab200000, 0x00000007ab400000|  0%| F|  |TAMS 0x00000007ab200000| PB 0x00000007ab200000| Untracked |  0
|1370|0x00000007ab400000, 0x00000007ab400000, 0x00000007ab600000|  0%| F|  |TAMS 0x00000007ab400000| PB 0x00000007ab400000| Untracked |  0
|1371|0x00000007ab600000, 0x00000007ab600000, 0x00000007ab800000|  0%| F|  |TAMS 0x00000007ab600000| PB 0x00000007ab600000| Untracked |  0
|1372|0x00000007ab800000, 0x00000007ab800000, 0x00000007aba00000|  0%| F|  |TAMS 0x00000007ab800000| PB 0x00000007ab800000| Untracked |  0
|1373|0x00000007aba00000, 0x00000007aba00000, 0x00000007abc00000|  0%| F|  |TAMS 0x00000007aba00000| PB 0x00000007aba00000| Untracked |  0
|1374|0x00000007abc00000, 0x00000007abc00000, 0x00000007abe00000|  0%| F|  |TAMS 0x00000007abc00000| PB 0x00000007abc00000| Untracked |  0
|1375|0x00000007abe00000, 0x00000007abe00000, 0x00000007ac000000|  0%| F|  |TAMS 0x00000007abe00000| PB 0x00000007abe00000| Untracked |  0
|1376|0x00000007ac000000, 0x00000007ac000000, 0x00000007ac200000|  0%| F|  |TAMS 0x00000007ac000000| PB 0x00000007ac000000| Untracked |  0
|1377|0x00000007ac200000, 0x00000007ac200000, 0x00000007ac400000|  0%| F|  |TAMS 0x00000007ac200000| PB 0x00000007ac200000| Untracked |  0
|1378|0x00000007ac400000, 0x00000007ac400000, 0x00000007ac600000|  0%| F|  |TAMS 0x00000007ac400000| PB 0x00000007ac400000| Untracked |  0
|1379|0x00000007ac600000, 0x00000007ac600000, 0x00000007ac800000|  0%| F|  |TAMS 0x00000007ac600000| PB 0x00000007ac600000| Untracked |  0
|1380|0x00000007ac800000, 0x00000007ac800000, 0x00000007aca00000|  0%| F|  |TAMS 0x00000007ac800000| PB 0x00000007ac800000| Untracked |  0
|1381|0x00000007aca00000, 0x00000007aca00000, 0x00000007acc00000|  0%| F|  |TAMS 0x00000007aca00000| PB 0x00000007aca00000| Untracked |  0
|1382|0x00000007acc00000, 0x00000007acc00000, 0x00000007ace00000|  0%| F|  |TAMS 0x00000007acc00000| PB 0x00000007acc00000| Untracked |  0
|1383|0x00000007ace00000, 0x00000007ace00000, 0x00000007ad000000|  0%| F|  |TAMS 0x00000007ace00000| PB 0x00000007ace00000| Untracked |  0
|1384|0x00000007ad000000, 0x00000007ad000000, 0x00000007ad200000|  0%| F|  |TAMS 0x00000007ad000000| PB 0x00000007ad000000| Untracked |  0
|1385|0x00000007ad200000, 0x00000007ad200000, 0x00000007ad400000|  0%| F|  |TAMS 0x00000007ad200000| PB 0x00000007ad200000| Untracked |  0
|1386|0x00000007ad400000, 0x00000007ad400000, 0x00000007ad600000|  0%| F|  |TAMS 0x00000007ad400000| PB 0x00000007ad400000| Untracked |  0
|1387|0x00000007ad600000, 0x00000007ad600000, 0x00000007ad800000|  0%| F|  |TAMS 0x00000007ad600000| PB 0x00000007ad600000| Untracked |  0
|1388|0x00000007ad800000, 0x00000007ad800000, 0x00000007ada00000|  0%| F|  |TAMS 0x00000007ad800000| PB 0x00000007ad800000| Untracked |  0
|1389|0x00000007ada00000, 0x00000007ada00000, 0x00000007adc00000|  0%| F|  |TAMS 0x00000007ada00000| PB 0x00000007ada00000| Untracked |  0
|1390|0x00000007adc00000, 0x00000007adc00000, 0x00000007ade00000|  0%| F|  |TAMS 0x00000007adc00000| PB 0x00000007adc00000| Untracked |  0
|1391|0x00000007ade00000, 0x00000007ade00000, 0x00000007ae000000|  0%| F|  |TAMS 0x00000007ade00000| PB 0x00000007ade00000| Untracked |  0
|1392|0x00000007ae000000, 0x00000007ae000000, 0x00000007ae200000|  0%| F|  |TAMS 0x00000007ae000000| PB 0x00000007ae000000| Untracked |  0
|1393|0x00000007ae200000, 0x00000007ae200000, 0x00000007ae400000|  0%| F|  |TAMS 0x00000007ae200000| PB 0x00000007ae200000| Untracked |  0
|1394|0x00000007ae400000, 0x00000007ae400000, 0x00000007ae600000|  0%| F|  |TAMS 0x00000007ae400000| PB 0x00000007ae400000| Untracked |  0
|1395|0x00000007ae600000, 0x00000007ae600000, 0x00000007ae800000|  0%| F|  |TAMS 0x00000007ae600000| PB 0x00000007ae600000| Untracked |  0
|1396|0x00000007ae800000, 0x00000007ae800000, 0x00000007aea00000|  0%| F|  |TAMS 0x00000007ae800000| PB 0x00000007ae800000| Untracked |  0
|1397|0x00000007aea00000, 0x00000007aea00000, 0x00000007aec00000|  0%| F|  |TAMS 0x00000007aea00000| PB 0x00000007aea00000| Untracked |  0
|1398|0x00000007aec00000, 0x00000007aec00000, 0x00000007aee00000|  0%| F|  |TAMS 0x00000007aec00000| PB 0x00000007aec00000| Untracked |  0
|1399|0x00000007aee00000, 0x00000007aee00000, 0x00000007af000000|  0%| F|  |TAMS 0x00000007aee00000| PB 0x00000007aee00000| Untracked |  0
|1400|0x00000007af000000, 0x00000007af000000, 0x00000007af200000|  0%| F|  |TAMS 0x00000007af000000| PB 0x00000007af000000| Untracked |  0
|1401|0x00000007af200000, 0x00000007af200000, 0x00000007af400000|  0%| F|  |TAMS 0x00000007af200000| PB 0x00000007af200000| Untracked |  0
|1402|0x00000007af400000, 0x00000007af400000, 0x00000007af600000|  0%| F|  |TAMS 0x00000007af400000| PB 0x00000007af400000| Untracked |  0
|1403|0x00000007af600000, 0x00000007af600000, 0x00000007af800000|  0%| F|  |TAMS 0x00000007af600000| PB 0x00000007af600000| Untracked |  0
|1404|0x00000007af800000, 0x00000007af800000, 0x00000007afa00000|  0%| F|  |TAMS 0x00000007af800000| PB 0x00000007af800000| Untracked |  0
|1405|0x00000007afa00000, 0x00000007afa00000, 0x00000007afc00000|  0%| F|  |TAMS 0x00000007afa00000| PB 0x00000007afa00000| Untracked |  0
|1406|0x00000007afc00000, 0x00000007afc00000, 0x00000007afe00000|  0%| F|  |TAMS 0x00000007afc00000| PB 0x00000007afc00000| Untracked |  0
|1407|0x00000007afe00000, 0x00000007afe00000, 0x00000007b0000000|  0%| F|  |TAMS 0x00000007afe00000| PB 0x00000007afe00000| Untracked |  0
|1408|0x00000007b0000000, 0x00000007b0000000, 0x00000007b0200000|  0%| F|  |TAMS 0x00000007b0000000| PB 0x00000007b0000000| Untracked |  0
|1409|0x00000007b0200000, 0x00000007b0200000, 0x00000007b0400000|  0%| F|  |TAMS 0x00000007b0200000| PB 0x00000007b0200000| Untracked |  0
|1410|0x00000007b0400000, 0x00000007b0400000, 0x00000007b0600000|  0%| F|  |TAMS 0x00000007b0400000| PB 0x00000007b0400000| Untracked |  0
|1411|0x00000007b0600000, 0x00000007b0600000, 0x00000007b0800000|  0%| F|  |TAMS 0x00000007b0600000| PB 0x00000007b0600000| Untracked |  0
|1412|0x00000007b0800000, 0x00000007b0800000, 0x00000007b0a00000|  0%| F|  |TAMS 0x00000007b0800000| PB 0x00000007b0800000| Untracked |  0
|1413|0x00000007b0a00000, 0x00000007b0a00000, 0x00000007b0c00000|  0%| F|  |TAMS 0x00000007b0a00000| PB 0x00000007b0a00000| Untracked |  0
|1414|0x00000007b0c00000, 0x00000007b0c00000, 0x00000007b0e00000|  0%| F|  |TAMS 0x00000007b0c00000| PB 0x00000007b0c00000| Untracked |  0
|1415|0x00000007b0e00000, 0x00000007b0e00000, 0x00000007b1000000|  0%| F|  |TAMS 0x00000007b0e00000| PB 0x00000007b0e00000| Untracked |  0
|1416|0x00000007b1000000, 0x00000007b1000000, 0x00000007b1200000|  0%| F|  |TAMS 0x00000007b1000000| PB 0x00000007b1000000| Untracked |  0
|1417|0x00000007b1200000, 0x00000007b1200000, 0x00000007b1400000|  0%| F|  |TAMS 0x00000007b1200000| PB 0x00000007b1200000| Untracked |  0
|1418|0x00000007b1400000, 0x00000007b1400000, 0x00000007b1600000|  0%| F|  |TAMS 0x00000007b1400000| PB 0x00000007b1400000| Untracked |  0
|1419|0x00000007b1600000, 0x00000007b1600000, 0x00000007b1800000|  0%| F|  |TAMS 0x00000007b1600000| PB 0x00000007b1600000| Untracked |  0
|1420|0x00000007b1800000, 0x00000007b1800000, 0x00000007b1a00000|  0%| F|  |TAMS 0x00000007b1800000| PB 0x00000007b1800000| Untracked |  0
|1421|0x00000007b1a00000, 0x00000007b1a00000, 0x00000007b1c00000|  0%| F|  |TAMS 0x00000007b1a00000| PB 0x00000007b1a00000| Untracked |  0
|1422|0x00000007b1c00000, 0x00000007b1c00000, 0x00000007b1e00000|  0%| F|  |TAMS 0x00000007b1c00000| PB 0x00000007b1c00000| Untracked |  0
|1423|0x00000007b1e00000, 0x00000007b1e00000, 0x00000007b2000000|  0%| F|  |TAMS 0x00000007b1e00000| PB 0x00000007b1e00000| Untracked |  0
|1424|0x00000007b2000000, 0x00000007b2000000, 0x00000007b2200000|  0%| F|  |TAMS 0x00000007b2000000| PB 0x00000007b2000000| Untracked |  0
|1425|0x00000007b2200000, 0x00000007b2200000, 0x00000007b2400000|  0%| F|  |TAMS 0x00000007b2200000| PB 0x00000007b2200000| Untracked |  0
|1426|0x00000007b2400000, 0x00000007b2400000, 0x00000007b2600000|  0%| F|  |TAMS 0x00000007b2400000| PB 0x00000007b2400000| Untracked |  0
|1427|0x00000007b2600000, 0x00000007b2600000, 0x00000007b2800000|  0%| F|  |TAMS 0x00000007b2600000| PB 0x00000007b2600000| Untracked |  0
|1428|0x00000007b2800000, 0x00000007b2800000, 0x00000007b2a00000|  0%| F|  |TAMS 0x00000007b2800000| PB 0x00000007b2800000| Untracked |  0
|1429|0x00000007b2a00000, 0x00000007b2a00000, 0x00000007b2c00000|  0%| F|  |TAMS 0x00000007b2a00000| PB 0x00000007b2a00000| Untracked |  0
|1430|0x00000007b2c00000, 0x00000007b2c00000, 0x00000007b2e00000|  0%| F|  |TAMS 0x00000007b2c00000| PB 0x00000007b2c00000| Untracked |  0
|1431|0x00000007b2e00000, 0x00000007b2e00000, 0x00000007b3000000|  0%| F|  |TAMS 0x00000007b2e00000| PB 0x00000007b2e00000| Untracked |  0
|1432|0x00000007b3000000, 0x00000007b3000000, 0x00000007b3200000|  0%| F|  |TAMS 0x00000007b3000000| PB 0x00000007b3000000| Untracked |  0
|1433|0x00000007b3200000, 0x00000007b3200000, 0x00000007b3400000|  0%| F|  |TAMS 0x00000007b3200000| PB 0x00000007b3200000| Untracked |  0
|1434|0x00000007b3400000, 0x00000007b3400000, 0x00000007b3600000|  0%| F|  |TAMS 0x00000007b3400000| PB 0x00000007b3400000| Untracked |  0
|1435|0x00000007b3600000, 0x00000007b3600000, 0x00000007b3800000|  0%| F|  |TAMS 0x00000007b3600000| PB 0x00000007b3600000| Untracked |  0
|1436|0x00000007b3800000, 0x00000007b3800000, 0x00000007b3a00000|  0%| F|  |TAMS 0x00000007b3800000| PB 0x00000007b3800000| Untracked |  0
|1437|0x00000007b3a00000, 0x00000007b3a00000, 0x00000007b3c00000|  0%| F|  |TAMS 0x00000007b3a00000| PB 0x00000007b3a00000| Untracked |  0
|1438|0x00000007b3c00000, 0x00000007b3c00000, 0x00000007b3e00000|  0%| F|  |TAMS 0x00000007b3c00000| PB 0x00000007b3c00000| Untracked |  0
|1439|0x00000007b3e00000, 0x00000007b3e00000, 0x00000007b4000000|  0%| F|  |TAMS 0x00000007b3e00000| PB 0x00000007b3e00000| Untracked |  0
|1440|0x00000007b4000000, 0x00000007b4000000, 0x00000007b4200000|  0%| F|  |TAMS 0x00000007b4000000| PB 0x00000007b4000000| Untracked |  0
|1441|0x00000007b4200000, 0x00000007b4200000, 0x00000007b4400000|  0%| F|  |TAMS 0x00000007b4200000| PB 0x00000007b4200000| Untracked |  0
|1442|0x00000007b4400000, 0x00000007b4400000, 0x00000007b4600000|  0%| F|  |TAMS 0x00000007b4400000| PB 0x00000007b4400000| Untracked |  0
|1443|0x00000007b4600000, 0x00000007b4600000, 0x00000007b4800000|  0%| F|  |TAMS 0x00000007b4600000| PB 0x00000007b4600000| Untracked |  0
|1444|0x00000007b4800000, 0x00000007b4800000, 0x00000007b4a00000|  0%| F|  |TAMS 0x00000007b4800000| PB 0x00000007b4800000| Untracked |  0
|1445|0x00000007b4a00000, 0x00000007b4a00000, 0x00000007b4c00000|  0%| F|  |TAMS 0x00000007b4a00000| PB 0x00000007b4a00000| Untracked |  0
|1446|0x00000007b4c00000, 0x00000007b4c00000, 0x00000007b4e00000|  0%| F|  |TAMS 0x00000007b4c00000| PB 0x00000007b4c00000| Untracked |  0
|1447|0x00000007b4e00000, 0x00000007b4e00000, 0x00000007b5000000|  0%| F|  |TAMS 0x00000007b4e00000| PB 0x00000007b4e00000| Untracked |  0
|1448|0x00000007b5000000, 0x00000007b5000000, 0x00000007b5200000|  0%| F|  |TAMS 0x00000007b5000000| PB 0x00000007b5000000| Untracked |  0
|1449|0x00000007b5200000, 0x00000007b5200000, 0x00000007b5400000|  0%| F|  |TAMS 0x00000007b5200000| PB 0x00000007b5200000| Untracked |  0
|1450|0x00000007b5400000, 0x00000007b5400000, 0x00000007b5600000|  0%| F|  |TAMS 0x00000007b5400000| PB 0x00000007b5400000| Untracked |  0
|1451|0x00000007b5600000, 0x00000007b5600000, 0x00000007b5800000|  0%| F|  |TAMS 0x00000007b5600000| PB 0x00000007b5600000| Untracked |  0
|1452|0x00000007b5800000, 0x00000007b5800000, 0x00000007b5a00000|  0%| F|  |TAMS 0x00000007b5800000| PB 0x00000007b5800000| Untracked |  0
|1453|0x00000007b5a00000, 0x00000007b5a00000, 0x00000007b5c00000|  0%| F|  |TAMS 0x00000007b5a00000| PB 0x00000007b5a00000| Untracked |  0
|1454|0x00000007b5c00000, 0x00000007b5c00000, 0x00000007b5e00000|  0%| F|  |TAMS 0x00000007b5c00000| PB 0x00000007b5c00000| Untracked |  0
|1455|0x00000007b5e00000, 0x00000007b5e00000, 0x00000007b6000000|  0%| F|  |TAMS 0x00000007b5e00000| PB 0x00000007b5e00000| Untracked |  0
|1456|0x00000007b6000000, 0x00000007b6000000, 0x00000007b6200000|  0%| F|  |TAMS 0x00000007b6000000| PB 0x00000007b6000000| Untracked |  0
|1457|0x00000007b6200000, 0x00000007b6200000, 0x00000007b6400000|  0%| F|  |TAMS 0x00000007b6200000| PB 0x00000007b6200000| Untracked |  0
|1458|0x00000007b6400000, 0x00000007b6400000, 0x00000007b6600000|  0%| F|  |TAMS 0x00000007b6400000| PB 0x00000007b6400000| Untracked |  0
|1459|0x00000007b6600000, 0x00000007b6600000, 0x00000007b6800000|  0%| F|  |TAMS 0x00000007b6600000| PB 0x00000007b6600000| Untracked |  0
|1460|0x00000007b6800000, 0x00000007b6800000, 0x00000007b6a00000|  0%| F|  |TAMS 0x00000007b6800000| PB 0x00000007b6800000| Untracked |  0
|1461|0x00000007b6a00000, 0x00000007b6a00000, 0x00000007b6c00000|  0%| F|  |TAMS 0x00000007b6a00000| PB 0x00000007b6a00000| Untracked |  0
|1462|0x00000007b6c00000, 0x00000007b6c00000, 0x00000007b6e00000|  0%| F|  |TAMS 0x00000007b6c00000| PB 0x00000007b6c00000| Untracked |  0
|1463|0x00000007b6e00000, 0x00000007b6e00000, 0x00000007b7000000|  0%| F|  |TAMS 0x00000007b6e00000| PB 0x00000007b6e00000| Untracked |  0
|1464|0x00000007b7000000, 0x00000007b7000000, 0x00000007b7200000|  0%| F|  |TAMS 0x00000007b7000000| PB 0x00000007b7000000| Untracked |  0
|1465|0x00000007b7200000, 0x00000007b7200000, 0x00000007b7400000|  0%| F|  |TAMS 0x00000007b7200000| PB 0x00000007b7200000| Untracked |  0
|1466|0x00000007b7400000, 0x00000007b7400000, 0x00000007b7600000|  0%| F|  |TAMS 0x00000007b7400000| PB 0x00000007b7400000| Untracked |  0
|1467|0x00000007b7600000, 0x00000007b7600000, 0x00000007b7800000|  0%| F|  |TAMS 0x00000007b7600000| PB 0x00000007b7600000| Untracked |  0
|1468|0x00000007b7800000, 0x00000007b7800000, 0x00000007b7a00000|  0%| F|  |TAMS 0x00000007b7800000| PB 0x00000007b7800000| Untracked |  0
|1469|0x00000007b7a00000, 0x00000007b7a00000, 0x00000007b7c00000|  0%| F|  |TAMS 0x00000007b7a00000| PB 0x00000007b7a00000| Untracked |  0
|1470|0x00000007b7c00000, 0x00000007b7c00000, 0x00000007b7e00000|  0%| F|  |TAMS 0x00000007b7c00000| PB 0x00000007b7c00000| Untracked |  0
|1471|0x00000007b7e00000, 0x00000007b7e00000, 0x00000007b8000000|  0%| F|  |TAMS 0x00000007b7e00000| PB 0x00000007b7e00000| Untracked |  0
|1472|0x00000007b8000000, 0x00000007b8000000, 0x00000007b8200000|  0%| F|  |TAMS 0x00000007b8000000| PB 0x00000007b8000000| Untracked |  0
|1473|0x00000007b8200000, 0x00000007b8200000, 0x00000007b8400000|  0%| F|  |TAMS 0x00000007b8200000| PB 0x00000007b8200000| Untracked |  0
|1474|0x00000007b8400000, 0x00000007b8400000, 0x00000007b8600000|  0%| F|  |TAMS 0x00000007b8400000| PB 0x00000007b8400000| Untracked |  0
|1475|0x00000007b8600000, 0x00000007b8600000, 0x00000007b8800000|  0%| F|  |TAMS 0x00000007b8600000| PB 0x00000007b8600000| Untracked |  0
|1476|0x00000007b8800000, 0x00000007b8800000, 0x00000007b8a00000|  0%| F|  |TAMS 0x00000007b8800000| PB 0x00000007b8800000| Untracked |  0
|1477|0x00000007b8a00000, 0x00000007b8a00000, 0x00000007b8c00000|  0%| F|  |TAMS 0x00000007b8a00000| PB 0x00000007b8a00000| Untracked |  0
|1478|0x00000007b8c00000, 0x00000007b8c00000, 0x00000007b8e00000|  0%| F|  |TAMS 0x00000007b8c00000| PB 0x00000007b8c00000| Untracked |  0
|1479|0x00000007b8e00000, 0x00000007b8e00000, 0x00000007b9000000|  0%| F|  |TAMS 0x00000007b8e00000| PB 0x00000007b8e00000| Untracked |  0
|1480|0x00000007b9000000, 0x00000007b9000000, 0x00000007b9200000|  0%| F|  |TAMS 0x00000007b9000000| PB 0x00000007b9000000| Untracked |  0
|1481|0x00000007b9200000, 0x00000007b9200000, 0x00000007b9400000|  0%| F|  |TAMS 0x00000007b9200000| PB 0x00000007b9200000| Untracked |  0
|1482|0x00000007b9400000, 0x00000007b9400000, 0x00000007b9600000|  0%| F|  |TAMS 0x00000007b9400000| PB 0x00000007b9400000| Untracked |  0
|1483|0x00000007b9600000, 0x00000007b9600000, 0x00000007b9800000|  0%| F|  |TAMS 0x00000007b9600000| PB 0x00000007b9600000| Untracked |  0
|1484|0x00000007b9800000, 0x00000007b9800000, 0x00000007b9a00000|  0%| F|  |TAMS 0x00000007b9800000| PB 0x00000007b9800000| Untracked |  0
|1485|0x00000007b9a00000, 0x00000007b9a00000, 0x00000007b9c00000|  0%| F|  |TAMS 0x00000007b9a00000| PB 0x00000007b9a00000| Untracked |  0
|1486|0x00000007b9c00000, 0x00000007b9c00000, 0x00000007b9e00000|  0%| F|  |TAMS 0x00000007b9c00000| PB 0x00000007b9c00000| Untracked |  0
|1487|0x00000007b9e00000, 0x00000007b9e00000, 0x00000007ba000000|  0%| F|  |TAMS 0x00000007b9e00000| PB 0x00000007b9e00000| Untracked |  0
|1488|0x00000007ba000000, 0x00000007ba000000, 0x00000007ba200000|  0%| F|  |TAMS 0x00000007ba000000| PB 0x00000007ba000000| Untracked |  0
|1489|0x00000007ba200000, 0x00000007ba200000, 0x00000007ba400000|  0%| F|  |TAMS 0x00000007ba200000| PB 0x00000007ba200000| Untracked |  0
|1490|0x00000007ba400000, 0x00000007ba400000, 0x00000007ba600000|  0%| F|  |TAMS 0x00000007ba400000| PB 0x00000007ba400000| Untracked |  0
|1491|0x00000007ba600000, 0x00000007ba600000, 0x00000007ba800000|  0%| F|  |TAMS 0x00000007ba600000| PB 0x00000007ba600000| Untracked |  0
|1492|0x00000007ba800000, 0x00000007ba800000, 0x00000007baa00000|  0%| F|  |TAMS 0x00000007ba800000| PB 0x00000007ba800000| Untracked |  0
|1493|0x00000007baa00000, 0x00000007baa00000, 0x00000007bac00000|  0%| F|  |TAMS 0x00000007baa00000| PB 0x00000007baa00000| Untracked |  0
|1494|0x00000007bac00000, 0x00000007bac00000, 0x00000007bae00000|  0%| F|  |TAMS 0x00000007bac00000| PB 0x00000007bac00000| Untracked |  0
|1495|0x00000007bae00000, 0x00000007bae00000, 0x00000007bb000000|  0%| F|  |TAMS 0x00000007bae00000| PB 0x00000007bae00000| Untracked |  0
|1496|0x00000007bb000000, 0x00000007bb000000, 0x00000007bb200000|  0%| F|  |TAMS 0x00000007bb000000| PB 0x00000007bb000000| Untracked |  0
|1497|0x00000007bb200000, 0x00000007bb200000, 0x00000007bb400000|  0%| F|  |TAMS 0x00000007bb200000| PB 0x00000007bb200000| Untracked |  0
|1498|0x00000007bb400000, 0x00000007bb400000, 0x00000007bb600000|  0%| F|  |TAMS 0x00000007bb400000| PB 0x00000007bb400000| Untracked |  0
|1499|0x00000007bb600000, 0x00000007bb600000, 0x00000007bb800000|  0%| F|  |TAMS 0x00000007bb600000| PB 0x00000007bb600000| Untracked |  0
|1500|0x00000007bb800000, 0x00000007bb800000, 0x00000007bba00000|  0%| F|  |TAMS 0x00000007bb800000| PB 0x00000007bb800000| Untracked |  0
|1501|0x00000007bba00000, 0x00000007bba00000, 0x00000007bbc00000|  0%| F|  |TAMS 0x00000007bba00000| PB 0x00000007bba00000| Untracked |  0
|1502|0x00000007bbc00000, 0x00000007bbc00000, 0x00000007bbe00000|  0%| F|  |TAMS 0x00000007bbc00000| PB 0x00000007bbc00000| Untracked |  0
|1503|0x00000007bbe00000, 0x00000007bbe00000, 0x00000007bc000000|  0%| F|  |TAMS 0x00000007bbe00000| PB 0x00000007bbe00000| Untracked |  0
|1504|0x00000007bc000000, 0x00000007bc000000, 0x00000007bc200000|  0%| F|  |TAMS 0x00000007bc000000| PB 0x00000007bc000000| Untracked |  0
|1505|0x00000007bc200000, 0x00000007bc200000, 0x00000007bc400000|  0%| F|  |TAMS 0x00000007bc200000| PB 0x00000007bc200000| Untracked |  0
|1506|0x00000007bc400000, 0x00000007bc400000, 0x00000007bc600000|  0%| F|  |TAMS 0x00000007bc400000| PB 0x00000007bc400000| Untracked |  0
|1507|0x00000007bc600000, 0x00000007bc600000, 0x00000007bc800000|  0%| F|  |TAMS 0x00000007bc600000| PB 0x00000007bc600000| Untracked |  0
|1508|0x00000007bc800000, 0x00000007bc800000, 0x00000007bca00000|  0%| F|  |TAMS 0x00000007bc800000| PB 0x00000007bc800000| Untracked |  0
|1509|0x00000007bca00000, 0x00000007bca00000, 0x00000007bcc00000|  0%| F|  |TAMS 0x00000007bca00000| PB 0x00000007bca00000| Untracked |  0
|1510|0x00000007bcc00000, 0x00000007bcc00000, 0x00000007bce00000|  0%| F|  |TAMS 0x00000007bcc00000| PB 0x00000007bcc00000| Untracked |  0
|1511|0x00000007bce00000, 0x00000007bce00000, 0x00000007bd000000|  0%| F|  |TAMS 0x00000007bce00000| PB 0x00000007bce00000| Untracked |  0
|1512|0x00000007bd000000, 0x00000007bd000000, 0x00000007bd200000|  0%| F|  |TAMS 0x00000007bd000000| PB 0x00000007bd000000| Untracked |  0
|1513|0x00000007bd200000, 0x00000007bd200000, 0x00000007bd400000|  0%| F|  |TAMS 0x00000007bd200000| PB 0x00000007bd200000| Untracked |  0
|1514|0x00000007bd400000, 0x00000007bd400000, 0x00000007bd600000|  0%| F|  |TAMS 0x00000007bd400000| PB 0x00000007bd400000| Untracked |  0
|1515|0x00000007bd600000, 0x00000007bd600000, 0x00000007bd800000|  0%| F|  |TAMS 0x00000007bd600000| PB 0x00000007bd600000| Untracked |  0
|1516|0x00000007bd800000, 0x00000007bd800000, 0x00000007bda00000|  0%| F|  |TAMS 0x00000007bd800000| PB 0x00000007bd800000| Untracked |  0
|1517|0x00000007bda00000, 0x00000007bda00000, 0x00000007bdc00000|  0%| F|  |TAMS 0x00000007bda00000| PB 0x00000007bda00000| Untracked |  0
|1518|0x00000007bdc00000, 0x00000007bdc00000, 0x00000007bde00000|  0%| F|  |TAMS 0x00000007bdc00000| PB 0x00000007bdc00000| Untracked |  0
|1519|0x00000007bde00000, 0x00000007bde00000, 0x00000007be000000|  0%| F|  |TAMS 0x00000007bde00000| PB 0x00000007bde00000| Untracked |  0
|1520|0x00000007be000000, 0x00000007be000000, 0x00000007be200000|  0%| F|  |TAMS 0x00000007be000000| PB 0x00000007be000000| Untracked |  0
|1521|0x00000007be200000, 0x00000007be200000, 0x00000007be400000|  0%| F|  |TAMS 0x00000007be200000| PB 0x00000007be200000| Untracked |  0
|1522|0x00000007be400000, 0x00000007be400000, 0x00000007be600000|  0%| F|  |TAMS 0x00000007be400000| PB 0x00000007be400000| Untracked |  0
|1523|0x00000007be600000, 0x00000007be600000, 0x00000007be800000|  0%| F|  |TAMS 0x00000007be600000| PB 0x00000007be600000| Untracked |  0
|1524|0x00000007be800000, 0x00000007be800000, 0x00000007bea00000|  0%| F|  |TAMS 0x00000007be800000| PB 0x00000007be800000| Untracked |  0
|1525|0x00000007bea00000, 0x00000007bea00000, 0x00000007bec00000|  0%| F|  |TAMS 0x00000007bea00000| PB 0x00000007bea00000| Untracked |  0
|1526|0x00000007bec00000, 0x00000007bec00000, 0x00000007bee00000|  0%| F|  |TAMS 0x00000007bec00000| PB 0x00000007bec00000| Untracked |  0
|1527|0x00000007bee00000, 0x00000007bee00000, 0x00000007bf000000|  0%| F|  |TAMS 0x00000007bee00000| PB 0x00000007bee00000| Untracked |  0
|1528|0x00000007bf000000, 0x00000007bf000000, 0x00000007bf200000|  0%| F|  |TAMS 0x00000007bf000000| PB 0x00000007bf000000| Untracked |  0
|1529|0x00000007bf200000, 0x00000007bf200000, 0x00000007bf400000|  0%| F|  |TAMS 0x00000007bf200000| PB 0x00000007bf200000| Untracked |  0
|1530|0x00000007bf400000, 0x00000007bf400000, 0x00000007bf600000|  0%| F|  |TAMS 0x00000007bf400000| PB 0x00000007bf400000| Untracked |  0
|1531|0x00000007bf600000, 0x00000007bf600000, 0x00000007bf800000|  0%| F|  |TAMS 0x00000007bf600000| PB 0x00000007bf600000| Untracked |  0
|1532|0x00000007bf800000, 0x00000007bf800000, 0x00000007bfa00000|  0%| F|  |TAMS 0x00000007bf800000| PB 0x00000007bf800000| Untracked |  0
|1533|0x00000007bfa00000, 0x00000007bfa00000, 0x00000007bfc00000|  0%| F|  |TAMS 0x00000007bfa00000| PB 0x00000007bfa00000| Untracked |  0
|1534|0x00000007bfc00000, 0x00000007bfc00000, 0x00000007bfe00000|  0%| F|  |TAMS 0x00000007bfc00000| PB 0x00000007bfc00000| Untracked |  0
|1535|0x00000007bfe00000, 0x00000007bfe00000, 0x00000007c0000000|  0%| F|  |TAMS 0x00000007bfe00000| PB 0x00000007bfe00000| Untracked |  0
|1536|0x00000007c0000000, 0x00000007c0000000, 0x00000007c0200000|  0%| F|  |TAMS 0x00000007c0000000| PB 0x00000007c0000000| Untracked |  0
|1537|0x00000007c0200000, 0x00000007c0200000, 0x00000007c0400000|  0%| F|  |TAMS 0x00000007c0200000| PB 0x00000007c0200000| Untracked |  0
|1538|0x00000007c0400000, 0x00000007c0400000, 0x00000007c0600000|  0%| F|  |TAMS 0x00000007c0400000| PB 0x00000007c0400000| Untracked |  0
|1539|0x00000007c0600000, 0x00000007c0600000, 0x00000007c0800000|  0%| F|  |TAMS 0x00000007c0600000| PB 0x00000007c0600000| Untracked |  0
|1540|0x00000007c0800000, 0x00000007c0800000, 0x00000007c0a00000|  0%| F|  |TAMS 0x00000007c0800000| PB 0x00000007c0800000| Untracked |  0
|1541|0x00000007c0a00000, 0x00000007c0a00000, 0x00000007c0c00000|  0%| F|  |TAMS 0x00000007c0a00000| PB 0x00000007c0a00000| Untracked |  0
|1542|0x00000007c0c00000, 0x00000007c0c00000, 0x00000007c0e00000|  0%| F|  |TAMS 0x00000007c0c00000| PB 0x00000007c0c00000| Untracked |  0
|1543|0x00000007c0e00000, 0x00000007c0e00000, 0x00000007c1000000|  0%| F|  |TAMS 0x00000007c0e00000| PB 0x00000007c0e00000| Untracked |  0
|1544|0x00000007c1000000, 0x00000007c1000000, 0x00000007c1200000|  0%| F|  |TAMS 0x00000007c1000000| PB 0x00000007c1000000| Untracked |  0
|1545|0x00000007c1200000, 0x00000007c1200000, 0x00000007c1400000|  0%| F|  |TAMS 0x00000007c1200000| PB 0x00000007c1200000| Untracked |  0
|1546|0x00000007c1400000, 0x00000007c1400000, 0x00000007c1600000|  0%| F|  |TAMS 0x00000007c1400000| PB 0x00000007c1400000| Untracked |  0
|1547|0x00000007c1600000, 0x00000007c1600000, 0x00000007c1800000|  0%| F|  |TAMS 0x00000007c1600000| PB 0x00000007c1600000| Untracked |  0
|1548|0x00000007c1800000, 0x00000007c1800000, 0x00000007c1a00000|  0%| F|  |TAMS 0x00000007c1800000| PB 0x00000007c1800000| Untracked |  0
|1549|0x00000007c1a00000, 0x00000007c1a00000, 0x00000007c1c00000|  0%| F|  |TAMS 0x00000007c1a00000| PB 0x00000007c1a00000| Untracked |  0
|1550|0x00000007c1c00000, 0x00000007c1c00000, 0x00000007c1e00000|  0%| F|  |TAMS 0x00000007c1c00000| PB 0x00000007c1c00000| Untracked |  0
|1551|0x00000007c1e00000, 0x00000007c1e00000, 0x00000007c2000000|  0%| F|  |TAMS 0x00000007c1e00000| PB 0x00000007c1e00000| Untracked |  0
|1552|0x00000007c2000000, 0x00000007c2000000, 0x00000007c2200000|  0%| F|  |TAMS 0x00000007c2000000| PB 0x00000007c2000000| Untracked |  0
|1553|0x00000007c2200000, 0x00000007c2200000, 0x00000007c2400000|  0%| F|  |TAMS 0x00000007c2200000| PB 0x00000007c2200000| Untracked |  0
|1554|0x00000007c2400000, 0x00000007c2400000, 0x00000007c2600000|  0%| F|  |TAMS 0x00000007c2400000| PB 0x00000007c2400000| Untracked |  0
|1555|0x00000007c2600000, 0x00000007c2600000, 0x00000007c2800000|  0%| F|  |TAMS 0x00000007c2600000| PB 0x00000007c2600000| Untracked |  0
|1556|0x00000007c2800000, 0x00000007c2800000, 0x00000007c2a00000|  0%| F|  |TAMS 0x00000007c2800000| PB 0x00000007c2800000| Untracked |  0
|1557|0x00000007c2a00000, 0x00000007c2a00000, 0x00000007c2c00000|  0%| F|  |TAMS 0x00000007c2a00000| PB 0x00000007c2a00000| Untracked |  0
|1558|0x00000007c2c00000, 0x00000007c2c00000, 0x00000007c2e00000|  0%| F|  |TAMS 0x00000007c2c00000| PB 0x00000007c2c00000| Untracked |  0
|1559|0x00000007c2e00000, 0x00000007c2e00000, 0x00000007c3000000|  0%| F|  |TAMS 0x00000007c2e00000| PB 0x00000007c2e00000| Untracked |  0
|1560|0x00000007c3000000, 0x00000007c3000000, 0x00000007c3200000|  0%| F|  |TAMS 0x00000007c3000000| PB 0x00000007c3000000| Untracked |  0
|1561|0x00000007c3200000, 0x00000007c3200000, 0x00000007c3400000|  0%| F|  |TAMS 0x00000007c3200000| PB 0x00000007c3200000| Untracked |  0
|1562|0x00000007c3400000, 0x00000007c3400000, 0x00000007c3600000|  0%| F|  |TAMS 0x00000007c3400000| PB 0x00000007c3400000| Untracked |  0
|1563|0x00000007c3600000, 0x00000007c3600000, 0x00000007c3800000|  0%| F|  |TAMS 0x00000007c3600000| PB 0x00000007c3600000| Untracked |  0
|1564|0x00000007c3800000, 0x00000007c3800000, 0x00000007c3a00000|  0%| F|  |TAMS 0x00000007c3800000| PB 0x00000007c3800000| Untracked |  0
|1565|0x00000007c3a00000, 0x00000007c3a00000, 0x00000007c3c00000|  0%| F|  |TAMS 0x00000007c3a00000| PB 0x00000007c3a00000| Untracked |  0
|1566|0x00000007c3c00000, 0x00000007c3c00000, 0x00000007c3e00000|  0%| F|  |TAMS 0x00000007c3c00000| PB 0x00000007c3c00000| Untracked |  0
|1567|0x00000007c3e00000, 0x00000007c3e00000, 0x00000007c4000000|  0%| F|  |TAMS 0x00000007c3e00000| PB 0x00000007c3e00000| Untracked |  0
|1568|0x00000007c4000000, 0x00000007c4000000, 0x00000007c4200000|  0%| F|  |TAMS 0x00000007c4000000| PB 0x00000007c4000000| Untracked |  0
|1569|0x00000007c4200000, 0x00000007c4200000, 0x00000007c4400000|  0%| F|  |TAMS 0x00000007c4200000| PB 0x00000007c4200000| Untracked |  0
|1570|0x00000007c4400000, 0x00000007c4400000, 0x00000007c4600000|  0%| F|  |TAMS 0x00000007c4400000| PB 0x00000007c4400000| Untracked |  0
|1571|0x00000007c4600000, 0x00000007c4600000, 0x00000007c4800000|  0%| F|  |TAMS 0x00000007c4600000| PB 0x00000007c4600000| Untracked |  0
|1572|0x00000007c4800000, 0x00000007c4800000, 0x00000007c4a00000|  0%| F|  |TAMS 0x00000007c4800000| PB 0x00000007c4800000| Untracked |  0
|1573|0x00000007c4a00000, 0x00000007c4a00000, 0x00000007c4c00000|  0%| F|  |TAMS 0x00000007c4a00000| PB 0x00000007c4a00000| Untracked |  0
|1574|0x00000007c4c00000, 0x00000007c4c00000, 0x00000007c4e00000|  0%| F|  |TAMS 0x00000007c4c00000| PB 0x00000007c4c00000| Untracked |  0
|1575|0x00000007c4e00000, 0x00000007c4e00000, 0x00000007c5000000|  0%| F|  |TAMS 0x00000007c4e00000| PB 0x00000007c4e00000| Untracked |  0
|1576|0x00000007c5000000, 0x00000007c5000000, 0x00000007c5200000|  0%| F|  |TAMS 0x00000007c5000000| PB 0x00000007c5000000| Untracked |  0
|1577|0x00000007c5200000, 0x00000007c5200000, 0x00000007c5400000|  0%| F|  |TAMS 0x00000007c5200000| PB 0x00000007c5200000| Untracked |  0
|1578|0x00000007c5400000, 0x00000007c5400000, 0x00000007c5600000|  0%| F|  |TAMS 0x00000007c5400000| PB 0x00000007c5400000| Untracked |  0
|1579|0x00000007c5600000, 0x00000007c5600000, 0x00000007c5800000|  0%| F|  |TAMS 0x00000007c5600000| PB 0x00000007c5600000| Untracked |  0
|1580|0x00000007c5800000, 0x00000007c5800000, 0x00000007c5a00000|  0%| F|  |TAMS 0x00000007c5800000| PB 0x00000007c5800000| Untracked |  0
|1581|0x00000007c5a00000, 0x00000007c5a00000, 0x00000007c5c00000|  0%| F|  |TAMS 0x00000007c5a00000| PB 0x00000007c5a00000| Untracked |  0
|1582|0x00000007c5c00000, 0x00000007c5c00000, 0x00000007c5e00000|  0%| F|  |TAMS 0x00000007c5c00000| PB 0x00000007c5c00000| Untracked |  0
|1583|0x00000007c5e00000, 0x00000007c5e00000, 0x00000007c6000000|  0%| F|  |TAMS 0x00000007c5e00000| PB 0x00000007c5e00000| Untracked |  0
|1584|0x00000007c6000000, 0x00000007c6000000, 0x00000007c6200000|  0%| F|  |TAMS 0x00000007c6000000| PB 0x00000007c6000000| Untracked |  0
|1585|0x00000007c6200000, 0x00000007c6200000, 0x00000007c6400000|  0%| F|  |TAMS 0x00000007c6200000| PB 0x00000007c6200000| Untracked |  0
|1586|0x00000007c6400000, 0x00000007c6400000, 0x00000007c6600000|  0%| F|  |TAMS 0x00000007c6400000| PB 0x00000007c6400000| Untracked |  0
|1587|0x00000007c6600000, 0x00000007c6600000, 0x00000007c6800000|  0%| F|  |TAMS 0x00000007c6600000| PB 0x00000007c6600000| Untracked |  0
|1588|0x00000007c6800000, 0x00000007c6800000, 0x00000007c6a00000|  0%| F|  |TAMS 0x00000007c6800000| PB 0x00000007c6800000| Untracked |  0
|1589|0x00000007c6a00000, 0x00000007c6a00000, 0x00000007c6c00000|  0%| F|  |TAMS 0x00000007c6a00000| PB 0x00000007c6a00000| Untracked |  0
|1590|0x00000007c6c00000, 0x00000007c6c00000, 0x00000007c6e00000|  0%| F|  |TAMS 0x00000007c6c00000| PB 0x00000007c6c00000| Untracked |  0
|1591|0x00000007c6e00000, 0x00000007c6e00000, 0x00000007c7000000|  0%| F|  |TAMS 0x00000007c6e00000| PB 0x00000007c6e00000| Untracked |  0
|1592|0x00000007c7000000, 0x00000007c7000000, 0x00000007c7200000|  0%| F|  |TAMS 0x00000007c7000000| PB 0x00000007c7000000| Untracked |  0
|1593|0x00000007c7200000, 0x00000007c7200000, 0x00000007c7400000|  0%| F|  |TAMS 0x00000007c7200000| PB 0x00000007c7200000| Untracked |  0
|1594|0x00000007c7400000, 0x00000007c7400000, 0x00000007c7600000|  0%| F|  |TAMS 0x00000007c7400000| PB 0x00000007c7400000| Untracked |  0
|1595|0x00000007c7600000, 0x00000007c7600000, 0x00000007c7800000|  0%| F|  |TAMS 0x00000007c7600000| PB 0x00000007c7600000| Untracked |  0
|1596|0x00000007c7800000, 0x00000007c7800000, 0x00000007c7a00000|  0%| F|  |TAMS 0x00000007c7800000| PB 0x00000007c7800000| Untracked |  0
|1597|0x00000007c7a00000, 0x00000007c7a00000, 0x00000007c7c00000|  0%| F|  |TAMS 0x00000007c7a00000| PB 0x00000007c7a00000| Untracked |  0
|1598|0x00000007c7c00000, 0x00000007c7c00000, 0x00000007c7e00000|  0%| F|  |TAMS 0x00000007c7c00000| PB 0x00000007c7c00000| Untracked |  0
|1599|0x00000007c7e00000, 0x00000007c7e00000, 0x00000007c8000000|  0%| F|  |TAMS 0x00000007c7e00000| PB 0x00000007c7e00000| Untracked |  0
|1600|0x00000007c8000000, 0x00000007c8000000, 0x00000007c8200000|  0%| F|  |TAMS 0x00000007c8000000| PB 0x00000007c8000000| Untracked |  0
|1601|0x00000007c8200000, 0x00000007c8200000, 0x00000007c8400000|  0%| F|  |TAMS 0x00000007c8200000| PB 0x00000007c8200000| Untracked |  0
|1602|0x00000007c8400000, 0x00000007c8400000, 0x00000007c8600000|  0%| F|  |TAMS 0x00000007c8400000| PB 0x00000007c8400000| Untracked |  0
|1603|0x00000007c8600000, 0x00000007c8600000, 0x00000007c8800000|  0%| F|  |TAMS 0x00000007c8600000| PB 0x00000007c8600000| Untracked |  0
|1604|0x00000007c8800000, 0x00000007c8800000, 0x00000007c8a00000|  0%| F|  |TAMS 0x00000007c8800000| PB 0x00000007c8800000| Untracked |  0
|1605|0x00000007c8a00000, 0x00000007c8a00000, 0x00000007c8c00000|  0%| F|  |TAMS 0x00000007c8a00000| PB 0x00000007c8a00000| Untracked |  0
|1606|0x00000007c8c00000, 0x00000007c8c00000, 0x00000007c8e00000|  0%| F|  |TAMS 0x00000007c8c00000| PB 0x00000007c8c00000| Untracked |  0
|1607|0x00000007c8e00000, 0x00000007c8e00000, 0x00000007c9000000|  0%| F|  |TAMS 0x00000007c8e00000| PB 0x00000007c8e00000| Untracked |  0
|1608|0x00000007c9000000, 0x00000007c9000000, 0x00000007c9200000|  0%| F|  |TAMS 0x00000007c9000000| PB 0x00000007c9000000| Untracked |  0
|1609|0x00000007c9200000, 0x00000007c9200000, 0x00000007c9400000|  0%| F|  |TAMS 0x00000007c9200000| PB 0x00000007c9200000| Untracked |  0
|1610|0x00000007c9400000, 0x00000007c9400000, 0x00000007c9600000|  0%| F|  |TAMS 0x00000007c9400000| PB 0x00000007c9400000| Untracked |  0
|1611|0x00000007c9600000, 0x00000007c9600000, 0x00000007c9800000|  0%| F|  |TAMS 0x00000007c9600000| PB 0x00000007c9600000| Untracked |  0
|1612|0x00000007c9800000, 0x00000007c9800000, 0x00000007c9a00000|  0%| F|  |TAMS 0x00000007c9800000| PB 0x00000007c9800000| Untracked |  0
|1613|0x00000007c9a00000, 0x00000007c9a00000, 0x00000007c9c00000|  0%| F|  |TAMS 0x00000007c9a00000| PB 0x00000007c9a00000| Untracked |  0
|1614|0x00000007c9c00000, 0x00000007c9c00000, 0x00000007c9e00000|  0%| F|  |TAMS 0x00000007c9c00000| PB 0x00000007c9c00000| Untracked |  0
|1615|0x00000007c9e00000, 0x00000007c9e00000, 0x00000007ca000000|  0%| F|  |TAMS 0x00000007c9e00000| PB 0x00000007c9e00000| Untracked |  0
|1616|0x00000007ca000000, 0x00000007ca000000, 0x00000007ca200000|  0%| F|  |TAMS 0x00000007ca000000| PB 0x00000007ca000000| Untracked |  0
|1617|0x00000007ca200000, 0x00000007ca200000, 0x00000007ca400000|  0%| F|  |TAMS 0x00000007ca200000| PB 0x00000007ca200000| Untracked |  0
|1618|0x00000007ca400000, 0x00000007ca400000, 0x00000007ca600000|  0%| F|  |TAMS 0x00000007ca400000| PB 0x00000007ca400000| Untracked |  0
|1619|0x00000007ca600000, 0x00000007ca600000, 0x00000007ca800000|  0%| F|  |TAMS 0x00000007ca600000| PB 0x00000007ca600000| Untracked |  0
|1620|0x00000007ca800000, 0x00000007ca800000, 0x00000007caa00000|  0%| F|  |TAMS 0x00000007ca800000| PB 0x00000007ca800000| Untracked |  0
|1621|0x00000007caa00000, 0x00000007caa00000, 0x00000007cac00000|  0%| F|  |TAMS 0x00000007caa00000| PB 0x00000007caa00000| Untracked |  0
|1622|0x00000007cac00000, 0x00000007cac00000, 0x00000007cae00000|  0%| F|  |TAMS 0x00000007cac00000| PB 0x00000007cac00000| Untracked |  0
|1623|0x00000007cae00000, 0x00000007cae00000, 0x00000007cb000000|  0%| F|  |TAMS 0x00000007cae00000| PB 0x00000007cae00000| Untracked |  0
|1624|0x00000007cb000000, 0x00000007cb000000, 0x00000007cb200000|  0%| F|  |TAMS 0x00000007cb000000| PB 0x00000007cb000000| Untracked |  0
|1625|0x00000007cb200000, 0x00000007cb200000, 0x00000007cb400000|  0%| F|  |TAMS 0x00000007cb200000| PB 0x00000007cb200000| Untracked |  0
|1626|0x00000007cb400000, 0x00000007cb400000, 0x00000007cb600000|  0%| F|  |TAMS 0x00000007cb400000| PB 0x00000007cb400000| Untracked |  0
|1627|0x00000007cb600000, 0x00000007cb600000, 0x00000007cb800000|  0%| F|  |TAMS 0x00000007cb600000| PB 0x00000007cb600000| Untracked |  0
|1628|0x00000007cb800000, 0x00000007cb800000, 0x00000007cba00000|  0%| F|  |TAMS 0x00000007cb800000| PB 0x00000007cb800000| Untracked |  0
|1629|0x00000007cba00000, 0x00000007cba00000, 0x00000007cbc00000|  0%| F|  |TAMS 0x00000007cba00000| PB 0x00000007cba00000| Untracked |  0
|1630|0x00000007cbc00000, 0x00000007cbc00000, 0x00000007cbe00000|  0%| F|  |TAMS 0x00000007cbc00000| PB 0x00000007cbc00000| Untracked |  0
|1631|0x00000007cbe00000, 0x00000007cbe00000, 0x00000007cc000000|  0%| F|  |TAMS 0x00000007cbe00000| PB 0x00000007cbe00000| Untracked |  0
|1632|0x00000007cc000000, 0x00000007cc000000, 0x00000007cc200000|  0%| F|  |TAMS 0x00000007cc000000| PB 0x00000007cc000000| Untracked |  0
|1633|0x00000007cc200000, 0x00000007cc200000, 0x00000007cc400000|  0%| F|  |TAMS 0x00000007cc200000| PB 0x00000007cc200000| Untracked |  0
|1634|0x00000007cc400000, 0x00000007cc400000, 0x00000007cc600000|  0%| F|  |TAMS 0x00000007cc400000| PB 0x00000007cc400000| Untracked |  0
|1635|0x00000007cc600000, 0x00000007cc600000, 0x00000007cc800000|  0%| F|  |TAMS 0x00000007cc600000| PB 0x00000007cc600000| Untracked |  0
|1636|0x00000007cc800000, 0x00000007cc800000, 0x00000007cca00000|  0%| F|  |TAMS 0x00000007cc800000| PB 0x00000007cc800000| Untracked |  0
|1637|0x00000007cca00000, 0x00000007cca00000, 0x00000007ccc00000|  0%| F|  |TAMS 0x00000007cca00000| PB 0x00000007cca00000| Untracked |  0
|1638|0x00000007ccc00000, 0x00000007ccc00000, 0x00000007cce00000|  0%| F|  |TAMS 0x00000007ccc00000| PB 0x00000007ccc00000| Untracked |  0
|1639|0x00000007cce00000, 0x00000007cce00000, 0x00000007cd000000|  0%| F|  |TAMS 0x00000007cce00000| PB 0x00000007cce00000| Untracked |  0
|1640|0x00000007cd000000, 0x00000007cd000000, 0x00000007cd200000|  0%| F|  |TAMS 0x00000007cd000000| PB 0x00000007cd000000| Untracked |  0
|1641|0x00000007cd200000, 0x00000007cd200000, 0x00000007cd400000|  0%| F|  |TAMS 0x00000007cd200000| PB 0x00000007cd200000| Untracked |  0
|1642|0x00000007cd400000, 0x00000007cd400000, 0x00000007cd600000|  0%| F|  |TAMS 0x00000007cd400000| PB 0x00000007cd400000| Untracked |  0
|1643|0x00000007cd600000, 0x00000007cd600000, 0x00000007cd800000|  0%| F|  |TAMS 0x00000007cd600000| PB 0x00000007cd600000| Untracked |  0
|1644|0x00000007cd800000, 0x00000007cd800000, 0x00000007cda00000|  0%| F|  |TAMS 0x00000007cd800000| PB 0x00000007cd800000| Untracked |  0
|1645|0x00000007cda00000, 0x00000007cda00000, 0x00000007cdc00000|  0%| F|  |TAMS 0x00000007cda00000| PB 0x00000007cda00000| Untracked |  0
|1646|0x00000007cdc00000, 0x00000007cdc00000, 0x00000007cde00000|  0%| F|  |TAMS 0x00000007cdc00000| PB 0x00000007cdc00000| Untracked |  0
|1647|0x00000007cde00000, 0x00000007cde00000, 0x00000007ce000000|  0%| F|  |TAMS 0x00000007cde00000| PB 0x00000007cde00000| Untracked |  0
|1648|0x00000007ce000000, 0x00000007ce000000, 0x00000007ce200000|  0%| F|  |TAMS 0x00000007ce000000| PB 0x00000007ce000000| Untracked |  0
|1649|0x00000007ce200000, 0x00000007ce200000, 0x00000007ce400000|  0%| F|  |TAMS 0x00000007ce200000| PB 0x00000007ce200000| Untracked |  0
|1650|0x00000007ce400000, 0x00000007ce400000, 0x00000007ce600000|  0%| F|  |TAMS 0x00000007ce400000| PB 0x00000007ce400000| Untracked |  0
|1651|0x00000007ce600000, 0x00000007ce600000, 0x00000007ce800000|  0%| F|  |TAMS 0x00000007ce600000| PB 0x00000007ce600000| Untracked |  0
|1652|0x00000007ce800000, 0x00000007ce800000, 0x00000007cea00000|  0%| F|  |TAMS 0x00000007ce800000| PB 0x00000007ce800000| Untracked |  0
|1653|0x00000007cea00000, 0x00000007cea00000, 0x00000007cec00000|  0%| F|  |TAMS 0x00000007cea00000| PB 0x00000007cea00000| Untracked |  0
|1654|0x00000007cec00000, 0x00000007cec00000, 0x00000007cee00000|  0%| F|  |TAMS 0x00000007cec00000| PB 0x00000007cec00000| Untracked |  0
|1655|0x00000007cee00000, 0x00000007cee00000, 0x00000007cf000000|  0%| F|  |TAMS 0x00000007cee00000| PB 0x00000007cee00000| Untracked |  0
|1656|0x00000007cf000000, 0x00000007cf000000, 0x00000007cf200000|  0%| F|  |TAMS 0x00000007cf000000| PB 0x00000007cf000000| Untracked |  0
|1657|0x00000007cf200000, 0x00000007cf200000, 0x00000007cf400000|  0%| F|  |TAMS 0x00000007cf200000| PB 0x00000007cf200000| Untracked |  0
|1658|0x00000007cf400000, 0x00000007cf400000, 0x00000007cf600000|  0%| F|  |TAMS 0x00000007cf400000| PB 0x00000007cf400000| Untracked |  0
|1659|0x00000007cf600000, 0x00000007cf600000, 0x00000007cf800000|  0%| F|  |TAMS 0x00000007cf600000| PB 0x00000007cf600000| Untracked |  0
|1660|0x00000007cf800000, 0x00000007cf800000, 0x00000007cfa00000|  0%| F|  |TAMS 0x00000007cf800000| PB 0x00000007cf800000| Untracked |  0
|1661|0x00000007cfa00000, 0x00000007cfa00000, 0x00000007cfc00000|  0%| F|  |TAMS 0x00000007cfa00000| PB 0x00000007cfa00000| Untracked |  0
|1662|0x00000007cfc00000, 0x00000007cfc00000, 0x00000007cfe00000|  0%| F|  |TAMS 0x00000007cfc00000| PB 0x00000007cfc00000| Untracked |  0
|1663|0x00000007cfe00000, 0x00000007cfe00000, 0x00000007d0000000|  0%| F|  |TAMS 0x00000007cfe00000| PB 0x00000007cfe00000| Untracked |  0
|1664|0x00000007d0000000, 0x00000007d0000000, 0x00000007d0200000|  0%| F|  |TAMS 0x00000007d0000000| PB 0x00000007d0000000| Untracked |  0
|1665|0x00000007d0200000, 0x00000007d0200000, 0x00000007d0400000|  0%| F|  |TAMS 0x00000007d0200000| PB 0x00000007d0200000| Untracked |  0
|1666|0x00000007d0400000, 0x00000007d0400000, 0x00000007d0600000|  0%| F|  |TAMS 0x00000007d0400000| PB 0x00000007d0400000| Untracked |  0
|1667|0x00000007d0600000, 0x00000007d0600000, 0x00000007d0800000|  0%| F|  |TAMS 0x00000007d0600000| PB 0x00000007d0600000| Untracked |  0
|1668|0x00000007d0800000, 0x00000007d0800000, 0x00000007d0a00000|  0%| F|  |TAMS 0x00000007d0800000| PB 0x00000007d0800000| Untracked |  0
|1669|0x00000007d0a00000, 0x00000007d0a00000, 0x00000007d0c00000|  0%| F|  |TAMS 0x00000007d0a00000| PB 0x00000007d0a00000| Untracked |  0
|1670|0x00000007d0c00000, 0x00000007d0c00000, 0x00000007d0e00000|  0%| F|  |TAMS 0x00000007d0c00000| PB 0x00000007d0c00000| Untracked |  0
|1671|0x00000007d0e00000, 0x00000007d0e00000, 0x00000007d1000000|  0%| F|  |TAMS 0x00000007d0e00000| PB 0x00000007d0e00000| Untracked |  0
|1672|0x00000007d1000000, 0x00000007d1000000, 0x00000007d1200000|  0%| F|  |TAMS 0x00000007d1000000| PB 0x00000007d1000000| Untracked |  0
|1673|0x00000007d1200000, 0x00000007d1200000, 0x00000007d1400000|  0%| F|  |TAMS 0x00000007d1200000| PB 0x00000007d1200000| Untracked |  0
|1674|0x00000007d1400000, 0x00000007d1400000, 0x00000007d1600000|  0%| F|  |TAMS 0x00000007d1400000| PB 0x00000007d1400000| Untracked |  0
|1675|0x00000007d1600000, 0x00000007d1600000, 0x00000007d1800000|  0%| F|  |TAMS 0x00000007d1600000| PB 0x00000007d1600000| Untracked |  0
|1676|0x00000007d1800000, 0x00000007d1800000, 0x00000007d1a00000|  0%| F|  |TAMS 0x00000007d1800000| PB 0x00000007d1800000| Untracked |  0
|1677|0x00000007d1a00000, 0x00000007d1a00000, 0x00000007d1c00000|  0%| F|  |TAMS 0x00000007d1a00000| PB 0x00000007d1a00000| Untracked |  0
|1678|0x00000007d1c00000, 0x00000007d1c00000, 0x00000007d1e00000|  0%| F|  |TAMS 0x00000007d1c00000| PB 0x00000007d1c00000| Untracked |  0
|1679|0x00000007d1e00000, 0x00000007d1e00000, 0x00000007d2000000|  0%| F|  |TAMS 0x00000007d1e00000| PB 0x00000007d1e00000| Untracked |  0
|1680|0x00000007d2000000, 0x00000007d2000000, 0x00000007d2200000|  0%| F|  |TAMS 0x00000007d2000000| PB 0x00000007d2000000| Untracked |  0
|1681|0x00000007d2200000, 0x00000007d2200000, 0x00000007d2400000|  0%| F|  |TAMS 0x00000007d2200000| PB 0x00000007d2200000| Untracked |  0
|1682|0x00000007d2400000, 0x00000007d2400000, 0x00000007d2600000|  0%| F|  |TAMS 0x00000007d2400000| PB 0x00000007d2400000| Untracked |  0
|1683|0x00000007d2600000, 0x00000007d2600000, 0x00000007d2800000|  0%| F|  |TAMS 0x00000007d2600000| PB 0x00000007d2600000| Untracked |  0
|1684|0x00000007d2800000, 0x00000007d2800000, 0x00000007d2a00000|  0%| F|  |TAMS 0x00000007d2800000| PB 0x00000007d2800000| Untracked |  0
|1685|0x00000007d2a00000, 0x00000007d2a00000, 0x00000007d2c00000|  0%| F|  |TAMS 0x00000007d2a00000| PB 0x00000007d2a00000| Untracked |  0
|1686|0x00000007d2c00000, 0x00000007d2c00000, 0x00000007d2e00000|  0%| F|  |TAMS 0x00000007d2c00000| PB 0x00000007d2c00000| Untracked |  0
|1687|0x00000007d2e00000, 0x00000007d2e00000, 0x00000007d3000000|  0%| F|  |TAMS 0x00000007d2e00000| PB 0x00000007d2e00000| Untracked |  0
|1688|0x00000007d3000000, 0x00000007d3000000, 0x00000007d3200000|  0%| F|  |TAMS 0x00000007d3000000| PB 0x00000007d3000000| Untracked |  0
|1689|0x00000007d3200000, 0x00000007d3200000, 0x00000007d3400000|  0%| F|  |TAMS 0x00000007d3200000| PB 0x00000007d3200000| Untracked |  0
|1690|0x00000007d3400000, 0x00000007d3400000, 0x00000007d3600000|  0%| F|  |TAMS 0x00000007d3400000| PB 0x00000007d3400000| Untracked |  0
|1691|0x00000007d3600000, 0x00000007d3600000, 0x00000007d3800000|  0%| F|  |TAMS 0x00000007d3600000| PB 0x00000007d3600000| Untracked |  0
|1692|0x00000007d3800000, 0x00000007d3800000, 0x00000007d3a00000|  0%| F|  |TAMS 0x00000007d3800000| PB 0x00000007d3800000| Untracked |  0
|1693|0x00000007d3a00000, 0x00000007d3a00000, 0x00000007d3c00000|  0%| F|  |TAMS 0x00000007d3a00000| PB 0x00000007d3a00000| Untracked |  0
|1694|0x00000007d3c00000, 0x00000007d3c00000, 0x00000007d3e00000|  0%| F|  |TAMS 0x00000007d3c00000| PB 0x00000007d3c00000| Untracked |  0
|1695|0x00000007d3e00000, 0x00000007d3e00000, 0x00000007d4000000|  0%| F|  |TAMS 0x00000007d3e00000| PB 0x00000007d3e00000| Untracked |  0
|1696|0x00000007d4000000, 0x00000007d4000000, 0x00000007d4200000|  0%| F|  |TAMS 0x00000007d4000000| PB 0x00000007d4000000| Untracked |  0
|1697|0x00000007d4200000, 0x00000007d4200000, 0x00000007d4400000|  0%| F|  |TAMS 0x00000007d4200000| PB 0x00000007d4200000| Untracked |  0
|1698|0x00000007d4400000, 0x00000007d4400000, 0x00000007d4600000|  0%| F|  |TAMS 0x00000007d4400000| PB 0x00000007d4400000| Untracked |  0
|1699|0x00000007d4600000, 0x00000007d4600000, 0x00000007d4800000|  0%| F|  |TAMS 0x00000007d4600000| PB 0x00000007d4600000| Untracked |  0
|1700|0x00000007d4800000, 0x00000007d4800000, 0x00000007d4a00000|  0%| F|  |TAMS 0x00000007d4800000| PB 0x00000007d4800000| Untracked |  0
|1701|0x00000007d4a00000, 0x00000007d4a00000, 0x00000007d4c00000|  0%| F|  |TAMS 0x00000007d4a00000| PB 0x00000007d4a00000| Untracked |  0
|1702|0x00000007d4c00000, 0x00000007d4c00000, 0x00000007d4e00000|  0%| F|  |TAMS 0x00000007d4c00000| PB 0x00000007d4c00000| Untracked |  0
|1703|0x00000007d4e00000, 0x00000007d4e00000, 0x00000007d5000000|  0%| F|  |TAMS 0x00000007d4e00000| PB 0x00000007d4e00000| Untracked |  0
|1704|0x00000007d5000000, 0x00000007d5000000, 0x00000007d5200000|  0%| F|  |TAMS 0x00000007d5000000| PB 0x00000007d5000000| Untracked |  0
|1705|0x00000007d5200000, 0x00000007d5200000, 0x00000007d5400000|  0%| F|  |TAMS 0x00000007d5200000| PB 0x00000007d5200000| Untracked |  0
|1706|0x00000007d5400000, 0x00000007d5400000, 0x00000007d5600000|  0%| F|  |TAMS 0x00000007d5400000| PB 0x00000007d5400000| Untracked |  0
|1707|0x00000007d5600000, 0x00000007d5600000, 0x00000007d5800000|  0%| F|  |TAMS 0x00000007d5600000| PB 0x00000007d5600000| Untracked |  0
|1708|0x00000007d5800000, 0x00000007d5800000, 0x00000007d5a00000|  0%| F|  |TAMS 0x00000007d5800000| PB 0x00000007d5800000| Untracked |  0
|1709|0x00000007d5a00000, 0x00000007d5a00000, 0x00000007d5c00000|  0%| F|  |TAMS 0x00000007d5a00000| PB 0x00000007d5a00000| Untracked |  0
|1710|0x00000007d5c00000, 0x00000007d5c00000, 0x00000007d5e00000|  0%| F|  |TAMS 0x00000007d5c00000| PB 0x00000007d5c00000| Untracked |  0
|1711|0x00000007d5e00000, 0x00000007d5e00000, 0x00000007d6000000|  0%| F|  |TAMS 0x00000007d5e00000| PB 0x00000007d5e00000| Untracked |  0
|1712|0x00000007d6000000, 0x00000007d6000000, 0x00000007d6200000|  0%| F|  |TAMS 0x00000007d6000000| PB 0x00000007d6000000| Untracked |  0
|1713|0x00000007d6200000, 0x00000007d6200000, 0x00000007d6400000|  0%| F|  |TAMS 0x00000007d6200000| PB 0x00000007d6200000| Untracked |  0
|1714|0x00000007d6400000, 0x00000007d6400000, 0x00000007d6600000|  0%| F|  |TAMS 0x00000007d6400000| PB 0x00000007d6400000| Untracked |  0
|1715|0x00000007d6600000, 0x00000007d6600000, 0x00000007d6800000|  0%| F|  |TAMS 0x00000007d6600000| PB 0x00000007d6600000| Untracked |  0
|1716|0x00000007d6800000, 0x00000007d6800000, 0x00000007d6a00000|  0%| F|  |TAMS 0x00000007d6800000| PB 0x00000007d6800000| Untracked |  0
|1717|0x00000007d6a00000, 0x00000007d6a00000, 0x00000007d6c00000|  0%| F|  |TAMS 0x00000007d6a00000| PB 0x00000007d6a00000| Untracked |  0
|1718|0x00000007d6c00000, 0x00000007d6c00000, 0x00000007d6e00000|  0%| F|  |TAMS 0x00000007d6c00000| PB 0x00000007d6c00000| Untracked |  0
|1719|0x00000007d6e00000, 0x00000007d6e00000, 0x00000007d7000000|  0%| F|  |TAMS 0x00000007d6e00000| PB 0x00000007d6e00000| Untracked |  0
|1720|0x00000007d7000000, 0x00000007d7000000, 0x00000007d7200000|  0%| F|  |TAMS 0x00000007d7000000| PB 0x00000007d7000000| Untracked |  0
|1721|0x00000007d7200000, 0x00000007d7200000, 0x00000007d7400000|  0%| F|  |TAMS 0x00000007d7200000| PB 0x00000007d7200000| Untracked |  0
|1722|0x00000007d7400000, 0x00000007d7400000, 0x00000007d7600000|  0%| F|  |TAMS 0x00000007d7400000| PB 0x00000007d7400000| Untracked |  0
|1723|0x00000007d7600000, 0x00000007d7600000, 0x00000007d7800000|  0%| F|  |TAMS 0x00000007d7600000| PB 0x00000007d7600000| Untracked |  0
|1724|0x00000007d7800000, 0x00000007d7800000, 0x00000007d7a00000|  0%| F|  |TAMS 0x00000007d7800000| PB 0x00000007d7800000| Untracked |  0
|1725|0x00000007d7a00000, 0x00000007d7a00000, 0x00000007d7c00000|  0%| F|  |TAMS 0x00000007d7a00000| PB 0x00000007d7a00000| Untracked |  0
|1726|0x00000007d7c00000, 0x00000007d7c00000, 0x00000007d7e00000|  0%| F|  |TAMS 0x00000007d7c00000| PB 0x00000007d7c00000| Untracked |  0
|1727|0x00000007d7e00000, 0x00000007d7e00000, 0x00000007d8000000|  0%| F|  |TAMS 0x00000007d7e00000| PB 0x00000007d7e00000| Untracked |  0
|1728|0x00000007d8000000, 0x00000007d8000000, 0x00000007d8200000|  0%| F|  |TAMS 0x00000007d8000000| PB 0x00000007d8000000| Untracked |  0
|1729|0x00000007d8200000, 0x00000007d8200000, 0x00000007d8400000|  0%| F|  |TAMS 0x00000007d8200000| PB 0x00000007d8200000| Untracked |  0
|1730|0x00000007d8400000, 0x00000007d8400000, 0x00000007d8600000|  0%| F|  |TAMS 0x00000007d8400000| PB 0x00000007d8400000| Untracked |  0
|1731|0x00000007d8600000, 0x00000007d8600000, 0x00000007d8800000|  0%| F|  |TAMS 0x00000007d8600000| PB 0x00000007d8600000| Untracked |  0
|1732|0x00000007d8800000, 0x00000007d8800000, 0x00000007d8a00000|  0%| F|  |TAMS 0x00000007d8800000| PB 0x00000007d8800000| Untracked |  0
|1733|0x00000007d8a00000, 0x00000007d8a00000, 0x00000007d8c00000|  0%| F|  |TAMS 0x00000007d8a00000| PB 0x00000007d8a00000| Untracked |  0
|1734|0x00000007d8c00000, 0x00000007d8c00000, 0x00000007d8e00000|  0%| F|  |TAMS 0x00000007d8c00000| PB 0x00000007d8c00000| Untracked |  0
|1735|0x00000007d8e00000, 0x00000007d8e00000, 0x00000007d9000000|  0%| F|  |TAMS 0x00000007d8e00000| PB 0x00000007d8e00000| Untracked |  0
|1736|0x00000007d9000000, 0x00000007d9000000, 0x00000007d9200000|  0%| F|  |TAMS 0x00000007d9000000| PB 0x00000007d9000000| Untracked |  0
|1737|0x00000007d9200000, 0x00000007d9200000, 0x00000007d9400000|  0%| F|  |TAMS 0x00000007d9200000| PB 0x00000007d9200000| Untracked |  0
|1738|0x00000007d9400000, 0x00000007d9400000, 0x00000007d9600000|  0%| F|  |TAMS 0x00000007d9400000| PB 0x00000007d9400000| Untracked |  0
|1739|0x00000007d9600000, 0x00000007d9600000, 0x00000007d9800000|  0%| F|  |TAMS 0x00000007d9600000| PB 0x00000007d9600000| Untracked |  0
|1740|0x00000007d9800000, 0x00000007d9800000, 0x00000007d9a00000|  0%| F|  |TAMS 0x00000007d9800000| PB 0x00000007d9800000| Untracked |  0
|1741|0x00000007d9a00000, 0x00000007d9a00000, 0x00000007d9c00000|  0%| F|  |TAMS 0x00000007d9a00000| PB 0x00000007d9a00000| Untracked |  0
|1742|0x00000007d9c00000, 0x00000007d9c00000, 0x00000007d9e00000|  0%| F|  |TAMS 0x00000007d9c00000| PB 0x00000007d9c00000| Untracked |  0
|1743|0x00000007d9e00000, 0x00000007d9e00000, 0x00000007da000000|  0%| F|  |TAMS 0x00000007d9e00000| PB 0x00000007d9e00000| Untracked |  0
|1744|0x00000007da000000, 0x00000007da000000, 0x00000007da200000|  0%| F|  |TAMS 0x00000007da000000| PB 0x00000007da000000| Untracked |  0
|1745|0x00000007da200000, 0x00000007da200000, 0x00000007da400000|  0%| F|  |TAMS 0x00000007da200000| PB 0x00000007da200000| Untracked |  0
|1746|0x00000007da400000, 0x00000007da400000, 0x00000007da600000|  0%| F|  |TAMS 0x00000007da400000| PB 0x00000007da400000| Untracked |  0
|1747|0x00000007da600000, 0x00000007da600000, 0x00000007da800000|  0%| F|  |TAMS 0x00000007da600000| PB 0x00000007da600000| Untracked |  0
|1748|0x00000007da800000, 0x00000007da800000, 0x00000007daa00000|  0%| F|  |TAMS 0x00000007da800000| PB 0x00000007da800000| Untracked |  0
|1749|0x00000007daa00000, 0x00000007daa00000, 0x00000007dac00000|  0%| F|  |TAMS 0x00000007daa00000| PB 0x00000007daa00000| Untracked |  0
|1750|0x00000007dac00000, 0x00000007dac00000, 0x00000007dae00000|  0%| F|  |TAMS 0x00000007dac00000| PB 0x00000007dac00000| Untracked |  0
|1751|0x00000007dae00000, 0x00000007dae00000, 0x00000007db000000|  0%| F|  |TAMS 0x00000007dae00000| PB 0x00000007dae00000| Untracked |  0
|1752|0x00000007db000000, 0x00000007db000000, 0x00000007db200000|  0%| F|  |TAMS 0x00000007db000000| PB 0x00000007db000000| Untracked |  0
|1753|0x00000007db200000, 0x00000007db200000, 0x00000007db400000|  0%| F|  |TAMS 0x00000007db200000| PB 0x00000007db200000| Untracked |  0
|1754|0x00000007db400000, 0x00000007db400000, 0x00000007db600000|  0%| F|  |TAMS 0x00000007db400000| PB 0x00000007db400000| Untracked |  0
|1755|0x00000007db600000, 0x00000007db600000, 0x00000007db800000|  0%| F|  |TAMS 0x00000007db600000| PB 0x00000007db600000| Untracked |  0
|1756|0x00000007db800000, 0x00000007db800000, 0x00000007dba00000|  0%| F|  |TAMS 0x00000007db800000| PB 0x00000007db800000| Untracked |  0
|1757|0x00000007dba00000, 0x00000007dba00000, 0x00000007dbc00000|  0%| F|  |TAMS 0x00000007dba00000| PB 0x00000007dba00000| Untracked |  0
|1758|0x00000007dbc00000, 0x00000007dbc00000, 0x00000007dbe00000|  0%| F|  |TAMS 0x00000007dbc00000| PB 0x00000007dbc00000| Untracked |  0
|1759|0x00000007dbe00000, 0x00000007dbe00000, 0x00000007dc000000|  0%| F|  |TAMS 0x00000007dbe00000| PB 0x00000007dbe00000| Untracked |  0
|1760|0x00000007dc000000, 0x00000007dc000000, 0x00000007dc200000|  0%| F|  |TAMS 0x00000007dc000000| PB 0x00000007dc000000| Untracked |  0
|1761|0x00000007dc200000, 0x00000007dc200000, 0x00000007dc400000|  0%| F|  |TAMS 0x00000007dc200000| PB 0x00000007dc200000| Untracked |  0
|1762|0x00000007dc400000, 0x00000007dc400000, 0x00000007dc600000|  0%| F|  |TAMS 0x00000007dc400000| PB 0x00000007dc400000| Untracked |  0
|1763|0x00000007dc600000, 0x00000007dc600000, 0x00000007dc800000|  0%| F|  |TAMS 0x00000007dc600000| PB 0x00000007dc600000| Untracked |  0
|1764|0x00000007dc800000, 0x00000007dc800000, 0x00000007dca00000|  0%| F|  |TAMS 0x00000007dc800000| PB 0x00000007dc800000| Untracked |  0
|1765|0x00000007dca00000, 0x00000007dca00000, 0x00000007dcc00000|  0%| F|  |TAMS 0x00000007dca00000| PB 0x00000007dca00000| Untracked |  0
|1766|0x00000007dcc00000, 0x00000007dcc00000, 0x00000007dce00000|  0%| F|  |TAMS 0x00000007dcc00000| PB 0x00000007dcc00000| Untracked |  0
|1767|0x00000007dce00000, 0x00000007dce00000, 0x00000007dd000000|  0%| F|  |TAMS 0x00000007dce00000| PB 0x00000007dce00000| Untracked |  0
|1768|0x00000007dd000000, 0x00000007dd000000, 0x00000007dd200000|  0%| F|  |TAMS 0x00000007dd000000| PB 0x00000007dd000000| Untracked |  0
|1769|0x00000007dd200000, 0x00000007dd200000, 0x00000007dd400000|  0%| F|  |TAMS 0x00000007dd200000| PB 0x00000007dd200000| Untracked |  0
|1770|0x00000007dd400000, 0x00000007dd400000, 0x00000007dd600000|  0%| F|  |TAMS 0x00000007dd400000| PB 0x00000007dd400000| Untracked |  0
|1771|0x00000007dd600000, 0x00000007dd600000, 0x00000007dd800000|  0%| F|  |TAMS 0x00000007dd600000| PB 0x00000007dd600000| Untracked |  0
|1772|0x00000007dd800000, 0x00000007dd800000, 0x00000007dda00000|  0%| F|  |TAMS 0x00000007dd800000| PB 0x00000007dd800000| Untracked |  0
|1773|0x00000007dda00000, 0x00000007dda00000, 0x00000007ddc00000|  0%| F|  |TAMS 0x00000007dda00000| PB 0x00000007dda00000| Untracked |  0
|1774|0x00000007ddc00000, 0x00000007ddc00000, 0x00000007dde00000|  0%| F|  |TAMS 0x00000007ddc00000| PB 0x00000007ddc00000| Untracked |  0
|1775|0x00000007dde00000, 0x00000007dde00000, 0x00000007de000000|  0%| F|  |TAMS 0x00000007dde00000| PB 0x00000007dde00000| Untracked |  0
|1776|0x00000007de000000, 0x00000007de000000, 0x00000007de200000|  0%| F|  |TAMS 0x00000007de000000| PB 0x00000007de000000| Untracked |  0
|1777|0x00000007de200000, 0x00000007de200000, 0x00000007de400000|  0%| F|  |TAMS 0x00000007de200000| PB 0x00000007de200000| Untracked |  0
|1778|0x00000007de400000, 0x00000007de400000, 0x00000007de600000|  0%| F|  |TAMS 0x00000007de400000| PB 0x00000007de400000| Untracked |  0
|1779|0x00000007de600000, 0x00000007de600000, 0x00000007de800000|  0%| F|  |TAMS 0x00000007de600000| PB 0x00000007de600000| Untracked |  0
|1780|0x00000007de800000, 0x00000007de800000, 0x00000007dea00000|  0%| F|  |TAMS 0x00000007de800000| PB 0x00000007de800000| Untracked |  0
|1781|0x00000007dea00000, 0x00000007dea00000, 0x00000007dec00000|  0%| F|  |TAMS 0x00000007dea00000| PB 0x00000007dea00000| Untracked |  0
|1782|0x00000007dec00000, 0x00000007dec00000, 0x00000007dee00000|  0%| F|  |TAMS 0x00000007dec00000| PB 0x00000007dec00000| Untracked |  0
|1783|0x00000007dee00000, 0x00000007dee00000, 0x00000007df000000|  0%| F|  |TAMS 0x00000007dee00000| PB 0x00000007dee00000| Untracked |  0
|1784|0x00000007df000000, 0x00000007df000000, 0x00000007df200000|  0%| F|  |TAMS 0x00000007df000000| PB 0x00000007df000000| Untracked |  0
|1785|0x00000007df200000, 0x00000007df200000, 0x00000007df400000|  0%| F|  |TAMS 0x00000007df200000| PB 0x00000007df200000| Untracked |  0
|1786|0x00000007df400000, 0x00000007df400000, 0x00000007df600000|  0%| F|  |TAMS 0x00000007df400000| PB 0x00000007df400000| Untracked |  0
|1787|0x00000007df600000, 0x00000007df600000, 0x00000007df800000|  0%| F|  |TAMS 0x00000007df600000| PB 0x00000007df600000| Untracked |  0
|1788|0x00000007df800000, 0x00000007df800000, 0x00000007dfa00000|  0%| F|  |TAMS 0x00000007df800000| PB 0x00000007df800000| Untracked |  0
|1789|0x00000007dfa00000, 0x00000007dfa00000, 0x00000007dfc00000|  0%| F|  |TAMS 0x00000007dfa00000| PB 0x00000007dfa00000| Untracked |  0
|1790|0x00000007dfc00000, 0x00000007dfc00000, 0x00000007dfe00000|  0%| F|  |TAMS 0x00000007dfc00000| PB 0x00000007dfc00000| Untracked |  0
|1791|0x00000007dfe00000, 0x00000007dfe00000, 0x00000007e0000000|  0%| F|  |TAMS 0x00000007dfe00000| PB 0x00000007dfe00000| Untracked |  0
|1792|0x00000007e0000000, 0x00000007e0000000, 0x00000007e0200000|  0%| F|  |TAMS 0x00000007e0000000| PB 0x00000007e0000000| Untracked |  0
|1793|0x00000007e0200000, 0x00000007e0200000, 0x00000007e0400000|  0%| F|  |TAMS 0x00000007e0200000| PB 0x00000007e0200000| Untracked |  0
|1794|0x00000007e0400000, 0x00000007e0400000, 0x00000007e0600000|  0%| F|  |TAMS 0x00000007e0400000| PB 0x00000007e0400000| Untracked |  0
|1795|0x00000007e0600000, 0x00000007e0600000, 0x00000007e0800000|  0%| F|  |TAMS 0x00000007e0600000| PB 0x00000007e0600000| Untracked |  0
|1796|0x00000007e0800000, 0x00000007e0800000, 0x00000007e0a00000|  0%| F|  |TAMS 0x00000007e0800000| PB 0x00000007e0800000| Untracked |  0
|1797|0x00000007e0a00000, 0x00000007e0a00000, 0x00000007e0c00000|  0%| F|  |TAMS 0x00000007e0a00000| PB 0x00000007e0a00000| Untracked |  0
|1798|0x00000007e0c00000, 0x00000007e0c00000, 0x00000007e0e00000|  0%| F|  |TAMS 0x00000007e0c00000| PB 0x00000007e0c00000| Untracked |  0
|1799|0x00000007e0e00000, 0x00000007e0e00000, 0x00000007e1000000|  0%| F|  |TAMS 0x00000007e0e00000| PB 0x00000007e0e00000| Untracked |  0
|1800|0x00000007e1000000, 0x00000007e1000000, 0x00000007e1200000|  0%| F|  |TAMS 0x00000007e1000000| PB 0x00000007e1000000| Untracked |  0
|1801|0x00000007e1200000, 0x00000007e1200000, 0x00000007e1400000|  0%| F|  |TAMS 0x00000007e1200000| PB 0x00000007e1200000| Untracked |  0
|1802|0x00000007e1400000, 0x00000007e1400000, 0x00000007e1600000|  0%| F|  |TAMS 0x00000007e1400000| PB 0x00000007e1400000| Untracked |  0
|1803|0x00000007e1600000, 0x00000007e1600000, 0x00000007e1800000|  0%| F|  |TAMS 0x00000007e1600000| PB 0x00000007e1600000| Untracked |  0
|1804|0x00000007e1800000, 0x00000007e1800000, 0x00000007e1a00000|  0%| F|  |TAMS 0x00000007e1800000| PB 0x00000007e1800000| Untracked |  0
|1805|0x00000007e1a00000, 0x00000007e1a00000, 0x00000007e1c00000|  0%| F|  |TAMS 0x00000007e1a00000| PB 0x00000007e1a00000| Untracked |  0
|1806|0x00000007e1c00000, 0x00000007e1c00000, 0x00000007e1e00000|  0%| F|  |TAMS 0x00000007e1c00000| PB 0x00000007e1c00000| Untracked |  0
|1807|0x00000007e1e00000, 0x00000007e1e00000, 0x00000007e2000000|  0%| F|  |TAMS 0x00000007e1e00000| PB 0x00000007e1e00000| Untracked |  0
|1808|0x00000007e2000000, 0x00000007e2000000, 0x00000007e2200000|  0%| F|  |TAMS 0x00000007e2000000| PB 0x00000007e2000000| Untracked |  0
|1809|0x00000007e2200000, 0x00000007e2200000, 0x00000007e2400000|  0%| F|  |TAMS 0x00000007e2200000| PB 0x00000007e2200000| Untracked |  0
|1810|0x00000007e2400000, 0x00000007e2400000, 0x00000007e2600000|  0%| F|  |TAMS 0x00000007e2400000| PB 0x00000007e2400000| Untracked |  0
|1811|0x00000007e2600000, 0x00000007e2600000, 0x00000007e2800000|  0%| F|  |TAMS 0x00000007e2600000| PB 0x00000007e2600000| Untracked |  0
|1812|0x00000007e2800000, 0x00000007e2800000, 0x00000007e2a00000|  0%| F|  |TAMS 0x00000007e2800000| PB 0x00000007e2800000| Untracked |  0
|1813|0x00000007e2a00000, 0x00000007e2a00000, 0x00000007e2c00000|  0%| F|  |TAMS 0x00000007e2a00000| PB 0x00000007e2a00000| Untracked |  0
|1814|0x00000007e2c00000, 0x00000007e2c00000, 0x00000007e2e00000|  0%| F|  |TAMS 0x00000007e2c00000| PB 0x00000007e2c00000| Untracked |  0
|1815|0x00000007e2e00000, 0x00000007e2e00000, 0x00000007e3000000|  0%| F|  |TAMS 0x00000007e2e00000| PB 0x00000007e2e00000| Untracked |  0
|1816|0x00000007e3000000, 0x00000007e3000000, 0x00000007e3200000|  0%| F|  |TAMS 0x00000007e3000000| PB 0x00000007e3000000| Untracked |  0
|1817|0x00000007e3200000, 0x00000007e3200000, 0x00000007e3400000|  0%| F|  |TAMS 0x00000007e3200000| PB 0x00000007e3200000| Untracked |  0
|1818|0x00000007e3400000, 0x00000007e3400000, 0x00000007e3600000|  0%| F|  |TAMS 0x00000007e3400000| PB 0x00000007e3400000| Untracked |  0
|1819|0x00000007e3600000, 0x00000007e3600000, 0x00000007e3800000|  0%| F|  |TAMS 0x00000007e3600000| PB 0x00000007e3600000| Untracked |  0
|1820|0x00000007e3800000, 0x00000007e3800000, 0x00000007e3a00000|  0%| F|  |TAMS 0x00000007e3800000| PB 0x00000007e3800000| Untracked |  0
|1821|0x00000007e3a00000, 0x00000007e3a00000, 0x00000007e3c00000|  0%| F|  |TAMS 0x00000007e3a00000| PB 0x00000007e3a00000| Untracked |  0
|1822|0x00000007e3c00000, 0x00000007e3c00000, 0x00000007e3e00000|  0%| F|  |TAMS 0x00000007e3c00000| PB 0x00000007e3c00000| Untracked |  0
|1823|0x00000007e3e00000, 0x00000007e3e00000, 0x00000007e4000000|  0%| F|  |TAMS 0x00000007e3e00000| PB 0x00000007e3e00000| Untracked |  0
|1824|0x00000007e4000000, 0x00000007e4000000, 0x00000007e4200000|  0%| F|  |TAMS 0x00000007e4000000| PB 0x00000007e4000000| Untracked |  0
|1825|0x00000007e4200000, 0x00000007e4200000, 0x00000007e4400000|  0%| F|  |TAMS 0x00000007e4200000| PB 0x00000007e4200000| Untracked |  0
|1826|0x00000007e4400000, 0x00000007e4400000, 0x00000007e4600000|  0%| F|  |TAMS 0x00000007e4400000| PB 0x00000007e4400000| Untracked |  0
|1827|0x00000007e4600000, 0x00000007e4600000, 0x00000007e4800000|  0%| F|  |TAMS 0x00000007e4600000| PB 0x00000007e4600000| Untracked |  0
|1828|0x00000007e4800000, 0x00000007e4800000, 0x00000007e4a00000|  0%| F|  |TAMS 0x00000007e4800000| PB 0x00000007e4800000| Untracked |  0
|1829|0x00000007e4a00000, 0x00000007e4a00000, 0x00000007e4c00000|  0%| F|  |TAMS 0x00000007e4a00000| PB 0x00000007e4a00000| Untracked |  0
|1830|0x00000007e4c00000, 0x00000007e4c00000, 0x00000007e4e00000|  0%| F|  |TAMS 0x00000007e4c00000| PB 0x00000007e4c00000| Untracked |  0
|1831|0x00000007e4e00000, 0x00000007e4e00000, 0x00000007e5000000|  0%| F|  |TAMS 0x00000007e4e00000| PB 0x00000007e4e00000| Untracked |  0
|1832|0x00000007e5000000, 0x00000007e5000000, 0x00000007e5200000|  0%| F|  |TAMS 0x00000007e5000000| PB 0x00000007e5000000| Untracked |  0
|1833|0x00000007e5200000, 0x00000007e5200000, 0x00000007e5400000|  0%| F|  |TAMS 0x00000007e5200000| PB 0x00000007e5200000| Untracked |  0
|1834|0x00000007e5400000, 0x00000007e5400000, 0x00000007e5600000|  0%| F|  |TAMS 0x00000007e5400000| PB 0x00000007e5400000| Untracked |  0
|1835|0x00000007e5600000, 0x00000007e5600000, 0x00000007e5800000|  0%| F|  |TAMS 0x00000007e5600000| PB 0x00000007e5600000| Untracked |  0
|1836|0x00000007e5800000, 0x00000007e5800000, 0x00000007e5a00000|  0%| F|  |TAMS 0x00000007e5800000| PB 0x00000007e5800000| Untracked |  0
|1837|0x00000007e5a00000, 0x00000007e5a00000, 0x00000007e5c00000|  0%| F|  |TAMS 0x00000007e5a00000| PB 0x00000007e5a00000| Untracked |  0
|1838|0x00000007e5c00000, 0x00000007e5c00000, 0x00000007e5e00000|  0%| F|  |TAMS 0x00000007e5c00000| PB 0x00000007e5c00000| Untracked |  0
|1839|0x00000007e5e00000, 0x00000007e5e00000, 0x00000007e6000000|  0%| F|  |TAMS 0x00000007e5e00000| PB 0x00000007e5e00000| Untracked |  0
|1840|0x00000007e6000000, 0x00000007e6000000, 0x00000007e6200000|  0%| F|  |TAMS 0x00000007e6000000| PB 0x00000007e6000000| Untracked |  0
|1841|0x00000007e6200000, 0x00000007e6200000, 0x00000007e6400000|  0%| F|  |TAMS 0x00000007e6200000| PB 0x00000007e6200000| Untracked |  0
|1842|0x00000007e6400000, 0x00000007e6400000, 0x00000007e6600000|  0%| F|  |TAMS 0x00000007e6400000| PB 0x00000007e6400000| Untracked |  0
|1843|0x00000007e6600000, 0x00000007e6600000, 0x00000007e6800000|  0%| F|  |TAMS 0x00000007e6600000| PB 0x00000007e6600000| Untracked |  0
|1844|0x00000007e6800000, 0x00000007e6800000, 0x00000007e6a00000|  0%| F|  |TAMS 0x00000007e6800000| PB 0x00000007e6800000| Untracked |  0
|1845|0x00000007e6a00000, 0x00000007e6a00000, 0x00000007e6c00000|  0%| F|  |TAMS 0x00000007e6a00000| PB 0x00000007e6a00000| Untracked |  0
|1846|0x00000007e6c00000, 0x00000007e6c00000, 0x00000007e6e00000|  0%| F|  |TAMS 0x00000007e6c00000| PB 0x00000007e6c00000| Untracked |  0
|1847|0x00000007e6e00000, 0x00000007e6e00000, 0x00000007e7000000|  0%| F|  |TAMS 0x00000007e6e00000| PB 0x00000007e6e00000| Untracked |  0
|1848|0x00000007e7000000, 0x00000007e7000000, 0x00000007e7200000|  0%| F|  |TAMS 0x00000007e7000000| PB 0x00000007e7000000| Untracked |  0
|1849|0x00000007e7200000, 0x00000007e7200000, 0x00000007e7400000|  0%| F|  |TAMS 0x00000007e7200000| PB 0x00000007e7200000| Untracked |  0
|1850|0x00000007e7400000, 0x00000007e7400000, 0x00000007e7600000|  0%| F|  |TAMS 0x00000007e7400000| PB 0x00000007e7400000| Untracked |  0
|1851|0x00000007e7600000, 0x00000007e7600000, 0x00000007e7800000|  0%| F|  |TAMS 0x00000007e7600000| PB 0x00000007e7600000| Untracked |  0
|1852|0x00000007e7800000, 0x00000007e7800000, 0x00000007e7a00000|  0%| F|  |TAMS 0x00000007e7800000| PB 0x00000007e7800000| Untracked |  0
|1853|0x00000007e7a00000, 0x00000007e7a00000, 0x00000007e7c00000|  0%| F|  |TAMS 0x00000007e7a00000| PB 0x00000007e7a00000| Untracked |  0
|1854|0x00000007e7c00000, 0x00000007e7c00000, 0x00000007e7e00000|  0%| F|  |TAMS 0x00000007e7c00000| PB 0x00000007e7c00000| Untracked |  0
|1855|0x00000007e7e00000, 0x00000007e7e00000, 0x00000007e8000000|  0%| F|  |TAMS 0x00000007e7e00000| PB 0x00000007e7e00000| Untracked |  0
|1856|0x00000007e8000000, 0x00000007e8000000, 0x00000007e8200000|  0%| F|  |TAMS 0x00000007e8000000| PB 0x00000007e8000000| Untracked |  0
|1857|0x00000007e8200000, 0x00000007e8200000, 0x00000007e8400000|  0%| F|  |TAMS 0x00000007e8200000| PB 0x00000007e8200000| Untracked |  0
|1858|0x00000007e8400000, 0x00000007e8400000, 0x00000007e8600000|  0%| F|  |TAMS 0x00000007e8400000| PB 0x00000007e8400000| Untracked |  0
|1859|0x00000007e8600000, 0x00000007e8600000, 0x00000007e8800000|  0%| F|  |TAMS 0x00000007e8600000| PB 0x00000007e8600000| Untracked |  0
|1860|0x00000007e8800000, 0x00000007e8800000, 0x00000007e8a00000|  0%| F|  |TAMS 0x00000007e8800000| PB 0x00000007e8800000| Untracked |  0
|1861|0x00000007e8a00000, 0x00000007e8a00000, 0x00000007e8c00000|  0%| F|  |TAMS 0x00000007e8a00000| PB 0x00000007e8a00000| Untracked |  0
|1862|0x00000007e8c00000, 0x00000007e8c00000, 0x00000007e8e00000|  0%| F|  |TAMS 0x00000007e8c00000| PB 0x00000007e8c00000| Untracked |  0
|1863|0x00000007e8e00000, 0x00000007e8e00000, 0x00000007e9000000|  0%| F|  |TAMS 0x00000007e8e00000| PB 0x00000007e8e00000| Untracked |  0
|1864|0x00000007e9000000, 0x00000007e9000000, 0x00000007e9200000|  0%| F|  |TAMS 0x00000007e9000000| PB 0x00000007e9000000| Untracked |  0
|1865|0x00000007e9200000, 0x00000007e9200000, 0x00000007e9400000|  0%| F|  |TAMS 0x00000007e9200000| PB 0x00000007e9200000| Untracked |  0
|1866|0x00000007e9400000, 0x00000007e9400000, 0x00000007e9600000|  0%| F|  |TAMS 0x00000007e9400000| PB 0x00000007e9400000| Untracked |  0
|1867|0x00000007e9600000, 0x00000007e9600000, 0x00000007e9800000|  0%| F|  |TAMS 0x00000007e9600000| PB 0x00000007e9600000| Untracked |  0
|1868|0x00000007e9800000, 0x00000007e9800000, 0x00000007e9a00000|  0%| F|  |TAMS 0x00000007e9800000| PB 0x00000007e9800000| Untracked |  0
|1869|0x00000007e9a00000, 0x00000007e9a00000, 0x00000007e9c00000|  0%| F|  |TAMS 0x00000007e9a00000| PB 0x00000007e9a00000| Untracked |  0
|1870|0x00000007e9c00000, 0x00000007e9c00000, 0x00000007e9e00000|  0%| F|  |TAMS 0x00000007e9c00000| PB 0x00000007e9c00000| Untracked |  0
|1871|0x00000007e9e00000, 0x00000007e9e00000, 0x00000007ea000000|  0%| F|  |TAMS 0x00000007e9e00000| PB 0x00000007e9e00000| Untracked |  0
|1872|0x00000007ea000000, 0x00000007ea000000, 0x00000007ea200000|  0%| F|  |TAMS 0x00000007ea000000| PB 0x00000007ea000000| Untracked |  0
|1873|0x00000007ea200000, 0x00000007ea200000, 0x00000007ea400000|  0%| F|  |TAMS 0x00000007ea200000| PB 0x00000007ea200000| Untracked |  0
|1874|0x00000007ea400000, 0x00000007ea400000, 0x00000007ea600000|  0%| F|  |TAMS 0x00000007ea400000| PB 0x00000007ea400000| Untracked |  0
|1875|0x00000007ea600000, 0x00000007ea600000, 0x00000007ea800000|  0%| F|  |TAMS 0x00000007ea600000| PB 0x00000007ea600000| Untracked |  0
|1876|0x00000007ea800000, 0x00000007ea800000, 0x00000007eaa00000|  0%| F|  |TAMS 0x00000007ea800000| PB 0x00000007ea800000| Untracked |  0
|1877|0x00000007eaa00000, 0x00000007eaa00000, 0x00000007eac00000|  0%| F|  |TAMS 0x00000007eaa00000| PB 0x00000007eaa00000| Untracked |  0
|1878|0x00000007eac00000, 0x00000007eac00000, 0x00000007eae00000|  0%| F|  |TAMS 0x00000007eac00000| PB 0x00000007eac00000| Untracked |  0
|1879|0x00000007eae00000, 0x00000007eae00000, 0x00000007eb000000|  0%| F|  |TAMS 0x00000007eae00000| PB 0x00000007eae00000| Untracked |  0
|1880|0x00000007eb000000, 0x00000007eb000000, 0x00000007eb200000|  0%| F|  |TAMS 0x00000007eb000000| PB 0x00000007eb000000| Untracked |  0
|1881|0x00000007eb200000, 0x00000007eb200000, 0x00000007eb400000|  0%| F|  |TAMS 0x00000007eb200000| PB 0x00000007eb200000| Untracked |  0
|1882|0x00000007eb400000, 0x00000007eb400000, 0x00000007eb600000|  0%| F|  |TAMS 0x00000007eb400000| PB 0x00000007eb400000| Untracked |  0
|1883|0x00000007eb600000, 0x00000007eb600000, 0x00000007eb800000|  0%| F|  |TAMS 0x00000007eb600000| PB 0x00000007eb600000| Untracked |  0
|1884|0x00000007eb800000, 0x00000007eb800000, 0x00000007eba00000|  0%| F|  |TAMS 0x00000007eb800000| PB 0x00000007eb800000| Untracked |  0
|1885|0x00000007eba00000, 0x00000007eba00000, 0x00000007ebc00000|  0%| F|  |TAMS 0x00000007eba00000| PB 0x00000007eba00000| Untracked |  0
|1886|0x00000007ebc00000, 0x00000007ebc00000, 0x00000007ebe00000|  0%| F|  |TAMS 0x00000007ebc00000| PB 0x00000007ebc00000| Untracked |  0
|1887|0x00000007ebe00000, 0x00000007ebe00000, 0x00000007ec000000|  0%| F|  |TAMS 0x00000007ebe00000| PB 0x00000007ebe00000| Untracked |  0
|1888|0x00000007ec000000, 0x00000007ec000000, 0x00000007ec200000|  0%| F|  |TAMS 0x00000007ec000000| PB 0x00000007ec000000| Untracked |  0
|1889|0x00000007ec200000, 0x00000007ec200000, 0x00000007ec400000|  0%| F|  |TAMS 0x00000007ec200000| PB 0x00000007ec200000| Untracked |  0
|1890|0x00000007ec400000, 0x00000007ec400000, 0x00000007ec600000|  0%| F|  |TAMS 0x00000007ec400000| PB 0x00000007ec400000| Untracked |  0
|1891|0x00000007ec600000, 0x00000007ec600000, 0x00000007ec800000|  0%| F|  |TAMS 0x00000007ec600000| PB 0x00000007ec600000| Untracked |  0
|1892|0x00000007ec800000, 0x00000007ec800000, 0x00000007eca00000|  0%| F|  |TAMS 0x00000007ec800000| PB 0x00000007ec800000| Untracked |  0
|1893|0x00000007eca00000, 0x00000007eca00000, 0x00000007ecc00000|  0%| F|  |TAMS 0x00000007eca00000| PB 0x00000007eca00000| Untracked |  0
|1894|0x00000007ecc00000, 0x00000007ecc00000, 0x00000007ece00000|  0%| F|  |TAMS 0x00000007ecc00000| PB 0x00000007ecc00000| Untracked |  0
|1895|0x00000007ece00000, 0x00000007ece00000, 0x00000007ed000000|  0%| F|  |TAMS 0x00000007ece00000| PB 0x00000007ece00000| Untracked |  0
|1896|0x00000007ed000000, 0x00000007ed000000, 0x00000007ed200000|  0%| F|  |TAMS 0x00000007ed000000| PB 0x00000007ed000000| Untracked |  0
|1897|0x00000007ed200000, 0x00000007ed200000, 0x00000007ed400000|  0%| F|  |TAMS 0x00000007ed200000| PB 0x00000007ed200000| Untracked |  0
|1898|0x00000007ed400000, 0x00000007ed400000, 0x00000007ed600000|  0%| F|  |TAMS 0x00000007ed400000| PB 0x00000007ed400000| Untracked |  0
|1899|0x00000007ed600000, 0x00000007ed600000, 0x00000007ed800000|  0%| F|  |TAMS 0x00000007ed600000| PB 0x00000007ed600000| Untracked |  0
|1900|0x00000007ed800000, 0x00000007ed800000, 0x00000007eda00000|  0%| F|  |TAMS 0x00000007ed800000| PB 0x00000007ed800000| Untracked |  0
|1901|0x00000007eda00000, 0x00000007eda00000, 0x00000007edc00000|  0%| F|  |TAMS 0x00000007eda00000| PB 0x00000007eda00000| Untracked |  0
|1902|0x00000007edc00000, 0x00000007edc00000, 0x00000007ede00000|  0%| F|  |TAMS 0x00000007edc00000| PB 0x00000007edc00000| Untracked |  0
|1903|0x00000007ede00000, 0x00000007ede00000, 0x00000007ee000000|  0%| F|  |TAMS 0x00000007ede00000| PB 0x00000007ede00000| Untracked |  0
|1904|0x00000007ee000000, 0x00000007ee000000, 0x00000007ee200000|  0%| F|  |TAMS 0x00000007ee000000| PB 0x00000007ee000000| Untracked |  0
|1905|0x00000007ee200000, 0x00000007ee200000, 0x00000007ee400000|  0%| F|  |TAMS 0x00000007ee200000| PB 0x00000007ee200000| Untracked |  0
|1906|0x00000007ee400000, 0x00000007ee400000, 0x00000007ee600000|  0%| F|  |TAMS 0x00000007ee400000| PB 0x00000007ee400000| Untracked |  0
|1907|0x00000007ee600000, 0x00000007ee600000, 0x00000007ee800000|  0%| F|  |TAMS 0x00000007ee600000| PB 0x00000007ee600000| Untracked |  0
|1908|0x00000007ee800000, 0x00000007ee800000, 0x00000007eea00000|  0%| F|  |TAMS 0x00000007ee800000| PB 0x00000007ee800000| Untracked |  0
|1909|0x00000007eea00000, 0x00000007eeb00000, 0x00000007eec00000| 50%| E|  |TAMS 0x00000007eea00000| PB 0x00000007eea00000| Complete |  0
|1910|0x00000007eec00000, 0x00000007eee00000, 0x00000007eee00000|100%| E|CS|TAMS 0x00000007eec00000| PB 0x00000007eec00000| Complete |  0
|1911|0x00000007eee00000, 0x00000007ef000000, 0x00000007ef000000|100%| E|CS|TAMS 0x00000007eee00000| PB 0x00000007eee00000| Complete |  0
|1912|0x00000007ef000000, 0x00000007ef200000, 0x00000007ef200000|100%| E|CS|TAMS 0x00000007ef000000| PB 0x00000007ef000000| Complete |  0
|1913|0x00000007ef200000, 0x00000007ef400000, 0x00000007ef400000|100%| E|CS|TAMS 0x00000007ef200000| PB 0x00000007ef200000| Complete |  0
|1914|0x00000007ef400000, 0x00000007ef600000, 0x00000007ef600000|100%| E|CS|TAMS 0x00000007ef400000| PB 0x00000007ef400000| Complete |  0
|1915|0x00000007ef600000, 0x00000007ef800000, 0x00000007ef800000|100%| E|CS|TAMS 0x00000007ef600000| PB 0x00000007ef600000| Complete |  0
|1916|0x00000007ef800000, 0x00000007efa00000, 0x00000007efa00000|100%| E|CS|TAMS 0x00000007ef800000| PB 0x00000007ef800000| Complete |  0
|1917|0x00000007efa00000, 0x00000007efc00000, 0x00000007efc00000|100%| E|CS|TAMS 0x00000007efa00000| PB 0x00000007efa00000| Complete |  0
|1918|0x00000007efc00000, 0x00000007efe00000, 0x00000007efe00000|100%| E|CS|TAMS 0x00000007efc00000| PB 0x00000007efc00000| Complete |  0
|1919|0x00000007efe00000, 0x00000007f0000000, 0x00000007f0000000|100%| E|CS|TAMS 0x00000007efe00000| PB 0x00000007efe00000| Complete |  0
|1920|0x00000007f0000000, 0x00000007f0200000, 0x00000007f0200000|100%| E|CS|TAMS 0x00000007f0000000| PB 0x00000007f0000000| Complete |  0
|1921|0x00000007f0200000, 0x00000007f0400000, 0x00000007f0400000|100%| E|CS|TAMS 0x00000007f0200000| PB 0x00000007f0200000| Complete |  0
|1922|0x00000007f0400000, 0x00000007f0600000, 0x00000007f0600000|100%| E|CS|TAMS 0x00000007f0400000| PB 0x00000007f0400000| Complete |  0
|1923|0x00000007f0600000, 0x00000007f0800000, 0x00000007f0800000|100%| E|CS|TAMS 0x00000007f0600000| PB 0x00000007f0600000| Complete |  0
|1924|0x00000007f0800000, 0x00000007f0a00000, 0x00000007f0a00000|100%| E|CS|TAMS 0x00000007f0800000| PB 0x00000007f0800000| Complete |  0
|1925|0x00000007f0a00000, 0x00000007f0c00000, 0x00000007f0c00000|100%| E|CS|TAMS 0x00000007f0a00000| PB 0x00000007f0a00000| Complete |  0
|1926|0x00000007f0c00000, 0x00000007f0e00000, 0x00000007f0e00000|100%| E|CS|TAMS 0x00000007f0c00000| PB 0x00000007f0c00000| Complete |  0
|1927|0x00000007f0e00000, 0x00000007f1000000, 0x00000007f1000000|100%| E|CS|TAMS 0x00000007f0e00000| PB 0x00000007f0e00000| Complete |  0
|1928|0x00000007f1000000, 0x00000007f1200000, 0x00000007f1200000|100%| E|CS|TAMS 0x00000007f1000000| PB 0x00000007f1000000| Complete |  0
|1929|0x00000007f1200000, 0x00000007f1400000, 0x00000007f1400000|100%| E|CS|TAMS 0x00000007f1200000| PB 0x00000007f1200000| Complete |  0
|1930|0x00000007f1400000, 0x00000007f1600000, 0x00000007f1600000|100%| E|CS|TAMS 0x00000007f1400000| PB 0x00000007f1400000| Complete |  0
|1931|0x00000007f1600000, 0x00000007f1800000, 0x00000007f1800000|100%| E|CS|TAMS 0x00000007f1600000| PB 0x00000007f1600000| Complete |  0
|1932|0x00000007f1800000, 0x00000007f1a00000, 0x00000007f1a00000|100%| E|CS|TAMS 0x00000007f1800000| PB 0x00000007f1800000| Complete |  0
|1933|0x00000007f1a00000, 0x00000007f1c00000, 0x00000007f1c00000|100%| E|CS|TAMS 0x00000007f1a00000| PB 0x00000007f1a00000| Complete |  0
|1934|0x00000007f1c00000, 0x00000007f1e00000, 0x00000007f1e00000|100%| E|CS|TAMS 0x00000007f1c00000| PB 0x00000007f1c00000| Complete |  0
|1935|0x00000007f1e00000, 0x00000007f2000000, 0x00000007f2000000|100%| E|CS|TAMS 0x00000007f1e00000| PB 0x00000007f1e00000| Complete |  0
|1936|0x00000007f2000000, 0x00000007f2200000, 0x00000007f2200000|100%| E|CS|TAMS 0x00000007f2000000| PB 0x00000007f2000000| Complete |  0
|1937|0x00000007f2200000, 0x00000007f2400000, 0x00000007f2400000|100%| E|CS|TAMS 0x00000007f2200000| PB 0x00000007f2200000| Complete |  0
|1938|0x00000007f2400000, 0x00000007f2600000, 0x00000007f2600000|100%| E|CS|TAMS 0x00000007f2400000| PB 0x00000007f2400000| Complete |  0
|1939|0x00000007f2600000, 0x00000007f2800000, 0x00000007f2800000|100%| E|CS|TAMS 0x00000007f2600000| PB 0x00000007f2600000| Complete |  0
|1940|0x00000007f2800000, 0x00000007f2a00000, 0x00000007f2a00000|100%| E|CS|TAMS 0x00000007f2800000| PB 0x00000007f2800000| Complete |  0
|1941|0x00000007f2a00000, 0x00000007f2c00000, 0x00000007f2c00000|100%| S|CS|TAMS 0x00000007f2a00000| PB 0x00000007f2a00000| Complete |  0
|1942|0x00000007f2c00000, 0x00000007f2e00000, 0x00000007f2e00000|100%| S|CS|TAMS 0x00000007f2c00000| PB 0x00000007f2c00000| Complete |  0
|1943|0x00000007f2e00000, 0x00000007f3000000, 0x00000007f3000000|100%| S|CS|TAMS 0x00000007f2e00000| PB 0x00000007f2e00000| Complete |  0
|1944|0x00000007f3000000, 0x00000007f3200000, 0x00000007f3200000|100%| S|CS|TAMS 0x00000007f3000000| PB 0x00000007f3000000| Complete |  0
|1945|0x00000007f3200000, 0x00000007f3400000, 0x00000007f3400000|100%| S|CS|TAMS 0x00000007f3200000| PB 0x00000007f3200000| Complete |  0
|1946|0x00000007f3400000, 0x00000007f3600000, 0x00000007f3600000|100%| S|CS|TAMS 0x00000007f3400000| PB 0x00000007f3400000| Complete |  0
|1947|0x00000007f3600000, 0x00000007f3800000, 0x00000007f3800000|100%| S|CS|TAMS 0x00000007f3600000| PB 0x00000007f3600000| Complete |  0
|1948|0x00000007f3800000, 0x00000007f3a00000, 0x00000007f3a00000|100%| S|CS|TAMS 0x00000007f3800000| PB 0x00000007f3800000| Complete |  0
|1949|0x00000007f3a00000, 0x00000007f3c00000, 0x00000007f3c00000|100%| S|CS|TAMS 0x00000007f3a00000| PB 0x00000007f3a00000| Complete |  0
|1950|0x00000007f3c00000, 0x00000007f3e00000, 0x00000007f3e00000|100%| S|CS|TAMS 0x00000007f3c00000| PB 0x00000007f3c00000| Complete |  0
|1951|0x00000007f3e00000, 0x00000007f4000000, 0x00000007f4000000|100%| S|CS|TAMS 0x00000007f3e00000| PB 0x00000007f3e00000| Complete |  0
|1952|0x00000007f4000000, 0x00000007f4200000, 0x00000007f4200000|100%| S|CS|TAMS 0x00000007f4000000| PB 0x00000007f4000000| Complete |  0
|1953|0x00000007f4200000, 0x00000007f4400000, 0x00000007f4400000|100%| S|CS|TAMS 0x00000007f4200000| PB 0x00000007f4200000| Complete |  0
|1954|0x00000007f4400000, 0x00000007f4600000, 0x00000007f4600000|100%| S|CS|TAMS 0x00000007f4400000| PB 0x00000007f4400000| Complete |  0
|1955|0x00000007f4600000, 0x00000007f4800000, 0x00000007f4800000|100%| S|CS|TAMS 0x00000007f4600000| PB 0x00000007f4600000| Complete |  0
|1956|0x00000007f4800000, 0x00000007f4a00000, 0x00000007f4a00000|100%| S|CS|TAMS 0x00000007f4800000| PB 0x00000007f4800000| Complete |  0
|1957|0x00000007f4a00000, 0x00000007f4c00000, 0x00000007f4c00000|100%| S|CS|TAMS 0x00000007f4a00000| PB 0x00000007f4a00000| Complete |  0
|1958|0x00000007f4c00000, 0x00000007f4e00000, 0x00000007f4e00000|100%| S|CS|TAMS 0x00000007f4c00000| PB 0x00000007f4c00000| Complete |  0
|1959|0x00000007f4e00000, 0x00000007f5000000, 0x00000007f5000000|100%| S|CS|TAMS 0x00000007f4e00000| PB 0x00000007f4e00000| Complete |  0
|1960|0x00000007f5000000, 0x00000007f5200000, 0x00000007f5200000|100%| S|CS|TAMS 0x00000007f5000000| PB 0x00000007f5000000| Complete |  0
|1961|0x00000007f5200000, 0x00000007f5400000, 0x00000007f5400000|100%| S|CS|TAMS 0x00000007f5200000| PB 0x00000007f5200000| Complete |  0
|1962|0x00000007f5400000, 0x00000007f5600000, 0x00000007f5600000|100%| S|CS|TAMS 0x00000007f5400000| PB 0x00000007f5400000| Complete |  0
|1963|0x00000007f5600000, 0x00000007f5800000, 0x00000007f5800000|100%| S|CS|TAMS 0x00000007f5600000| PB 0x00000007f5600000| Complete |  0
|1964|0x00000007f5800000, 0x00000007f5a00000, 0x00000007f5a00000|100%| S|CS|TAMS 0x00000007f5800000| PB 0x00000007f5800000| Complete |  0
|1965|0x00000007f5a00000, 0x00000007f5c00000, 0x00000007f5c00000|100%| S|CS|TAMS 0x00000007f5a00000| PB 0x00000007f5a00000| Complete |  0
|1966|0x00000007f5c00000, 0x00000007f5e00000, 0x00000007f5e00000|100%| S|CS|TAMS 0x00000007f5c00000| PB 0x00000007f5c00000| Complete |  0
|1967|0x00000007f5e00000, 0x00000007f6000000, 0x00000007f6000000|100%| S|CS|TAMS 0x00000007f5e00000| PB 0x00000007f5e00000| Complete |  0
|1968|0x00000007f6000000, 0x00000007f6200000, 0x00000007f6200000|100%| S|CS|TAMS 0x00000007f6000000| PB 0x00000007f6000000| Complete |  0
|1969|0x00000007f6200000, 0x00000007f6400000, 0x00000007f6400000|100%| S|CS|TAMS 0x00000007f6200000| PB 0x00000007f6200000| Complete |  0
|1970|0x00000007f6400000, 0x00000007f6600000, 0x00000007f6600000|100%| S|CS|TAMS 0x00000007f6400000| PB 0x00000007f6400000| Complete |  0
|1971|0x00000007f6600000, 0x00000007f6800000, 0x00000007f6800000|100%| S|CS|TAMS 0x00000007f6600000| PB 0x00000007f6600000| Complete |  0
|1972|0x00000007f6800000, 0x00000007f6a00000, 0x00000007f6a00000|100%| S|CS|TAMS 0x00000007f6800000| PB 0x00000007f6800000| Complete |  0
|1973|0x00000007f6a00000, 0x00000007f6c00000, 0x00000007f6c00000|100%| S|CS|TAMS 0x00000007f6a00000| PB 0x00000007f6a00000| Complete |  0
|1974|0x00000007f6c00000, 0x00000007f6e00000, 0x00000007f6e00000|100%| S|CS|TAMS 0x00000007f6c00000| PB 0x00000007f6c00000| Complete |  0
|1975|0x00000007f6e00000, 0x00000007f7000000, 0x00000007f7000000|100%| S|CS|TAMS 0x00000007f6e00000| PB 0x00000007f6e00000| Complete |  0
|1976|0x00000007f7000000, 0x00000007f7200000, 0x00000007f7200000|100%| S|CS|TAMS 0x00000007f7000000| PB 0x00000007f7000000| Complete |  0
|1977|0x00000007f7200000, 0x00000007f7400000, 0x00000007f7400000|100%| S|CS|TAMS 0x00000007f7200000| PB 0x00000007f7200000| Complete |  0
|1978|0x00000007f7400000, 0x00000007f7600000, 0x00000007f7600000|100%| S|CS|TAMS 0x00000007f7400000| PB 0x00000007f7400000| Complete |  0
|1979|0x00000007f7600000, 0x00000007f7800000, 0x00000007f7800000|100%| S|CS|TAMS 0x00000007f7600000| PB 0x00000007f7600000| Complete |  0
|1980|0x00000007f7800000, 0x00000007f7a00000, 0x00000007f7a00000|100%| S|CS|TAMS 0x00000007f7800000| PB 0x00000007f7800000| Complete |  0
|1981|0x00000007f7a00000, 0x00000007f7c00000, 0x00000007f7c00000|100%| S|CS|TAMS 0x00000007f7a00000| PB 0x00000007f7a00000| Complete |  0
|1982|0x00000007f7c00000, 0x00000007f7e00000, 0x00000007f7e00000|100%| S|CS|TAMS 0x00000007f7c00000| PB 0x00000007f7c00000| Complete |  0
|1983|0x00000007f7e00000, 0x00000007f8000000, 0x00000007f8000000|100%| S|CS|TAMS 0x00000007f7e00000| PB 0x00000007f7e00000| Complete |  0
|1984|0x00000007f8000000, 0x00000007f8200000, 0x00000007f8200000|100%| S|CS|TAMS 0x00000007f8000000| PB 0x00000007f8000000| Complete |  0
|1985|0x00000007f8200000, 0x00000007f8400000, 0x00000007f8400000|100%| S|CS|TAMS 0x00000007f8200000| PB 0x00000007f8200000| Complete |  0
|1986|0x00000007f8400000, 0x00000007f8600000, 0x00000007f8600000|100%| S|CS|TAMS 0x00000007f8400000| PB 0x00000007f8400000| Complete |  0
|1987|0x00000007f8600000, 0x00000007f8800000, 0x00000007f8800000|100%| S|CS|TAMS 0x00000007f8600000| PB 0x00000007f8600000| Complete |  0
|1988|0x00000007f8800000, 0x00000007f8a00000, 0x00000007f8a00000|100%| S|CS|TAMS 0x00000007f8800000| PB 0x00000007f8800000| Complete |  0
|1989|0x00000007f8a00000, 0x00000007f8c00000, 0x00000007f8c00000|100%| S|CS|TAMS 0x00000007f8a00000| PB 0x00000007f8a00000| Complete |  0
|1990|0x00000007f8c00000, 0x00000007f8e00000, 0x00000007f8e00000|100%| E|CS|TAMS 0x00000007f8c00000| PB 0x00000007f8c00000| Complete |  0
|1991|0x00000007f8e00000, 0x00000007f9000000, 0x00000007f9000000|100%| E|CS|TAMS 0x00000007f8e00000| PB 0x00000007f8e00000| Complete |  0
|1992|0x00000007f9000000, 0x00000007f9200000, 0x00000007f9200000|100%| E|CS|TAMS 0x00000007f9000000| PB 0x00000007f9000000| Complete |  0
|1993|0x00000007f9200000, 0x00000007f9400000, 0x00000007f9400000|100%| E|CS|TAMS 0x00000007f9200000| PB 0x00000007f9200000| Complete |  0
|1994|0x00000007f9400000, 0x00000007f9600000, 0x00000007f9600000|100%| E|CS|TAMS 0x00000007f9400000| PB 0x00000007f9400000| Complete |  0
|1995|0x00000007f9600000, 0x00000007f9800000, 0x00000007f9800000|100%| E|CS|TAMS 0x00000007f9600000| PB 0x00000007f9600000| Complete |  0
|1996|0x00000007f9800000, 0x00000007f9a00000, 0x00000007f9a00000|100%| E|CS|TAMS 0x00000007f9800000| PB 0x00000007f9800000| Complete |  0
|1997|0x00000007f9a00000, 0x00000007f9c00000, 0x00000007f9c00000|100%| E|CS|TAMS 0x00000007f9a00000| PB 0x00000007f9a00000| Complete |  0
|1998|0x00000007f9c00000, 0x00000007f9e00000, 0x00000007f9e00000|100%| E|CS|TAMS 0x00000007f9c00000| PB 0x00000007f9c00000| Complete |  0
|1999|0x00000007f9e00000, 0x00000007fa000000, 0x00000007fa000000|100%| E|CS|TAMS 0x00000007f9e00000| PB 0x00000007f9e00000| Complete |  0
|2000|0x00000007fa000000, 0x00000007fa200000, 0x00000007fa200000|100%| E|CS|TAMS 0x00000007fa000000| PB 0x00000007fa000000| Complete |  0
|2001|0x00000007fa200000, 0x00000007fa400000, 0x00000007fa400000|100%| E|CS|TAMS 0x00000007fa200000| PB 0x00000007fa200000| Complete |  0
|2002|0x00000007fa400000, 0x00000007fa600000, 0x00000007fa600000|100%| E|CS|TAMS 0x00000007fa400000| PB 0x00000007fa400000| Complete |  0
|2003|0x00000007fa600000, 0x00000007fa800000, 0x00000007fa800000|100%| E|CS|TAMS 0x00000007fa600000| PB 0x00000007fa600000| Complete |  0
|2004|0x00000007fa800000, 0x00000007faa00000, 0x00000007faa00000|100%| E|CS|TAMS 0x00000007fa800000| PB 0x00000007fa800000| Complete |  0
|2005|0x00000007faa00000, 0x00000007fac00000, 0x00000007fac00000|100%| E|CS|TAMS 0x00000007faa00000| PB 0x00000007faa00000| Complete |  0
|2006|0x00000007fac00000, 0x00000007fae00000, 0x00000007fae00000|100%| E|CS|TAMS 0x00000007fac00000| PB 0x00000007fac00000| Complete |  0
|2007|0x00000007fae00000, 0x00000007fb000000, 0x00000007fb000000|100%| E|CS|TAMS 0x00000007fae00000| PB 0x00000007fae00000| Complete |  0
|2008|0x00000007fb000000, 0x00000007fb200000, 0x00000007fb200000|100%| E|CS|TAMS 0x00000007fb000000| PB 0x00000007fb000000| Complete |  0
|2009|0x00000007fb200000, 0x00000007fb400000, 0x00000007fb400000|100%| E|CS|TAMS 0x00000007fb200000| PB 0x00000007fb200000| Complete |  0
|2010|0x00000007fb400000, 0x00000007fb600000, 0x00000007fb600000|100%| E|CS|TAMS 0x00000007fb400000| PB 0x00000007fb400000| Complete |  0
|2011|0x00000007fb600000, 0x00000007fb800000, 0x00000007fb800000|100%| E|CS|TAMS 0x00000007fb600000| PB 0x00000007fb600000| Complete |  0
|2012|0x00000007fb800000, 0x00000007fba00000, 0x00000007fba00000|100%| E|CS|TAMS 0x00000007fb800000| PB 0x00000007fb800000| Complete |  0
|2013|0x00000007fba00000, 0x00000007fbc00000, 0x00000007fbc00000|100%| E|CS|TAMS 0x00000007fba00000| PB 0x00000007fba00000| Complete |  0
|2014|0x00000007fbc00000, 0x00000007fbe00000, 0x00000007fbe00000|100%| E|CS|TAMS 0x00000007fbc00000| PB 0x00000007fbc00000| Complete |  0
|2015|0x00000007fbe00000, 0x00000007fc000000, 0x00000007fc000000|100%| E|CS|TAMS 0x00000007fbe00000| PB 0x00000007fbe00000| Complete |  0
|2016|0x00000007fc000000, 0x00000007fc200000, 0x00000007fc200000|100%| E|CS|TAMS 0x00000007fc000000| PB 0x00000007fc000000| Complete |  0
|2017|0x00000007fc200000, 0x00000007fc400000, 0x00000007fc400000|100%| E|CS|TAMS 0x00000007fc200000| PB 0x00000007fc200000| Complete |  0
|2018|0x00000007fc400000, 0x00000007fc600000, 0x00000007fc600000|100%| E|CS|TAMS 0x00000007fc400000| PB 0x00000007fc400000| Complete |  0
|2019|0x00000007fc600000, 0x00000007fc800000, 0x00000007fc800000|100%| E|CS|TAMS 0x00000007fc600000| PB 0x00000007fc600000| Complete |  0
|2020|0x00000007fc800000, 0x00000007fca00000, 0x00000007fca00000|100%| E|CS|TAMS 0x00000007fc800000| PB 0x00000007fc800000| Complete |  0
|2021|0x00000007fca00000, 0x00000007fcc00000, 0x00000007fcc00000|100%| E|CS|TAMS 0x00000007fca00000| PB 0x00000007fca00000| Complete |  0
|2022|0x00000007fcc00000, 0x00000007fce00000, 0x00000007fce00000|100%| E|CS|TAMS 0x00000007fcc00000| PB 0x00000007fcc00000| Complete |  0
|2023|0x00000007fce00000, 0x00000007fd000000, 0x00000007fd000000|100%| E|CS|TAMS 0x00000007fce00000| PB 0x00000007fce00000| Complete |  0
|2024|0x00000007fd000000, 0x00000007fd200000, 0x00000007fd200000|100%| E|CS|TAMS 0x00000007fd000000| PB 0x00000007fd000000| Complete |  0
|2025|0x00000007fd200000, 0x00000007fd400000, 0x00000007fd400000|100%| E|CS|TAMS 0x00000007fd200000| PB 0x00000007fd200000| Complete |  0
|2026|0x00000007fd400000, 0x00000007fd600000, 0x00000007fd600000|100%| E|CS|TAMS 0x00000007fd400000| PB 0x00000007fd400000| Complete |  0
|2027|0x00000007fd600000, 0x00000007fd800000, 0x00000007fd800000|100%| E|CS|TAMS 0x00000007fd600000| PB 0x00000007fd600000| Complete |  0
|2028|0x00000007fd800000, 0x00000007fda00000, 0x00000007fda00000|100%| E|CS|TAMS 0x00000007fd800000| PB 0x00000007fd800000| Complete |  0
|2029|0x00000007fda00000, 0x00000007fdc00000, 0x00000007fdc00000|100%| E|CS|TAMS 0x00000007fda00000| PB 0x00000007fda00000| Complete |  0
|2030|0x00000007fdc00000, 0x00000007fde00000, 0x00000007fde00000|100%| E|CS|TAMS 0x00000007fdc00000| PB 0x00000007fdc00000| Complete |  0
|2031|0x00000007fde00000, 0x00000007fe000000, 0x00000007fe000000|100%| E|CS|TAMS 0x00000007fde00000| PB 0x00000007fde00000| Complete |  0
|2032|0x00000007fe000000, 0x00000007fe200000, 0x00000007fe200000|100%| E|CS|TAMS 0x00000007fe000000| PB 0x00000007fe000000| Complete |  0
|2033|0x00000007fe200000, 0x00000007fe400000, 0x00000007fe400000|100%| E|CS|TAMS 0x00000007fe200000| PB 0x00000007fe200000| Complete |  0
|2034|0x00000007fe400000, 0x00000007fe600000, 0x00000007fe600000|100%| E|CS|TAMS 0x00000007fe400000| PB 0x00000007fe400000| Complete |  0
|2035|0x00000007fe600000, 0x00000007fe800000, 0x00000007fe800000|100%| E|CS|TAMS 0x00000007fe600000| PB 0x00000007fe600000| Complete |  0
|2036|0x00000007fe800000, 0x00000007fea00000, 0x00000007fea00000|100%| E|CS|TAMS 0x00000007fe800000| PB 0x00000007fe800000| Complete |  0
|2037|0x00000007fea00000, 0x00000007fec00000, 0x00000007fec00000|100%| E|CS|TAMS 0x00000007fea00000| PB 0x00000007fea00000| Complete |  0
|2038|0x00000007fec00000, 0x00000007fee00000, 0x00000007fee00000|100%| E|CS|TAMS 0x00000007fec00000| PB 0x00000007fec00000| Complete |  0
|2039|0x00000007fee00000, 0x00000007ff000000, 0x00000007ff000000|100%| E|CS|TAMS 0x00000007fee00000| PB 0x00000007fee00000| Complete |  0
|2040|0x00000007ff000000, 0x00000007ff200000, 0x00000007ff200000|100%| E|CS|TAMS 0x00000007ff000000| PB 0x00000007ff000000| Complete |  0
|2041|0x00000007ff200000, 0x00000007ff400000, 0x00000007ff400000|100%| E|CS|TAMS 0x00000007ff200000| PB 0x00000007ff200000| Complete |  0
|2042|0x00000007ff400000, 0x00000007ff600000, 0x00000007ff600000|100%| E|CS|TAMS 0x00000007ff400000| PB 0x00000007ff400000| Complete |  0
|2043|0x00000007ff600000, 0x00000007ff800000, 0x00000007ff800000|100%| E|CS|TAMS 0x00000007ff600000| PB 0x00000007ff600000| Complete |  0
|2044|0x00000007ff800000, 0x00000007ffa00000, 0x00000007ffa00000|100%| E|CS|TAMS 0x00000007ff800000| PB 0x00000007ff800000| Complete |  0
|2045|0x00000007ffa00000, 0x00000007ffc00000, 0x00000007ffc00000|100%| E|CS|TAMS 0x00000007ffa00000| PB 0x00000007ffa00000| Complete |  0
|2046|0x00000007ffc00000, 0x00000007ffe00000, 0x00000007ffe00000|100%| E|CS|TAMS 0x00000007ffc00000| PB 0x00000007ffc00000| Complete |  0
|2047|0x00000007ffe00000, 0x0000000800000000, 0x0000000800000000|100%| E|CS|TAMS 0x00000007ffe00000| PB 0x00000007ffe00000| Complete |  0

Card table byte_map: [0x000000747c800000,0x000000747d000000] _byte_map_base: 0x0000007479000000

Marking Bits: (CMBitMap*) 0x000000764743b990
 Bits: [0x0000007478800000, 0x000000747c800000)

Polling page: 0x0000007811a25000

Metaspace:
Metaspace        used 115254K, committed 116352K, reserved 1179648K
 class space     used 18667K, committed 19136K, reserved 1048576K

Usage:
  Non-class:     94.32 MB used.
      Class:     18.23 MB used.
       Both:    112.55 MB used.

Virtual space:
  Non-class space:      128.00 MB reserved,      94.94 MB ( 74%) committed,  2 nodes.
      Class space:        1.00 GB reserved,      18.69 MB (  2%) committed,  1 nodes.
             Both:        1.12 GB reserved,     113.62 MB ( 10%) committed. 

Chunk freelists:
   Non-Class:  176.00 KB
       Class:  13.34 MB
        Both:  13.52 MB

MaxMetaspaceSize: unlimited
CompressedClassSpaceSize: 1.00 GB
Initial GC threshold: 21.00 MB
Current GC threshold: 167.31 MB
CDS: off
 - commit_granule_bytes: 65536.
 - commit_granule_words: 8192.
 - virtual_space_node_default_size: 8388608.
 - enlarge_chunks_in_place: 1.
UseCompressedClassPointers 1, UseCompactObjectHeaders 0
Narrow klass pointer bits 32, Max shift 3
Narrow klass base: 0x0000000000000000, Narrow klass shift: 0
Encoding Range: [0x0000000000000000 - 0x0000000100000000), (4294967296 bytes)
Klass Range:    [0x0000000041000000 - 0x0000000081000000), (1073741824 bytes)
Klass ID Range:  [1090519040 - 2164260857) (1073741817)
No protection zone.


Internal statistics:

num_allocs_failed_limit: 27.
num_arena_births: 1562.
num_arena_deaths: 0.
num_vsnodes_births: 3.
num_vsnodes_deaths: 0.
num_space_committed: 1813.
num_space_uncommitted: 0.
num_chunks_returned_to_freelist: 27.
num_chunks_taken_from_freelist: 5679.
num_chunk_merges: 18.
num_chunk_splits: 3674.
num_chunks_enlarged: 2640.
num_inconsistent_stats: 0.

CodeHeap 'non-profiled nmethods': size=120032Kb used=4930Kb max_used=5272Kb free=115101Kb
 bounds [0x00000074858c8000, 0x0000007485df8000, 0x000000748ce00000]
CodeHeap 'profiled nmethods': size=120028Kb used=12141Kb max_used=13439Kb free=107886Kb
 bounds [0x000000747de00000, 0x000000747eb30000, 0x0000007485337000]
CodeHeap 'non-nmethods': size=5700Kb used=2589Kb max_used=2589Kb free=3110Kb
 bounds [0x0000007485337000, 0x00000074855c7000, 0x00000074858c8000]
CodeCache: size=245760Kb, used=19660Kb, max_used=21300Kb, free=226097Kb
 total_blobs=11038, nmethods=9080, adapters=1864, full_count=0
Compilation: enabled, stopped_count=0, restarted_count=0

Compilation events (20 events):
Event: 22.017 Thread 0x00000075d74352c0 nmethod 10802 0x000000747e5a8848 code [0x000000747e5a8940, 0x000000747e5a8d88]
Event: 22.028 Thread 0x00000075d74352c0 10803       2       java.lang.invoke.MethodHandle::spreadArrayChecks (90 bytes)
Event: 22.030 Thread 0x00000075d74352c0 nmethod 10803 0x000000747e61f8c8 code [0x000000747e61f9c0, 0x000000747e6205c8]
Event: 22.030 Thread 0x00000075d74352c0 10804       2       sun.security.util.ArrayUtil::swap (15 bytes)
Event: 22.030 Thread 0x00000075d74352c0 nmethod 10804 0x000000747e5a85c8 code [0x000000747e5a86c0, 0x000000747e5a8808]
Event: 22.045 Thread 0x00000075d74352c0 10807       2       sun.security.util.math.intpoly.MontgomeryIntegerPolynomialP256::get0 (5 bytes)
Event: 22.045 Thread 0x00000075d74352c0 nmethod 10807 0x000000747e61f648 code [0x000000747e61f740, 0x000000747e61f8a0]
Event: 22.046 Thread 0x00000075d74352c0 10808       2       sun.security.util.math.intpoly.MontgomeryIntegerPolynomialP256::get0 (13 bytes)
Event: 22.046 Thread 0x00000075d74352c0 nmethod 10808 0x000000747e61f308 code [0x000000747e61f400, 0x000000747e61f610]
Event: 22.075 Thread 0x00000075d74352c0 10810   !   2       java.nio.DirectLongBufferU::get (36 bytes)
Event: 22.076 Thread 0x00000075d74352c0 nmethod 10810 0x000000747e61ee88 code [0x000000747e61ef80, 0x000000747e61f2e0]
Event: 22.076 Thread 0x00000075d74352c0 10811   !   2       jdk.internal.misc.ScopedMemoryAccess::getLong (16 bytes)
Event: 22.077 Thread 0x00000075d74352c0 nmethod 10811 0x000000747e4e6748 code [0x000000747e4e6840, 0x000000747e4e6a98]
Event: 22.077 Thread 0x00000075d74352c0 10812   !   2       jdk.internal.misc.ScopedMemoryAccess::getLongInternal (34 bytes)
Event: 22.077 Thread 0x00000075d74352c0 nmethod 10812 0x000000747e4e6448 code [0x000000747e4e6540, 0x000000747e4e66f8]
Event: 22.082 Thread 0x00000075d74352c0 10813       2       org.lwjgl.system.MemoryUtil::memPutInt (10 bytes)
Event: 22.083 Thread 0x00000075d74352c0 nmethod 10813 0x000000747dea7888 code [0x000000747dea7980, 0x000000747dea7a68]
Event: 22.083 Thread 0x00000075d74352c0 10816       3       sun.security.ec.ECOperations$DefaultMultiplier::double4 (32 bytes)
Event: 22.086 Thread 0x00000075d74352c0 nmethod 10816 0x000000747e4e6088 code [0x000000747e4e6180, 0x000000747e4e6408]
Event: 22.086 Thread 0x00000075d74352c0 10817       3       sun.security.ec.ECOperations::setSum (685 bytes)

GC Heap Usage History (14 events):
Event: 1.313 {heap Before GC invocations=0 (full 0):
 garbage-first heap   total reserved 4194304K, committed 4194304K, used 71680K [0x0000000700000000, 0x0000000800000000)
  region size 2048K, 23 young (47104K), 0 survivors (0K)
}
Event: 1.327 {heap After GC invocations=1 (full 0):
 garbage-first heap   total reserved 4194304K, committed 4194304K, used 26944K [0x0000000700000000, 0x0000000800000000)
  region size 2048K, 4 young (8192K), 4 survivors (8192K)
}
Event: 3.634 {heap Before GC invocations=2 (full 0):
 garbage-first heap   total reserved 4194304K, committed 4194304K, used 375104K [0x0000000700000000, 0x0000000800000000)
  region size 2048K, 150 young (307200K), 4 survivors (8192K)
}
Event: 3.678 {heap After GC invocations=3 (full 0):
 garbage-first heap   total reserved 4194304K, committed 4194304K, used 78491K [0x0000000700000000, 0x0000000800000000)
  region size 2048K, 23 young (47104K), 23 survivors (47104K)
}
Event: 7.075 {heap Before GC invocations=4 (full 0):
 garbage-first heap   total reserved 4194304K, committed 4194304K, used 647835K [0x0000000700000000, 0x0000000800000000)
  region size 2048K, 299 young (612352K), 23 survivors (47104K)
}
Event: 7.120 {heap After GC invocations=5 (full 0):
 garbage-first heap   total reserved 4194304K, committed 4194304K, used 98888K [0x0000000700000000, 0x0000000800000000)
  region size 2048K, 30 young (61440K), 30 survivors (61440K)
}
Event: 11.895 {heap Before GC invocations=5 (full 0):
 garbage-first heap   total reserved 4194304K, committed 4194304K, used 475720K [0x0000000700000000, 0x0000000800000000)
  region size 2048K, 209 young (428032K), 30 survivors (61440K)
}
Event: 11.970 {heap After GC invocations=6 (full 0):
 garbage-first heap   total reserved 4194304K, committed 4194304K, used 149064K [0x0000000700000000, 0x0000000800000000)
  region size 2048K, 49 young (100352K), 49 survivors (100352K)
}
Event: 20.176 {heap Before GC invocations=7 (full 0):
 garbage-first heap   total reserved 4194304K, committed 4194304K, used 1273416K [0x0000000700000000, 0x0000000800000000)
  region size 2048K, 600 young (1228800K), 49 survivors (100352K)
}
Event: 20.290 {heap After GC invocations=8 (full 0):
 garbage-first heap   total reserved 4194304K, committed 4194304K, used 189934K [0x0000000700000000, 0x0000000800000000)
  region size 2048K, 50 young (102400K), 50 survivors (102400K)
}
Event: 20.324 {heap Before GC invocations=8 (full 0):
 garbage-first heap   total reserved 4194304K, committed 4194304K, used 196078K [0x0000000700000000, 0x0000000800000000)
  region size 2048K, 54 young (110592K), 50 survivors (102400K)
}
Event: 20.395 {heap After GC invocations=9 (full 0):
 garbage-first heap   total reserved 4194304K, committed 4194304K, used 192315K [0x0000000700000000, 0x0000000800000000)
  region size 2048K, 49 young (100352K), 49 survivors (100352K)
}
Event: 20.472 {heap Before GC invocations=9 (full 0):
 garbage-first heap   total reserved 4194304K, committed 4194304K, used 208699K [0x0000000700000000, 0x0000000800000000)
  region size 2048K, 58 young (118784K), 49 survivors (100352K)
}
Event: 20.536 {heap After GC invocations=10 (full 0):
 garbage-first heap   total reserved 4194304K, committed 4194304K, used 192315K [0x0000000700000000, 0x0000000800000000)
  region size 2048K, 49 young (100352K), 49 survivors (100352K)
}

Metaspace Usage History (14 events):
Event: 1.313 {metaspace Before GC invocations=0 (full 0):
 Metaspace       used 21216K, committed 21504K, reserved 1114112K
  class space    used 2246K, committed 2368K, reserved 1048576K
}
Event: 1.327 {metaspace After GC invocations=1 (full 0):
 Metaspace       used 21216K, committed 21504K, reserved 1114112K
  class space    used 2246K, committed 2368K, reserved 1048576K
}
Event: 3.634 {metaspace Before GC invocations=2 (full 0):
 Metaspace       used 35575K, committed 36096K, reserved 1114112K
  class space    used 3955K, committed 4160K, reserved 1048576K
}
Event: 3.678 {metaspace After GC invocations=3 (full 0):
 Metaspace       used 35575K, committed 36096K, reserved 1114112K
  class space    used 3955K, committed 4160K, reserved 1048576K
}
Event: 7.075 {metaspace Before GC invocations=4 (full 0):
 Metaspace       used 46086K, committed 46784K, reserved 1114112K
  class space    used 5339K, committed 5632K, reserved 1048576K
}
Event: 7.120 {metaspace After GC invocations=5 (full 0):
 Metaspace       used 46086K, committed 46784K, reserved 1114112K
  class space    used 5339K, committed 5632K, reserved 1048576K
}
Event: 11.895 {metaspace Before GC invocations=5 (full 0):
 Metaspace       used 59724K, committed 60416K, reserved 1114112K
  class space    used 7369K, committed 7680K, reserved 1048576K
}
Event: 11.970 {metaspace After GC invocations=6 (full 0):
 Metaspace       used 59724K, committed 60416K, reserved 1114112K
  class space    used 7369K, committed 7680K, reserved 1048576K
}
Event: 20.176 {metaspace Before GC invocations=7 (full 0):
 Metaspace       used 100164K, committed 101120K, reserved 1179648K
  class space    used 16549K, committed 16960K, reserved 1048576K
}
Event: 20.290 {metaspace After GC invocations=8 (full 0):
 Metaspace       used 100164K, committed 101120K, reserved 1179648K
  class space    used 16549K, committed 16960K, reserved 1048576K
}
Event: 20.324 {metaspace Before GC invocations=8 (full 0):
 Metaspace       used 100466K, committed 101440K, reserved 1179648K
  class space    used 16589K, committed 17024K, reserved 1048576K
}
Event: 20.395 {metaspace After GC invocations=9 (full 0):
 Metaspace       used 100466K, committed 101440K, reserved 1179648K
  class space    used 16589K, committed 17024K, reserved 1048576K
}
Event: 20.472 {metaspace Before GC invocations=9 (full 0):
 Metaspace       used 100824K, committed 101760K, reserved 1179648K
  class space    used 16638K, committed 17024K, reserved 1048576K
}
Event: 20.536 {metaspace After GC invocations=10 (full 0):
 Metaspace       used 100824K, committed 101760K, reserved 1179648K
  class space    used 16638K, committed 17024K, reserved 1048576K
}

Dll operation events (20 events):
Event: 0.004 Loaded shared library /data/data/com.movtery.zalithlauncher.v2/files/games/runtimes/Internal-25/lib/libzip.so
Event: 0.215 Loaded shared library /data/data/com.movtery.zalithlauncher.v2/files/games/runtimes/Internal-25/lib/libinstrument.so
Event: 0.229 Loaded shared library /data/data/com.movtery.zalithlauncher.v2/files/games/runtimes/Internal-25/lib/libnio.so
Event: 0.255 Loaded shared library /data/data/com.movtery.zalithlauncher.v2/files/games/runtimes/Internal-25/lib/libzip.so
Event: 0.451 Loaded shared library /data/data/com.movtery.zalithlauncher.v2/files/games/runtimes/Internal-25/lib/libjimage.so
Event: 0.459 Loaded shared library /data/data/com.movtery.zalithlauncher.v2/files/games/runtimes/Internal-25/lib/libnet.so
Event: 0.532 Loaded shared library /data/data/com.movtery.zalithlauncher.v2/files/games/runtimes/Internal-25/lib/libawt.so
Event: 0.533 Loaded shared library /data/data/com.movtery.zalithlauncher.v2/files/games/runtimes/Internal-25/lib/libawt_xawt.so
Event: 0.559 Loaded shared library /data/app/~~YuncQEj0Rruyt6y_-RebSA==/com.movtery.zalithlauncher.v2-JtRzSV7VpInkzDcyzopsqQ==/lib/arm64/libpojavexec_awt.so
Event: 0.624 Loaded shared library /data/data/com.movtery.zalithlauncher.v2/files/games/runtimes/Internal-25/lib/libmanagement.so
Event: 0.626 Loaded shared library /data/data/com.movtery.zalithlauncher.v2/files/games/runtimes/Internal-25/lib/libmanagement_ext.so
Event: 2.408 Loaded shared library /data/app/~~YuncQEj0Rruyt6y_-RebSA==/com.movtery.zalithlauncher.v2-JtRzSV7VpInkzDcyzopsqQ==/lib/arm64/libpojavexec.so
Event: 2.497 Loaded shared library /data/app/~~YuncQEj0Rruyt6y_-RebSA==/com.movtery.zalithlauncher.v2-JtRzSV7VpInkzDcyzopsqQ==/lib/arm64/liblwjgl.so
Event: 2.593 Loaded shared library /data/app/~~YuncQEj0Rruyt6y_-RebSA==/com.movtery.zalithlauncher.v2-JtRzSV7VpInkzDcyzopsqQ==/lib/arm64/liblwjgl_stb.so
Event: 2.624 Loaded shared library /data/app/~~YuncQEj0Rruyt6y_-RebSA==/com.movtery.zalithlauncher.v2-JtRzSV7VpInkzDcyzopsqQ==/lib/arm64/liblwjgl_opengl.so
Event: 3.324 Loaded shared library /data/data/com.movtery.zalithlauncher.v2/files/games/runtimes/Internal-25/lib/libverify.so
Event: 6.779 Loaded shared library /data/app/~~YuncQEj0Rruyt6y_-RebSA==/com.movtery.zalithlauncher.v2-JtRzSV7VpInkzDcyzopsqQ==/lib/arm64/liblwjgl_vma.so
Event: 6.796 Loaded shared library /data/app/~~YuncQEj0Rruyt6y_-RebSA==/com.movtery.zalithlauncher.v2-JtRzSV7VpInkzDcyzopsqQ==/lib/arm64/liblwjgl_tinyfd.so
Event: 8.328 Loaded shared library /data/data/com.movtery.zalithlauncher.v2/files/games/jna_dir/jna/5.17.0/libjnidispatch.so
Event: 21.758 Loaded shared library /data/data/com.movtery.zalithlauncher.v2/files/games/runtimes/Internal-25/lib/libextnet.so

Deoptimization events (20 events):
Event: 21.906 Thread 0x00000075d76f62d0 DEOPT PACKING pc=0x0000007485c3cb14 sp=0x0000007430dfd0b0
Event: 21.906 Thread 0x00000075d76f62d0 DEOPT UNPACKING pc=0x0000007485447adc sp=0x0000007430dfd060 mode 2
Event: 21.907 Thread 0x00000075d76e8f80 DEOPT PACKING pc=0x0000007485c3cb14 sp=0x00000074389fd000
Event: 21.907 Thread 0x00000075d76e8f80 DEOPT UNPACKING pc=0x0000007485447adc sp=0x00000074389fcfb0 mode 2
Event: 21.911 Thread 0x00000075d7432070 Uncommon trap: trap_request=0xffffff45 fr.pc=0x0000007485b14158 relative=0x0000000000000058
Event: 21.911 Thread 0x00000075d7432070 Uncommon trap: reason=unstable_if action=reinterpret pc=0x0000007485b14158 method=java.lang.runtime.ObjectMethods.eq(II)Z @ 2 c2
Event: 21.911 Thread 0x00000075d7432070 DEOPT PACKING pc=0x0000007485b14158 sp=0x00000074969fc9e0
Event: 21.911 Thread 0x00000075d7432070 DEOPT UNPACKING pc=0x0000007485447adc sp=0x00000074969fc970 mode 2
Event: 21.955 Thread 0x00000075d76f62d0 Uncommon trap: trap_request=0xffffffde fr.pc=0x0000007485c4f574 relative=0x00000000000000b4
Event: 21.955 Thread 0x00000075d76f62d0 Uncommon trap: reason=class_check action=maybe_recompile pc=0x0000007485c4f574 method=java.util.AbstractList$Itr.hasNext()Z @ 8 c2
Event: 21.955 Thread 0x00000075d76f62d0 DEOPT PACKING pc=0x0000007485c4f574 sp=0x0000007430dfbe50
Event: 21.955 Thread 0x00000075d76f62d0 DEOPT UNPACKING pc=0x0000007485447adc sp=0x0000007430dfbdf0 mode 2
Event: 21.955 Thread 0x00000075d76f62d0 Uncommon trap: trap_request=0xffffffde fr.pc=0x0000007485c55304 relative=0x0000000000000144
Event: 21.955 Thread 0x00000075d76f62d0 Uncommon trap: reason=class_check action=maybe_recompile pc=0x0000007485c55304 method=java.util.AbstractList$Itr.next()Ljava/lang/Object; @ 14 c2
Event: 21.955 Thread 0x00000075d76f62d0 DEOPT PACKING pc=0x0000007485c55304 sp=0x0000007430dfbe40
Event: 21.955 Thread 0x00000075d76f62d0 DEOPT UNPACKING pc=0x0000007485447adc sp=0x0000007430dfbde0 mode 2
Event: 22.028 Thread 0x00000075d7432070 Uncommon trap: trap_request=0xffffffd6 fr.pc=0x0000007485a671d0 relative=0x0000000000000850
Event: 22.028 Thread 0x00000075d7432070 Uncommon trap: reason=array_check action=maybe_recompile pc=0x0000007485a671d0 method=com.google.common.collect.RegularImmutableMap.fromEntryArrayCheckingBucketOverflow(I[Ljava/util/Map$Entry;Z)Lcom/google/common/collect/ImmutableMap; @ 220 c2
Event: 22.028 Thread 0x00000075d7432070 DEOPT PACKING pc=0x0000007485a671d0 sp=0x00000074969fd320
Event: 22.028 Thread 0x00000075d7432070 DEOPT UNPACKING pc=0x0000007485447adc sp=0x00000074969fd2a0 mode 2

Classes loaded (20 events):
Event: 22.086 Loading class org/lwjgl/vulkan/VkSurfaceFormatKHR$Buffer
Event: 22.086 Loading class org/lwjgl/vulkan/VkSurfaceFormatKHR$Buffer done
Event: 22.087 Loading class it/unimi/dsi/fastutil/longs/LongArrays
Event: 22.087 Loading class it/unimi/dsi/fastutil/longs/LongArrays done
Event: 22.089 Loading class it/unimi/dsi/fastutil/longs/LongArrays$ForkJoinQuickSort2
Event: 22.089 Loading class it/unimi/dsi/fastutil/longs/LongArrays$ForkJoinQuickSort2 done
Event: 22.089 Loading class it/unimi/dsi/fastutil/longs/LongArrays$ForkJoinQuickSortComp
Event: 22.089 Loading class it/unimi/dsi/fastutil/longs/LongArrays$ForkJoinQuickSortComp done
Event: 22.090 Loading class it/unimi/dsi/fastutil/longs/LongArrays$ForkJoinQuickSort
Event: 22.090 Loading class it/unimi/dsi/fastutil/longs/LongArrays$ForkJoinQuickSort done
Event: 22.090 Loading class it/unimi/dsi/fastutil/longs/LongArrays$ForkJoinQuickSortIndirect
Event: 22.090 Loading class it/unimi/dsi/fastutil/longs/LongArrays$ForkJoinQuickSortIndirect done
Event: 22.091 Loading class it/unimi/dsi/fastutil/longs/LongArrays$Segment
Event: 22.091 Loading class it/unimi/dsi/fastutil/longs/LongArrays$Segment done
Event: 22.091 Loading class it/unimi/dsi/fastutil/longs/LongArrays$ArrayHashStrategy
Event: 22.091 Loading class it/unimi/dsi/fastutil/longs/LongArrays$ArrayHashStrategy done
Event: 22.091 Loading class org/lwjgl/vulkan/VkAndroidSurfaceCreateInfoKHR
Event: 22.091 Loading class org/lwjgl/vulkan/VkAndroidSurfaceCreateInfoKHR done
Event: 22.092 Loading class org/lwjgl/vulkan/KHRAndroidSurface
Event: 22.092 Loading class org/lwjgl/vulkan/KHRAndroidSurface done

Classes unloaded (0 events):
No events

Classes redefined (0 events):
No events

Internal exceptions (20 events):
Event: 21.066 Thread 0x00000075d7444e50 Exception <a 'java/lang/NoSuchMethodError'{0x00000007fc7bcb78}: 'java.lang.Object java.lang.invoke.Invokers$Holder.invoke_MT(java.lang.Object, java.lang.Object, java.lang.Object, java.lang.Object, java.lang.Object)'> (0x00000007fc7bcb78) 
thrown [src/hotspot/share/interpreter/linkResolver.cpp, line 804]
Event: 21.130 Thread 0x00000075d7432070 Exception <a 'java/lang/NoSuchMethodError'{0x00000007fc10fe70}: 'void java.lang.invoke.DirectMethodHandle$Holder.invokeStaticInit(java.lang.Object, java.lang.Object, int)'> (0x00000007fc10fe70) 
thrown [src/hotspot/share/interpreter/linkResolver.cpp, line 804]
Event: 21.138 Thread 0x00000075d7432070 Exception <a 'java/lang/NoSuchMethodError'{0x00000007fbe996d8}: 'void java.lang.invoke.DirectMethodHandle$Holder.invokeStaticInit(java.lang.Object, java.lang.Object, float)'> (0x00000007fbe996d8) 
thrown [src/hotspot/share/interpreter/linkResolver.cpp, line 804]
Event: 21.179 Thread 0x00000075d7432070 Exception <a 'java/lang/NoSuchMethodError'{0x00000007fb929d68}: 'java.lang.Object java.lang.invoke.DirectMethodHandle$Holder.newInvokeSpecial(java.lang.Object, long, long, java.lang.Object, java.lang.Object)'> (0x00000007fb929d68) 
thrown [src/hotspot/share/interpreter/linkResolver.cpp, line 804]
Event: 21.285 Thread 0x00000075d74c0ca0 Exception <a 'sun/nio/fs/UnixException'{0x00000007fc500178}> (0x00000007fc500178) 
thrown [src/hotspot/share/prims/jni.cpp, line 516]
Event: 21.397 Thread 0x00000075d7432070 Exception <a 'sun/nio/fs/UnixException'{0x00000007f9f3edd8}> (0x00000007f9f3edd8) 
thrown [src/hotspot/share/prims/jni.cpp, line 516]
Event: 21.516 Thread 0x00000075d7432070 Exception <a 'java/lang/NoSuchMethodError'{0x00000007f8f70b90}: 'java.lang.Object java.lang.invoke.DirectMethodHandle$Holder.invokeStatic(java.lang.Object, java.lang.Object, double)'> (0x00000007f8f70b90) 
thrown [src/hotspot/share/interpreter/linkResolver.cpp, line 804]
Event: 21.576 Thread 0x00000075d7432070 Exception <a 'java/lang/NoSuchMethodError'{0x00000007f21763f0}: 'double java.lang.invoke.DirectMethodHandle$Holder.invokeStatic(java.lang.Object, int)'> (0x00000007f21763f0) 
thrown [src/hotspot/share/interpreter/linkResolver.cpp, line 804]
Event: 21.598 Thread 0x00000075d76ee000 Implicit null exception at 0x0000007485a1040c to 0x0000007485a10fe8
Event: 21.603 Thread 0x00000075d7432070 Exception <a 'java/lang/NoSuchMethodError'{0x00000007f1cc9690}: 'java.lang.Object java.lang.invoke.Invokers$Holder.linkToTargetMethod(java.lang.Object, int, java.lang.Object, java.lang.Object)'> (0x00000007f1cc9690) 
thrown [src/hotspot/share/interpreter/linkResolver.cpp, line 804]
Event: 21.617 Thread 0x00000075d7432070 Exception <a 'java/lang/NoSuchMethodError'{0x00000007f1a59778}: 'java.lang.Object java.lang.invoke.DirectMethodHandle$Holder.invokeInterface(java.lang.Object, java.lang.Object, double)'> (0x00000007f1a59778) 
thrown [src/hotspot/share/interpreter/linkResolver.cpp, line 804]
Event: 21.638 Thread 0x00000075d7432070 Exception <a 'java/lang/IncompatibleClassChangeError'{0x00000007f19c07b0}: Found class java.lang.Object, but interface was expected> (0x00000007f19c07b0) 
thrown [src/hotspot/share/interpreter/linkResolver.cpp, line 871]
Event: 21.644 Thread 0x00000075d7432070 Exception <a 'java/lang/NoSuchMethodError'{0x00000007f1639c48}: 'double java.lang.invoke.DirectMethodHandle$Holder.invokeVirtual(java.lang.Object, java.lang.Object)'> (0x00000007f1639c48) 
thrown [src/hotspot/share/interpreter/linkResolver.cpp, line 804]
Event: 21.730 Thread 0x00000075d7432070 Exception <a 'java/lang/IncompatibleClassChangeError'{0x00000007f0b88710}: Found class java.lang.Object, but interface was expected> (0x00000007f0b88710) 
thrown [src/hotspot/share/interpreter/linkResolver.cpp, line 871]
Event: 21.862 Thread 0x00000075d7432070 Exception <a 'java/lang/NoSuchMethodError'{0x00000007efacd370}: 'long java.lang.invoke.DirectMethodHandle$Holder.fieldAccess(java.lang.Object, java.lang.Object)'> (0x00000007efacd370) 
thrown [src/hotspot/share/interpreter/linkResolver.cpp, line 804]
Event: 21.864 Thread 0x00000075d7432070 Exception <a 'java/lang/NoSuchMethodError'{0x00000007efaf0608}: 'int java.lang.invoke.DirectMethodHandle$Holder.invokeSpecial(java.lang.Object, java.lang.Object, long, long)'> (0x00000007efaf0608) 
thrown [src/hotspot/share/interpreter/linkResolver.cpp, line 804]
Event: 21.866 Thread 0x00000075d7432070 Exception <a 'java/lang/NoSuchMethodError'{0x00000007efb09080}: 'void java.lang.invoke.DirectMethodHandle$Holder.invokeSpecial(java.lang.Object, java.lang.Object, int, long)'> (0x00000007efb09080) 
thrown [src/hotspot/share/interpreter/linkResolver.cpp, line 804]
Event: 21.867 Thread 0x00000075d7432070 Exception <a 'java/lang/NoSuchMethodError'{0x00000007efb34580}: 'void java.lang.invoke.DirectMethodHandle$Holder.invokeStatic(java.lang.Object, int, long)'> (0x00000007efb34580) 
thrown [src/hotspot/share/interpreter/linkResolver.cpp, line 804]
Event: 22.005 Thread 0x00000075d7432070 Exception <a 'java/lang/NoSuchMethodError'{0x00000007ef2c7d10}: 'java.lang.Object java.lang.invoke.Invokers$Holder.linkToTargetMethod(long, long, java.lang.Object)'> (0x00000007ef2c7d10) 
thrown [src/hotspot/share/interpreter/linkResolver.cpp, line 804]
Event: 22.044 Thread 0x00000075d7432070 Exception <a 'java/lang/NoSuchMethodError'{0x00000007eef4ee30}: 'long java.lang.invoke.DirectMethodHandle$Holder.invokeStatic(java.lang.Object, long)'> (0x00000007eef4ee30) 
thrown [src/hotspot/share/interpreter/linkResolver.cpp, line 804]

VM Operations (20 events):
Event: 21.270 Executing non-safepoint VM operation: HandshakeAllThreads (Deoptimize)
Event: 21.270 Executing non-safepoint VM operation: HandshakeAllThreads (Deoptimize) done
Event: 21.372 Executing non-safepoint VM operation: HandshakeAllThreads (Deoptimize)
Event: 21.373 Executing non-safepoint VM operation: HandshakeAllThreads (Deoptimize) done
Event: 21.468 Executing non-safepoint VM operation: HandshakeAllThreads (Deoptimize)
Event: 21.469 Executing non-safepoint VM operation: HandshakeAllThreads (Deoptimize) done
Event: 21.538 Executing non-safepoint VM operation: HandshakeAllThreads (Deoptimize)
Event: 21.538 Executing non-safepoint VM operation: HandshakeAllThreads (Deoptimize) done
Event: 21.627 Executing non-safepoint VM operation: HandshakeAllThreads (Deoptimize)
Event: 21.627 Executing non-safepoint VM operation: HandshakeAllThreads (Deoptimize) done
Event: 21.681 Executing non-safepoint VM operation: HandshakeAllThreads (Deoptimize)
Event: 21.682 Executing non-safepoint VM operation: HandshakeAllThreads (Deoptimize) done
Event: 21.702 Executing non-safepoint VM operation: HandshakeAllThreads (Deoptimize)
Event: 21.702 Executing non-safepoint VM operation: HandshakeAllThreads (Deoptimize) done
Event: 21.905 Executing non-safepoint VM operation: HandshakeAllThreads (Deoptimize)
Event: 21.905 Executing non-safepoint VM operation: HandshakeAllThreads (Deoptimize) done
Event: 21.985 Executing non-safepoint VM operation: HandshakeAllThreads (Deoptimize)
Event: 21.985 Executing non-safepoint VM operation: HandshakeAllThreads (Deoptimize) done
Event: 21.991 Executing non-safepoint VM operation: HandshakeAllThreads (Deoptimize)
Event: 21.991 Executing non-safepoint VM operation: HandshakeAllThreads (Deoptimize) done

Memory protections (20 events):
Event: 8.247 Protecting memory [0x000000742e400000,0x000000742e404000] with protection modes 0
Event: 8.528 Protecting memory [0x0000007427600000,0x0000007427604000] with protection modes 0
Event: 8.726 Protecting memory [0x00000077fbb79000,0x00000077fbb7d000] with protection modes 0
Event: 9.791 Protecting memory [0x000000781eb6c000,0x000000781eb6d000] with protection modes 1
Event: 10.459 Protecting memory [0x0000007456200000,0x0000007456204000] with protection modes 0
Event: 10.494 Protecting memory [0x0000007444c00000,0x0000007444c04000] with protection modes 0
Event: 10.681 Protecting memory [0x0000007444800000,0x0000007444804000] with protection modes 0
Event: 15.974 Protecting memory [0x000000744f800000,0x000000744f804000] with protection modes 0
Event: 17.377 Protecting memory [0x000000744f800000,0x000000744f804000] with protection modes 0
Event: 19.967 Protecting memory [0x0000007456200000,0x0000007456204000] with protection modes 0
Event: 19.968 Protecting memory [0x000000744f800000,0x000000744f804000] with protection modes 0
Event: 19.973 Protecting memory [0x000000744f400000,0x000000744f404000] with protection modes 0
Event: 19.974 Protecting memory [0x000000744f000000,0x000000744f004000] with protection modes 0
Event: 20.712 Protecting memory [0x0000007450600000,0x0000007450604000] with protection modes 0
Event: 21.081 Protecting memory [0x0000007450200000,0x0000007450204000] with protection modes 0
Event: 21.081 Protecting memory [0x000000744fe00000,0x000000744fe04000] with protection modes 0
Event: 21.121 Protecting memory [0x000000743aa00000,0x000000743aa04000] with protection modes 0
Event: 21.431 Protecting memory [0x0000007438800000,0x0000007438804000] with protection modes 0
Event: 21.469 Protecting memory [0x0000007431000000,0x0000007431004000] with protection modes 0
Event: 21.472 Protecting memory [0x0000007430c00000,0x0000007430c04000] with protection modes 0

Nmethod flushes (20 events):
Event: 20.615 Thread 0x00000076074485b0 flushing  nmethod 0x000000747e651e08
Event: 20.615 Thread 0x00000076074485b0 flushing  nmethod 0x000000747e653808
Event: 20.615 Thread 0x00000076074485b0 flushing  nmethod 0x000000747e653f08
Event: 20.615 Thread 0x00000076074485b0 flushing  nmethod 0x000000747e654a48
Event: 20.615 Thread 0x00000076074485b0 flushing  nmethod 0x000000747e655688
Event: 20.615 Thread 0x00000076074485b0 flushing  nmethod 0x000000747e655b08
Event: 20.615 Thread 0x00000076074485b0 flushing  nmethod 0x000000747e656948
Event: 20.615 Thread 0x00000076074485b0 flushing  nmethod 0x000000747e656fc8
Event: 20.615 Thread 0x00000076074485b0 flushing  nmethod 0x000000747e66f2c8
Event: 20.615 Thread 0x00000076074485b0 flushing  nmethod 0x000000747e671248
Event: 20.615 Thread 0x00000076074485b0 flushing  nmethod 0x000000747e69a008
Event: 20.615 Thread 0x00000076074485b0 flushing  nmethod 0x000000747e6ccf08
Event: 20.615 Thread 0x00000076074485b0 flushing  nmethod 0x000000747e745d88
Event: 20.616 Thread 0x00000076074485b0 flushing  nmethod 0x000000747e749608
Event: 20.616 Thread 0x00000076074485b0 flushing  nmethod 0x000000747e763588
Event: 20.616 Thread 0x00000076074485b0 flushing  nmethod 0x000000747e764c08
Event: 20.616 Thread 0x00000076074485b0 flushing  nmethod 0x000000747e765888
Event: 20.616 Thread 0x00000076074485b0 flushing  nmethod 0x000000747e779848
Event: 20.616 Thread 0x00000076074485b0 flushing  nmethod 0x000000747e77a388
Event: 20.616 Thread 0x00000076074485b0 flushing  nmethod 0x000000747e77b3c8

Events (20 events):
Event: 18.546 Thread 0x00000075d7697360 Thread exited: 0x00000075d7697360
Event: 19.772 Thread 0x00000075d7470eb0 Thread exited: 0x00000075d7470eb0
Event: 19.905 Thread 0x00000075d7540750 Thread exited: 0x00000075d7540750
Event: 19.905 Thread 0x00000075d754d090 Thread exited: 0x00000075d754d090
Event: 19.905 Thread 0x00000075d754f8d0 Thread exited: 0x00000075d754f8d0
Event: 19.905 Thread 0x00000075d74acaa0 Thread exited: 0x00000075d74acaa0
Event: 19.915 Thread 0x00000075d7550cf0 Thread exited: 0x00000075d7550cf0
Event: 19.915 Thread 0x00000075d754bc70 Thread exited: 0x00000075d754bc70
Event: 19.919 Thread 0x00000075d754e4b0 Thread exited: 0x00000075d754e4b0
Event: 19.967 Thread 0x00000075d7432070 Thread added: 0x00000075d754d090
Event: 19.968 Thread 0x00000075d754d090 Thread added: 0x00000075d7550cf0
Event: 19.968 Thread 0x00000075d7550cf0 Thread added: 0x00000075d754f8d0
Event: 19.974 Thread 0x00000075d754f8d0 Thread added: 0x00000075d754e4b0
Event: 20.712 Thread 0x00000075d7432070 Thread added: 0x00000075d7444e50
Event: 21.081 Thread 0x00000075d7444e50 Thread added: 0x00000075d74c0ca0
Event: 21.081 Thread 0x00000075d7444e50 Thread added: 0x00000075d75813c0
Event: 21.121 Thread 0x00000075d7432070 Thread added: 0x00000075d75a6f80
Event: 21.431 Thread 0x00000075d7432070 Thread added: 0x00000075d76e8f80
Event: 21.469 Thread 0x00000075d7432070 Thread added: 0x00000075d76ee000
Event: 21.472 Thread 0x00000075d7432070 Thread added: 0x00000075d76f62d0


Dynamic libraries:
01270000-01580000 rw-p 00000000 00:00 0                                  [anon:dalvik-/system/framework/boot.art]
01580000-015d4000 rw-p 00000000 00:00 0                                  [anon:dalvik-/system/framework/boot-core-libart.art]
015d4000-01600000 rw-p 00000000 00:00 0                                  [anon:dalvik-/system/framework/boot-okhttp.art]
01600000-01654000 rw-p 00000000 00:00 0                                  [anon:dalvik-/system/framework/boot-bouncycastle.art]
01654000-01674000 rw-p 00000000 00:00 0                                  [anon:dalvik-/system/framework/boot-apache-xml.art]
01674000-0272c000 rw-p 00000000 00:00 0                                  [anon:dalvik-/system/framework/boot-framework.art]
0272c000-02730000 rw-p 00000000 00:00 0                                  [anon:dalvik-/system/framework/boot-framework-graphics.art]
02730000-02754000 rw-p 00000000 00:00 0                                  [anon:dalvik-/system/framework/boot-framework-location.art]
02754000-02784000 rw-p 00000000 00:00 0                                  [anon:dalvik-/system/framework/boot-ext.art]
02784000-028fc000 rw-p 00000000 00:00 0                                  [anon:dalvik-/system/framework/boot-telephony-common.art]
028fc000-029a4000 rw-p 00000000 00:00 0                                  [anon:dalvik-/system/framework/boot-voip-common.art]
029a4000-029e8000 rw-p 00000000 00:00 0                                  [anon:dalvik-/system/framework/boot-ims-common.art]
029e8000-029ec000 rw-p 00000000 00:00 0                                  [anon:dalvik-/system/framework/boot-framework-ondeviceintelligence-platform.art]
029ec000-02a1c000 rw-p 00000000 00:00 0                                  [anon:dalvik-/system/framework/boot-framework-nfc.art]
02a1c000-02a20000 rw-p 00000000 00:00 0                                  [anon:dalvik-/system/framework/boot-tcmiface.art]
02a20000-02a24000 rw-p 00000000 00:00 0                                  [anon:dalvik-/system/framework/boot-telephony-ext.art]
02a24000-02a28000 rw-p 00000000 00:00 0                                  [anon:dalvik-/system/framework/boot-qcom.fmradio.art]
02a28000-02a2c000 rw-p 00000000 00:00 0                                  [anon:dalvik-/system/framework/boot-QPerformance.art]
02a2c000-02a30000 rw-p 00000000 00:00 0                                  [anon:dalvik-/system/framework/boot-UxPerformance.art]
02a30000-02a34000 rw-p 00000000 00:00 0                                  [anon:dalvik-/system/framework/boot-WfdCommon.art]
02a34000-02b30000 rw-p 00000000 00:00 0                                  [anon:dalvik-/system/framework/boot-vivo-framework.art]
02b30000-02b84000 rw-p 00000000 00:00 0                                  [anon:dalvik-/system/framework/boot-vivo-media.art]
02b84000-02b88000 rw-p 00000000 00:00 0                                  [anon:dalvik-/system/framework/boot-framework-adapter.art]
02b88000-02b8c000 rw-p 00000000 00:00 0                                  [anon:dalvik-/system/framework/boot-soc-framework.art]
02b8c000-02b90000 rw-p 00000000 00:00 0                                  [anon:dalvik-/system/framework/boot-vivo-vgcclient.art]
02b90000-02b94000 rw-p 00000000 00:00 0                                  [anon:dalvik-/system/framework/boot-vivo-emmclient.art]
02b94000-02b9c000 rw-p 00000000 00:00 0                                  [anon:dalvik-/system/framework/boot-vivo-coworkclient.art]
02b9c000-02d24000 rw-p 00000000 00:00 0                                  [anon:dalvik-/system/framework/boot-core-icu4j.art]
02d24000-02dd4000 r--p 00000000 fe:1c 187598146                          /system/framework/arm64/boot.oat
02dd4000-030ad000 r-xp 000b0000 fe:1c 187598146                          /system/framework/arm64/boot.oat
030ad000-030b0000 ---p 00000000 00:00 0                                  [anon:dalvik-Boot image reservation]
030b0000-030b1000 rw-p 00000000 00:00 0                                  [anon:.bss]
030b1000-030b4000 ---p 00000000 00:00 0                                  [anon:dalvik-Boot image reservation]
030b4000-030d0000 rw-p 00000000 fe:1c 187594362                          /system/framework/boot.vdex
030d0000-030e4000 r--p 00000000 fe:1c 179368688                          /system/framework/arm64/boot-core-libart.oat
030e4000-03132000 r-xp 00014000 fe:1c 179368688                          /system/framework/arm64/boot-core-libart.oat
03132000-03134000 ---p 00000000 00:00 0                                  [anon:dalvik-Boot image reservation]
03134000-03138000 rw-p 00000000 fe:1c 187590779                          /system/framework/boot-core-libart.vdex
03138000-03148000 r--p 00000000 fe:1c 179372398                          /system/framework/arm64/boot-okhttp.oat
03148000-0317c000 r-xp 00010000 fe:1c 179372398                          /system/framework/arm64/boot-okhttp.oat
0317c000-0317d000 rw-p 00000000 00:00 0                                  [anon:.bss]
0317d000-03180000 ---p 00000000 00:00 0                                  [anon:dalvik-Boot image reservation]
03180000-03182000 rw-p 00000000 fe:1c 179089278                          /system/framework/boot-okhttp.vdex
03182000-03184000 ---p 00000000 00:00 0                                  [anon:dalvik-Boot image reservation]
03184000-0318c000 r--p 00000000 fe:1c 179023985                          /system/framework/arm64/boot-bouncycastle.oat
0318c000-031a8000 r-xp 00008000 fe:1c 179023985                          /system/framework/arm64/boot-bouncycastle.oat
031a8000-031ae000 rw-p 00000000 fe:1c 187584763                          /system/framework/boot-bouncycastle.vdex
031ae000-031b0000 ---p 00000000 00:00 0                                  [anon:dalvik-Boot image reservation]
031b0000-031b8000 r--p 00000000 fe:1c 179086712                          /system/framework/arm64/boot-apache-xml.oat
031b8000-031d0000 r-xp 00008000 fe:1c 179086712                          /system/framework/arm64/boot-apache-xml.oat
031d0000-031d5000 rw-p 00000000 fe:1c 179085949                          /system/framework/boot-apache-xml.vdex
031d5000-031d8000 ---p 00000000 00:00 0                                  [anon:dalvik-Boot image reservation]
031d8000-03474000 r--p 00000000 fe:1c 197077888                          /system/framework/arm64/boot-framework.oat
03474000-03e85000 r-xp 0029c000 fe:1c 197077888                          /system/framework/arm64/boot-framework.oat
03e85000-03e88000 ---p 00000000 00:00 0                                  [anon:dalvik-Boot image reservation]
03e88000-03e89000 rw-p 00000000 00:00 0                                  [anon:.bss]
03e89000-03e8c000 ---p 00000000 00:00 0                                  [anon:dalvik-Boot image reservation]
03e8c000-03f45000 rw-p 00000000 fe:1c 179032434                          /system/framework/boot-framework.vdex
03f45000-03f48000 ---p 00000000 00:00 0                                  [anon:dalvik-Boot image reservation]
03f48000-03f4c000 r--p 00000000 fe:1c 179071342                          /system/framework/arm64/boot-framework-graphics.oat
03f4c000-03f4d000 r-xp 00004000 fe:1c 179071342                          /system/framework/arm64/boot-framework-graphics.oat
03f4d000-03f50000 ---p 00000000 00:00 0                                  [anon:dalvik-Boot image reservation]
03f50000-03f51000 rw-p 00000000 fe:1c 187596410                          /system/framework/boot-framework-graphics.vdex
03f51000-03f54000 ---p 00000000 00:00 0                                  [anon:dalvik-Boot image reservation]
03f54000-03f5c000 r--p 00000000 fe:1c 179175662                          /system/framework/arm64/boot-framework-location.oat
03f5c000-03f6d000 r-xp 00008000 fe:1c 179175662                          /system/framework/arm64/boot-framework-location.oat
03f6d000-03f70000 ---p 00000000 00:00 0                                  [anon:dalvik-Boot image reservation]
03f70000-03f72000 rw-p 00000000 fe:1c 195693952                          /system/framework/boot-framework-location.vdex
03f72000-03f74000 ---p 00000000 00:00 0                                  [anon:dalvik-Boot image reservation]
03f74000-03f7c000 r--p 00000000 fe:1c 179354738                          /system/framework/arm64/boot-ext.oat
03f7c000-03f95000 r-xp 00008000 fe:1c 179354738                          /system/framework/arm64/boot-ext.oat
03f95000-03f98000 ---p 00000000 00:00 0                                  [anon:dalvik-Boot image reservation]
03f98000-03f99000 rw-p 00000000 fe:1c 195691904                          /system/framework/boot-ext.vdex
03f99000-03f9c000 ---p 00000000 00:00 0                                  [anon:dalvik-Boot image reservation]
03f9c000-03fa8000 r--p 00000000 fe:1c 179251950                          /system/framework/arm64/boot-telephony-common.oat
03fa8000-03fab000 r-xp 0000c000 fe:1c 179251950                          /system/framework/arm64/boot-telephony-common.oat
03fab000-03fac000 ---p 00000000 00:00 0                                  [anon:dalvik-Boot image reservation]
03fac000-03fbd000 rw-p 00000000 fe:1c 187594618                          /system/framework/boot-telephony-common.vdex
03fbd000-03fc0000 ---p 00000000 00:00 0                                  [anon:dalvik-Boot image reservation]
03fc0000-03fc4000 r--p 00000000 fe:1c 179057901                          /system/framework/arm64/boot-voip-common.oat
03fc4000-03fc5000 r-xp 00004000 fe:1c 179057901                          /system/framework/arm64/boot-voip-common.oat
03fc5000-03fc8000 ---p 00000000 00:00 0                                  [anon:dalvik-Boot image reservation]
03fc8000-03fcd000 rw-p 00000000 fe:1c 179063805                          /system/framework/boot-voip-common.vdex
03fcd000-03fd0000 ---p 00000000 00:00 0                                  [anon:dalvik-Boot image reservation]
03fd0000-03fd4000 r--p 00000000 fe:1c 179368956                          /system/framework/arm64/boot-ims-common.oat
03fd4000-03fd6000 rw-p 00000000 fe:1c 179149182                          /system/framework/boot-ims-common.vdex
03fd6000-03fd8000 ---p 00000000 00:00 0                                  [anon:dalvik-Boot image reservation]
03fd8000-03fdc000 r--p 00000000 fe:1c 179367406                          /system/framework/arm64/boot-framework-ondeviceintelligence-platform.oat
03fdc000-03fdd000 rw-p 00000000 fe:1c 195694080                          /system/framework/boot-framework-ondeviceintelligence-platform.vdex
03fdd000-03fe0000 ---p 00000000 00:00 0                                  [anon:dalvik-Boot image reservation]
03fe0000-03fe4000 r--p 00000000 fe:1c 179354094                          /system/framework/arm64/boot-framework-nfc.oat
03fe4000-03fe8000 r-xp 00004000 fe:1c 179354094                          /system/framework/arm64/boot-framework-nfc.oat
03fe8000-03feb000 rw-p 00000000 fe:1c 179390461                          /system/framework/boot-framework-nfc.vdex
03feb000-03fec000 ---p 00000000 00:00 0                                  [anon:dalvik-Boot image reservation]
03fec000-03ff0000 r--p 00000000 fe:1c 187591419                          /system/framework/arm64/boot-tcmiface.oat
03ff0000-03ff1000 rw-p 00000000 fe:1c 187595642                          /system/framework/boot-tcmiface.vdex
03ff1000-03ff4000 ---p 00000000 00:00 0                                  [anon:dalvik-Boot image reservation]
03ff4000-03ff8000 r--p 00000000 fe:1c 179343470                          /system/framework/arm64/boot-telephony-ext.oat
03ff8000-03ff9000 rw-p 00000000 fe:1c 187595239                          /system/framework/boot-telephony-ext.vdex
03ff9000-03ffc000 ---p 00000000 00:00 0                                  [anon:dalvik-Boot image reservation]
03ffc000-04000000 r--p 00000000 fe:1c 179053806                          /system/framework/arm64/boot-qcom.fmradio.oat
04000000-04001000 r-xp 00004000 fe:1c 179053806                          /system/framework/arm64/boot-qcom.fmradio.oat
04001000-04004000 ---p 00000000 00:00 0                                  [anon:dalvik-Boot image reservation]
04004000-04005000 rw-p 00000000 fe:1c 179165806                          /system/framework/boot-qcom.fmradio.vdex
04005000-04008000 ---p 00000000 00:00 0                                  [anon:dalvik-Boot image reservation]
04008000-0400c000 r--p 00000000 fe:1c 179079795                          /system/framework/arm64/boot-QPerformance.oat
0400c000-0400d000 r-xp 00004000 fe:1c 179079795                          /system/framework/arm64/boot-QPerformance.oat
0400d000-04010000 ---p 00000000 00:00 0                                  [anon:dalvik-Boot image reservation]
04010000-04011000 rw-p 00000000 fe:1c 187588597                          /system/framework/boot-QPerformance.vdex
04011000-04014000 ---p 00000000 00:00 0                                  [anon:dalvik-Boot image reservation]
04014000-04018000 r--p 00000000 fe:1c 179067764                          /system/framework/arm64/boot-UxPerformance.oat
04018000-04019000 r-xp 00004000 fe:1c 179067764                          /system/framework/arm64/boot-UxPerformance.oat
04019000-0401c000 ---p 00000000 00:00 0                                  [anon:dalvik-Boot image reservation]
0401c000-0401d000 rw-p 00000000 fe:1c 187595383                          /system/framework/boot-UxPerformance.vdex
0401d000-04020000 ---p 00000000 00:00 0                                  [anon:dalvik-Boot image reservation]
04020000-04024000 r--p 00000000 fe:1c 179341046                          /system/framework/arm64/boot-WfdCommon.oat
04024000-04025000 rw-p 00000000 fe:1c 179360221                          /system/framework/boot-WfdCommon.vdex
04025000-04028000 ---p 00000000 00:00 0                                  [anon:dalvik-Boot image reservation]
04028000-04074000 r--p 00000000 fe:1c 179245159                          /system/framework/arm64/boot-vivo-framework.oat
04074000-0417f000 r-xp 0004c000 fe:1c 179245159                          /system/framework/arm64/boot-vivo-framework.oat
0417f000-04180000 ---p 00000000 00:00 0                                  [anon:dalvik-Boot image reservation]
04180000-04181000 rw-p 00000000 00:00 0                                  [anon:.bss]
04181000-04184000 ---p 00000000 00:00 0                                  [anon:dalvik-Boot image reservation]
04184000-041a0000 rw-p 00000000 fe:1c 187590394                          /system/framework/boot-vivo-framework.vdex
041a0000-041b8000 r--p 00000000 fe:1c 179342701                          /system/framework/arm64/boot-vivo-media.oat
041b8000-04209000 r-xp 00018000 fe:1c 179342701                          /system/framework/arm64/boot-vivo-media.oat
04209000-0420c000 ---p 00000000 00:00 0                                  [anon:dalvik-Boot image reservation]
0420c000-0420d000 rw-p 00000000 00:00 0                                  [anon:.bss]
0420d000-04210000 ---p 00000000 00:00 0                                  [anon:dalvik-Boot image reservation]
04210000-04214000 rw-p 00000000 fe:1c 187594109                          /system/framework/boot-vivo-media.vdex
04214000-04218000 r--p 00000000 fe:1c 179237107                          /system/framework/arm64/boot-framework-adapter.oat
04218000-04219000 rw-p 00000000 fe:1c 187593975                          /system/framework/boot-framework-adapter.vdex
04219000-0421c000 ---p 00000000 00:00 0                                  [anon:dalvik-Boot image reservation]
0421c000-04220000 r--p 00000000 fe:1c 179053820                          /system/framework/arm64/boot-soc-framework.oat
04220000-04221000 rw-p 00000000 fe:1c 187589370                          /system/framework/boot-soc-framework.vdex
04221000-04224000 ---p 00000000 00:00 0                                  [anon:dalvik-Boot image reservation]
04224000-04228000 r--p 00000000 fe:1c 179347309                          /system/framework/arm64/boot-vivo-vgcclient.oat
04228000-0422a000 r-xp 00004000 fe:1c 179347309                          /system/framework/arm64/boot-vivo-vgcclient.oat
0422a000-0422c000 ---p 00000000 00:00 0                                  [anon:dalvik-Boot image reservation]
0422c000-0422d000 rw-p 00000000 fe:1c 187591282                          /system/framework/boot-vivo-vgcclient.vdex
0422d000-04230000 ---p 00000000 00:00 0                                  [anon:dalvik-Boot image reservation]
04230000-04234000 r--p 00000000 fe:1c 187589883                          /system/framework/arm64/boot-vivo-emmclient.oat
04234000-04235000 rw-p 00000000 fe:1c 187596246                          /system/framework/boot-vivo-emmclient.vdex
04235000-04238000 ---p 00000000 00:00 0                                  [anon:dalvik-Boot image reservation]
04238000-0423c000 r--p 00000000 fe:1c 187589869                          /system/framework/arm64/boot-vivo-coworkclient.oat
0423c000-0423e000 r-xp 00004000 fe:1c 187589869                          /system/framework/arm64/boot-vivo-coworkclient.oat
0423e000-04240000 ---p 00000000 00:00 0                                  [anon:dalvik-Boot image reservation]
04240000-04242000 rw-p 00000000 fe:1c 179085694                          /system/framework/boot-vivo-coworkclient.vdex
04242000-04244000 ---p 00000000 00:00 0                                  [anon:dalvik-Boot image reservation]
04244000-04274000 r--p 00000000 fe:1c 187594476                          /system/framework/arm64/boot-core-icu4j.oat
04274000-0434a000 r-xp 00030000 fe:1c 187594476                          /system/framework/arm64/boot-core-icu4j.oat
0434a000-0434c000 ---p 00000000 00:00 0                                  [anon:dalvik-Boot image reservation]
0434c000-04355000 rw-p 00000000 fe:1c 187594875                          /system/framework/boot-core-icu4j.vdex
04355000-04358000 ---p 00000000 00:00 0                                  [anon:dalvik-Boot image reservation]
04358000-04658000 rw-p 00000000 00:00 0                                  [anon:dalvik-/system/framework/boot-framework-adservices.art]
04658000-046ac000 r--p 00000000 fe:1c 179374183                          /system/framework/arm64/boot-framework-adservices.oat
046ac000-047a1000 r-xp 00054000 fe:1c 179374183                          /system/framework/arm64/boot-framework-adservices.oat
047a1000-047a4000 ---p 00000000 00:00 0                                  [anon:dalvik-Boot image reservation]
047a4000-047a6000 r--p 0014c000 fe:1c 179374183                          /system/framework/arm64/boot-framework-adservices.oat
047a6000-047a8000 ---p 00000000 00:00 0                                  [anon:dalvik-Boot image reservation]
047a8000-047a9000 rw-p 00000000 00:00 0                                  [anon:.bss]
047a9000-047ac000 ---p 00000000 00:00 0                                  [anon:dalvik-Boot image reservation]
047ac000-047de000 rw-p 00000000 fe:1c 187592059                          /system/framework/boot-framework-adservices.vdex
047de000-047e0000 ---p 00000000 00:00 0                                  [anon:dalvik-Boot image reservation]
047e0000-04e71000 rw-p 00000000 00:00 0                                  [anon:dalvik-zygote space]
04e71000-04e72000 rw-p 00000000 00:00 0                                  [anon:dalvik-non moving space]
04e72000-04e7d000 rw-p 00000000 00:00 0                                  [anon:dalvik-non moving space]
04e7d000-0dfe1000 ---p 00000000 00:00 0                                  [anon:dalvik-non moving space]
0dfe1000-0e7e0000 rw-p 00000000 00:00 0                                  [anon:dalvik-non moving space]
18000000-38000000 rw-p 00000000 00:00 0                                  [anon:dalvik-main space (region space)]
41000000-41080000 rw-p 00000000 00:00 0 
41080000-410c0000 rw-p 00000000 00:00 0 
410c0000-41120000 rw-p 00000000 00:00 0 
41120000-41140000 rw-p 00000000 00:00 0 
41140000-411c0000 rw-p 00000000 00:00 0 
411c0000-41200000 rw-p 00000000 00:00 0 
41200000-41240000 rw-p 00000000 00:00 0 
41240000-412c0000 rw-p 00000000 00:00 0 
412c0000-41380000 rw-p 00000000 00:00 0 
41380000-416c0000 rw-p 00000000 00:00 0 
416c0000-41700000 rw-p 00000000 00:00 0 
41700000-42200000 rw-p 00000000 00:00 0 
42200000-42240000 rw-p 00000000 00:00 0 
42240000-42280000 rw-p 00000000 00:00 0 
42280000-422b0000 rw-p 00000000 00:00 0 
422b0000-81000000 ---p 00000000 00:00 0 
a8000000-b8000000 rw-p 00000000 00:00 0                                  [anon:dalvik-free list large object space]
ebad6000-ebad7000 ---p 00000000 00:00 0                                  [anon:dalvik-Sentinel fault page]
ebad7000-edad7000 r--s 00000000 00:01 3088                               /memfd:jit-zygote-cache (deleted)
edad7000-efad7000 r-xs 02000000 00:01 3088                               /memfd:jit-zygote-cache (deleted)
efad7000-f1ad7000 r--s 00000000 00:01 815875                             /memfd:jit-cache (deleted)
f1ad7000-f3ad7000 r-xs 02000000 00:01 815875                             /memfd:jit-cache (deleted)
f3ad7000-f3d5f000 rw-p 00000000 00:00 0                                  [anon:dalvik-/data/app/~~YuncQEj0Rruyt6y_-RebSA==/com.movtery.zalithlauncher.v2-JtRzSV7VpInkzDcyzopsqQ==/oat/arm64/base.art]
700000000-800000000 rw-p 00000000 00:00 0 
624f31f000-624f322000 r--p 00000000 fe:1c 98295210                       /system/bin/app_process64
624f322000-624f324000 r-xp 00003000 fe:1c 98295210                       /system/bin/app_process64
624f324000-624f325000 r--p 00005000 fe:1c 98295210                       /system/bin/app_process64
624f325000-624f326000 rw-p 00006000 fe:1c 98295210                       /system/bin/app_process64
7419200000-741b200000 rw-s 7419200000 00:01 814726                       /kgsl-3d0 (deleted)
741b3f2000-741b503000 rw-p 00000000 00:00 0                              [anon:scudo:secondary]
741b503000-741b603000 r--s 00000000 00:11 658                            /dev/__properties__/u:object_r:wifi_log_prop:s0
741b603000-741b703000 r--s 00000000 00:11 655                            /dev/__properties__/u:object_r:vusbd_root_prop:s0
741b703000-741b803000 r--s 00000000 00:11 654                            /dev/__properties__/u:object_r:vts_status_prop:s0
741b803000-741b903000 r--s 00000000 00:11 653                            /dev/__properties__/u:object_r:vts_config_prop:s0
741b903000-741ba03000 r--s 00000000 00:11 651                            /dev/__properties__/u:object_r:vold_prop:s0
741ba03000-741bb03000 r--s 00000000 00:11 649                            /dev/__properties__/u:object_r:vold_config_prop:s0
741bb03000-741bc03000 r--s 00000000 00:11 647                            /dev/__properties__/u:object_r:vivo_video_prop:s0
741bc03000-741bd03000 r--s 00000000 00:11 616                            /dev/__properties__/u:object_r:vendor_vivo_camera_prop:s0
741bd03000-741be03000 r--s 00000000 00:11 590                            /dev/__properties__/u:object_r:vendor_security_patch_level_prop:s0
741be03000-741bf27000 r--p 00000000 fe:1f 38372785                       /vendor/lib64/hw/vulkan.adreno.so
741bf27000-741c1ac000 r-xp 00124000 fe:1f 38372785                       /vendor/lib64/hw/vulkan.adreno.so
741c1ac000-741c1c1000 r--p 003a9000 fe:1f 38372785                       /vendor/lib64/hw/vulkan.adreno.so
741c1c1000-741c1e9000 rw-p 003bd000 fe:1f 38372785                       /vendor/lib64/hw/vulkan.adreno.so
741c1e9000-741c200000 rw-p 00000000 00:00 0                              [anon:.bss]
741c200000-741ee00000 ---p 00000000 00:00 0 
741ee00000-741ef00000 r--s 00000000 00:11 565                            /dev/__properties__/u:object_r:vendor_persist_rcs_prop:s0
741ef00000-741f000000 r--s 00000000 00:11 564                            /dev/__properties__/u:object_r:vendor_persist_ntn_prop:s0
741f000000-741f82c000 ---p 00000000 00:00 0 
741f82c000-741f830000 rw-p 00000000 00:00 0 
741f830000-7420000000 ---p 00000000 00:00 0 
7420000000-7421300000 rw-p 00000000 00:00 0 
7421300000-7421400000 rw-p 00000000 00:00 0 
7421400000-74218c0000 rw-p 00000000 00:00 0 
74218c0000-7421900000 rw-p 00000000 00:00 0 
7421900000-7421b00000 rw-p 00000000 00:00 0 
7421b00000-7421d80000 rw-p 00000000 00:00 0 
7421d80000-7421ee0000 rw-p 00000000 00:00 0 
7421ee0000-7421f00000 ---p 00000000 00:00 0 
7421f00000-7421f10000 rw-p 00000000 00:00 0 
7421f10000-7424000000 ---p 00000000 00:00 0 
7424000000-7424108000 ---p 00000000 00:00 0 
7424108000-742410c000 rw-p 00000000 00:00 0 
742410c000-7425000000 ---p 00000000 00:00 0 
7425000000-7425100000 r--s 00000000 00:11 562                            /dev/__properties__/u:object_r:vendor_persist_camera_prop:s0
7425100000-7425200000 r--s 00000000 00:11 545                            /dev/__properties__/u:object_r:vendor_medsrv_set_64b:s0
7425200000-7425300000 r--s 00000000 00:11 538                            /dev/__properties__/u:object_r:vendor_iop_prop:s0
7425300000-7425400000 r--s 00000000 00:11 526                            /dev/__properties__/u:object_r:vendor_exported_system_prop:s0
7425400000-7425500000 r--s 00000000 00:11 525                            /dev/__properties__/u:object_r:vendor_exported_odm_prop:s0
7425500000-7425600000 r--s 00000000 00:11 489                            /dev/__properties__/u:object_r:vendor_camera_prop:s0
7425600000-7426184000 ---p 00000000 00:00 0 
7426184000-7426188000 rw-p 00000000 00:00 0 
7426188000-7426834000 ---p 00000000 00:00 0 
7426834000-7426838000 rw-p 00000000 00:00 0 
7426838000-7427600000 ---p 00000000 00:00 0 
7427600000-7427604000 ---p 00000000 00:00 0 
7427604000-7427802000 rw-p 00000000 00:00 0                              [anon:stack_and_tls:12869]
7427802000-7427803000 ---p 00000000 00:00 0 
7427900000-7427a00000 r--s 00000000 00:11 479                            /dev/__properties__/u:object_r:vendor_adsprpc_prop:s0
7427a00000-7427eb0000 ---p 00000000 00:00 0 
7427eb0000-7427eb4000 rw-p 00000000 00:00 0 
7427eb4000-7428a00000 ---p 00000000 00:00 0 
7428a29000-7429146000 r-xp 00000000 fe:4c 2450876                        /data/app/~~YuncQEj0Rruyt6y_-RebSA==/com.movtery.zalithlauncher.v2-JtRzSV7VpInkzDcyzopsqQ==/lib/arm64/libshaderc.so
7429146000-74291b7000 r--p 0071c000 fe:4c 2450876                        /data/app/~~YuncQEj0Rruyt6y_-RebSA==/com.movtery.zalithlauncher.v2-JtRzSV7VpInkzDcyzopsqQ==/lib/arm64/libshaderc.so
74291b7000-74291b8000 rw-p 0078c000 fe:4c 2450876                        /data/app/~~YuncQEj0Rruyt6y_-RebSA==/com.movtery.zalithlauncher.v2-JtRzSV7VpInkzDcyzopsqQ==/lib/arm64/libshaderc.so
74291b8000-74291cc000 rw-p 00000000 00:00 0                              [anon:.bss]
7429200000-742d000000 ---p 00000000 00:00 0 
742d053000-742d153000 r--s 00000000 00:11 477                            /dev/__properties__/u:object_r:userspace_reboot_test_prop:s0
742d153000-742d253000 r--s 00000000 00:11 476                            /dev/__properties__/u:object_r:userspace_reboot_log_prop:s0
742d253000-742d597000 r-xp 00000000 fe:4c 2599090                        /data/app/~~YuncQEj0Rruyt6y_-RebSA==/com.movtery.zalithlauncher.v2-JtRzSV7VpInkzDcyzopsqQ==/lib/arm64/libspirv-cross-c-shared.so
742d597000-742d5a1000 r--p 00343000 fe:4c 2599090                        /data/app/~~YuncQEj0Rruyt6y_-RebSA==/com.movtery.zalithlauncher.v2-JtRzSV7VpInkzDcyzopsqQ==/lib/arm64/libspirv-cross-c-shared.so
742d5a1000-742d5a2000 rw-p 0034c000 fe:4c 2599090                        /data/app/~~YuncQEj0Rruyt6y_-RebSA==/com.movtery.zalithlauncher.v2-JtRzSV7VpInkzDcyzopsqQ==/lib/arm64/libspirv-cross-c-shared.so
742d5a2000-742d5a3000 rw-p 00000000 00:00 0                              [anon:.bss]
742d600000-742e200000 ---p 00000000 00:00 0 
742e200000-742e300000 r--s 00000000 00:11 475                            /dev/__properties__/u:object_r:userspace_reboot_exported_prop:s0
742e300000-742e400000 r--s 00000000 00:11 474                            /dev/__properties__/u:object_r:userspace_reboot_config_prop:s0
742e400000-742e500000 r--s 00000000 00:11 470                            /dev/__properties__/u:object_r:usb_prop:s0
742e500000-742e600000 r--s 00000000 00:11 469                            /dev/__properties__/u:object_r:usb_control_prop:s0
742e600000-742e700000 r--s 00000000 00:11 468                            /dev/__properties__/u:object_r:usb_config_prop:s0
742e700000-742e800000 r--s 00000000 00:11 459                            /dev/__properties__/u:object_r:traced_oome_heap_session_count_prop:s0
742e800000-742ea00000 rw-s 742e800000 00:01 814726                       /kgsl-3d0 (deleted)
742ea00000-742eb00000 r--s 00000000 00:11 449                            /dev/__properties__/u:object_r:test_harness_prop:s0
742eb00000-742ec00000 r--s 00000000 00:11 447                            /dev/__properties__/u:object_r:telephony_status_prop:s0
742ec00000-742ed00000 r--s 00000000 00:11 446                            /dev/__properties__/u:object_r:telephony_config_prop:s0
742ed00000-742ee00000 r--s 00000000 00:11 445                            /dev/__properties__/u:object_r:systemsound_config_prop:s0
742ee00000-742ef00000 r--s 00000000 00:11 444                            /dev/__properties__/u:object_r:system_user_mode_emulation_prop:s0
742ef00000-742f000000 r--s 00000000 00:11 429                            /dev/__properties__/u:object_r:surfaceflinger_color_prop:s0
742f000000-742f100000 r--s 00000000 00:11 428                            /dev/__properties__/u:object_r:storagemanager_config_prop:s0
742f100000-742f200000 r--s 00000000 00:11 426                            /dev/__properties__/u:object_r:sqlite_log_prop:s0
742f200000-742f300000 r--s 00000000 00:11 425                            /dev/__properties__/u:object_r:socket_hook_prop:s0
742f300000-742f400000 r--s 00000000 00:11 420                            /dev/__properties__/u:object_r:shell_prop:s0
742f400000-74302f4000 ---p 00000000 00:00 0 
74302f4000-74302f8000 rw-p 00000000 00:00 0 
74302f8000-7430400000 ---p 00000000 00:00 0 
7430400000-7430500000 r--s 00000000 00:11 419                            /dev/__properties__/u:object_r:setupwizard_prop:s0
7430500000-7430600000 r--s 00000000 00:11 418                            /dev/__properties__/u:object_r:setupwizard_mode_prop:s0
7430600000-7430700000 r--s 00000000 00:11 414                            /dev/__properties__/u:object_r:sendbug_config_prop:s0
7430700000-7430800000 r--s 00000000 00:11 411                            /dev/__properties__/u:object_r:rollback_test_prop:s0
7430800000-7430900000 r--s 00000000 00:11 409                            /dev/__properties__/u:object_r:restorecon_prop:s0
7430900000-7430a00000 r--s 00000000 00:11 402                            /dev/__properties__/u:object_r:radio_control_prop:s0
7430a00000-7430b00000 r--s 00000000 00:11 391                            /dev/__properties__/u:object_r:powerctl_prop:s0
7430b00000-7430c00000 r--s 00000000 00:11 389                            /dev/__properties__/u:object_r:pm_prop:s0
7430c00000-7430c04000 ---p 00000000 00:00 0 
7430c04000-7430e02000 rw-p 00000000 00:00 0                              [anon:stack_and_tls:13010]
7430e02000-7430e03000 ---p 00000000 00:00 0 
7430f00000-7431000000 r--s 00000000 00:11 384                            /dev/__properties__/u:object_r:persist_sysui_ranking_update_prop:s0
7431000000-7431004000 ---p 00000000 00:00 0 
7431004000-7431202000 rw-p 00000000 00:00 0                              [anon:stack_and_tls:13009]
7431202000-7431203000 ---p 00000000 00:00 0 
7431300000-7431400000 r--s 00000000 00:11 383                            /dev/__properties__/u:object_r:persist_sysui_builder_extras_prop:s0
7431400000-7432218000 ---p 00000000 00:00 0 
7432218000-743221c000 rw-p 00000000 00:00 0 
743221c000-74333ec000 ---p 00000000 00:00 0 
74333ec000-74333f0000 rw-p 00000000 00:00 0 
74333f0000-74334a0000 ---p 00000000 00:00 0 
74334a0000-74334a4000 rw-p 00000000 00:00 0 
74334a4000-7434d6c000 ---p 00000000 00:00 0 
7434d6c000-7434d70000 rw-p 00000000 00:00 0 
7434d70000-7436250000 ---p 00000000 00:00 0 
7436250000-7436254000 rw-p 00000000 00:00 0 
7436254000-743696c000 ---p 00000000 00:00 0 
743696c000-7436970000 rw-p 00000000 00:00 0 
7436970000-74377dc000 ---p 00000000 00:00 0 
74377dc000-74377e0000 rw-p 00000000 00:00 0 
74377e0000-7438400000 ---p 00000000 00:00 0 
7438400000-74386b0000 rw-s 7438400000 00:01 814726                       /kgsl-3d0 (deleted)
7438700000-7438800000 r--s 00000000 00:11 381                            /dev/__properties__/u:object_r:permissive_mte_prop:s0
7438800000-7438804000 ---p 00000000 00:00 0 
7438804000-7438a02000 rw-p 00000000 00:00 0                              [anon:stack_and_tls:13008]
7438a02000-7438a03000 ---p 00000000 00:00 0 
7438b00000-7438c00000 r--s 00000000 00:11 379                            /dev/__properties__/u:object_r:pan_result_prop:s0
7438c00000-7438f22000 rw-p 00000000 00:00 0                              [anon:scudo:secondary]
7439000000-743994c000 ---p 00000000 00:00 0 
743994c000-7439950000 rw-p 00000000 00:00 0 
7439950000-743a000000 ---p 00000000 00:00 0 
743a000000-743a004000 ---p 00000000 00:00 0 
743a004000-743a202000 rw-p 00000000 00:00 0                              [anon:stack_and_tls:12828]
743a202000-743a203000 ---p 00000000 00:00 0 
743a300000-743a400000 r--s 00000000 00:11 375                            /dev/__properties__/u:object_r:ota_prop:s0
743a400000-743a500000 r--s 00000000 00:11 371                            /dev/__properties__/u:object_r:nnapi_ext_deny_product_prop:s0
743a500000-743a600000 r--s 00000000 00:11 370                            /dev/__properties__/u:object_r:nfc_prop:s0
743a600000-743a8ad000 rw-p 00000000 00:00 0                              [anon:scudo:secondary]
743a900000-743aa00000 r--s 00000000 00:11 367                            /dev/__properties__/u:object_r:net_radio_prop:s0
743aa00000-743aa04000 ---p 00000000 00:00 0 
743aa04000-743ac02000 rw-p 00000000 00:00 0                              [anon:stack_and_tls:13007]
743ac02000-743ac03000 ---p 00000000 00:00 0 
743ad00000-743ae00000 r--s 00000000 00:11 355                            /dev/__properties__/u:object_r:mm_activity_prop:s0
743ae00000-743ba60000 rw-s 743ae00000 00:01 814726                       /kgsl-3d0 (deleted)
743bb00000-743bc00000 r--s 00000000 00:11 352                            /dev/__properties__/u:object_r:mediadrm_config_prop:s0
743bc00000-743cb70000 ---p 00000000 00:00 0 
743cb70000-743cb74000 rw-p 00000000 00:00 0 
743cb74000-743cc00000 ---p 00000000 00:00 0 
743cc00000-743cc04000 ---p 00000000 00:00 0 
743cc04000-743ce02000 rw-p 00000000 00:00 0                              [anon:stack_and_tls:12826]
743ce02000-743ce03000 ---p 00000000 00:00 0 
743cf00000-743d000000 r--s 00000000 00:11 350                            /dev/__properties__/u:object_r:media_config_prop:s0
743d000000-743d7e0000 ---p 00000000 00:00 0 
743d7e0000-743d7e4000 rw-p 00000000 00:00 0 
743d7e4000-743e000000 ---p 00000000 00:00 0 
743e000000-743e004000 ---p 00000000 00:00 0 
743e004000-743e202000 rw-p 00000000 00:00 0                              [anon:stack_and_tls:12825]
743e202000-743e203000 ---p 00000000 00:00 0 
743e300000-743e400000 r--s 00000000 00:11 340                            /dev/__properties__/u:object_r:localization_prop:s0
743e400000-743ea4c000 ---p 00000000 00:00 0 
743ea4c000-743ea50000 rw-p 00000000 00:00 0 
743ea50000-743f400000 ---p 00000000 00:00 0 
743f400000-743f404000 ---p 00000000 00:00 0 
743f404000-743f602000 rw-p 00000000 00:00 0                              [anon:stack_and_tls:12824]
743f602000-743f603000 ---p 00000000 00:00 0 
743f700000-743f800000 r--s 00000000 00:11 325                            /dev/__properties__/u:object_r:init_service_status_prop:s0
743f800000-7440330000 ---p 00000000 00:00 0 
7440330000-7440334000 rw-p 00000000 00:00 0 
7440334000-7440800000 ---p 00000000 00:00 0 
7440800000-7440804000 ---p 00000000 00:00 0 
7440804000-7440a02000 rw-p 00000000 00:00 0                              [anon:stack_and_tls:12823]
7440a02000-7440a03000 ---p 00000000 00:00 0 
7440b00000-7440c00000 r--s 00000000 00:11 324                            /dev/__properties__/u:object_r:init_service_status_private_prop:s0
7440c00000-7441910000 ---p 00000000 00:00 0 
7441910000-7441914000 rw-p 00000000 00:00 0 
7441914000-7441e04000 ---p 00000000 00:00 0 
7441e04000-7441e08000 rw-p 00000000 00:00 0 
7441e08000-74437e8000 ---p 00000000 00:00 0 
74437e8000-74437ec000 rw-p 00000000 00:00 0 
74437ec000-7443c00000 ---p 00000000 00:00 0 
7443c00000-7443d00000 r--s 00000000 00:11 318                            /dev/__properties__/u:object_r:hypervisor_prop:s0
7443d00000-7443e00000 r--s 00000000 00:11 314                            /dev/__properties__/u:object_r:high_barometer_quality_prop:s0
7443e00000-7443f00000 r--s 00000000 00:11 309                            /dev/__properties__/u:object_r:hal_instrumentation_prop:s0
7443f00000-7444000000 r--s 00000000 00:11 294                            /dev/__properties__/u:object_r:ffs_config_prop:s0
7444000000-7444f64000 ---p 00000000 00:00 0 
7444f64000-7444f68000 rw-p 00000000 00:00 0 
7444f68000-7445cb8000 ---p 00000000 00:00 0 
7445cb8000-7445cbc000 rw-p 00000000 00:00 0 
7445cbc000-7446000000 ---p 00000000 00:00 0 
7446000000-7446001000 ---p 00000000 00:00 0 
7446001000-7446204000 rw-p 00000000 00:00 0                              [anon:stack_and_tls:12815]
7446204000-7446205000 ---p 00000000 00:00 0 
7446300000-7446400000 r--s 00000000 00:11 291                            /dev/__properties__/u:object_r:exported_pm_prop:s0
7446400000-7447384000 ---p 00000000 00:00 0 
7447384000-7447388000 rw-p 00000000 00:00 0 
7447388000-7447400000 ---p 00000000 00:00 0 
7447400000-7447401000 ---p 00000000 00:00 0 
7447401000-7447604000 rw-p 00000000 00:00 0                              [anon:stack_and_tls:12814]
7447604000-7447605000 ---p 00000000 00:00 0 
7447700000-7447800000 r--s 00000000 00:11 289                            /dev/__properties__/u:object_r:exported_dumpstate_prop:s0
7447800000-74487a4000 ---p 00000000 00:00 0 
74487a4000-74487a8000 rw-p 00000000 00:00 0 
74487a8000-7448800000 ---p 00000000 00:00 0 
7448800000-7448801000 ---p 00000000 00:00 0 
7448801000-7448a04000 rw-p 00000000 00:00 0                              [anon:stack_and_tls:12813]
7448a04000-7448a05000 ---p 00000000 00:00 0 
7448b00000-7448c00000 r--s 00000000 00:11 285                            /dev/__properties__/u:object_r:exported3_system_prop:s0
7448c00000-7448d18000 ---p 00000000 00:00 0 
7448d18000-7448d1c000 rw-p 00000000 00:00 0 
7448d1c000-7449c00000 ---p 00000000 00:00 0 
7449c00000-7449c01000 ---p 00000000 00:00 0 
7449c01000-7449e04000 rw-p 00000000 00:00 0                              [anon:stack_and_tls:12812]
7449e04000-7449e05000 ---p 00000000 00:00 0 
7449f00000-744a000000 r--s 00000000 00:11 282                            /dev/__properties__/u:object_r:dumpstate_prop:s0
744a000000-744a77c000 ---p 00000000 00:00 0 
744a77c000-744a780000 rw-p 00000000 00:00 0 
744a780000-744b000000 ---p 00000000 00:00 0 
744b000000-744b001000 ---p 00000000 00:00 0 
744b001000-744b204000 rw-p 00000000 00:00 0                              [anon:stack_and_tls:12811]
744b204000-744b205000 ---p 00000000 00:00 0 
744b300000-744b400000 r--s 00000000 00:11 275                            /dev/__properties__/u:object_r:dhcp_prop:s0
744b400000-744c37c000 ---p 00000000 00:00 0 
744c37c000-744c380000 rw-p 00000000 00:00 0 
744c380000-744c400000 ---p 00000000 00:00 0 
744c400000-744c401000 ---p 00000000 00:00 0 
744c401000-744c604000 rw-p 00000000 00:00 0                              [anon:stack_and_tls:12810]
744c604000-744c605000 ---p 00000000 00:00 0 
744c700000-744c800000 r--s 00000000 00:11 257                            /dev/__properties__/u:object_r:device_config_nnapi_native_prop:s0
744c800000-744cf3c000 ---p 00000000 00:00 0 
744cf3c000-744cf40000 rw-p 00000000 00:00 0 
744cf40000-744d800000 ---p 00000000 00:00 0 
744d800000-744d801000 ---p 00000000 00:00 0 
744d801000-744da04000 rw-p 00000000 00:00 0                              [anon:stack_and_tls:12809]
744da04000-744da05000 ---p 00000000 00:00 0 
744db00000-744dc00000 r--s 00000000 00:11 252                            /dev/__properties__/u:object_r:device_config_memory_safety_native_boot_prop:s0
744dc00000-744e6b0000 ---p 00000000 00:00 0 
744e6b0000-744e6b4000 rw-p 00000000 00:00 0 
744e6b4000-744ec00000 ---p 00000000 00:00 0 
744ec00000-744ec01000 ---p 00000000 00:00 0 
744ec01000-744ee04000 rw-p 00000000 00:00 0                              [anon:stack_and_tls:12808]
744ee04000-744ee05000 ---p 00000000 00:00 0 
744ef00000-744f000000 r--s 00000000 00:11 251                            /dev/__properties__/u:object_r:device_config_media_native_prop:s0
744f000000-744f004000 ---p 00000000 00:00 0 
744f004000-744f202000 rw-p 00000000 00:00 0                              [anon:stack_and_tls:12997]
744f202000-744f203000 ---p 00000000 00:00 0 
744f300000-744f400000 r--s 00000000 00:11 241                            /dev/__properties__/u:object_r:device_config_aconfig_flags_prop:s0
744f400000-744f404000 ---p 00000000 00:00 0 
744f404000-744f602000 rw-p 00000000 00:00 0                              [anon:stack_and_tls:12996]
744f602000-744f603000 ---p 00000000 00:00 0 
744f700000-744f800000 r--s 00000000 00:11 239                            /dev/__properties__/u:object_r:debuggerd_prop:s0
744f800000-744f804000 ---p 00000000 00:00 0 
744f804000-744fa02000 rw-p 00000000 00:00 0                              [anon:stack_and_tls:12995]
744fa02000-744fa03000 ---p 00000000 00:00 0 
744fb00000-744fc00000 r--s 00000000 00:11 235                            /dev/__properties__/u:object_r:dck_prop:s0
744fc00000-744fd00000 r--s 00000000 00:11 233                            /dev/__properties__/u:object_r:dalvik_prop:s0
744fd00000-744fe00000 r--s 00000000 00:11 200                            /dev/__properties__/u:object_r:cppreopt_prop:s0
744fe00000-744fe04000 ---p 00000000 00:00 0 
744fe04000-7450002000 rw-p 00000000 00:00 0                              [anon:stack_and_tls:13006]
7450002000-7450003000 ---p 00000000 00:00 0 
7450100000-7450200000 r--s 00000000 00:11 199                            /dev/__properties__/u:object_r:cotamnt_prop:s0
7450200000-7450204000 ---p 00000000 00:00 0 
7450204000-7450402000 rw-p 00000000 00:00 0                              [anon:stack_and_tls:13005]
7450402000-7450403000 ---p 00000000 00:00 0 
7450500000-7450600000 r--s 00000000 00:11 193                            /dev/__properties__/u:object_r:codec2_config_prop:s0
7450600000-7450604000 ---p 00000000 00:00 0 
7450604000-7450802000 rw-p 00000000 00:00 0                              [anon:stack_and_tls:13000]
7450802000-7450803000 ---p 00000000 00:00 0 
7450900000-7450a00000 r--s 00000000 00:11 188                            /dev/__properties__/u:object_r:camerax_extensions_prop:s0
7450a00000-7450c60000 ---p 00000000 00:00 0 
7450c60000-7450c64000 rw-p 00000000 00:00 0 
7450c64000-74521d0000 ---p 00000000 00:00 0 
74521d0000-74521d4000 rw-p 00000000 00:00 0 
74521d4000-7452a00000 ---p 00000000 00:00 0 
7452a00000-7452b00000 r--s 00000000 00:11 186                            /dev/__properties__/u:object_r:camera_calibration_prop:s0
7452b00000-7452c00000 r--s 00000000 00:11 185                            /dev/__properties__/u:object_r:camera2_extensions_prop:s0
7452c00000-7452d00000 r--s 00000000 00:11 166                            /dev/__properties__/u:object_r:bluetooth_config_prop:s0
7452d00000-7452e00000 r--s 00000000 00:11 163                            /dev/__properties__/u:object_r:bionic_linker_16kb_app_compat_prop:s0
7452e00000-7453a40000 ---p 00000000 00:00 0 
7453a40000-7453a44000 rw-p 00000000 00:00 0 
7453a44000-745480c000 ---p 00000000 00:00 0 
745480c000-7454810000 rw-p 00000000 00:00 0 
7454810000-7454e00000 ---p 00000000 00:00 0 
7454e00000-7454e04000 ---p 00000000 00:00 0 
7454e04000-7455002000 rw-p 00000000 00:00 0                              [anon:stack_and_tls:12803]
7455002000-7455003000 ---p 00000000 00:00 0 
7455100000-7455200000 r--s 00000000 00:11 162                            /dev/__properties__/u:object_r:binder_cache_telephony_server_prop:s0
7455200000-7455300000 r--s 00000000 00:11 161                            /dev/__properties__/u:object_r:binder_cache_system_server_prop:s0
7455300000-7455400000 r--s 00000000 00:11 160                            /dev/__properties__/u:object_r:binder_cache_bluetooth_server_prop:s0
7455400000-7455404000 ---p 00000000 00:00 0 
7455404000-7455602000 rw-p 00000000 00:00 0                              [anon:stack_and_tls:12822]
7455602000-7455603000 ---p 00000000 00:00 0 
7455700000-7455800000 r--s 00000000 00:11 158                            /dev/__properties__/u:object_r:audio_prop:s0
7455800000-7455804000 ---p 00000000 00:00 0 
7455804000-7455a02000 rw-p 00000000 00:00 0                              [anon:stack_and_tls:12821]
7455a02000-7455a03000 ---p 00000000 00:00 0 
7455a03000-7455b00000 rw-p 00000000 00:00 0                              [anon:scudo:secondary]
7455b00000-7455c00000 r--s 00000000 00:11 156                            /dev/__properties__/u:object_r:arm64_memtag_prop:s0
7455c00000-7455c04000 ---p 00000000 00:00 0 
7455c04000-7455e02000 rw-p 00000000 00:00 0                              [anon:stack_and_tls:12819]
7455e02000-7455e03000 ---p 00000000 00:00 0 
7455ee2000-7455fe2000 r--s 00000000 00:11 155                            /dev/__properties__/u:object_r:apexd_select_prop:s0
7455fe2000-74560e2000 r--s 00000000 00:11 151                            /dev/__properties__/u:object_r:apex_ready_prop:s0
74560e2000-7456200000 rw-p 00000000 00:00 0                              [anon:scudo:secondary]
7456200000-7456204000 ---p 00000000 00:00 0 
7456204000-7456402000 rw-p 00000000 00:00 0                              [anon:stack_and_tls:12994]
7456402000-7456403000 ---p 00000000 00:00 0 
745645f000-7456600000 rw-p 00000000 00:00 0                              [anon:scudo:secondary]
7456600000-745702c000 ---p 00000000 00:00 0 
745702c000-7457030000 rw-p 00000000 00:00 0 
7457030000-7457600000 ---p 00000000 00:00 0 
7457600000-7457604000 ---p 00000000 00:00 0 
7457604000-7457802000 rw-p 00000000 00:00 0                              [anon:stack_and_tls:12801]
7457802000-7457803000 ---p 00000000 00:00 0 
7457806000-7457906000 r--s 00000000 00:11 148                            /dev/__properties__/u:object_r:adbd_config_prop:s0
7457906000-7457a00000 rw-p 00000000 00:00 0                              [anon:scudo:secondary]
7457a00000-745f2b9000 r--s 00000000 fe:4c 2491461                        /data/data/com.movtery.zalithlauncher.v2/files/games/runtimes/Internal-25/lib/modules
745f2fa000-745f400000 rw-p 00000000 00:00 0                              [anon:scudo:secondary]
745f400000-74602a0000 ---p 00000000 00:00 0 
74602a0000-74602a4000 rw-p 00000000 00:00 0 
74602a4000-7460400000 ---p 00000000 00:00 0 
7460400000-7460404000 ---p 00000000 00:00 0 
7460404000-7460602000 rw-p 00000000 00:00 0                              [anon:stack_and_tls:12799]
7460602000-7460603000 ---p 00000000 00:00 0 
7460627000-7460800000 rw-p 00000000 00:00 0                              [anon:scudo:secondary]
7460800000-7461364000 ---p 00000000 00:00 0 
7461364000-7461368000 rw-p 00000000 00:00 0 
7461368000-7461800000 ---p 00000000 00:00 0 
7461800000-7461804000 ---p 00000000 00:00 0 
7461804000-7461a02000 rw-p 00000000 00:00 0                              [anon:stack_and_tls:12798]
7461a02000-7461a03000 ---p 00000000 00:00 0 
7461a3a000-7461ae4000 rw-p 00000000 00:00 0                              [anon:scudo:secondary]
7461c00000-7461e20000 ---p 00000000 00:00 0 
7461e20000-7461e24000 rw-p 00000000 00:00 0 
7461e24000-7462c00000 ---p 00000000 00:00 0 
7462c00000-7462c04000 ---p 00000000 00:00 0 
7462c04000-7462e02000 rw-p 00000000 00:00 0                              [anon:stack_and_tls:12797]
7462e02000-7462e03000 ---p 00000000 00:00 0 
7462ef6000-7463000000 rw-p 00000000 00:00 0                              [anon:scudo:secondary]
7463000000-7463034000 ---p 00000000 00:00 0 
7463034000-7463038000 rw-p 00000000 00:00 0 
7463038000-7464000000 ---p 00000000 00:00 0 
7464000000-7464004000 ---p 00000000 00:00 0 
7464004000-7464202000 rw-p 00000000 00:00 0                              [anon:stack_and_tls:12796]
7464202000-7464203000 ---p 00000000 00:00 0 
7464242000-7464302000 rw-s 7464242000 00:01 814726                       /kgsl-3d0 (deleted)
7464302000-7464303000 ---p 00000000 00:00 0 
7464303000-7464304000 ---p 00000000 00:00 0                              [anon:stack_and_tls:12837]
7464304000-74643ff000 rw-p 00000000 00:00 0                              [anon:stack_and_tls:12837]
74643ff000-7464400000 ---p 00000000 00:00 0 
7464400000-7464d48000 ---p 00000000 00:00 0 
7464d48000-7464d4c000 rw-p 00000000 00:00 0 
7464d4c000-7465400000 ---p 00000000 00:00 0 
7465400000-7465404000 ---p 00000000 00:00 0 
7465404000-7465602000 rw-p 00000000 00:00 0                              [anon:stack_and_tls:12795]
7465602000-7465603000 ---p 00000000 00:00 0 
746561f000-7465702000 rw-p 00000000 00:00 0                              [anon:scudo:secondary]
7465702000-7465703000 ---p 00000000 00:00 0 
7465703000-7465704000 ---p 00000000 00:00 0                              [anon:stack_and_tls:12874]
7465704000-74657ff000 rw-p 00000000 00:00 0                              [anon:stack_and_tls:12874]
74657ff000-7465800000 ---p 00000000 00:00 0 
7465800000-7465cd4000 ---p 00000000 00:00 0 
7465cd4000-7465cd8000 rw-p 00000000 00:00 0 
7465cd8000-7466800000 ---p 00000000 00:00 0 
7466800000-7466804000 ---p 00000000 00:00 0 
7466804000-7466a02000 rw-p 00000000 00:00 0                              [anon:stack_and_tls:12794]
7466a02000-7466a03000 ---p 00000000 00:00 0 
7466a57000-7466b00000 rw-p 00000000 00:00 0                              [anon:scudo:secondary]
7466b00000-7466c00000 rw-s 7466b00000 00:01 814726                       /kgsl-3d0 (deleted)
7466c00000-7467830000 ---p 00000000 00:00 0 
7467830000-7467834000 rw-p 00000000 00:00 0 
7467834000-7467c00000 ---p 00000000 00:00 0 
7467c00000-7467c04000 ---p 00000000 00:00 0 
7467c04000-7467e02000 rw-p 00000000 00:00 0                              [anon:stack_and_tls:12793]
7467e02000-7467e03000 ---p 00000000 00:00 0 
7467e13000-7468000000 rw-p 00000000 00:00 0                              [anon:scudo:secondary]
7468000000-7468884000 ---p 00000000 00:00 0 
7468884000-7468888000 rw-p 00000000 00:00 0 
7468888000-7469704000 ---p 00000000 00:00 0 
7469704000-7469708000 rw-p 00000000 00:00 0 
7469708000-746a000000 ---p 00000000 00:00 0 
746a000000-746a500000 rw-p 00000000 00:00 0 
746a500000-746a520000 rw-p 00000000 00:00 0 
746a520000-746a540000 rw-p 00000000 00:00 0 
746a540000-746a580000 rw-p 00000000 00:00 0 
746a580000-746a700000 rw-p 00000000 00:00 0 
746a700000-746a780000 rw-p 00000000 00:00 0 
746a780000-746a840000 rw-p 00000000 00:00 0 
746a840000-746a880000 rw-p 00000000 00:00 0 
746a880000-746a900000 rw-p 00000000 00:00 0 
746a900000-746ac00000 rw-p 00000000 00:00 0 
746ac00000-746ad00000 rw-p 00000000 00:00 0 
746ad00000-746ae00000 rw-p 00000000 00:00 0 
746ae00000-746af80000 rw-p 00000000 00:00 0 
746af80000-746b100000 rw-p 00000000 00:00 0 
746b100000-746b140000 rw-p 00000000 00:00 0 
746b140000-746b180000 rw-p 00000000 00:00 0 
746b180000-746b300000 rw-p 00000000 00:00 0 
746b300000-746b480000 rw-p 00000000 00:00 0 
746b480000-746b500000 rw-p 00000000 00:00 0 
746b500000-746b700000 rw-p 00000000 00:00 0 
746b700000-746b900000 rw-p 00000000 00:00 0 
746b900000-746ba00000 rw-p 00000000 00:00 0 
746ba00000-746bf00000 rw-p 00000000 00:00 0 
746bf00000-746c000000 rw-p 00000000 00:00 0 
746c000000-746cb00000 rw-p 00000000 00:00 0 
746cb00000-746cc00000 rw-p 00000000 00:00 0 
746cc00000-746d2e0000 rw-p 00000000 00:00 0 
746d2e0000-746dd60000 rw-p 00000000 00:00 0 
746dd60000-746e000000 rw-p 00000000 00:00 0 
746e00e000-746e0d7000 rw-p 00000000 00:00 0                              [anon:scudo:secondary]
746e2de000-746e3de000 r--s 00000000 00:11 145                            /dev/__properties__/u:object_r:aaudio_config_prop:s0
746e3de000-746e3e4000 r--p 00000000 fe:4c 2596348                        /data/app/~~YuncQEj0Rruyt6y_-RebSA==/com.movtery.zalithlauncher.v2-JtRzSV7VpInkzDcyzopsqQ==/lib/arm64/liblwjgl_tinyfd.so
746e3e4000-746e3f4000 r-xp 00005000 fe:4c 2596348                        /data/app/~~YuncQEj0Rruyt6y_-RebSA==/com.movtery.zalithlauncher.v2-JtRzSV7VpInkzDcyzopsqQ==/lib/arm64/liblwjgl_tinyfd.so
746e3f4000-746e3f5000 r--p 00014000 fe:4c 2596348                        /data/app/~~YuncQEj0Rruyt6y_-RebSA==/com.movtery.zalithlauncher.v2-JtRzSV7VpInkzDcyzopsqQ==/lib/arm64/liblwjgl_tinyfd.so
746e3f5000-746e3f7000 rw-p 00014000 fe:4c 2596348                        /data/app/~~YuncQEj0Rruyt6y_-RebSA==/com.movtery.zalithlauncher.v2-JtRzSV7VpInkzDcyzopsqQ==/lib/arm64/liblwjgl_tinyfd.so
746e3f7000-746e3f9000 rw-p 00000000 00:00 0                              [anon:.bss]
746e400000-746e404000 ---p 00000000 00:00 0 
746e404000-746e602000 rw-p 00000000 00:00 0                              [anon:stack_and_tls:12792]
746e602000-746e603000 ---p 00000000 00:00 0 
746e611000-746e743000 rw-p 00000000 00:00 0                              [anon:scudo:secondary]
746e743000-746e777000 r--p 00000000 fe:4c 2535706                        /data/app/~~YuncQEj0Rruyt6y_-RebSA==/com.movtery.zalithlauncher.v2-JtRzSV7VpInkzDcyzopsqQ==/lib/arm64/libfreetype.so
746e777000-746e7ee000 r-xp 00033000 fe:4c 2535706                        /data/app/~~YuncQEj0Rruyt6y_-RebSA==/com.movtery.zalithlauncher.v2-JtRzSV7VpInkzDcyzopsqQ==/lib/arm64/libfreetype.so
746e7ee000-746e7f5000 r--p 000a9000 fe:4c 2535706                        /data/app/~~YuncQEj0Rruyt6y_-RebSA==/com.movtery.zalithlauncher.v2-JtRzSV7VpInkzDcyzopsqQ==/lib/arm64/libfreetype.so
746e800000-746e801000 ---p 00000000 00:00 0 
746e801000-746ea04000 rw-p 00000000 00:00 0                              [anon:stack_and_tls:12791]
746ea04000-746ea05000 ---p 00000000 00:00 0 
746ea86000-746eaac000 r-xp 00000000 fe:4c 2513392                        /data/data/com.movtery.zalithlauncher.v2/files/games/jna_dir/jna/5.17.0/libjnidispatch.so
746eaac000-746eab1000 ---p 00000000 00:00 0 
746eab1000-746eab2000 r--p 00027000 fe:4c 2513392                        /data/data/com.movtery.zalithlauncher.v2/files/games/jna_dir/jna/5.17.0/libjnidispatch.so
746eab2000-746eab3000 rw-p 00028000 fe:4c 2513392                        /data/data/com.movtery.zalithlauncher.v2/files/games/jna_dir/jna/5.17.0/libjnidispatch.so
746eae6000-746eb2c000 r--p 00000000 fe:4c 2602448                        /data/app/~~YuncQEj0Rruyt6y_-RebSA==/com.movtery.zalithlauncher.v2-JtRzSV7VpInkzDcyzopsqQ==/lib/arm64/liblwjgl_opengl.so
746eb2c000-746eb3d000 r-xp 00045000 fe:4c 2602448                        /data/app/~~YuncQEj0Rruyt6y_-RebSA==/com.movtery.zalithlauncher.v2-JtRzSV7VpInkzDcyzopsqQ==/lib/arm64/liblwjgl_opengl.so
746eb3d000-746eb3e000 r--p 00055000 fe:4c 2602448                        /data/app/~~YuncQEj0Rruyt6y_-RebSA==/com.movtery.zalithlauncher.v2-JtRzSV7VpInkzDcyzopsqQ==/lib/arm64/liblwjgl_opengl.so
746eb57000-746eb9c000 r--p 00000000 fe:4c 2597105                        /data/app/~~YuncQEj0Rruyt6y_-RebSA==/com.movtery.zalithlauncher.v2-JtRzSV7VpInkzDcyzopsqQ==/lib/arm64/liblwjgl.so
746eb9c000-746eb9f000 ---p 00000000 00:00 0 
746eb9f000-746ebda000 r-xp 00048000 fe:4c 2597105                        /data/app/~~YuncQEj0Rruyt6y_-RebSA==/com.movtery.zalithlauncher.v2-JtRzSV7VpInkzDcyzopsqQ==/lib/arm64/liblwjgl.so
746ebda000-746ebdb000 r--p 00082000 fe:4c 2597105                        /data/app/~~YuncQEj0Rruyt6y_-RebSA==/com.movtery.zalithlauncher.v2-JtRzSV7VpInkzDcyzopsqQ==/lib/arm64/liblwjgl.so
746ebdb000-746ebdc000 rw-p 00082000 fe:4c 2597105                        /data/app/~~YuncQEj0Rruyt6y_-RebSA==/com.movtery.zalithlauncher.v2-JtRzSV7VpInkzDcyzopsqQ==/lib/arm64/liblwjgl.so
746ec00000-746f1dc000 ---p 00000000 00:00 0 
746f1dc000-746f1e0000 rw-p 00000000 00:00 0 
746f1e0000-746fc00000 ---p 00000000 00:00 0 
746fc00000-746fc01000 ---p 00000000 00:00 0 
746fc01000-746fe04000 rw-p 00000000 00:00 0                              [anon:stack_and_tls:12790]
746fe04000-746fe05000 ---p 00000000 00:00 0 
746fe42000-746fe68000 r--p 00000000 fe:4c 2503393                        /data/app/~~YuncQEj0Rruyt6y_-RebSA==/com.movtery.zalithlauncher.v2-JtRzSV7VpInkzDcyzopsqQ==/lib/arm64/liblwjgl_vma.so
746fe68000-746feb8000 r-xp 00025000 fe:4c 2503393                        /data/app/~~YuncQEj0Rruyt6y_-RebSA==/com.movtery.zalithlauncher.v2-JtRzSV7VpInkzDcyzopsqQ==/lib/arm64/liblwjgl_vma.so
746feb8000-746febe000 r--p 00074000 fe:4c 2503393                        /data/app/~~YuncQEj0Rruyt6y_-RebSA==/com.movtery.zalithlauncher.v2-JtRzSV7VpInkzDcyzopsqQ==/lib/arm64/liblwjgl_vma.so
746febe000-746febf000 rw-p 00079000 fe:4c 2503393                        /data/app/~~YuncQEj0Rruyt6y_-RebSA==/com.movtery.zalithlauncher.v2-JtRzSV7VpInkzDcyzopsqQ==/lib/arm64/liblwjgl_vma.so
746febf000-746fec0000 rw-p 00000000 00:00 0                              [anon:.bss]
746fef6000-746fef7000 ---p 00000000 00:00 0 
746fef7000-746fef8000 ---p 00000000 00:00 0                              [anon:stack_and_tls:12806]
746fef8000-746ffff000 rw-p 00000000 00:00 0                              [anon:stack_and_tls:12806]
746ffff000-7470000000 ---p 00000000 00:00 0 
7470000000-7470768000 ---p 00000000 00:00 0 
7470768000-747076c000 rw-p 00000000 00:00 0 
747076c000-7471000000 ---p 00000000 00:00 0 
7471000000-7471001000 ---p 00000000 00:00 0 
7471001000-7471204000 rw-p 00000000 00:00 0                              [anon:stack_and_tls:12789]
7471204000-7471205000 ---p 00000000 00:00 0 
7471275000-74712f6000 rw-p 00000000 00:00 0                              [anon:scudo:secondary]
74712f6000-74712f7000 ---p 00000000 00:00 0 
74712f7000-74712f8000 ---p 00000000 00:00 0                              [anon:stack_and_tls:12805]
74712f8000-74713ff000 rw-p 00000000 00:00 0                              [anon:stack_and_tls:12805]
74713ff000-7471400000 ---p 00000000 00:00 0 
7471400000-7471c18000 ---p 00000000 00:00 0 
7471c18000-7471c1c000 rw-p 00000000 00:00 0 
7471c1c000-7472400000 ---p 00000000 00:00 0 
7472400000-7472401000 ---p 00000000 00:00 0 
7472401000-7472604000 rw-p 00000000 00:00 0                              [anon:stack_and_tls:12788]
7472604000-7472605000 ---p 00000000 00:00 0 
74726fb000-7472c00000 rw-p 00000000 00:00 0                              [anon:scudo:secondary]
7472c00000-7474c00000 rw-p 00000000 00:00 0 
7474c00000-7475794000 ---p 00000000 00:00 0 
7475794000-7475798000 rw-p 00000000 00:00 0 
7475798000-7475c00000 ---p 00000000 00:00 0 
7475c00000-7475c01000 ---p 00000000 00:00 0 
7475c01000-7475e04000 rw-p 00000000 00:00 0                              [anon:stack_and_tls:12787]
7475e04000-7475e05000 ---p 00000000 00:00 0 
7475e48000-7476000000 rw-p 00000000 00:00 0                              [anon:scudo:secondary]
7476000000-7476cd4000 ---p 00000000 00:00 0 
7476cd4000-7476cd8000 rw-p 00000000 00:00 0 
7476cd8000-7477000000 ---p 00000000 00:00 0 
7477000000-7477001000 ---p 00000000 00:00 0 
7477001000-7477204000 rw-p 00000000 00:00 0                              [anon:stack_and_tls:12786]
7477204000-7477205000 ---p 00000000 00:00 0 
7477252000-7477400000 rw-p 00000000 00:00 0                              [anon:scudo:secondary]
7477400000-7477d54000 ---p 00000000 00:00 0 
7477d54000-7477d58000 rw-p 00000000 00:00 0 
7477d58000-7478400000 ---p 00000000 00:00 0 
7478400000-7478401000 ---p 00000000 00:00 0 
7478401000-7478604000 rw-p 00000000 00:00 0                              [anon:stack_and_tls:12785]
7478604000-7478605000 ---p 00000000 00:00 0 
7478643000-7478658000 r--p 00000000 fe:4c 2506629                        /data/app/~~YuncQEj0Rruyt6y_-RebSA==/com.movtery.zalithlauncher.v2-JtRzSV7VpInkzDcyzopsqQ==/lib/arm64/liblwjgl_stb.so
7478658000-74786ab000 r-xp 00014000 fe:4c 2506629                        /data/app/~~YuncQEj0Rruyt6y_-RebSA==/com.movtery.zalithlauncher.v2-JtRzSV7VpInkzDcyzopsqQ==/lib/arm64/liblwjgl_stb.so
74786ab000-74786ad000 r--p 00066000 fe:4c 2506629                        /data/app/~~YuncQEj0Rruyt6y_-RebSA==/com.movtery.zalithlauncher.v2-JtRzSV7VpInkzDcyzopsqQ==/lib/arm64/liblwjgl_stb.so
74786ad000-74786ae000 rw-p 00067000 fe:4c 2506629                        /data/app/~~YuncQEj0Rruyt6y_-RebSA==/com.movtery.zalithlauncher.v2-JtRzSV7VpInkzDcyzopsqQ==/lib/arm64/liblwjgl_stb.so
74786ff000-7478800000 rw-p 00000000 00:00 0                              [anon:scudo:secondary]
7478800000-747d800000 rw-p 00000000 00:00 0 
747d83b000-747d8fb000 rw-s 747d83b000 00:01 814726                       /kgsl-3d0 (deleted)
747d8fb000-747de00000 rw-p 00000000 00:00 0                              [anon:scudo:secondary]
747de00000-747eb30000 rwxp 00000000 00:00 0 
747eb30000-7485337000 ---p 00000000 00:00 0 
7485337000-74855c7000 rwxp 00000000 00:00 0 
74855c7000-74858c8000 ---p 00000000 00:00 0 
74858c8000-7485df8000 rwxp 00000000 00:00 0 
7485df8000-748ce00000 ---p 00000000 00:00 0 
748ce00000-74946b9000 r--s 00000000 fe:4c 2491461                        /data/data/com.movtery.zalithlauncher.v2/files/games/runtimes/Internal-25/lib/modules
74946ff000-7494800000 rw-p 00000000 00:00 0                              [anon:scudo:secondary]
7494800000-7495638000 ---p 00000000 00:00 0 
7495638000-749563c000 rw-p 00000000 00:00 0 
749563c000-74960b4000 ---p 00000000 00:00 0 
74960b4000-74960b8000 rw-p 00000000 00:00 0 
74960b8000-7496800000 ---p 00000000 00:00 0 
7496800000-7496804000 ---p 00000000 00:00 0 
7496804000-7496a02000 rw-p 00000000 00:00 0                              [anon:stack_and_tls:12784]
7496a02000-7496a03000 ---p 00000000 00:00 0 
7496a7e000-7496c00000 rw-p 00000000 00:00 0                              [anon:scudo:secondary]
7496c00000-7497558000 ---p 00000000 00:00 0 
7497558000-749755c000 rw-p 00000000 00:00 0 
749755c000-749880c000 ---p 00000000 00:00 0 
749880c000-7498810000 rw-p 00000000 00:00 0 
7498810000-7498c00000 ---p 00000000 00:00 0 
7498c06000-749919d000 r-xp 00000000 fe:4c 2501344                        /data/app/~~QKEs1JII7EGqWaUN30S5Ew==/com.fcl.plugin.mobileglues--v6YcgpMiEwZGl3weWR_XA==/lib/arm64/libmobileglues.so
749919d000-74991b9000 r--p 00596000 fe:4c 2501344                        /data/app/~~QKEs1JII7EGqWaUN30S5Ew==/com.fcl.plugin.mobileglues--v6YcgpMiEwZGl3weWR_XA==/lib/arm64/libmobileglues.so
74991b9000-74991ba000 rw-p 005b1000 fe:4c 2501344                        /data/app/~~QKEs1JII7EGqWaUN30S5Ew==/com.fcl.plugin.mobileglues--v6YcgpMiEwZGl3weWR_XA==/lib/arm64/libmobileglues.so
74991ba000-74991d1000 rw-p 00000000 00:00 0                              [anon:.bss]
7499200000-749c600000 ---p 00000000 00:00 0 
749c619000-749c71a000 rw-p 00000000 00:00 0                              [anon:scudo:secondary]
749c71a000-749c72f000 rw-p 00000000 00:00 0 
749c72f000-749c8ef000 ---p 00000000 00:00 0 
749c8ef000-749ca97000 r-xp 00000000 fe:4c 2593091                        /data/app/~~YuncQEj0Rruyt6y_-RebSA==/com.movtery.zalithlauncher.v2-JtRzSV7VpInkzDcyzopsqQ==/lib/arm64/libopenal.so
749ca97000-749ca9a000 ---p 00000000 00:00 0 
749ca9a000-749caae000 r--p 001a7000 fe:4c 2593091                        /data/app/~~YuncQEj0Rruyt6y_-RebSA==/com.movtery.zalithlauncher.v2-JtRzSV7VpInkzDcyzopsqQ==/lib/arm64/libopenal.so
749caae000-749cab1000 ---p 00000000 00:00 0 
749cab1000-749cada000 rw-p 001ba000 fe:4c 2593091                        /data/app/~~YuncQEj0Rruyt6y_-RebSA==/com.movtery.zalithlauncher.v2-JtRzSV7VpInkzDcyzopsqQ==/lib/arm64/libopenal.so
749cada000-749cbbf000 rw-p 00000000 00:00 0                              [anon:.bss]
749cc00000-749e600000 ---p 00000000 00:00 0 
749e651000-749e70b000 rw-p 00000000 00:00 0 
749e70b000-749e8ab000 ---p 00000000 00:00 0 
749e8ab000-749e8f4000 r--p 00000000 fe:4c 2526402                        /data/data/com.movtery.zalithlauncher.v2/files/games/runtimes/Internal-25/lib/libfontmanager.so
749e8f4000-749e9df000 r-xp 00048000 fe:4c 2526402                        /data/data/com.movtery.zalithlauncher.v2/files/games/runtimes/Internal-25/lib/libfontmanager.so
749e9df000-749e9e1000 r--p 00132000 fe:4c 2526402                        /data/data/com.movtery.zalithlauncher.v2/files/games/runtimes/Internal-25/lib/libfontmanager.so
749e9e1000-749e9e2000 rw-p 00133000 fe:4c 2526402                        /data/data/com.movtery.zalithlauncher.v2/files/games/runtimes/Internal-25/lib/libfontmanager.so
749e9e2000-749e9e4000 rw-p 00000000 00:00 0                              [anon:.bss]
749ea00000-74a1200000 ---p 00000000 00:00 0 
74a1228000-74a1229000 ---p 00000000 00:00 0 
74a1229000-74a122a000 ---p 00000000 00:00 0                              [anon:stack_and_tls:12778]
74a122a000-74a1331000 rw-p 00000000 00:00 0                              [anon:stack_and_tls:12778]
74a1331000-74a1332000 ---p 00000000 00:00 0 
74a1332000-74a13b2000 rw-p 00000000 00:00 0                              [anon:scudo:secondary]
74a13b2000-74a13b3000 ---p 00000000 00:00 0 
74a13b3000-74a13b4000 ---p 00000000 00:00 0                              [anon:stack_and_tls:12776]
74a13b4000-74a14bb000 rw-p 00000000 00:00 0                              [anon:stack_and_tls:12776]
74a14bb000-74a14bc000 ---p 00000000 00:00 0 
74a14bc000-74a1aa2000 r--p 00000000 fe:4c 2526392                        /data/data/com.movtery.zalithlauncher.v2/files/games/runtimes/Internal-25/lib/server/libjvm.so
74a1aa2000-74a2630000 r-xp 005e5000 fe:4c 2526392                        /data/data/com.movtery.zalithlauncher.v2/files/games/runtimes/Internal-25/lib/server/libjvm.so
74a2630000-74a2719000 r--p 01172000 fe:4c 2526392                        /data/data/com.movtery.zalithlauncher.v2/files/games/runtimes/Internal-25/lib/server/libjvm.so
74a2719000-74a271a000 ---p 00000000 00:00 0 
74a271a000-74a2733000 rw-p 0125b000 fe:4c 2526392                        /data/data/com.movtery.zalithlauncher.v2/files/games/runtimes/Internal-25/lib/server/libjvm.so
74a2733000-74a27d0000 rw-p 00000000 00:00 0                              [anon:.bss]
74a2800000-74a4600000 ---p 00000000 00:00 0 
74a4607000-74a4689000 rw-p 00000000 00:00 0                              [anon:scudo:secondary]
74a4689000-74a4698000 r--p 00000000 fe:4c 2526438                        /data/data/com.movtery.zalithlauncher.v2/files/games/runtimes/Internal-25/lib/libmlib_image.so
74a4698000-74a46f1000 r-xp 0000e000 fe:4c 2526438                        /data/data/com.movtery.zalithlauncher.v2/files/games/runtimes/Internal-25/lib/libmlib_image.so
74a46f1000-74a46f2000 r--p 00066000 fe:4c 2526438                        /data/data/com.movtery.zalithlauncher.v2/files/games/runtimes/Internal-25/lib/libmlib_image.so
74a4726000-74a472b000 r--p 00000000 fe:4c 2526437                        /data/data/com.movtery.zalithlauncher.v2/files/games/runtimes/Internal-25/lib/libinstrument.so
74a472b000-74a4732000 r-xp 00004000 fe:4c 2526437                        /data/data/com.movtery.zalithlauncher.v2/files/games/runtimes/Internal-25/lib/libinstrument.so
74a4732000-74a4733000 r--p 0000a000 fe:4c 2526437                        /data/data/com.movtery.zalithlauncher.v2/files/games/runtimes/Internal-25/lib/libinstrument.so
74a4733000-74a4734000 rw-p 0000a000 fe:4c 2526437                        /data/data/com.movtery.zalithlauncher.v2/files/games/runtimes/Internal-25/lib/libinstrument.so
74a4766000-74a4767000 r--p 00000000 fe:4c 2526436                        /data/data/com.movtery.zalithlauncher.v2/files/games/runtimes/Internal-25/lib/libmanagement_agent.so
74a4767000-74a4768000 r-xp 00000000 fe:4c 2526436                        /data/data/com.movtery.zalithlauncher.v2/files/games/runtimes/Internal-25/lib/libmanagement_agent.so
74a4768000-74a4769000 r--p 00000000 fe:4c 2526436                        /data/data/com.movtery.zalithlauncher.v2/files/games/runtimes/Internal-25/lib/libmanagement_agent.so
74a4786000-74a4788000 r-xp 00000000 fe:4c 2526451                        /data/data/com.movtery.zalithlauncher.v2/files/games/runtimes/Internal-25/lib/libawt_xawt.so
74a4788000-74a4789000 r--p 00001000 fe:4c 2526451                        /data/data/com.movtery.zalithlauncher.v2/files/games/runtimes/Internal-25/lib/libawt_xawt.so
74a47e5000-74a47e6000 r--p 00000000 fe:4c 2526422                        /data/data/com.movtery.zalithlauncher.v2/files/games/runtimes/Internal-25/lib/libjsig.so
74a47e6000-74a47e8000 r-xp 00000000 fe:4c 2526422                        /data/data/com.movtery.zalithlauncher.v2/files/games/runtimes/Internal-25/lib/libjsig.so
74a47e8000-74a47e9000 r--p 00001000 fe:4c 2526422                        /data/data/com.movtery.zalithlauncher.v2/files/games/runtimes/Internal-25/lib/libjsig.so
74a47e9000-74a47ea000 rw-p 00001000 fe:4c 2526422                        /data/data/com.movtery.zalithlauncher.v2/files/games/runtimes/Internal-25/lib/libjsig.so
74a47ea000-74a47eb000 rw-p 00000000 00:00 0                              [anon:.bss]
74a4800000-74a4bd4000 ---p 00000000 00:00 0 
74a4bd4000-74a4bd8000 rw-p 00000000 00:00 0 
74a4bd8000-74a6388000 ---p 00000000 00:00 0 
74a6388000-74a638c000 rw-p 00000000 00:00 0 
74a638c000-74a71b8000 ---p 00000000 00:00 0 
74a71b8000-74a71bc000 rw-p 00000000 00:00 0 
74a71bc000-74a7f34000 ---p 00000000 00:00 0 
74a7f34000-74a7f38000 rw-p 00000000 00:00 0 
74a7f38000-74a8dc0000 ---p 00000000 00:00 0 
74a8dc0000-74a8dc4000 rw-p 00000000 00:00 0 
74a8dc4000-74a9dc8000 ---p 00000000 00:00 0 
74a9dc8000-74a9dcc000 rw-p 00000000 00:00 0 
74a9dcc000-74aa800000 ---p 00000000 00:00 0 
74aa846000-74aa849000 r--p 00000000 fe:4c 2526415                        /data/data/com.movtery.zalithlauncher.v2/files/games/runtimes/Internal-25/lib/libsctp.so
74aa849000-74aa84c000 r-xp 00002000 fe:4c 2526415                        /data/data/com.movtery.zalithlauncher.v2/files/games/runtimes/Internal-25/lib/libsctp.so
74aa84c000-74aa84d000 r--p 00004000 fe:4c 2526415                        /data/data/com.movtery.zalithlauncher.v2/files/games/runtimes/Internal-25/lib/libsctp.so
74aa84d000-74aa84e000 rw-p 00004000 fe:4c 2526415                        /data/data/com.movtery.zalithlauncher.v2/files/games/runtimes/Internal-25/lib/libsctp.so
74aa890000-74aa8a6000 r--p 00000000 fe:4c 2526413                        /data/data/com.movtery.zalithlauncher.v2/files/games/runtimes/Internal-25/lib/liblcms.so
74aa8a6000-74aa8e8000 r-xp 00015000 fe:4c 2526413                        /data/data/com.movtery.zalithlauncher.v2/files/games/runtimes/Internal-25/lib/liblcms.so
74aa8e8000-74aa8ea000 r--p 00056000 fe:4c 2526413                        /data/data/com.movtery.zalithlauncher.v2/files/games/runtimes/Internal-25/lib/liblcms.so
74aa8ea000-74aa8ee000 rw-p 00057000 fe:4c 2526413                        /data/data/com.movtery.zalithlauncher.v2/files/games/runtimes/Internal-25/lib/liblcms.so
74aa926000-74aa92d000 r--p 00000000 fe:4c 2526412                        /data/data/com.movtery.zalithlauncher.v2/files/games/runtimes/Internal-25/lib/libj2pkcs11.so
74aa92d000-74aa93b000 r-xp 00006000 fe:4c 2526412                        /data/data/com.movtery.zalithlauncher.v2/files/games/runtimes/Internal-25/lib/libj2pkcs11.so
74aa93b000-74aa93c000 r--p 00013000 fe:4c 2526412                        /data/data/com.movtery.zalithlauncher.v2/files/games/runtimes/Internal-25/lib/libj2pkcs11.so
74aa93c000-74aa93d000 rw-p 00013000 fe:4c 2526412                        /data/data/com.movtery.zalithlauncher.v2/files/games/runtimes/Internal-25/lib/libj2pkcs11.so
74aa94c000-74aa94d000 r--p 00000000 fe:4c 2526411                        /data/data/com.movtery.zalithlauncher.v2/files/games/runtimes/Internal-25/lib/libjaas.so
74aa94d000-74aa94e000 r-xp 00000000 fe:4c 2526411                        /data/data/com.movtery.zalithlauncher.v2/files/games/runtimes/Internal-25/lib/libjaas.so
74aa94e000-74aa94f000 r--p 00000000 fe:4c 2526411                        /data/data/com.movtery.zalithlauncher.v2/files/games/runtimes/Internal-25/lib/libjaas.so
74aa984000-74aa986000 r--p 00000000 fe:4c 2526410                        /data/data/com.movtery.zalithlauncher.v2/files/games/runtimes/Internal-25/lib/libdt_socket.so
74aa986000-74aa98a000 r-xp 00001000 fe:4c 2526410                        /data/data/com.movtery.zalithlauncher.v2/files/games/runtimes/Internal-25/lib/libdt_socket.so
74aa98a000-74aa98c000 r--p 00004000 fe:4c 2526410                        /data/data/com.movtery.zalithlauncher.v2/files/games/runtimes/Internal-25/lib/libdt_socket.so
74aa98c000-74aa98d000 rw-p 00005000 fe:4c 2526410                        /data/data/com.movtery.zalithlauncher.v2/files/games/runtimes/Internal-25/lib/libdt_socket.so
74aa9f0000-74aa9f4000 r--p 00000000 fe:4c 2526409                        /data/data/com.movtery.zalithlauncher.v2/files/games/runtimes/Internal-25/lib/libj2gss.so
74aa9f4000-74aa9fb000 r-xp 00003000 fe:4c 2526409                        /data/data/com.movtery.zalithlauncher.v2/files/games/runtimes/Internal-25/lib/libj2gss.so
74aa9fb000-74aa9fc000 r--p 00009000 fe:4c 2526409                        /data/data/com.movtery.zalithlauncher.v2/files/games/runtimes/Internal-25/lib/libj2gss.so
74aa9fc000-74aa9fd000 rw-p 00009000 fe:4c 2526409                        /data/data/com.movtery.zalithlauncher.v2/files/games/runtimes/Internal-25/lib/libj2gss.so
74aaa16000-74aaa18000 r--p 00000000 fe:4c 2526406                        /data/data/com.movtery.zalithlauncher.v2/files/games/runtimes/Internal-25/lib/libextnet.so
74aaa18000-74aaa19000 r-xp 00001000 fe:4c 2526406                        /data/data/com.movtery.zalithlauncher.v2/files/games/runtimes/Internal-25/lib/libextnet.so
74aaa19000-74aaa1a000 r--p 00001000 fe:4c 2526406                        /data/data/com.movtery.zalithlauncher.v2/files/games/runtimes/Internal-25/lib/libextnet.so
74aaa47000-74aaa59000 r--p 00000000 fe:4c 2526405                        /data/data/com.movtery.zalithlauncher.v2/files/games/runtimes/Internal-25/lib/libjdwp.so
74aaa59000-74aaa87000 r-xp 00011000 fe:4c 2526405                        /data/data/com.movtery.zalithlauncher.v2/files/games/runtimes/Internal-25/lib/libjdwp.so
74aaa87000-74aaa88000 r--p 0003e000 fe:4c 2526405                        /data/data/com.movtery.zalithlauncher.v2/files/games/runtimes/Internal-25/lib/libjdwp.so
74aaa88000-74aaa8a000 rw-p 0003e000 fe:4c 2526405                        /data/data/com.movtery.zalithlauncher.v2/files/games/runtimes/Internal-25/lib/libjdwp.so
74aaafb000-74aaafc000 r--p 00000000 fe:4c 2526404                        /data/data/com.movtery.zalithlauncher.v2/files/games/runtimes/Internal-25/lib/libjawt.so
74aaafc000-74aaafd000 r-xp 00000000 fe:4c 2526404                        /data/data/com.movtery.zalithlauncher.v2/files/games/runtimes/Internal-25/lib/libjawt.so
74aaafd000-74aaafe000 r--p 00000000 fe:4c 2526404                        /data/data/com.movtery.zalithlauncher.v2/files/games/runtimes/Internal-25/lib/libjawt.so
74aab00000-74aab01000 r--p 00000000 fe:4c 2526400                        /data/data/com.movtery.zalithlauncher.v2/files/games/runtimes/Internal-25/lib/server/libjsig.so
74aab01000-74aab03000 r-xp 00000000 fe:4c 2526400                        /data/data/com.movtery.zalithlauncher.v2/files/games/runtimes/Internal-25/lib/server/libjsig.so
74aab03000-74aab04000 r--p 00001000 fe:4c 2526400                        /data/data/com.movtery.zalithlauncher.v2/files/games/runtimes/Internal-25/lib/server/libjsig.so
74aab04000-74aab05000 rw-p 00001000 fe:4c 2526400                        /data/data/com.movtery.zalithlauncher.v2/files/games/runtimes/Internal-25/lib/server/libjsig.so
74aab05000-74aab06000 rw-p 00000000 00:00 0                              [anon:.bss]
74aab4c000-74aab55000 r--p 00000000 fe:4c 2526390                        /data/data/com.movtery.zalithlauncher.v2/files/games/runtimes/Internal-25/lib/libjavajpeg.so
74aab55000-74aab7e000 r-xp 00008000 fe:4c 2526390                        /data/data/com.movtery.zalithlauncher.v2/files/games/runtimes/Internal-25/lib/libjavajpeg.so
74aab7e000-74aab7f000 r--p 00030000 fe:4c 2526390                        /data/data/com.movtery.zalithlauncher.v2/files/games/runtimes/Internal-25/lib/libjavajpeg.so
74aab7f000-74aab80000 rw-p 00030000 fe:4c 2526390                        /data/data/com.movtery.zalithlauncher.v2/files/games/runtimes/Internal-25/lib/libjavajpeg.so
74aaba0000-74aaba1000 r--p 00000000 fe:4c 2526389                        /data/data/com.movtery.zalithlauncher.v2/files/games/runtimes/Internal-25/lib/librmi.so
74aaba1000-74aaba2000 r-xp 00000000 fe:4c 2526389                        /data/data/com.movtery.zalithlauncher.v2/files/games/runtimes/Internal-25/lib/librmi.so
74aaba2000-74aaba3000 r--p 00000000 fe:4c 2526389                        /data/data/com.movtery.zalithlauncher.v2/files/games/runtimes/Internal-25/lib/librmi.so
74aabe2000-74aabe5000 r--p 00000000 fe:4c 2526388                        /data/data/com.movtery.zalithlauncher.v2/files/games/runtimes/Internal-25/lib/libmanagement.so
74aabe5000-74aabe7000 r-xp 00002000 fe:4c 2526388                        /data/data/com.movtery.zalithlauncher.v2/files/games/runtimes/Internal-25/lib/libmanagement.so
74aabe7000-74aabe8000 r--p 00003000 fe:4c 2526388                        /data/data/com.movtery.zalithlauncher.v2/files/games/runtimes/Internal-25/lib/libmanagement.so
74aabe8000-74aabe9000 rw-p 00003000 fe:4c 2526388                        /data/data/com.movtery.zalithlauncher.v2/files/games/runtimes/Internal-25/lib/libmanagement.so
74aac1f000-74aac22000 r--p 00000000 fe:4c 2526386                        /data/data/com.movtery.zalithlauncher.v2/files/games/runtimes/Internal-25/lib/libmanagement_ext.so
74aac22000-74aac25000 r-xp 00002000 fe:4c 2526386                        /data/data/com.movtery.zalithlauncher.v2/files/games/runtimes/Internal-25/lib/libmanagement_ext.so
74aac25000-74aac27000 r--p 00004000 fe:4c 2526386                        /data/data/com.movtery.zalithlauncher.v2/files/games/runtimes/Internal-25/lib/libmanagement_ext.so
74aac27000-74aac28000 rw-p 00005000 fe:4c 2526386                        /data/data/com.movtery.zalithlauncher.v2/files/games/runtimes/Internal-25/lib/libmanagement_ext.so
74aac40000-74aac44000 r--p 00000000 fe:4c 2526385                        /data/data/com.movtery.zalithlauncher.v2/files/games/runtimes/Internal-25/lib/libzip.so
74aac44000-74aac48000 r-xp 00003000 fe:4c 2526385                        /data/data/com.movtery.zalithlauncher.v2/files/games/runtimes/Internal-25/lib/libzip.so
74aac48000-74aac4a000 r--p 00006000 fe:4c 2526385                        /data/data/com.movtery.zalithlauncher.v2/files/games/runtimes/Internal-25/lib/libzip.so
74aac4a000-74aac4b000 rw-p 00007000 fe:4c 2526385                        /data/data/com.movtery.zalithlauncher.v2/files/games/runtimes/Internal-25/lib/libzip.so
74aacbd000-74aacbe000 r--p 00000000 fe:4c 2526384                        /data/data/com.movtery.zalithlauncher.v2/files/games/runtimes/Internal-25/lib/libprefs.so
74aacbe000-74aacbf000 r-xp 00000000 fe:4c 2526384                        /data/data/com.movtery.zalithlauncher.v2/files/games/runtimes/Internal-25/lib/libprefs.so
74aacbf000-74aacc0000 r--p 00000000 fe:4c 2526384                        /data/data/com.movtery.zalithlauncher.v2/files/games/runtimes/Internal-25/lib/libprefs.so
74aace1000-74aada1000 rw-s 74aace1000 00:01 814726                       /kgsl-3d0 (deleted)
74aada1000-74aada6000 r--p 00000000 fe:4c 2526381                        /data/data/com.movtery.zalithlauncher.v2/files/games/runtimes/Internal-25/lib/libjimage.so
74aada6000-74aadae000 r-xp 00004000 fe:4c 2526381                        /data/data/com.movtery.zalithlauncher.v2/files/games/runtimes/Internal-25/lib/libjimage.so
74aadae000-74aadaf000 r--p 0000b000 fe:4c 2526381                        /data/data/com.movtery.zalithlauncher.v2/files/games/runtimes/Internal-25/lib/libjimage.so
74aadaf000-74aadb0000 rw-p 0000b000 fe:4c 2526381                        /data/data/com.movtery.zalithlauncher.v2/files/games/runtimes/Internal-25/lib/libjimage.so
74aadcc000-74aadcd000 r--p 00000000 fe:4c 2526379                        /data/data/com.movtery.zalithlauncher.v2/files/games/runtimes/Internal-25/lib/libsyslookup.so
74aadcd000-74aadce000 r-xp 00000000 fe:4c 2526379                        /data/data/com.movtery.zalithlauncher.v2/files/games/runtimes/Internal-25/lib/libsyslookup.so
74aadce000-74aadcf000 r--p 00000000 fe:4c 2526379                        /data/data/com.movtery.zalithlauncher.v2/files/games/runtimes/Internal-25/lib/libsyslookup.so
74aae03000-74aae16000 r--p 00000000 fe:4c 2526378                        /data/data/com.movtery.zalithlauncher.v2/files/games/runtimes/Internal-25/lib/libsleef.so
74aae16000-74aae23000 r-xp 00012000 fe:4c 2526378                        /data/data/com.movtery.zalithlauncher.v2/files/games/runtimes/Internal-25/lib/libsleef.so
74aae23000-74aae25000 r--p 0001e000 fe:4c 2526378                        /data/data/com.movtery.zalithlauncher.v2/files/games/runtimes/Internal-25/lib/libsleef.so
74aae42000-74aae46000 r--p 00000000 fe:4c 2526418                        /data/data/com.movtery.zalithlauncher.v2/files/games/runtimes/Internal-25/lib/libawt_headless.so
74aae46000-74aae4a000 r-xp 00003000 fe:4c 2526418                        /data/data/com.movtery.zalithlauncher.v2/files/games/runtimes/Internal-25/lib/libawt_headless.so
74aae4a000-74aae4b000 r--p 00006000 fe:4c 2526418                        /data/data/com.movtery.zalithlauncher.v2/files/games/runtimes/Internal-25/lib/libawt_headless.so
74aae4b000-74aae4c000 rw-p 00006000 fe:4c 2526418                        /data/data/com.movtery.zalithlauncher.v2/files/games/runtimes/Internal-25/lib/libawt_headless.so
74aae87000-74aaeb2000 r--p 00000000 fe:4c 2526424                        /data/data/com.movtery.zalithlauncher.v2/files/games/runtimes/Internal-25/lib/libawt.so
74aaeb2000-74aaf0d000 r-xp 0002a000 fe:4c 2526424                        /data/data/com.movtery.zalithlauncher.v2/files/games/runtimes/Internal-25/lib/libawt.so
74aaf0d000-74aaf0e000 r--p 00084000 fe:4c 2526424                        /data/data/com.movtery.zalithlauncher.v2/files/games/runtimes/Internal-25/lib/libawt.so
74aaf0e000-74aaf1a000 rw-p 00084000 fe:4c 2526424                        /data/data/com.movtery.zalithlauncher.v2/files/games/runtimes/Internal-25/lib/libawt.so
74aaf1a000-74aaf3e000 rw-p 00000000 00:00 0                              [anon:.bss]
74aaf5a000-74aaf65000 r--p 00000000 fe:4c 2526387                        /data/data/com.movtery.zalithlauncher.v2/files/games/runtimes/Internal-25/lib/libnio.so
74aaf65000-74aaf6f000 r-xp 0000a000 fe:4c 2526387                        /data/data/com.movtery.zalithlauncher.v2/files/games/runtimes/Internal-25/lib/libnio.so
74aaf6f000-74aaf71000 r--p 00013000 fe:4c 2526387                        /data/data/com.movtery.zalithlauncher.v2/files/games/runtimes/Internal-25/lib/libnio.so
74aaf71000-74aaf72000 rw-p 00014000 fe:4c 2526387                        /data/data/com.movtery.zalithlauncher.v2/files/games/runtimes/Internal-25/lib/libnio.so
74aaf81000-74aaf86000 r--p 00000000 fe:4c 2526435                        /data/data/com.movtery.zalithlauncher.v2/files/games/runtimes/Internal-25/lib/libnet.so
74aaf86000-74aaf8e000 r-xp 00004000 fe:4c 2526435                        /data/data/com.movtery.zalithlauncher.v2/files/games/runtimes/Internal-25/lib/libnet.so
74aaf8e000-74aaf8f000 r--p 0000b000 fe:4c 2526435                        /data/data/com.movtery.zalithlauncher.v2/files/games/runtimes/Internal-25/lib/libnet.so
74aaf8f000-74aaf90000 rw-p 0000b000 fe:4c 2526435                        /data/data/com.movtery.zalithlauncher.v2/files/games/runtimes/Internal-25/lib/libnet.so
74aafc8000-74aafda000 r--p 00000000 fe:4c 2526407                        /data/data/com.movtery.zalithlauncher.v2/files/games/runtimes/Internal-25/lib/libjava.so
74aafda000-74aafe9000 r-xp 00011000 fe:4c 2526407                        /data/data/com.movtery.zalithlauncher.v2/files/games/runtimes/Internal-25/lib/libjava.so
74aafe9000-74aafec000 r--p 0001f000 fe:4c 2526407                        /data/data/com.movtery.zalithlauncher.v2/files/games/runtimes/Internal-25/lib/libjava.so
74aafec000-74aafed000 rw-p 00021000 fe:4c 2526407                        /data/data/com.movtery.zalithlauncher.v2/files/games/runtimes/Internal-25/lib/libjava.so
74ab011000-74ab043000 r--p 00000000 fe:4c 2526419                        /data/data/com.movtery.zalithlauncher.v2/files/games/runtimes/Internal-25/lib/libfreetype.so
74ab043000-74ab0b3000 r-xp 00031000 fe:4c 2526419                        /data/data/com.movtery.zalithlauncher.v2/files/games/runtimes/Internal-25/lib/libfreetype.so
74ab0b3000-74ab0ba000 r--p 000a0000 fe:4c 2526419                        /data/data/com.movtery.zalithlauncher.v2/files/games/runtimes/Internal-25/lib/libfreetype.so
74ab0c6000-74ab1b8000 r-xp 00000000 fe:4c 2512499                        /data/app/~~YuncQEj0Rruyt6y_-RebSA==/com.movtery.zalithlauncher.v2-JtRzSV7VpInkzDcyzopsqQ==/lib/arm64/libc++_shared.so
74ab1b8000-74ab1c2000 r--p 000f1000 fe:4c 2512499                        /data/app/~~YuncQEj0Rruyt6y_-RebSA==/com.movtery.zalithlauncher.v2-JtRzSV7VpInkzDcyzopsqQ==/lib/arm64/libc++_shared.so
74ab1c2000-74ab1c3000 rw-p 000fa000 fe:4c 2512499                        /data/app/~~YuncQEj0Rruyt6y_-RebSA==/com.movtery.zalithlauncher.v2-JtRzSV7VpInkzDcyzopsqQ==/lib/arm64/libc++_shared.so
74ab1c3000-74ab1ca000 rw-p 00000000 00:00 0                              [anon:.bss]
74ab243000-74ab2d6000 rw-p 00000000 00:00 0                              [anon:scudo:secondary]
74ab2f5000-74ab453000 rw-p 00000000 00:00 0                              [anon:scudo:secondary]
74ab453000-74ab459000 r--p 00000000 fe:4c 2526408                        /data/data/com.movtery.zalithlauncher.v2/files/games/runtimes/Internal-25/lib/libverify.so
74ab459000-74ab461000 r-xp 00005000 fe:4c 2526408                        /data/data/com.movtery.zalithlauncher.v2/files/games/runtimes/Internal-25/lib/libverify.so
74ab461000-74ab463000 r--p 0000c000 fe:4c 2526408                        /data/data/com.movtery.zalithlauncher.v2/files/games/runtimes/Internal-25/lib/libverify.so
74ab4a5000-74ab4ab000 r--p 00000000 fe:4c 2526417                        /data/data/com.movtery.zalithlauncher.v2/files/games/runtimes/Internal-25/lib/libjli.so
74ab4ab000-74ab4b4000 r-xp 00005000 fe:4c 2526417                        /data/data/com.movtery.zalithlauncher.v2/files/games/runtimes/Internal-25/lib/libjli.so
74ab4b4000-74ab4b5000 r--p 0000d000 fe:4c 2526417                        /data/data/com.movtery.zalithlauncher.v2/files/games/runtimes/Internal-25/lib/libjli.so
74ab4b5000-74ab4b6000 rw-p 0000d000 fe:4c 2526417                        /data/data/com.movtery.zalithlauncher.v2/files/games/runtimes/Internal-25/lib/libjli.so
74ab4f4000-74ab4f5000 ---p 00000000 00:00 0 
74ab4f5000-74ab5f1000 rw-p 00000000 00:00 0                              [anon:stack_and_tls:12770]
74ab5f1000-74ab5f3000 ---p 00000000 00:00 0 
74ab5f3000-74ab5f4000 ---p 00000000 00:00 0                              [anon:stack_and_tls:12769]
74ab5f4000-74ab6ef000 rw-p 00000000 00:00 0                              [anon:stack_and_tls:12769]
74ab6ef000-74ab6f1000 ---p 00000000 00:00 0 
74ab6f1000-74ab6f2000 ---p 00000000 00:00 0                              [anon:stack_and_tls:12765]
74ab6f2000-74ab7f9000 rw-p 00000000 00:00 0                              [anon:stack_and_tls:12765]
74ab7f9000-74ab7fb000 ---p 00000000 00:00 0 
74ab7fb000-74ab8f7000 rw-p 00000000 00:00 0                              [anon:stack_and_tls:12764]
74ab8f7000-74ab8f9000 ---p 00000000 00:00 0 
74ab8f9000-74ab8fa000 ---p 00000000 00:00 0                              [anon:stack_and_tls:12760]
74ab8fa000-74aba01000 rw-p 00000000 00:00 0                              [anon:stack_and_tls:12760]
74aba01000-74aba03000 ---p 00000000 00:00 0 
74aba03000-74abaff000 rw-p 00000000 00:00 0                              [anon:stack_and_tls:12762]
74abaff000-74abb00000 ---p 00000000 00:00 0 
74abb00000-74abc00000 r--s 00000000 00:11 605                            /dev/__properties__/u:object_r:vendor_sys_gpp_prop:s0
74abc00000-74ac0c8000 ---p 00000000 00:00 0 
74ac0c8000-74ac0cc000 rw-p 00000000 00:00 0 
74ac0cc000-74ad7dc000 ---p 00000000 00:00 0 
74ad7dc000-74ad7e0000 rw-p 00000000 00:00 0 
74ad7e0000-74adc00000 ---p 00000000 00:00 0 
74adc00000-74ae55f000 r--p 00000000 fe:4c 606730                         /data/vfonts/方正粗圆体.ttf
74ae580000-74ae583000 r-xp 00000000 fe:4c 2475907                        /data/app/~~YuncQEj0Rruyt6y_-RebSA==/com.movtery.zalithlauncher.v2-JtRzSV7VpInkzDcyzopsqQ==/lib/arm64/libpojavexec_awt.so
74ae583000-74ae584000 r--p 00002000 fe:4c 2475907                        /data/app/~~YuncQEj0Rruyt6y_-RebSA==/com.movtery.zalithlauncher.v2-JtRzSV7VpInkzDcyzopsqQ==/lib/arm64/libpojavexec_awt.so
74ae584000-74ae585000 rw-p 00002000 fe:4c 2475907                        /data/app/~~YuncQEj0Rruyt6y_-RebSA==/com.movtery.zalithlauncher.v2-JtRzSV7VpInkzDcyzopsqQ==/lib/arm64/libpojavexec_awt.so
74ae5f8000-74ae5f9000 ---p 00000000 00:00 0 
74ae5f9000-74ae5fa000 ---p 00000000 00:00 0                              [anon:stack_and_tls:12758]
74ae5fa000-74ae6f5000 rw-p 00000000 00:00 0                              [anon:stack_and_tls:12758]
74ae6f5000-74ae6f7000 ---p 00000000 00:00 0 
74ae6f7000-74ae6f8000 ---p 00000000 00:00 0                              [anon:stack_and_tls:12756]
74ae6f8000-74ae7ff000 rw-p 00000000 00:00 0                              [anon:stack_and_tls:12756]
74ae7ff000-74ae800000 ---p 00000000 00:00 0 
74ae800000-74af610000 ---p 00000000 00:00 0 
74af610000-74af614000 rw-p 00000000 00:00 0 
74af614000-74af800000 ---p 00000000 00:00 0 
74af846000-74af855000 r-xp 00000000 fe:4c 2454335                        /data/app/~~YuncQEj0Rruyt6y_-RebSA==/com.movtery.zalithlauncher.v2-JtRzSV7VpInkzDcyzopsqQ==/lib/arm64/libbytehook.so
74af855000-74af856000 r--p 0000e000 fe:4c 2454335                        /data/app/~~YuncQEj0Rruyt6y_-RebSA==/com.movtery.zalithlauncher.v2-JtRzSV7VpInkzDcyzopsqQ==/lib/arm64/libbytehook.so
74af856000-74af857000 rw-p 0000e000 fe:4c 2454335                        /data/app/~~YuncQEj0Rruyt6y_-RebSA==/com.movtery.zalithlauncher.v2-JtRzSV7VpInkzDcyzopsqQ==/lib/arm64/libbytehook.so
74af857000-74af8ba000 rw-p 00000000 00:00 0                              [anon:.bss]
74af8f6000-74af8f7000 ---p 00000000 00:00 0 
74af8f7000-74af8f8000 ---p 00000000 00:00 0                              [anon:stack_and_tls:12754]
74af8f8000-74af9ff000 rw-p 00000000 00:00 0                              [anon:stack_and_tls:12754]
74af9ff000-74afa00000 ---p 00000000 00:00 0 
74afa00000-74b08e0000 ---p 00000000 00:00 0 
74b08e0000-74b08e4000 rw-p 00000000 00:00 0 
74b08e4000-74b0e94000 ---p 00000000 00:00 0 
74b0e94000-74b0e98000 rw-p 00000000 00:00 0 
74b0e98000-74b1c10000 ---p 00000000 00:00 0 
74b1c10000-74b1c14000 rw-p 00000000 00:00 0 
74b1c14000-74b2b24000 ---p 00000000 00:00 0 
74b2b24000-74b2b28000 rw-p 00000000 00:00 0 
74b2b28000-74b3c30000 ---p 00000000 00:00 0 
74b3c30000-74b3c34000 rw-p 00000000 00:00 0 
74b3c34000-74b57b4000 ---p 00000000 00:00 0 
74b57b4000-74b57b8000 rw-p 00000000 00:00 0 
74b57b8000-74b5ed4000 ---p 00000000 00:00 0 
74b5ed4000-74b5ed8000 rw-p 00000000 00:00 0 
74b5ed8000-74b7818000 ---p 00000000 00:00 0 
74b7818000-74b781c000 rw-p 00000000 00:00 0 
74b781c000-74b7aa8000 ---p 00000000 00:00 0 
74b7aa8000-74b7aac000 rw-p 00000000 00:00 0 
74b7aac000-74b9424000 ---p 00000000 00:00 0 
74b9424000-74b9428000 rw-p 00000000 00:00 0 
74b9428000-74ba2ac000 ---p 00000000 00:00 0 
74ba2ac000-74ba2b0000 rw-p 00000000 00:00 0 
74ba2b0000-74bb958000 ---p 00000000 00:00 0 
74bb958000-74bb95c000 rw-p 00000000 00:00 0 
74bb95c000-74bc268000 ---p 00000000 00:00 0 
74bc268000-74bc26c000 rw-p 00000000 00:00 0 
74bc26c000-74bd980000 ---p 00000000 00:00 0 
74bd980000-74bd984000 rw-p 00000000 00:00 0 
74bd984000-74bdfd8000 ---p 00000000 00:00 0 
74bdfd8000-74bdfdc000 rw-p 00000000 00:00 0 
74bdfdc000-74bf6b4000 ---p 00000000 00:00 0 
74bf6b4000-74bf6b8000 rw-p 00000000 00:00 0 
74bf6b8000-74bfbe8000 ---p 00000000 00:00 0 
74bfbe8000-74bfbec000 rw-p 00000000 00:00 0 
74bfbec000-74c16d8000 ---p 00000000 00:00 0 
74c16d8000-74c16dc000 rw-p 00000000 00:00 0 
74c16dc000-74c23e8000 ---p 00000000 00:00 0 
74c23e8000-74c23ec000 rw-p 00000000 00:00 0 
74c23ec000-74c2e3c000 ---p 00000000 00:00 0 
74c2e3c000-74c2e40000 rw-p 00000000 00:00 0 
74c2e40000-74c40f4000 ---p 00000000 00:00 0 
74c40f4000-74c40f8000 rw-p 00000000 00:00 0 
74c40f8000-74c58b4000 ---p 00000000 00:00 0 
74c58b4000-74c58b8000 rw-p 00000000 00:00 0 
74c58b8000-74c5a00000 ---p 00000000 00:00 0 
74c5a59000-74c5bad000 r--p 00000000 fe:4c 2532584                        /data/app/~~YuncQEj0Rruyt6y_-RebSA==/com.movtery.zalithlauncher.v2-JtRzSV7VpInkzDcyzopsqQ==/oat/arm64/base.odex
74c5bad000-74c6190000 r-xp 00154000 fe:4c 2532584                        /data/app/~~YuncQEj0Rruyt6y_-RebSA==/com.movtery.zalithlauncher.v2-JtRzSV7VpInkzDcyzopsqQ==/oat/arm64/base.odex
74c6190000-74c6191000 ---p 00000000 00:00 0 
74c6191000-74c619a000 r--p 00738000 fe:4c 2532584                        /data/app/~~YuncQEj0Rruyt6y_-RebSA==/com.movtery.zalithlauncher.v2-JtRzSV7VpInkzDcyzopsqQ==/oat/arm64/base.odex
74c619a000-74c619d000 ---p 00000000 00:00 0 
74c619d000-74c61a4000 rw-p 00000000 00:00 0                              [anon:.bss]
74c61a4000-74c61a5000 ---p 00000000 00:00 0 
74c61a5000-74c6bed000 rw-p 00000000 fe:4c 2502824                        /data/app/~~YuncQEj0Rruyt6y_-RebSA==/com.movtery.zalithlauncher.v2-JtRzSV7VpInkzDcyzopsqQ==/oat/arm64/base.vdex
74c6c00000-74c9200000 ---p 00000000 00:00 0 
74c9202000-74c9302000 r--s 00000000 00:11 480                            /dev/__properties__/u:object_r:vendor_afp_prop:s0
74c9302000-74c9400000 r--p 00000000 00:21 5                              /dev/binderfs/hwbinder
74c9400000-74c95d4000 ---p 00000000 00:00 0 
74c95d4000-74c95d8000 rw-p 00000000 00:00 0 
74c95d8000-74cb29c000 ---p 00000000 00:00 0 
74cb29c000-74cb2a0000 rw-p 00000000 00:00 0 
74cb2a0000-74cc3cc000 ---p 00000000 00:00 0 
74cc3cc000-74cc3d0000 rw-p 00000000 00:00 0 
74cc3d0000-74ccc14000 ---p 00000000 00:00 0 
74ccc14000-74ccc18000 rw-p 00000000 00:00 0 
74ccc18000-74cd7fc000 ---p 00000000 00:00 0 
74cd7fc000-74cd800000 rw-p 00000000 00:00 0 
74cd800000-74ce584000 ---p 00000000 00:00 0 
74ce584000-74ce588000 rw-p 00000000 00:00 0 
74ce588000-74cfc9c000 ---p 00000000 00:00 0 
74cfc9c000-74cfca0000 rw-p 00000000 00:00 0 
74cfca0000-74d0440000 ---p 00000000 00:00 0 
74d0440000-74d0444000 rw-p 00000000 00:00 0 
74d0444000-74d1400000 ---p 00000000 00:00 0 
74d1402000-74d14c2000 rw-s 74d1402000 00:01 814726                       /kgsl-3d0 (deleted)
74d14c2000-74d1550000 r--p 00000000 fe:1c 209742571                      /system/lib64/libvivo_runtime.so
74d1550000-74d1560000 r-xp 0008e000 fe:1c 209742571                      /system/lib64/libvivo_runtime.so
74d1560000-74d1561000 r--p 0009e000 fe:1c 209742571                      /system/lib64/libvivo_runtime.so
74d1561000-74d1562000 rw-p 0009f000 fe:1c 209742571                      /system/lib64/libvivo_runtime.so
74d15d5000-74d15d6000 r-xp 00000000 fe:4c 2593806                        /data/app/~~YuncQEj0Rruyt6y_-RebSA==/com.movtery.zalithlauncher.v2-JtRzSV7VpInkzDcyzopsqQ==/lib/arm64/libexithook.so
74d15d6000-74d15d7000 r--p 00000000 fe:4c 2593806                        /data/app/~~YuncQEj0Rruyt6y_-RebSA==/com.movtery.zalithlauncher.v2-JtRzSV7VpInkzDcyzopsqQ==/lib/arm64/libexithook.so
74d15d7000-74d15d8000 rw-p 00000000 fe:4c 2593806                        /data/app/~~YuncQEj0Rruyt6y_-RebSA==/com.movtery.zalithlauncher.v2-JtRzSV7VpInkzDcyzopsqQ==/lib/arm64/libexithook.so
74d1600000-74d4000000 ---p 00000000 00:00 0 
74d4004000-74d4005000 ---p 00000000 00:00 0 
74d4005000-74d4006000 ---p 00000000 00:00 0                              [anon:stack_and_tls:12752]
74d4006000-74d4101000 rw-p 00000000 00:00 0                              [anon:stack_and_tls:12752]
74d4101000-74d4103000 ---p 00000000 00:00 0 
74d4103000-74d4104000 ---p 00000000 00:00 0                              [anon:stack_and_tls:12751]
74d4104000-74d41ff000 rw-p 00000000 00:00 0                              [anon:stack_and_tls:12751]
74d41ff000-74d4200000 ---p 00000000 00:00 0 
74d4200000-7514200000 ---p 00000000 00:00 0                              [anon:libwebview reservation]
7514276000-75142e1000 r--p 00000000 fe:27 78                             /apex/com.android.tethering/lib64/stable_cronet_libcrypto.so
75142e1000-7514327000 --xp 0006b000 fe:27 78                             /apex/com.android.tethering/lib64/stable_cronet_libcrypto.so
7514327000-75143c7000 r-xp 000b1000 fe:27 78                             /apex/com.android.tethering/lib64/stable_cronet_libcrypto.so
75143c7000-75143d6000 r--p 00151000 fe:27 78                             /apex/com.android.tethering/lib64/stable_cronet_libcrypto.so
75143d6000-75143d7000 rw-p 00160000 fe:27 78                             /apex/com.android.tethering/lib64/stable_cronet_libcrypto.so
75143d7000-75143df000 rw-p 00000000 00:00 0                              [anon:.bss]
7514400000-7514c00000 ---p 00000000 00:00 0 
7514c49000-7514c4a000 ---p 00000000 00:00 0 
7514c4a000-7514d46000 rw-p 00000000 00:00 0                              [anon:stack_and_tls:12750]
7514d46000-7514d48000 ---p 00000000 00:00 0 
7514d48000-7514d49000 ---p 00000000 00:00 0                              [anon:stack_and_tls:12749]
7514d49000-7514e44000 rw-p 00000000 00:00 0                              [anon:stack_and_tls:12749]
7514e44000-7514e45000 ---p 00000000 00:00 0 
7514e45000-7514f9d000 r--p 00000000 fe:27 71                             /apex/com.android.tethering/lib64/libmainlinecronet.133.0.6876.3.so
7514f9d000-75153c7000 r-xp 00158000 fe:27 71                             /apex/com.android.tethering/lib64/libmainlinecronet.133.0.6876.3.so
75153c7000-75153e5000 r--p 00582000 fe:27 71                             /apex/com.android.tethering/lib64/libmainlinecronet.133.0.6876.3.so
75153e5000-75153e7000 rw-p 005a0000 fe:27 71                             /apex/com.android.tethering/lib64/libmainlinecronet.133.0.6876.3.so
75153e7000-75153ef000 rw-p 00000000 00:00 0                              [anon:.bss]
7515400000-7517a00000 ---p 00000000 00:00 0 
7517a37000-7517a38000 ---p 00000000 00:00 0 
7517a38000-7517a39000 ---p 00000000 00:00 0                              [anon:stack_and_tls:12747]
7517a39000-7517b40000 rw-p 00000000 00:00 0                              [anon:stack_and_tls:12747]
7517b40000-7517b42000 ---p 00000000 00:00 0 
7517b42000-7517b43000 ---p 00000000 00:00 0                              [anon:stack_and_tls:12746]
7517b43000-7517c4a000 rw-p 00000000 00:00 0                              [anon:stack_and_tls:12746]
7517c4a000-7517c4b000 ---p 00000000 00:00 0 
7517c4b000-7517d9e000 r--p 00000000 fe:1f 36807424                       /vendor/lib64/egl/libGLESv2_adreno.so
7517d9e000-7518182000 r-xp 00153000 fe:1f 36807424                       /vendor/lib64/egl/libGLESv2_adreno.so
7518182000-7518192000 r--p 00537000 fe:1f 36807424                       /vendor/lib64/egl/libGLESv2_adreno.so
7518192000-7518198000 rw-p 00546000 fe:1f 36807424                       /vendor/lib64/egl/libGLESv2_adreno.so
7518198000-75181be000 rw-p 00000000 00:00 0                              [anon:.bss]
7518200000-751a400000 ---p 00000000 00:00 0 
751a449000-751a44a000 ---p 00000000 00:00 0 
751a44a000-751a44b000 ---p 00000000 00:00 0                              [anon:stack_and_tls:12745]
751a44b000-751a552000 rw-p 00000000 00:00 0                              [anon:stack_and_tls:12745]
751a552000-751a553000 ---p 00000000 00:00 0 
751a553000-751a653000 r--s 00000000 00:11 663                            /dev/__properties__/u:object_r:zygote_wrap_prop:s0
751a653000-751a694000 r--p 00000000 fe:1f 41340586                       /vendor/lib64/libllvm-glnext.so
751a694000-751a75b000 r-xp 00041000 fe:1f 41340586                       /vendor/lib64/libllvm-glnext.so
751a75b000-751a75f000 r--p 00108000 fe:1f 41340586                       /vendor/lib64/libllvm-glnext.so
751a75f000-751a770000 rw-p 0010b000 fe:1f 41340586                       /vendor/lib64/libllvm-glnext.so
751a770000-751a79b000 rw-p 00000000 00:00 0                              [anon:.bss]
751a800000-751c200000 ---p 00000000 00:00 0 
751c24f000-751c250000 r--p 00000000 fe:1d 8140043                        /system_ext/lib64/libqti-at.so
751c250000-751c252000 r-xp 00001000 fe:1d 8140043                        /system_ext/lib64/libqti-at.so
751c252000-751c253000 r--p 00003000 fe:1d 8140043                        /system_ext/lib64/libqti-at.so
751c2a3000-751c2ac000 r--p 00000000 fe:1c 209743591                      /system/lib64/vendor.vivo.hardware.vperf-V1-ndk.so
751c2ac000-751c2b4000 r-xp 00009000 fe:1c 209743591                      /system/lib64/vendor.vivo.hardware.vperf-V1-ndk.so
751c2b4000-751c2b5000 r--p 00011000 fe:1c 209743591                      /system/lib64/vendor.vivo.hardware.vperf-V1-ndk.so
751c2b5000-751c2b6000 rw-p 00012000 fe:1c 209743591                      /system/lib64/vendor.vivo.hardware.vperf-V1-ndk.so
751c2d9000-751c2db000 r--p 00000000 fe:1c 209739047                      /system/lib64/liblogger_file.so
751c2db000-751c2dd000 r-xp 00002000 fe:1c 209739047                      /system/lib64/liblogger_file.so
751c2dd000-751c2de000 r--p 00004000 fe:1c 209739047                      /system/lib64/liblogger_file.so
751c2de000-751c2df000 rw-p 00005000 fe:1c 209739047                      /system/lib64/liblogger_file.so
751c315000-751c31d000 r--p 00000000 fe:1c 209743073                      /system/lib64/libvivo-vperfd-client_system.so
751c31d000-751c32a000 r-xp 00008000 fe:1c 209743073                      /system/lib64/libvivo-vperfd-client_system.so
751c32a000-751c32b000 r--p 00015000 fe:1c 209743073                      /system/lib64/libvivo-vperfd-client_system.so
751c32b000-751c32c000 rw-p 00016000 fe:1c 209743073                      /system/lib64/libvivo-vperfd-client_system.so
751c32c000-751c32d000 rw-p 00000000 00:00 0                              [anon:.bss]
751c370000-751c372000 r--p 00000000 fe:1c 209738997                      /system/lib64/liblcm_logger_file.so
751c372000-751c374000 r-xp 00002000 fe:1c 209738997                      /system/lib64/liblcm_logger_file.so
751c374000-751c375000 r--p 00004000 fe:1c 209738997                      /system/lib64/liblcm_logger_file.so
751c375000-751c376000 rw-p 00005000 fe:1c 209738997                      /system/lib64/liblcm_logger_file.so
751c3af000-751c3b0000 r--p 00000000 fe:1c 209738604                      /system/lib64/libhidltransport.so
751c3b0000-751c3b1000 r-xp 00001000 fe:1c 209738604                      /system/lib64/libhidltransport.so
751c3b1000-751c3b2000 r--p 00002000 fe:1c 209738604                      /system/lib64/libhidltransport.so
751c3e2000-751c3ea000 r--p 00000000 fe:1c 209743587                      /system/lib64/vendor.vivo.hardware.vperf-V1-cpp.so
751c3ea000-751c3f2000 r-xp 00008000 fe:1c 209743587                      /system/lib64/vendor.vivo.hardware.vperf-V1-cpp.so
751c3f2000-751c3f5000 r--p 00010000 fe:1c 209743587                      /system/lib64/vendor.vivo.hardware.vperf-V1-cpp.so
751c3f5000-751c3f6000 rw-p 00013000 fe:1c 209743587                      /system/lib64/vendor.vivo.hardware.vperf-V1-cpp.so
751c40d000-751c420000 r--p 00000000 fe:1d 8141671                        /system_ext/lib64/vendor.vivo.hardware.vperf@1.0.so
751c420000-751c43a000 r-xp 00013000 fe:1d 8141671                        /system_ext/lib64/vendor.vivo.hardware.vperf@1.0.so
751c43a000-751c43d000 r--p 0002d000 fe:1d 8141671                        /system_ext/lib64/vendor.vivo.hardware.vperf@1.0.so
751c43d000-751c43e000 rw-p 00030000 fe:1d 8141671                        /system_ext/lib64/vendor.vivo.hardware.vperf@1.0.so
751c45d000-751c45e000 r--p 00000000 fe:1c 209742787                      /system/lib64/libwebviewchromium_loader.so
751c45e000-751c45f000 r-xp 00001000 fe:1c 209742787                      /system/lib64/libwebviewchromium_loader.so
751c45f000-751c460000 r--p 00002000 fe:1c 209742787                      /system/lib64/libwebviewchromium_loader.so
751c460000-751c461000 rw-p 00000000 00:00 0                              [anon:.bss]
751c48c000-751c4ac000 r--p 00000000 fe:27 79                             /apex/com.android.tethering/lib64/stable_cronet_libpki.so
751c4ac000-751c4fa000 r-xp 00020000 fe:27 79                             /apex/com.android.tethering/lib64/stable_cronet_libpki.so
751c4fa000-751c4fd000 r--p 0006e000 fe:27 79                             /apex/com.android.tethering/lib64/stable_cronet_libpki.so
751c4fd000-751c4fe000 rw-p 00071000 fe:27 79                             /apex/com.android.tethering/lib64/stable_cronet_libpki.so
751c4fe000-751c4ff000 rw-p 00000000 00:00 0                              [anon:.bss]
751c50c000-751c52f000 r--p 00000000 fe:27 80                             /apex/com.android.tethering/lib64/stable_cronet_libssl.so
751c52f000-751c576000 r-xp 00023000 fe:27 80                             /apex/com.android.tethering/lib64/stable_cronet_libssl.so
751c576000-751c579000 r--p 0006a000 fe:27 80                             /apex/com.android.tethering/lib64/stable_cronet_libssl.so
751c579000-751c57a000 rw-p 0006d000 fe:27 80                             /apex/com.android.tethering/lib64/stable_cronet_libssl.so
751c5a3000-751c669000 r--p 00000000 fe:1f 41049615                       /vendor/lib64/libgsl.so
751c669000-751c7c3000 r-xp 000c6000 fe:1f 41049615                       /vendor/lib64/libgsl.so
751c7c3000-751c7c4000 r--p 00220000 fe:1f 41049615                       /vendor/lib64/libgsl.so
751c7c4000-751c7c5000 rw-p 00220000 fe:1f 41049615                       /vendor/lib64/libgsl.so
751c7c5000-751c7c6000 rw-p 00000000 00:00 0                              [anon:.bss]
751c800000-751dc00000 ---p 00000000 00:00 0 
751dc4b000-751dc50000 r--p 00000000 fe:1d 8140049                        /system_ext/lib64/libqti-perfd-client_system.so
751dc50000-751dc56000 r-xp 00005000 fe:1d 8140049                        /system_ext/lib64/libqti-perfd-client_system.so
751dc56000-751dc57000 r--p 0000b000 fe:1d 8140049                        /system_ext/lib64/libqti-perfd-client_system.so
751dc57000-751dc58000 rw-p 0000c000 fe:1d 8140049                        /system_ext/lib64/libqti-perfd-client_system.so
751dc58000-751dc59000 rw-p 00000000 00:00 0                              [anon:.bss]
751dc8d000-751dc9b000 r--p 00000000 fe:1d 8141106                        /system_ext/lib64/vendor.qti.hardware.perf@2.3.so
751dc9b000-751dcab000 r-xp 0000e000 fe:1d 8141106                        /system_ext/lib64/vendor.qti.hardware.perf@2.3.so
751dcab000-751dcae000 r--p 0001e000 fe:1d 8141106                        /system_ext/lib64/vendor.qti.hardware.perf@2.3.so
751dcae000-751dcaf000 rw-p 00021000 fe:1d 8141106                        /system_ext/lib64/vendor.qti.hardware.perf@2.3.so
751dcc6000-751dcd6000 r--p 00000000 fe:1d 8141096                        /system_ext/lib64/vendor.qti.hardware.perf@2.1.so
751dcd6000-751dcec000 r-xp 00010000 fe:1d 8141096                        /system_ext/lib64/vendor.qti.hardware.perf@2.1.so
751dcec000-751dcf0000 r--p 00026000 fe:1d 8141096                        /system_ext/lib64/vendor.qti.hardware.perf@2.1.so
751dcf0000-751dcf1000 rw-p 0002a000 fe:1d 8141096                        /system_ext/lib64/vendor.qti.hardware.perf@2.1.so
751dd2d000-751dd30000 r--p 00000000 fe:1d 8140053                        /system_ext/lib64/libqti_performance.so
751dd30000-751dd35000 r-xp 00003000 fe:1d 8140053                        /system_ext/lib64/libqti_performance.so
751dd35000-751dd36000 r--p 00008000 fe:1d 8140053                        /system_ext/lib64/libqti_performance.so
751dd36000-751dd37000 rw-p 00009000 fe:1d 8140053                        /system_ext/lib64/libqti_performance.so
751dd64000-751dd6c000 r--p 00000000 fe:1c 209743686                      /system/lib64/vendor.qti.hardware.perf2-V1-ndk.so
751dd6c000-751dd77000 r-xp 00008000 fe:1c 209743686                      /system/lib64/vendor.qti.hardware.perf2-V1-ndk.so
751dd77000-751dd78000 r--p 00013000 fe:1c 209743686                      /system/lib64/vendor.qti.hardware.perf2-V1-ndk.so
751dd78000-751dd79000 rw-p 00014000 fe:1c 209743686                      /system/lib64/vendor.qti.hardware.perf2-V1-ndk.so
751dd9b000-751dda7000 r--p 00000000 fe:1d 8141091                        /system_ext/lib64/vendor.qti.hardware.perf@2.0.so
751dda7000-751ddb7000 r-xp 0000c000 fe:1d 8141091                        /system_ext/lib64/vendor.qti.hardware.perf@2.0.so
751ddb7000-751ddb9000 r--p 0001c000 fe:1d 8141091                        /system_ext/lib64/vendor.qti.hardware.perf@2.0.so
751ddb9000-751ddba000 rw-p 0001e000 fe:1d 8141091                        /system_ext/lib64/vendor.qti.hardware.perf@2.0.so
751ddcf000-751ddd9000 r--p 00000000 fe:1d 8140795                        /system_ext/lib64/vendor.qti.hardware.iop@2.0.so
751ddd9000-751dde6000 r-xp 0000a000 fe:1d 8140795                        /system_ext/lib64/vendor.qti.hardware.iop@2.0.so
751dde6000-751dde8000 r--p 00017000 fe:1d 8140795                        /system_ext/lib64/vendor.qti.hardware.iop@2.0.so
751dde8000-751dde9000 rw-p 00019000 fe:1d 8140795                        /system_ext/lib64/vendor.qti.hardware.iop@2.0.so
751de14000-751de21000 r--p 00000000 fe:1d 8141102                        /system_ext/lib64/vendor.qti.hardware.perf@2.2.so
751de21000-751de31000 r-xp 0000d000 fe:1d 8141102                        /system_ext/lib64/vendor.qti.hardware.perf@2.2.so
751de31000-751de34000 r--p 0001d000 fe:1d 8141102                        /system_ext/lib64/vendor.qti.hardware.perf@2.2.so
751de34000-751de35000 rw-p 00020000 fe:1d 8141102                        /system_ext/lib64/vendor.qti.hardware.perf@2.2.so
751de63000-751de68000 r--p 00000000 fe:1c 187593207                      /system/lib64/libcompiler_rt.so
751de68000-751de70000 r-xp 00005000 fe:1c 187593207                      /system/lib64/libcompiler_rt.so
751de70000-751de71000 r--p 0000d000 fe:1c 187593207                      /system/lib64/libcompiler_rt.so
751de81000-751de90000 r--p 00000000 fe:1f 53041343                       /vendor/lib64/vendor.qti.hardware.display.mapper@2.0.so
751de90000-751de9f000 r-xp 0000f000 fe:1f 53041343                       /vendor/lib64/vendor.qti.hardware.display.mapper@2.0.so
751de9f000-751dea2000 r--p 0001e000 fe:1f 53041343                       /vendor/lib64/vendor.qti.hardware.display.mapper@2.0.so
751dea2000-751dea3000 rw-p 00020000 fe:1f 53041343                       /vendor/lib64/vendor.qti.hardware.display.mapper@2.0.so
751dee2000-751dee9000 r--p 00000000 fe:1f 36620254                       /vendor/lib64/egl/eglSubDriverAndroid.so
751dee9000-751def8000 r-xp 00007000 fe:1f 36620254                       /vendor/lib64/egl/eglSubDriverAndroid.so
751def8000-751defa000 r--p 00016000 fe:1f 36620254                       /vendor/lib64/egl/eglSubDriverAndroid.so
751defa000-751defb000 rw-p 00017000 fe:1f 36620254                       /vendor/lib64/egl/eglSubDriverAndroid.so
751defb000-751defe000 rw-p 00000000 00:00 0                              [anon:.bss]
751df00000-751df12000 r--p 00000000 fe:1f 36620262                       /vendor/lib64/egl/libGLESv1_CM_adreno.so
751df12000-751df3d000 r-xp 00012000 fe:1f 36620262                       /vendor/lib64/egl/libGLESv1_CM_adreno.so
751df3d000-751df3e000 r--p 0003d000 fe:1f 36620262                       /vendor/lib64/egl/libGLESv1_CM_adreno.so
751df3e000-751df3f000 rw-p 0003d000 fe:1f 36620262                       /vendor/lib64/egl/libGLESv1_CM_adreno.so
751df3f000-751df40000 rw-p 00000000 00:00 0                              [anon:.bss]
751df42000-751df84000 r--p 00000000 07:40 303                            /apex/com.android.vndk.v33/lib64/libhidlbase.so
751df84000-751dfd9000 r-xp 00042000 07:40 303                            /apex/com.android.vndk.v33/lib64/libhidlbase.so
751dfd9000-751dfe4000 r--p 00097000 07:40 303                            /apex/com.android.vndk.v33/lib64/libhidlbase.so
751dfe4000-751dfe5000 rw-p 000a1000 07:40 303                            /apex/com.android.vndk.v33/lib64/libhidlbase.so
751e000000-751e800000 ---p 00000000 00:00 0 
751e81e000-751e91e000 r--s 00000000 00:11 568                            /dev/__properties__/u:object_r:vendor_public_vendor_default_prop:s0
751e91e000-751e926000 r--p 00000000 07:40 346                            /apex/com.android.vndk.v33/lib64/libz.so
751e926000-751e936000 r-xp 00008000 07:40 346                            /apex/com.android.vndk.v33/lib64/libz.so
751e936000-751e937000 r--p 00018000 07:40 346                            /apex/com.android.vndk.v33/lib64/libz.so
751e937000-751e938000 rw-p 00018000 07:40 346                            /apex/com.android.vndk.v33/lib64/libz.so
751e969000-751e96e000 r--p 00000000 fe:1f 36620258                       /vendor/lib64/egl/libEGL_adreno.so
751e96e000-751e973000 r-xp 00005000 fe:1f 36620258                       /vendor/lib64/egl/libEGL_adreno.so
751e973000-751e974000 r--p 0000a000 fe:1f 36620258                       /vendor/lib64/egl/libEGL_adreno.so
751e974000-751e975000 rw-p 0000a000 fe:1f 36620258                       /vendor/lib64/egl/libEGL_adreno.so
751e9b6000-751eab6000 r--s 00000000 00:11 305                            /dev/__properties__/u:object_r:graphics_config_writable_prop:s0
751eab6000-751eaff000 r--p 00000000 07:40 279                            /apex/com.android.vndk.v33/lib64/libc++.so
751eaff000-751eb5a000 r-xp 00049000 07:40 279                            /apex/com.android.vndk.v33/lib64/libc++.so
751eb5a000-751eb61000 r--p 000a4000 07:40 279                            /apex/com.android.vndk.v33/lib64/libc++.so
751eb61000-751eb62000 rw-p 000aa000 07:40 279                            /apex/com.android.vndk.v33/lib64/libc++.so
751eb62000-751eb65000 rw-p 00000000 00:00 0                              [anon:.bss]
751ebd5000-751ebdd000 r--p 00000000 fe:1f 39247308                       /vendor/lib64/libadreno_utils.so
751ebdd000-751ebed000 r-xp 00008000 fe:1f 39247308                       /vendor/lib64/libadreno_utils.so
751ebed000-751ebee000 r--p 00018000 fe:1f 39247308                       /vendor/lib64/libadreno_utils.so
751ebee000-751ebef000 rw-p 00018000 fe:1f 39247308                       /vendor/lib64/libadreno_utils.so
751ebef000-751ebf1000 rw-p 00000000 00:00 0                              [anon:.bss]
751ec00000-751f000000 ---p 00000000 00:00 0 
751f03b000-751f13b000 r--s 00000000 00:11 662                            /dev/__properties__/u:object_r:zygote_config_prop:s0
751f13b000-751f13c000 r--p 00000000 07:40 305                            /apex/com.android.vndk.v33/lib64/libion.so
751f13c000-751f13e000 r-xp 00001000 07:40 305                            /apex/com.android.vndk.v33/lib64/libion.so
751f13e000-751f13f000 r--p 00003000 07:40 305                            /apex/com.android.vndk.v33/lib64/libion.so
751f13f000-751f140000 rw-p 00003000 07:40 305                            /apex/com.android.vndk.v33/lib64/libion.so
751f14a000-751f14d000 r--p 00000000 07:40 208                            /apex/com.android.vndk.v33/lib64/android.hardware.graphics.common-V3-ndk.so
751f14d000-751f14f000 r-xp 00003000 07:40 208                            /apex/com.android.vndk.v33/lib64/android.hardware.graphics.common-V3-ndk.so
751f14f000-751f150000 r--p 00005000 07:40 208                            /apex/com.android.vndk.v33/lib64/android.hardware.graphics.common-V3-ndk.so
751f150000-751f151000 rw-p 00005000 07:40 208                            /apex/com.android.vndk.v33/lib64/android.hardware.graphics.common-V3-ndk.so
751f195000-751f196000 r--p 00000000 07:40 209                            /apex/com.android.vndk.v33/lib64/android.hardware.graphics.common@1.0.so
751f196000-751f197000 r-xp 00001000 07:40 209                            /apex/com.android.vndk.v33/lib64/android.hardware.graphics.common@1.0.so
751f197000-751f198000 r--p 00002000 07:40 209                            /apex/com.android.vndk.v33/lib64/android.hardware.graphics.common@1.0.so
751f1d1000-751f1e1000 r--p 00000000 fe:1f 53041352                       /vendor/lib64/vendor.qti.hardware.display.mapper@4.0.so
751f1e1000-751f1f1000 r-xp 00010000 fe:1f 53041352                       /vendor/lib64/vendor.qti.hardware.display.mapper@4.0.so
751f1f1000-751f1f4000 r--p 00020000 fe:1f 53041352                       /vendor/lib64/vendor.qti.hardware.display.mapper@4.0.so
751f1f4000-751f1f5000 rw-p 00022000 fe:1f 53041352                       /vendor/lib64/vendor.qti.hardware.display.mapper@4.0.so
751f209000-751f214000 r--p 00000000 07:40 215                            /apex/com.android.vndk.v33/lib64/android.hardware.graphics.mapper@3.0.so
751f214000-751f21e000 r-xp 0000b000 07:40 215                            /apex/com.android.vndk.v33/lib64/android.hardware.graphics.mapper@3.0.so
751f21e000-751f220000 r--p 00015000 07:40 215                            /apex/com.android.vndk.v33/lib64/android.hardware.graphics.mapper@3.0.so
751f220000-751f221000 rw-p 00016000 07:40 215                            /apex/com.android.vndk.v33/lib64/android.hardware.graphics.mapper@3.0.so
751f24f000-751f257000 r--p 00000000 07:40 298                            /apex/com.android.vndk.v33/lib64/libgralloctypes.so
751f257000-751f261000 r-xp 00008000 07:40 298                            /apex/com.android.vndk.v33/lib64/libgralloctypes.so
751f261000-751f262000 r--p 00012000 07:40 298                            /apex/com.android.vndk.v33/lib64/libgralloctypes.so
751f262000-751f263000 rw-p 00012000 07:40 298                            /apex/com.android.vndk.v33/lib64/libgralloctypes.so
751f296000-751f2a1000 r--p 00000000 07:40 213                            /apex/com.android.vndk.v33/lib64/android.hardware.graphics.mapper@2.0.so
751f2a1000-751f2a9000 r-xp 0000b000 07:40 213                            /apex/com.android.vndk.v33/lib64/android.hardware.graphics.mapper@2.0.so
751f2a9000-751f2ab000 r--p 00013000 07:40 213                            /apex/com.android.vndk.v33/lib64/android.hardware.graphics.mapper@2.0.so
751f2ab000-751f2ac000 rw-p 00014000 07:40 213                            /apex/com.android.vndk.v33/lib64/android.hardware.graphics.mapper@2.0.so
751f2c1000-751f2cf000 r--p 00000000 07:40 341                            /apex/com.android.vndk.v33/lib64/libutils.so
751f2cf000-751f2dc000 r-xp 0000e000 07:40 341                            /apex/com.android.vndk.v33/lib64/libutils.so
751f2dc000-751f2dd000 r--p 0001b000 07:40 341                            /apex/com.android.vndk.v33/lib64/libutils.so
751f2dd000-751f2de000 rw-p 0001b000 07:40 341                            /apex/com.android.vndk.v33/lib64/libutils.so
751f314000-751f31f000 r--p 00000000 fe:1f 36930338                       /vendor/lib64/hw/android.hardware.graphics.mapper@4.0-impl-qti-display.so
751f31f000-751f329000 r-xp 0000b000 fe:1f 36930338                       /vendor/lib64/hw/android.hardware.graphics.mapper@4.0-impl-qti-display.so
751f329000-751f32b000 r--p 00015000 fe:1f 36930338                       /vendor/lib64/hw/android.hardware.graphics.mapper@4.0-impl-qti-display.so
751f32b000-751f32c000 rw-p 00016000 fe:1f 36930338                       /vendor/lib64/hw/android.hardware.graphics.mapper@4.0-impl-qti-display.so
751f32c000-751f32d000 rw-p 00000000 00:00 0                              [anon:.bss]
751f34a000-751f353000 r--p 00000000 07:40 289                            /apex/com.android.vndk.v33/lib64/libcutils.so
751f353000-751f35d000 r-xp 00009000 07:40 289                            /apex/com.android.vndk.v33/lib64/libcutils.so
751f35d000-751f35f000 r--p 00013000 07:40 289                            /apex/com.android.vndk.v33/lib64/libcutils.so
751f35f000-751f360000 rw-p 00014000 07:40 289                            /apex/com.android.vndk.v33/lib64/libcutils.so
751f39e000-751f3a9000 r--p 00000000 07:40 214                            /apex/com.android.vndk.v33/lib64/android.hardware.graphics.mapper@2.1.so
751f3a9000-751f3b2000 r-xp 0000b000 07:40 214                            /apex/com.android.vndk.v33/lib64/android.hardware.graphics.mapper@2.1.so
751f3b2000-751f3b4000 r--p 00014000 07:40 214                            /apex/com.android.vndk.v33/lib64/android.hardware.graphics.mapper@2.1.so
751f3b4000-751f3b5000 rw-p 00015000 07:40 214                            /apex/com.android.vndk.v33/lib64/android.hardware.graphics.mapper@2.1.so
751f3d6000-751f3d8000 r--p 00000000 07:40 193                            /apex/com.android.vndk.v33/lib64/android.hardware.common-V2-ndk.so
751f3d8000-751f3d9000 r-xp 00002000 07:40 193                            /apex/com.android.vndk.v33/lib64/android.hardware.common-V2-ndk.so
751f3d9000-751f3da000 r--p 00003000 07:40 193                            /apex/com.android.vndk.v33/lib64/android.hardware.common-V2-ndk.so
751f3da000-751f3db000 rw-p 00003000 07:40 193                            /apex/com.android.vndk.v33/lib64/android.hardware.common-V2-ndk.so
751f432000-751f436000 r--p 00000000 fe:1f 51844979                       /vendor/lib64/libvmmem.so
751f436000-751f43b000 r-xp 00004000 fe:1f 51844979                       /vendor/lib64/libvmmem.so
751f43b000-751f43c000 r--p 00009000 fe:1f 51844979                       /vendor/lib64/libvmmem.so
751f43c000-751f43d000 rw-p 00009000 fe:1f 51844979                       /vendor/lib64/libvmmem.so
751f45d000-751f45e000 r--p 00000000 07:40 210                            /apex/com.android.vndk.v33/lib64/android.hardware.graphics.common@1.1.so
751f45e000-751f45f000 r-xp 00001000 07:40 210                            /apex/com.android.vndk.v33/lib64/android.hardware.graphics.common@1.1.so
751f45f000-751f460000 r--p 00002000 07:40 210                            /apex/com.android.vndk.v33/lib64/android.hardware.graphics.common@1.1.so
751f482000-751f494000 r--p 00000000 07:40 274                            /apex/com.android.vndk.v33/lib64/libbase.so
751f494000-751f4bd000 r-xp 00012000 07:40 274                            /apex/com.android.vndk.v33/lib64/libbase.so
751f4bd000-751f4be000 r--p 0003b000 07:40 274                            /apex/com.android.vndk.v33/lib64/libbase.so
751f4be000-751f4bf000 rw-p 0003b000 07:40 274                            /apex/com.android.vndk.v33/lib64/libbase.so
751f4c6000-751f4d7000 r--p 00000000 fe:1f 53041363                       /vendor/lib64/vendor.qti.hardware.display.mapperextensions@1.1.so
751f4d7000-751f4e7000 r-xp 00011000 fe:1f 53041363                       /vendor/lib64/vendor.qti.hardware.display.mapperextensions@1.1.so
751f4e7000-751f4ea000 r--p 00021000 fe:1f 53041363                       /vendor/lib64/vendor.qti.hardware.display.mapperextensions@1.1.so
751f4ea000-751f4eb000 rw-p 00023000 fe:1f 53041363                       /vendor/lib64/vendor.qti.hardware.display.mapperextensions@1.1.so
751f508000-751f511000 r--p 00000000 07:40 291                            /apex/com.android.vndk.v33/lib64/libdmabufheap.so
751f511000-751f51c000 r-xp 00009000 07:40 291                            /apex/com.android.vndk.v33/lib64/libdmabufheap.so
751f51c000-751f51d000 r--p 00014000 07:40 291                            /apex/com.android.vndk.v33/lib64/libdmabufheap.so
751f51d000-751f51e000 rw-p 00014000 07:40 291                            /apex/com.android.vndk.v33/lib64/libdmabufheap.so
751f54c000-751f560000 r--p 00000000 fe:1f 53041374                       /vendor/lib64/vendor.qti.hardware.display.mapperextensions@1.3.so
751f560000-751f573000 r-xp 00014000 fe:1f 53041374                       /vendor/lib64/vendor.qti.hardware.display.mapperextensions@1.3.so
751f573000-751f577000 r--p 00027000 fe:1f 53041374                       /vendor/lib64/vendor.qti.hardware.display.mapperextensions@1.3.so
751f577000-751f578000 rw-p 0002a000 fe:1f 53041374                       /vendor/lib64/vendor.qti.hardware.display.mapperextensions@1.3.so
751f599000-751f59c000 r--p 00000000 fe:1f 40956019                       /vendor/lib64/libgralloc.qti.so
751f59c000-751f5a1000 r-xp 00003000 fe:1f 40956019                       /vendor/lib64/libgralloc.qti.so
751f5a1000-751f5a2000 r--p 00008000 fe:1f 40956019                       /vendor/lib64/libgralloc.qti.so
751f5a2000-751f5a3000 rw-p 00008000 fe:1f 40956019                       /vendor/lib64/libgralloc.qti.so
751f5d0000-751f5de000 r--p 00000000 07:40 216                            /apex/com.android.vndk.v33/lib64/android.hardware.graphics.mapper@4.0.so
751f5de000-751f5eb000 r-xp 0000e000 07:40 216                            /apex/com.android.vndk.v33/lib64/android.hardware.graphics.mapper@4.0.so
751f5eb000-751f5ed000 r--p 0001b000 07:40 216                            /apex/com.android.vndk.v33/lib64/android.hardware.graphics.mapper@4.0.so
751f5ed000-751f5ee000 rw-p 0001c000 07:40 216                            /apex/com.android.vndk.v33/lib64/android.hardware.graphics.mapper@4.0.so
751f610000-751f61a000 r--p 00000000 fe:1f 40956027                       /vendor/lib64/libgrallocutils.so
751f61a000-751f62c000 r-xp 0000a000 fe:1f 40956027                       /vendor/lib64/libgrallocutils.so
751f62c000-751f62d000 r--p 0001c000 fe:1f 40956027                       /vendor/lib64/libgrallocutils.so
751f62d000-751f62e000 rw-p 0001c000 fe:1f 40956027                       /vendor/lib64/libgrallocutils.so
751f62e000-751f630000 rw-p 00000000 00:00 0                              [anon:.bss]
751f658000-751f659000 r--p 00000000 07:40 211                            /apex/com.android.vndk.v33/lib64/android.hardware.graphics.common@1.2.so
751f659000-751f65a000 r-xp 00001000 07:40 211                            /apex/com.android.vndk.v33/lib64/android.hardware.graphics.common@1.2.so
751f65a000-751f65b000 r--p 00002000 07:40 211                            /apex/com.android.vndk.v33/lib64/android.hardware.graphics.common@1.2.so
751f692000-751f69f000 r--p 00000000 fe:1f 40956022                       /vendor/lib64/libgralloccore.so
751f69f000-751f6b1000 r-xp 0000d000 fe:1f 40956022                       /vendor/lib64/libgralloccore.so
751f6b1000-751f6b2000 r--p 0001f000 fe:1f 40956022                       /vendor/lib64/libgralloccore.so
751f6b2000-751f6b3000 rw-p 0001f000 fe:1f 40956022                       /vendor/lib64/libgralloccore.so
751f6b3000-751f6b6000 rw-p 00000000 00:00 0                              [anon:.bss]
751f6dd000-751f6eb000 r--p 00000000 fe:1f 53041347                       /vendor/lib64/vendor.qti.hardware.display.mapper@3.0.so
751f6eb000-751f6fa000 r-xp 0000e000 fe:1f 53041347                       /vendor/lib64/vendor.qti.hardware.display.mapper@3.0.so
751f6fa000-751f6fc000 r--p 0001d000 fe:1f 53041347                       /vendor/lib64/vendor.qti.hardware.display.mapper@3.0.so
751f6fc000-751f6fd000 rw-p 0001e000 fe:1f 53041347                       /vendor/lib64/vendor.qti.hardware.display.mapper@3.0.so
751f702000-751f703000 r--p 00000000 07:40 300                            /apex/com.android.vndk.v33/lib64/libhardware.so
751f703000-751f704000 r-xp 00001000 07:40 300                            /apex/com.android.vndk.v33/lib64/libhardware.so
751f704000-751f705000 r--p 00002000 07:40 300                            /apex/com.android.vndk.v33/lib64/libhardware.so
751f751000-751f764000 r--p 00000000 fe:1f 53041368                       /vendor/lib64/vendor.qti.hardware.display.mapperextensions@1.2.so
751f764000-751f777000 r-xp 00013000 fe:1f 53041368                       /vendor/lib64/vendor.qti.hardware.display.mapperextensions@1.2.so
751f777000-751f77a000 r--p 00026000 fe:1f 53041368                       /vendor/lib64/vendor.qti.hardware.display.mapperextensions@1.2.so
751f77a000-751f77b000 rw-p 00028000 fe:1f 53041368                       /vendor/lib64/vendor.qti.hardware.display.mapperextensions@1.2.so
751f785000-751f797000 r--p 00000000 fe:1f 53041357                       /vendor/lib64/vendor.qti.hardware.display.mapperextensions@1.0.so
751f797000-751f7ab000 r-xp 00012000 fe:1f 53041357                       /vendor/lib64/vendor.qti.hardware.display.mapperextensions@1.0.so
751f7ab000-751f7ae000 r--p 00026000 fe:1f 53041357                       /vendor/lib64/vendor.qti.hardware.display.mapperextensions@1.0.so
751f7ae000-751f7af000 rw-p 00028000 fe:1f 53041357                       /vendor/lib64/vendor.qti.hardware.display.mapperextensions@1.0.so
751f7df000-751f8df000 r--s 00000000 00:11 648                            /dev/__properties__/u:object_r:vndk_prop:s0
751f8df000-751f8e3000 r--p 00000000 fe:1d 5758330                        /system_ext/framework/oat/arm64/androidx.window.sidecar.odex
751f8e3000-751f8e4000 rw-p 00000000 fe:1d 5776906                        /system_ext/framework/oat/arm64/androidx.window.sidecar.vdex
751f902000-751f906000 r--p 00000000 fe:1d 5758205                        /system_ext/framework/oat/arm64/androidx.window.extensions.odex
751f906000-751f908000 rw-p 00000000 fe:1d 5756926                        /system_ext/framework/oat/arm64/androidx.window.extensions.vdex
751f96b000-751f96f000 r--p 00000000 fe:1c 179367543                      /system/framework/oat/arm64/com.android.location.provider.odex
751f96f000-751f970000 rw-p 00000000 fe:1c 179161832                      /system/framework/oat/arm64/com.android.location.provider.vdex
751f993000-751f9a7000 r--p 00000000 fe:1c 179065969                      /system/framework/oat/arm64/org.apache.http.legacy.odex
751f9a7000-751f9f2000 r-xp 00014000 fe:1c 179065969                      /system/framework/oat/arm64/org.apache.http.legacy.odex
751f9f2000-751f9f3000 ---p 00000000 00:00 0 
751f9f3000-751f9f4000 r--p 00060000 fe:1c 179065969                      /system/framework/oat/arm64/org.apache.http.legacy.odex
751f9f4000-751f9f7000 ---p 00000000 00:00 0 
751f9f7000-751f9f9000 rw-p 00000000 00:00 0                              [anon:.bss]
751f9f9000-751f9fb000 ---p 00000000 00:00 0 
751f9fb000-751f9fe000 rw-p 00000000 fe:1c 179065980                      /system/framework/oat/arm64/org.apache.http.legacy.vdex
751fa00000-751ffaa000 r--s 066da000 fe:1c 195692032                      /system/framework/vivo-res.apk
7520000000-75208eb000 r--s 02347000 fe:1c 195696512                      /system/framework/framework-res.apk
752091c000-7520920000 r--p 00000000 fe:1c 179161852                      /system/framework/oat/arm64/com.android.media.remotedisplay.odex
7520920000-7520921000 rw-p 00000000 fe:1c 179089138                      /system/framework/oat/arm64/com.android.media.remotedisplay.vdex
752096f000-7520973000 r--p 00000000 fe:1c 179068669                      /system/framework/oat/arm64/android.test.base.odex
7520973000-7520974000 rw-p 00000000 fe:1c 179363559                      /system/framework/oat/arm64/android.test.base.vdex
752099f000-75209a3000 r--p 00000000 fe:1c 179068666                      /system/framework/oat/arm64/android.hidl.manager-V1.0-java.odex
75209a3000-75209a4000 rw-p 00000000 fe:1c 179066088                      /system/framework/oat/arm64/android.hidl.manager-V1.0-java.vdex
75209cc000-7520acc000 r--s 00000000 00:11 563                            /dev/__properties__/u:object_r:vendor_persist_dpm_prop:s0
7520acc000-7520af7000 r--p 00000000 fe:1c 209742507                      /system/lib64/libvintf.so
7520af7000-7520b65000 r-xp 0002b000 fe:1c 209742507                      /system/lib64/libvintf.so
7520b65000-7520b68000 r--p 00099000 fe:1c 209742507                      /system/lib64/libvintf.so
7520b68000-7520b69000 rw-p 00000000 00:00 0                              [anon:.bss]
7520bc4000-7520bc8000 r--p 00000000 fe:1c 179067129                      /system/framework/oat/arm64/android.hidl.base-V1.0-java.odex
7520bc8000-7520bc9000 rw-p 00000000 fe:1c 179068648                      /system/framework/oat/arm64/android.hidl.base-V1.0-java.vdex
7520c00000-7523e00000 ---p 00000000 00:00 0 
7523e74000-7523e76000 r--p 00000000 fe:27 69                             /apex/com.android.tethering/lib64/libframework-connectivity-jni.so
7523e76000-7523e79000 r-xp 00002000 fe:27 69                             /apex/com.android.tethering/lib64/libframework-connectivity-jni.so
7523e79000-7523e7a000 r--p 00005000 fe:27 69                             /apex/com.android.tethering/lib64/libframework-connectivity-jni.so
7523e7a000-7523e7b000 rw-p 00006000 fe:27 69                             /apex/com.android.tethering/lib64/libframework-connectivity-jni.so
7523ea3000-7523fa3000 r--s 00000000 00:11 652                            /dev/__properties__/u:object_r:vold_status_prop:s0
7523fa3000-75240a3000 r--s 00000000 00:11 310                            /dev/__properties__/u:object_r:hdmi_config_prop:s0
75240a3000-752416e000 r--p 00000000 fe:1c 209740547                      /system/lib64/libprotobuf-cpp-full.so
752416e000-75242bf000 r-xp 000cb000 fe:1c 209740547                      /system/lib64/libprotobuf-cpp-full.so
75242bf000-75242c8000 r--p 0021c000 fe:1c 209740547                      /system/lib64/libprotobuf-cpp-full.so
75242c8000-75242ca000 rw-p 00225000 fe:1c 209740547                      /system/lib64/libprotobuf-cpp-full.so
75242d3000-75243d3000 r--s 00000000 00:11 377                            /dev/__properties__/u:object_r:packagemanager_config_prop:s0
75243d3000-75243d9000 r--p 00000000 fe:1c 209740826                      /system/lib64/librs_jni.so
75243d9000-75243e3000 r-xp 00006000 fe:1c 209740826                      /system/lib64/librs_jni.so
75243e3000-75243e5000 r--p 00010000 fe:1c 209740826                      /system/lib64/librs_jni.so
75243e5000-75243e6000 rw-p 00000000 00:00 0                              [anon:.bss]
7524400000-7524e00000 ---p 00000000 00:00 0 
7524e06000-7524f06000 r--s 00000000 00:11 198                            /dev/__properties__/u:object_r:config_prop:s0
7524f06000-7524fbd000 r--s 071d6000 fe:1c 195692032                      /system/framework/vivo-res.apk
7524fbd000-7525059000 r--s 02dd1000 fe:1c 195696512                      /system/framework/framework-res.apk
7525059000-752508b000 r--p 00000000 fe:1c 177423964                      /system/lib64/android.hardware.tv.tuner-V2-ndk.so
752508b000-75250d6000 r-xp 00032000 fe:1c 177423964                      /system/lib64/android.hardware.tv.tuner-V2-ndk.so
75250d6000-75250db000 r--p 0007d000 fe:1c 177423964                      /system/lib64/android.hardware.tv.tuner-V2-ndk.so
75250db000-75250dc000 rw-p 00082000 fe:1c 177423964                      /system/lib64/android.hardware.tv.tuner-V2-ndk.so
7525100000-7525200000 r--s 00000000 00:11 342                            /dev/__properties__/u:object_r:log_prop:s0
7525200000-7527400000 ---p 00000000 00:00 0 
7527457000-752745b000 r--p 00000000 fe:1c 209742520                      /system/lib64/libvintf_jni.so
752745b000-7527461000 r-xp 00004000 fe:1c 209742520                      /system/lib64/libvintf_jni.so
7527461000-7527462000 r--p 0000a000 fe:1c 209742520                      /system/lib64/libvintf_jni.so
7527462000-7527463000 rw-p 00000000 00:00 0                              [anon:.bss]
7527482000-752748f000 r--p 00000000 fe:1c 209740834                      /system/lib64/librtp_jni.so
752748f000-75274b5000 r-xp 0000d000 fe:1c 209740834                      /system/lib64/librtp_jni.so
75274b5000-75274b7000 r--p 00033000 fe:1c 209740834                      /system/lib64/librtp_jni.so
75274b7000-75274b8000 rw-p 00035000 fe:1c 209740834                      /system/lib64/librtp_jni.so
75274d8000-75274e3000 r--p 00000000 fe:1c 209741167                      /system/lib64/libstagefright_amrnb_common.so
75274e3000-75274eb000 r-xp 0000b000 fe:1c 209741167                      /system/lib64/libstagefright_amrnb_common.so
75274eb000-75274ec000 r--p 00013000 fe:1c 209741167                      /system/lib64/libstagefright_amrnb_common.so
752752e000-7527533000 r--p 00000000 fe:1c 177247867                      /system/lib64/libaudioeffect_jni.so
7527533000-752753c000 r-xp 00005000 fe:1c 177247867                      /system/lib64/libaudioeffect_jni.so
752753c000-752753d000 r--p 0000e000 fe:1c 177247867                      /system/lib64/libaudioeffect_jni.so
752753d000-752753e000 rw-p 00000000 00:00 0                              [anon:.bss]
7527547000-7527551000 r--p 00000000 fe:1c 209741137                      /system/lib64/libsoundpool.so
7527551000-752755f000 r-xp 0000a000 fe:1c 209741137                      /system/lib64/libsoundpool.so
752755f000-7527560000 r--p 00018000 fe:1c 209741137                      /system/lib64/libsoundpool.so
7527560000-7527561000 rw-p 00019000 fe:1c 209741137                      /system/lib64/libsoundpool.so
75275a4000-75276a4000 r--s 00000000 00:11 351                            /dev/__properties__/u:object_r:media_variant_prop:s0
75276a4000-752771b000 r--p 00000000 fe:1c 209741121                      /system/lib64/libsonivox.so
752771b000-7527731000 r-xp 00077000 fe:1c 209741121                      /system/lib64/libsonivox.so
7527731000-7527732000 r--p 0008d000 fe:1c 209741121                      /system/lib64/libsonivox.so
7527732000-7527733000 rw-p 0008e000 fe:1c 209741121                      /system/lib64/libsonivox.so
7527733000-752773a000 rw-p 00000000 00:00 0                              [anon:.bss]
7527760000-7527797000 r--p 00000000 fe:1c 209739392                      /system/lib64/libmedia_jni.so
7527797000-75277ec000 r-xp 00037000 fe:1c 209739392                      /system/lib64/libmedia_jni.so
75277ec000-75277f2000 r--p 0008c000 fe:1c 209739392                      /system/lib64/libmedia_jni.so
75277f2000-75277f3000 rw-p 00092000 fe:1c 209739392                      /system/lib64/libmedia_jni.so
7527800000-752910f000 r--p 00000000 fe:1c 187583339                      /system/fonts/NotoSerifCJK-Regular.ttc
752918a000-75291a3000 r--p 00000000 fe:1c 209739703                      /system/lib64/libmtp.so
75291a3000-75291cd000 r-xp 00019000 fe:1c 209739703                      /system/lib64/libmtp.so
75291cd000-75291d0000 r--p 00043000 fe:1c 209739703                      /system/lib64/libmtp.so
75291d0000-75291d1000 rw-p 00046000 fe:1c 209739703                      /system/lib64/libmtp.so
7529200000-752b0dc000 r--p 00000000 fe:1c 187580288                      /system/fonts/NotoSansCJK-Regular.ttc
752b100000-752b200000 r--s 00000000 00:11 187                            /dev/__properties__/u:object_r:camera_config_prop:s0
752b200000-752b444000 r--p 00000000 fe:1c 179355097                      /system/fonts/Roboto-Regular.ttf
752b4a4000-752b51c000 r--p 00000000 fe:49 183                            /apex/com.android.conscrypt/lib64/libc++.so
752b51c000-752b51f000 ---p 00000000 00:00 0 
752b51f000-752b59f000 r-xp 00077000 fe:49 183                            /apex/com.android.conscrypt/lib64/libc++.so
752b59f000-752b5a2000 ---p 00000000 00:00 0 
752b5a2000-752b5aa000 r--p 000f6000 fe:49 183                            /apex/com.android.conscrypt/lib64/libc++.so
752b5aa000-752b5ad000 ---p 00000000 00:00 0 
752b5ad000-752b5ae000 rw-p 000fd000 fe:49 183                            /apex/com.android.conscrypt/lib64/libc++.so
752b5ae000-752b5b6000 rw-p 00000000 00:00 0                              [anon:.bss]
752b600000-752f200000 ---p 00000000 00:00 0 
752f23d000-752f23e000 ---p 00000000 00:00 0 
752f23e000-752f23f000 ---p 00000000 00:00 0                              [anon:stack_and_tls:12744]
752f23f000-752f346000 rw-p 00000000 00:00 0                              [anon:stack_and_tls:12744]
752f346000-752f347000 ---p 00000000 00:00 0 
752f347000-752f447000 r--s 00000000 00:11 431                            /dev/__properties__/u:object_r:surfaceflinger_prop:s0
752f447000-752f4be000 r--p 00000000 fe:49 184                            /apex/com.android.conscrypt/lib64/libcrypto.so
752f4be000-752f4d8000 r-xp 00077000 fe:49 184                            /apex/com.android.conscrypt/lib64/libcrypto.so
752f4d8000-752f539000 --xp 00091000 fe:49 184                            /apex/com.android.conscrypt/lib64/libcrypto.so
752f539000-752f5ba000 r-xp 000f2000 fe:49 184                            /apex/com.android.conscrypt/lib64/libcrypto.so
752f5ba000-752f5ca000 r--p 00173000 fe:49 184                            /apex/com.android.conscrypt/lib64/libcrypto.so
752f5ca000-752f5cb000 rw-p 00183000 fe:49 184                            /apex/com.android.conscrypt/lib64/libcrypto.so
752f5cb000-752f5d3000 rw-p 00000000 00:00 0                              [anon:.bss]
752f600000-752f700000 r--s 00000000 00:11 182                            /dev/__properties__/u:object_r:build_odm_prop:s0
752f700000-752f800000 r--s 00000000 00:11 386                            /dev/__properties__/u:object_r:persist_wm_debug_prop:s0
752f800000-752f900000 r--s 00000000 00:11 298                            /dev/__properties__/u:object_r:framework_status_prop:s0
752f900000-752fa00000 r--s 00000000 00:11 363                            /dev/__properties__/u:object_r:module_sdkextensions_prop:s0
752fa00000-75315c0000 r--s 00000000 07:d8 18                             /apex/com.android.i18n/etc/icu/icudt76l.dat
7531600000-7531700000 r--s 00000000 00:11 170                            /dev/__properties__/u:object_r:boot_status_prop:s0
7531700000-7531800000 r--s 00000000 00:11 316                            /dev/__properties__/u:object_r:hw_timeout_multiplier_prop:s0
7531800000-7531900000 r--s 00000000 00:11 403                            /dev/__properties__/u:object_r:radio_prop:s0
7531900000-7531a00000 r--s 00000000 00:11 424                            /dev/__properties__/u:object_r:soc_prop:s0
7531a4e000-7531a57000 r--p 00000000 fe:1d 8139983                        /system_ext/lib64/libpenguin_impl.so
7531a57000-7531a6c000 r-xp 00009000 fe:1d 8139983                        /system_ext/lib64/libpenguin_impl.so
7531a6c000-7531a6e000 r--p 0001e000 fe:1d 8139983                        /system_ext/lib64/libpenguin_impl.so
7531a6e000-7531a6f000 rw-p 00020000 fe:1d 8139983                        /system_ext/lib64/libpenguin_impl.so
7531ab5000-7531ab6000 ---p 00000000 00:00 0 
7531ab6000-7531ab7000 ---p 00000000 00:00 0                              [anon:stack_and_tls:12743]
7531ab7000-7531bbe000 rw-p 00000000 00:00 0                              [anon:stack_and_tls:12743]
7531bbe000-7531bc0000 ---p 00000000 00:00 0 
7531bc0000-7531bc1000 ---p 00000000 00:00 0                              [anon:stack_and_tls:12742]
7531bc1000-7531cc8000 rw-p 00000000 00:00 0                              [anon:stack_and_tls:12742]
7531cc8000-7531cc9000 ---p 00000000 00:00 0 
7531ce4000-7531ce5000 ---p 00000000 00:00 0 
7531ce5000-7531de1000 rw-p 00000000 00:00 0                              [anon:stack_and_tls:12783]
7531de1000-7531de3000 ---p 00000000 00:00 0 
7531de3000-7531de4000 ---p 00000000 00:00 0                              [anon:stack_and_tls:12741]
7531de4000-7531eeb000 rw-p 00000000 00:00 0                              [anon:stack_and_tls:12741]
7531eeb000-7531eed000 ---p 00000000 00:00 0 
7531eed000-7531eee000 ---p 00000000 00:00 0                              [anon:stack_and_tls:12739]
7531eee000-7531ff5000 rw-p 00000000 00:00 0                              [anon:stack_and_tls:12739]
7531ff5000-7531ff7000 ---p 00000000 00:00 0 
7531ff7000-7531ff8000 ---p 00000000 00:00 0                              [anon:stack_and_tls:12738]
7531ff8000-75320ff000 rw-p 00000000 00:00 0                              [anon:stack_and_tls:12738]
75320ff000-7532100000 ---p 00000000 00:00 0 
7532100000-7532200000 r--s 00000000 00:11 304                            /dev/__properties__/u:object_r:graphics_config_prop:s0
7532200000-753233c000 ---p 00000000 00:00 0 
753233c000-7532340000 rw-p 00000000 00:00 0 
7532340000-7533580000 ---p 00000000 00:00 0 
7533580000-7533584000 rw-p 00000000 00:00 0 
7533584000-7534200000 ---p 00000000 00:00 0 
7534200000-7536200000 rw-s 00000000 00:01 815875                         /memfd:jit-cache (deleted)
7536200000-7536466000 rw-p 00000000 00:00 0                              [anon:dalvik-allocspace non moving space mark-bitmap 1]
75364b7000-75364b8000 r--p 00000000 fe:1d 8139980                        /system_ext/lib64/libpenguin.so
75364b8000-75364ba000 r-xp 00001000 fe:1d 8139980                        /system_ext/lib64/libpenguin.so
75364ba000-75364bb000 r--p 00003000 fe:1d 8139980                        /system_ext/lib64/libpenguin.so
75364bb000-75364bc000 rw-p 00000000 00:00 0                              [anon:.bss]
75364f6000-75364f7000 ---p 00000000 00:00 0 
75364f7000-75364f8000 ---p 00000000 00:00 0                              [anon:stack_and_tls:12714]
75364f8000-75365ff000 rw-p 00000000 00:00 0                              [anon:stack_and_tls:12714]
75365ff000-7536600000 ---p 00000000 00:00 0 
7536600000-7536866000 rw-p 00000000 00:00 0                              [anon:dalvik-allocspace non moving space live-bitmap 1]
75368a9000-75368b8000 r-xp 00000000 fe:4c 2554017                        /data/app/~~YuncQEj0Rruyt6y_-RebSA==/com.movtery.zalithlauncher.v2-JtRzSV7VpInkzDcyzopsqQ==/lib/arm64/libpojavexec.so
75368b8000-75368ba000 r--p 0000e000 fe:4c 2554017                        /data/app/~~YuncQEj0Rruyt6y_-RebSA==/com.movtery.zalithlauncher.v2-JtRzSV7VpInkzDcyzopsqQ==/lib/arm64/libpojavexec.so
75368ba000-75368bb000 rw-p 0000f000 fe:4c 2554017                        /data/app/~~YuncQEj0Rruyt6y_-RebSA==/com.movtery.zalithlauncher.v2-JtRzSV7VpInkzDcyzopsqQ==/lib/arm64/libpojavexec.so
75368f3000-75368f5000 r-xp 00000000 fe:4c 2599186                        /data/app/~~YuncQEj0Rruyt6y_-RebSA==/com.movtery.zalithlauncher.v2-JtRzSV7VpInkzDcyzopsqQ==/lib/arm64/libdriver_helper.so
75368f5000-75368f6000 r--p 00001000 fe:4c 2599186                        /data/app/~~YuncQEj0Rruyt6y_-RebSA==/com.movtery.zalithlauncher.v2-JtRzSV7VpInkzDcyzopsqQ==/lib/arm64/libdriver_helper.so
75368f6000-75368f7000 rw-p 00001000 fe:4c 2599186                        /data/app/~~YuncQEj0Rruyt6y_-RebSA==/com.movtery.zalithlauncher.v2-JtRzSV7VpInkzDcyzopsqQ==/lib/arm64/libdriver_helper.so
7536902000-7536903000 ---p 00000000 00:00 0 
7536903000-7536904000 ---p 00000000 00:00 0                              [anon:stack_and_tls:12713]
7536904000-75369ff000 rw-p 00000000 00:00 0                              [anon:stack_and_tls:12713]
75369ff000-7536a00000 ---p 00000000 00:00 0 
7536a00000-7536c81000 r--s 098ce000 fe:4c 2521356                        /data/app/~~YuncQEj0Rruyt6y_-RebSA==/com.movtery.zalithlauncher.v2-JtRzSV7VpInkzDcyzopsqQ==/base.apk
7536ce8000-7536ce9000 ---p 00000000 00:00 0 
7536ce9000-7536cea000 ---p 00000000 00:00 0                              [anon:stack_and_tls:12712]
7536cea000-7536df1000 rw-p 00000000 00:00 0                              [anon:stack_and_tls:12712]
7536df1000-7536df3000 ---p 00000000 00:00 0 
7536df3000-7536df4000 ---p 00000000 00:00 0                              [anon:stack_and_tls:12710]
7536df4000-7536eef000 rw-p 00000000 00:00 0                              [anon:stack_and_tls:12710]
7536eef000-7536ef1000 ---p 00000000 00:00 0 
7536ef1000-7536ef2000 ---p 00000000 00:00 0                              [anon:stack_and_tls:12707]
7536ef2000-7536ff9000 rw-p 00000000 00:00 0                              [anon:stack_and_tls:12707]
7536ff9000-7536ffa000 ---p 00000000 00:00 0 
7536ffa000-75370fa000 r--s 00000000 00:11 645                            /dev/__properties__/u:object_r:vivo_font_prop:s0
75370fa000-75371f4000 r--s 00000000 00:01 3122                           /dev/ashmem/fontMap (deleted)
75371f4000-75371f5000 ---p 00000000 00:00 0 
75371f5000-75371f6000 ---p 00000000 00:00 0                              [anon:stack_and_tls:12706]
75371f6000-75372f1000 rw-p 00000000 00:00 0                              [anon:stack_and_tls:12706]
75372f1000-75372f2000 ---p 00000000 00:00 0 
75372f2000-75373f2000 r--s 00000000 00:11 472                            /dev/__properties__/u:object_r:use_memfd_prop:s0
75373f2000-75374f2000 r--s 00000000 00:11 417                            /dev/__properties__/u:object_r:servicemanager_prop:s0
75374f2000-75374f3000 ---p 00000000 00:00 0 
75374f3000-75374f4000 ---p 00000000 00:00 0                              [anon:stack_and_tls:12699]
75374f4000-75375ef000 rw-p 00000000 00:00 0                              [anon:stack_and_tls:12699]
75375ef000-75375f1000 ---p 00000000 00:00 0 
75375f1000-75375f2000 ---p 00000000 00:00 0                              [anon:stack_and_tls:12698]
75375f2000-75376ed000 rw-p 00000000 00:00 0                              [anon:stack_and_tls:12698]
75376ed000-75376ee000 ---p 00000000 00:00 0 
75376ee000-75377ec000 r--p 00000000 00:21 4                              /dev/binderfs/binder
75377ec000-75377ed000 ---p 00000000 00:00 0 
75377ed000-75377ee000 ---p 00000000 00:00 0                              [anon:stack_and_tls:12697]
75377ee000-75378f5000 rw-p 00000000 00:00 0                              [anon:stack_and_tls:12697]
75378f5000-75378f7000 ---p 00000000 00:00 0 
75378f7000-75378f8000 ---p 00000000 00:00 0                              [anon:stack_and_tls:12696]
75378f8000-75379ff000 rw-p 00000000 00:00 0                              [anon:stack_and_tls:12696]
75379ff000-7537a00000 ---p 00000000 00:00 0 
7537a00000-7537da8000 ---p 00000000 00:00 0 
7537da8000-7537dac000 rw-p 00000000 00:00 0 
7537dac000-7538a00000 ---p 00000000 00:00 0 
7538a00000-753aa00000 rw-s 02000000 00:01 815875                         /memfd:jit-cache (deleted)
753aa00000-753c5c0000 r--s 00000000 07:d8 18                             /apex/com.android.i18n/etc/icu/icudt76l.dat
753c606000-753c706000 r--s 00000000 00:11 184                            /dev/__properties__/u:object_r:build_vendor_prop:s0
753c706000-753c725000 r--p 00000000 fe:3f 107                            /apex/com.android.art/lib64/libperfetto_hprof.so
753c725000-753c780000 r-xp 0001f000 fe:3f 107                            /apex/com.android.art/lib64/libperfetto_hprof.so
753c780000-753c784000 r--p 0007a000 fe:3f 107                            /apex/com.android.art/lib64/libperfetto_hprof.so
753c784000-753c785000 rw-p 0007e000 fe:3f 107                            /apex/com.android.art/lib64/libperfetto_hprof.so
753c785000-753c786000 rw-p 00000000 00:00 0                              [anon:.bss]
753c788000-753c800000 rw-p 00000000 00:00 0                              [anon:scudo:secondary]
753c800000-7540000000 ---p 00000000 00:00 0 
7540064000-7540066000 r--p 00000000 fe:1c 209739571                      /system/lib64/libmediadrmmetrics_consumer.so
7540066000-7540069000 r-xp 00002000 fe:1c 209739571                      /system/lib64/libmediadrmmetrics_consumer.so
7540069000-754006a000 r--p 00005000 fe:1c 209739571                      /system/lib64/libmediadrmmetrics_consumer.so
754008d000-7540098000 r--p 00000000 fe:1c 209739574                      /system/lib64/libmediadrmmetrics_full.so
7540098000-75400a6000 r-xp 0000b000 fe:1c 209739574                      /system/lib64/libmediadrmmetrics_full.so
75400a6000-75400a8000 r--p 00019000 fe:1c 209739574                      /system/lib64/libmediadrmmetrics_full.so
75400a8000-75400a9000 rw-p 0001b000 fe:1c 209739574                      /system/lib64/libmediadrmmetrics_full.so
75400c6000-75400c7000 ---p 00000000 00:00 0 
75400c7000-75400c8000 ---p 00000000 00:00 0                              [anon:stack_and_tls:12695]
75400c8000-75401cf000 rw-p 00000000 00:00 0                              [anon:stack_and_tls:12695]
75401cf000-75401d1000 ---p 00000000 00:00 0 
75401d1000-75401d2000 ---p 00000000 00:00 0                              [anon:stack_and_tls:12694]
75401d2000-75402d9000 rw-p 00000000 00:00 0                              [anon:stack_and_tls:12694]
75402d9000-75402da000 ---p 00000000 00:00 0 
75402da000-75402ed000 r--p 00000000 fe:2e 31                             /apex/com.android.adbd/lib64/libadbconnection_client.so
75402ed000-7540320000 r-xp 00013000 fe:2e 31                             /apex/com.android.adbd/lib64/libadbconnection_client.so
7540320000-7540323000 r--p 00046000 fe:2e 31                             /apex/com.android.adbd/lib64/libadbconnection_client.so
7540323000-7540324000 rw-p 00049000 fe:2e 31                             /apex/com.android.adbd/lib64/libadbconnection_client.so
7540324000-7540325000 rw-p 00000000 00:00 0                              [anon:.bss]
7540383000-75403ab000 r--p 00000000 fe:49 186                            /apex/com.android.conscrypt/lib64/libssl.so
75403ab000-75403f6000 r-xp 00028000 fe:49 186                            /apex/com.android.conscrypt/lib64/libssl.so
75403f6000-75403fa000 r--p 00073000 fe:49 186                            /apex/com.android.conscrypt/lib64/libssl.so
75403fa000-75403fb000 rw-p 00077000 fe:49 186                            /apex/com.android.conscrypt/lib64/libssl.so
7540400000-7542000000 ---p 00000000 00:00 0 
7542052000-7542152000 r--s 00000000 00:11 174                            /dev/__properties__/u:object_r:bootloader_prop:s0
7542152000-7542252000 r--s 00000000 00:11 292                            /dev/__properties__/u:object_r:exported_system_prop:s0
7542256000-7542257000 ---p 00000000 00:00 0 
7542257000-7542258000 ---p 00000000 00:00 0                              [anon:stack_and_tls:12693]
7542258000-754235b000 rw-p 00000000 00:00 0                              [anon:stack_and_tls:12693]
754235b000-754235c000 ---p 00000000 00:00 0 
754235c000-7542378000 r--p 00000000 fe:2e 37                             /apex/com.android.adbd/lib64/libprocessgroup.so
7542378000-75423b3000 r-xp 0001c000 fe:2e 37                             /apex/com.android.adbd/lib64/libprocessgroup.so
75423b3000-75423b5000 r--p 00057000 fe:2e 37                             /apex/com.android.adbd/lib64/libprocessgroup.so
75423b5000-75423b6000 rw-p 00000000 00:00 0                              [anon:.bss]
7542400000-7544600000 ---p 00000000 00:00 0 
7544640000-7544641000 r--p 00000000 fe:1c 175429877                      /system/lib64/libasyncio.so
7544641000-7544642000 r-xp 00001000 fe:1c 175429877                      /system/lib64/libasyncio.so
7544642000-7544643000 r--p 00002000 fe:1c 175429877                      /system/lib64/libasyncio.so
754464d000-75446b7000 rw-p 00000000 00:00 0                              [anon:scudo:secondary]
75446b7000-75446b8000 r--p 00000000 fe:27 70                             /apex/com.android.tethering/lib64/libframework-connectivity-tiramisu-jni.so
75446b8000-75446b9000 r-xp 00001000 fe:27 70                             /apex/com.android.tethering/lib64/libframework-connectivity-tiramisu-jni.so
75446b9000-75446ba000 r--p 00002000 fe:27 70                             /apex/com.android.tethering/lib64/libframework-connectivity-tiramisu-jni.so
75446cf000-75446d0000 ---p 00000000 00:00 0 
75446d0000-75446d1000 ---p 00000000 00:00 0                              [anon:stack_and_tls:12692]
75446d1000-75447cc000 rw-p 00000000 00:00 0                              [anon:stack_and_tls:12692]
75447cc000-75447cd000 ---p 00000000 00:00 0 
75447cd000-75448cd000 r--s 00000000 00:11 307                            /dev/__properties__/u:object_r:gwp_asan_prop:s0
75448cd000-7544945000 r--p 00000000 fe:2e 33                             /apex/com.android.adbd/lib64/libc++.so
7544945000-7544948000 ---p 00000000 00:00 0 
7544948000-75449c8000 r-xp 00077000 fe:2e 33                             /apex/com.android.adbd/lib64/libc++.so
75449c8000-75449cb000 ---p 00000000 00:00 0 
75449cb000-75449d3000 r--p 000f6000 fe:2e 33                             /apex/com.android.adbd/lib64/libc++.so
75449d3000-75449d6000 ---p 00000000 00:00 0 
75449d6000-75449d7000 rw-p 000fd000 fe:2e 33                             /apex/com.android.adbd/lib64/libc++.so
75449d7000-75449df000 rw-p 00000000 00:00 0                              [anon:.bss]
7544a00000-7544e00000 ---p 00000000 00:00 0 
7544e41000-7544e57000 r--p 00000000 fe:49 185                            /apex/com.android.conscrypt/lib64/libjavacrypto.so
7544e57000-7544e76000 r-xp 00016000 fe:49 185                            /apex/com.android.conscrypt/lib64/libjavacrypto.so
7544e76000-7544e78000 r--p 00035000 fe:49 185                            /apex/com.android.conscrypt/lib64/libjavacrypto.so
7544e78000-7544e7a000 rw-p 00037000 fe:49 185                            /apex/com.android.conscrypt/lib64/libjavacrypto.so
7544ea2000-7544ea3000 r--p 00000000 07:88 34                             /apex/com.android.os.statsd/lib64/libstats_jni.so
7544ea3000-7544ea4000 r-xp 00001000 07:88 34                             /apex/com.android.os.statsd/lib64/libstats_jni.so
7544ea4000-7544ea5000 r--p 00002000 07:88 34                             /apex/com.android.os.statsd/lib64/libstats_jni.so
7544f00000-7545000000 r--s 00000000 00:11 253                            /dev/__properties__/u:object_r:device_config_memory_safety_native_prop:s0
7545000000-7545280000 rw-p 00000000 00:00 0                              [anon:dalvik-non-moving-space inter region ref bitmap]
7545281000-75452fa000 r--p 00000000 fe:1c 179081971                      /system/framework/org.apache.http.legacy.jar
7545300000-7545400000 r--s 00000000 00:11 337                            /dev/__properties__/u:object_r:lmkd_config_prop:s0
7545400000-7547800000 rw-p 00000000 00:00 0                              [anon:dalvik-region-space inter region ref bitmap]
7547800000-7547a00000 rw-p 00000000 00:00 0                              [anon:dalvik-rb copying gc mark stack]
7547a00000-7548200000 rw-p 00000000 00:00 0                              [anon:dalvik-concurrent copying gc mark stack]
7548200000-7548400000 rw-p 00000000 00:00 0                              [anon:dalvik-rb copying gc mark stack]
7548400000-7548c00000 rw-p 00000000 00:00 0                              [anon:dalvik-concurrent copying gc mark stack]
7548c00000-7549401000 rw-p 00000000 00:00 0                              [anon:dalvik-live stack]
7549446000-7549460000 r--p 00000000 fe:3f 104                            /apex/com.android.art/lib64/libopenjdk.so
7549460000-754947d000 r-xp 0001a000 fe:3f 104                            /apex/com.android.art/lib64/libopenjdk.so
754947d000-754947e000 r--p 00037000 fe:3f 104                            /apex/com.android.art/lib64/libopenjdk.so
754947e000-7549480000 rw-p 00038000 fe:3f 104                            /apex/com.android.art/lib64/libopenjdk.so
754948f000-7549493000 r--p 00000000 fe:3f 105                            /apex/com.android.art/lib64/libopenjdkjvm.so
7549493000-7549497000 r-xp 00004000 fe:3f 105                            /apex/com.android.art/lib64/libopenjdkjvm.so
7549497000-7549498000 r--p 00008000 fe:3f 105                            /apex/com.android.art/lib64/libopenjdkjvm.so
7549498000-7549499000 rw-p 00000000 00:00 0                              [anon:.bss]
75494da000-75494db000 r--p 00000000 fe:3f 83                             /apex/com.android.art/lib64/libandroidio.so
75494db000-75494dc000 r-xp 00001000 fe:3f 83                             /apex/com.android.art/lib64/libandroidio.so
75494dc000-75494dd000 r--p 00002000 fe:3f 83                             /apex/com.android.art/lib64/libandroidio.so
75494dd000-75494de000 rw-p 00000000 00:00 0                              [anon:.bss]
7549519000-754952e000 r--p 00000000 fe:3f 96                             /apex/com.android.art/lib64/libjavacore.so
754952e000-754955f000 r-xp 00015000 fe:3f 96                             /apex/com.android.art/lib64/libjavacore.so
754955f000-7549560000 r--p 00046000 fe:3f 96                             /apex/com.android.art/lib64/libjavacore.so
7549560000-7549562000 rw-p 00047000 fe:3f 96                             /apex/com.android.art/lib64/libjavacore.so
7549581000-7549589000 r--p 00000000 fe:3f 95                             /apex/com.android.art/lib64/libexpat.so
7549589000-75495a7000 r-xp 00008000 fe:3f 95                             /apex/com.android.art/lib64/libexpat.so
75495a7000-75495a9000 r--p 00026000 fe:3f 95                             /apex/com.android.art/lib64/libexpat.so
75495a9000-75495aa000 rw-p 00000000 00:00 0                              [anon:.bss]
75495db000-75495e4000 r--p 00000000 07:d8 35                             /apex/com.android.i18n/lib64/libicu_jni.so
75495e4000-75495f2000 r-xp 00009000 07:d8 35                             /apex/com.android.i18n/lib64/libicu_jni.so
75495f2000-75495f3000 r--p 00017000 07:d8 35                             /apex/com.android.i18n/lib64/libicu_jni.so
75495f3000-75495f4000 rw-p 00018000 07:d8 35                             /apex/com.android.i18n/lib64/libicu_jni.so
7549600000-7549e01000 rw-p 00000000 00:00 0                              [anon:dalvik-allocation stack]
7549e5d000-7549e60000 r--p 00000000 fe:1c 209742790                      /system/lib64/libwebviewchromium_plat_support.so
7549e60000-7549e62000 r-xp 00003000 fe:1c 209742790                      /system/lib64/libwebviewchromium_plat_support.so
7549e62000-7549e63000 r--p 00005000 fe:1c 209742790                      /system/lib64/libwebviewchromium_plat_support.so
7549e63000-7549e64000 rw-p 00006000 fe:1c 209742790                      /system/lib64/libwebviewchromium_plat_support.so
7549e8d000-7549e8f000 r--p 00000000 fe:1c 209741693                      /system/lib64/libstdc++.so
7549e8f000-7549e91000 r-xp 00002000 fe:1c 209741693                      /system/lib64/libstdc++.so
7549e91000-7549e92000 r--p 00004000 fe:1c 209741693                      /system/lib64/libstdc++.so
7549e92000-7549e93000 rw-p 00000000 00:00 0                              [anon:.bss]
7549ee4000-7549ee7000 r--p 00000000 fe:1c 209741948                      /system/lib64/libutilscallstack.so
7549ee7000-7549eea000 r-xp 00003000 fe:1c 209741948                      /system/lib64/libutilscallstack.so
7549eea000-7549eeb000 r--p 00006000 fe:1c 209741948                      /system/lib64/libutilscallstack.so
7549eeb000-7549eec000 rw-p 00000000 00:00 0                              [anon:.bss]
7549f0a000-7549f11000 r--p 00000000 fe:1c 179152509                      /system/lib64/libRS.so
7549f11000-7549f19000 r-xp 00007000 fe:1c 179152509                      /system/lib64/libRS.so
7549f19000-7549f1a000 r--p 0000f000 fe:1c 179152509                      /system/lib64/libRS.so
7549f1a000-7549f1b000 rw-p 00000000 00:00 0                              [anon:.bss]
7549f5d000-7549f7e000 r--p 00000000 fe:1c 175152886                      /system/lib64/android.hardware.renderscript@1.0.so
7549f7e000-7549fba000 r-xp 00021000 fe:1c 175152886                      /system/lib64/android.hardware.renderscript@1.0.so
7549fba000-7549fbf000 r--p 0005d000 fe:1c 175152886                      /system/lib64/android.hardware.renderscript@1.0.so
7549fbf000-7549fc0000 rw-p 00062000 fe:1c 175152886                      /system/lib64/android.hardware.renderscript@1.0.so
7549fea000-7549fec000 r--p 00000000 fe:1c 209737465                      /system/lib64/libOpenSLES.so
7549fec000-7549fed000 r-xp 00002000 fe:1c 209737465                      /system/lib64/libOpenSLES.so
7549fed000-7549fee000 r--p 00003000 fe:1c 209737465                      /system/lib64/libOpenSLES.so
754a000000-754a401000 rw-p 00000000 00:00 0                              [anon:dalvik-card table]
754a467000-754a469000 r--p 00000000 fe:1c 177417723                      /system/lib64/libOpenMAXAL.so
754a469000-754a46a000 r-xp 00002000 fe:1c 177417723                      /system/lib64/libOpenMAXAL.so
754a46a000-754a46b000 r--p 00003000 fe:1c 177417723                      /system/lib64/libOpenMAXAL.so
754a49f000-754a4a3000 r--p 00000000 fe:1c 209739325                      /system/lib64/libjnigraphics.so
754a4a3000-754a4a5000 r-xp 00004000 fe:1c 209739325                      /system/lib64/libjnigraphics.so
754a4a5000-754a4a6000 r--p 00006000 fe:1c 209739325                      /system/lib64/libjnigraphics.so
754a4a6000-754a4a7000 rw-p 00000000 00:00 0                              [anon:.bss]
754a4cb000-754a4df000 r--p 00000000 fe:1c 209738101                      /system/lib64/libcamera2ndk.so
754a4df000-754a519000 r-xp 00014000 fe:1c 209738101                      /system/lib64/libcamera2ndk.so
754a519000-754a51c000 r--p 0004e000 fe:1c 209738101                      /system/lib64/libcamera2ndk.so
754a51c000-754a51d000 rw-p 00051000 fe:1c 209738101                      /system/lib64/libcamera2ndk.so
754a541000-754a545000 r--p 00000000 fe:1c 178290266                      /system/lib64/libamidi.so
754a545000-754a549000 r-xp 00004000 fe:1c 178290266                      /system/lib64/libamidi.so
754a549000-754a54a000 r--p 00008000 fe:1c 178290266                      /system/lib64/libamidi.so
754a54a000-754a54b000 rw-p 00009000 fe:1c 178290266                      /system/lib64/libamidi.so
754a580000-754a5a7000 r--p 00000000 fe:1c 201451885                      /system/lib64/libaaudio_internal.so
754a5a7000-754a5e9000 r-xp 00027000 fe:1c 201451885                      /system/lib64/libaaudio_internal.so
754a5e9000-754a5f0000 r--p 00069000 fe:1c 201451885                      /system/lib64/libaaudio_internal.so
754a5f0000-754a5f1000 rw-p 00070000 fe:1c 201451885                      /system/lib64/libaaudio_internal.so
754a600000-754a680000 rw-p 00000000 00:00 0                              [anon:dalvik-large object free list space allocation info map]
754a683000-754a6f6000 rw-p 00000000 00:00 0                              [anon:scudo:secondary]
754a6f6000-754a6f7000 ---p 00000000 00:00 0 
754a6f7000-754a6f8000 ---p 00000000 00:00 0                              [anon:stack_and_tls:12736]
754a6f8000-754a7ff000 rw-p 00000000 00:00 0                              [anon:stack_and_tls:12736]
754a7ff000-754a800000 ---p 00000000 00:00 0 
754a800000-754b000000 rw-p 00000000 00:00 0                              [anon:dalvik-region space live bitmap]
754b009000-754b072000 rw-p 00000000 00:00 0                              [anon:scudo:secondary]
754b072000-754b073000 ---p 00000000 00:00 0 
754b073000-754b074000 ---p 00000000 00:00 0                              [anon:stack_and_tls:12735]
754b074000-754b17b000 rw-p 00000000 00:00 0                              [anon:stack_and_tls:12735]
754b17b000-754b17c000 ---p 00000000 00:00 0 
754b17c000-754b1fc000 rw-p 00000000 00:00 0                              [anon:scudo:secondary]
754b1fc000-754b2fc000 r--s 00000000 00:11 535                            /dev/__properties__/u:object_r:vendor_gralloc_prop:s0
754b2fc000-754b3fa000 r--p 00000000 00:21 5                              /dev/binderfs/hwbinder
754b3fa000-754b4fa000 r--s 00000000 00:11 317                            /dev/__properties__/u:object_r:hwservicemanager_prop:s0
754b51d000-754b59d000 rw-p 00000000 00:00 0                              [anon:scudo:secondary]
754b59d000-754b59f000 r--p 00000000 fe:1f 36930411                       /vendor/lib64/hw/gralloc.default.so
754b59f000-754b5a1000 r-xp 00002000 fe:1f 36930411                       /vendor/lib64/hw/gralloc.default.so
754b5a1000-754b5a2000 r--p 00004000 fe:1f 36930411                       /vendor/lib64/hw/gralloc.default.so
754b5a2000-754b5a3000 rw-p 00004000 fe:1f 36930411                       /vendor/lib64/hw/gralloc.default.so
754b5f8000-754b5f9000 ---p 00000000 00:00 0 
754b5f9000-754b5fa000 ---p 00000000 00:00 0                              [anon:stack_and_tls:12724]
754b5fa000-754b6f5000 rw-p 00000000 00:00 0                              [anon:stack_and_tls:12724]
754b6f5000-754b6f7000 ---p 00000000 00:00 0 
754b6f7000-754b6f8000 ---p 00000000 00:00 0                              [anon:stack_and_tls:12722]
754b6f8000-754b7ff000 rw-p 00000000 00:00 0                              [anon:stack_and_tls:12722]
754b7ff000-754b800000 ---p 00000000 00:00 0 
754b800000-754c4bc000 ---p 00000000 00:00 0 
754c4bc000-754c4c0000 rw-p 00000000 00:00 0 
754c4c0000-754c800000 ---p 00000000 00:00 0 
754c83b000-754c83c000 ---p 00000000 00:00 0 
754c83c000-754c83d000 ---p 00000000 00:00 0                              [anon:stack_and_tls:12720]
754c83d000-754c944000 rw-p 00000000 00:00 0                              [anon:stack_and_tls:12720]
754c944000-754c946000 ---p 00000000 00:00 0 
754c946000-754c947000 ---p 00000000 00:00 0                              [anon:stack_and_tls:12719]
754c947000-754ca4e000 rw-p 00000000 00:00 0                              [anon:stack_and_tls:12719]
754ca4e000-754ca4f000 ---p 00000000 00:00 0 
754ca4f000-754cadc000 r-xp 00000000 fe:4c 2476070                        /data/app/~~YuncQEj0Rruyt6y_-RebSA==/com.movtery.zalithlauncher.v2-JtRzSV7VpInkzDcyzopsqQ==/lib/arm64/libmmkv.so
754cadc000-754cadf000 ---p 00000000 00:00 0 
754cadf000-754cae4000 r--p 0008c000 fe:4c 2476070                        /data/app/~~YuncQEj0Rruyt6y_-RebSA==/com.movtery.zalithlauncher.v2-JtRzSV7VpInkzDcyzopsqQ==/lib/arm64/libmmkv.so
754cae4000-754cae7000 ---p 00000000 00:00 0 
754cae7000-754cae9000 rw-p 00090000 fe:4c 2476070                        /data/app/~~YuncQEj0Rruyt6y_-RebSA==/com.movtery.zalithlauncher.v2-JtRzSV7VpInkzDcyzopsqQ==/lib/arm64/libmmkv.so
754cb03000-754cbe3000 r-xp 00000000 fe:4c 2521335                        /data/app/~~YuncQEj0Rruyt6y_-RebSA==/com.movtery.zalithlauncher.v2-JtRzSV7VpInkzDcyzopsqQ==/lib/arm64/libfishnet.so
754cbe3000-754cbe6000 ---p 00000000 00:00 0 
754cbe6000-754cbef000 r--p 000df000 fe:4c 2521335                        /data/app/~~YuncQEj0Rruyt6y_-RebSA==/com.movtery.zalithlauncher.v2-JtRzSV7VpInkzDcyzopsqQ==/lib/arm64/libfishnet.so
754cbef000-754cbf2000 ---p 00000000 00:00 0 
754cbf2000-754cbf3000 rw-p 000e7000 fe:4c 2521335                        /data/app/~~YuncQEj0Rruyt6y_-RebSA==/com.movtery.zalithlauncher.v2-JtRzSV7VpInkzDcyzopsqQ==/lib/arm64/libfishnet.so
754cbf3000-754cbfe000 rw-p 00000000 00:00 0                              [anon:.bss]
754cc00000-754ce80000 rw-p 00000000 00:00 0                              [anon:dalvik-allocspace zygote / non moving space mark-bitmap 0]
754ced2000-754ced7000 r--p 00000000 fe:1c 201451512                      /system/lib64/libaaudio.so
754ced7000-754cedc000 r-xp 00005000 fe:1c 201451512                      /system/lib64/libaaudio.so
754cedc000-754cedd000 r--p 0000a000 fe:1c 201451512                      /system/lib64/libaaudio.so
754cedd000-754cede000 rw-p 00000000 00:00 0                              [anon:.bss]
754cf12000-754cf19000 r--p 00000000 fe:1c 201481713                      /system/lib64/aaudio-aidl-cpp.so
754cf19000-754cf22000 r-xp 00007000 fe:1c 201481713                      /system/lib64/aaudio-aidl-cpp.so
754cf22000-754cf25000 r--p 00010000 fe:1c 201481713                      /system/lib64/aaudio-aidl-cpp.so
754cf25000-754cf26000 rw-p 00013000 fe:1c 201481713                      /system/lib64/aaudio-aidl-cpp.so
754cf72000-754cf73000 r--p 00000000 fe:1c 179233527                      /system/lib64/com.android.media.aaudio-aconfig-cc.so
754cf73000-754cf75000 r-xp 00001000 fe:1c 179233527                      /system/lib64/com.android.media.aaudio-aconfig-cc.so
754cf75000-754cf76000 r--p 00003000 fe:1c 179233527                      /system/lib64/com.android.media.aaudio-aconfig-cc.so
754cf76000-754cf77000 rw-p 00000000 00:00 0                              [anon:.bss]
754cf9f000-754cfc0000 r--p 00000000 fe:1c 178290269                      /system/lib64/libandroid.so
754cfc0000-754cfe3000 r-xp 00021000 fe:1c 178290269                      /system/lib64/libandroid.so
754cfe3000-754cfe7000 r--p 00044000 fe:1c 178290269                      /system/lib64/libandroid.so
754cfe7000-754cfe8000 rw-p 00048000 fe:1c 178290269                      /system/lib64/libandroid.so
754d000000-754d280000 rw-p 00000000 00:00 0                              [anon:dalvik-allocspace zygote / non moving space live-bitmap 0]
754d2d1000-754d320000 r--p 00000000 fe:1c 209743232                      /system/lib64/libxml2.so
754d320000-754d3ef000 r-xp 0004f000 fe:1c 209743232                      /system/lib64/libxml2.so
754d3ef000-754d3f3000 r--p 0011e000 fe:1c 209743232                      /system/lib64/libxml2.so
754d3f3000-754d3f4000 rw-p 00122000 fe:1c 209743232                      /system/lib64/libxml2.so
754d3f4000-754d3f5000 rw-p 00000000 00:00 0                              [anon:.bss]
754d420000-754d426000 r--p 00000000 fe:1c 176824035                      /system/lib64/dynamic_instrumentation_manager_aidl-cpp.so
754d426000-754d429000 r-xp 00006000 fe:1c 176824035                      /system/lib64/dynamic_instrumentation_manager_aidl-cpp.so
754d429000-754d42b000 r--p 00009000 fe:1c 176824035                      /system/lib64/dynamic_instrumentation_manager_aidl-cpp.so
754d42b000-754d42c000 rw-p 0000b000 fe:1c 176824035                      /system/lib64/dynamic_instrumentation_manager_aidl-cpp.so
754d477000-754d600000 r--p 00000000 fe:25 36                             /apex/com.android.wifi/javalib/framework-wifi.jar
754d600000-754d808000 r--p 00000000 fe:27 48                             /apex/com.android.tethering/javalib/framework-connectivity.jar
754d84e000-754d850000 r--p 00000000 fe:1c 201452394                      /system/lib64/android.os.flags-aconfig-cc.so
754d850000-754d851000 r-xp 00002000 fe:1c 201452394                      /system/lib64/android.os.flags-aconfig-cc.so
754d851000-754d852000 r--p 00003000 fe:1c 201452394                      /system/lib64/android.os.flags-aconfig-cc.so
754d852000-754d853000 rw-p 00000000 00:00 0                              [anon:.bss]
754d88d000-754d89c000 r--p 00000000 fe:2e 32                             /apex/com.android.adbd/lib64/libbase.so
754d89c000-754d8ba000 r-xp 0000f000 fe:2e 32                             /apex/com.android.adbd/lib64/libbase.so
754d8ba000-754d8bb000 r--p 0002d000 fe:2e 32                             /apex/com.android.adbd/lib64/libbase.so
754d8bb000-754d8bc000 rw-p 0002e000 fe:2e 32                             /apex/com.android.adbd/lib64/libbase.so
754d8c0000-754d951000 rw-p 00000000 00:00 0                              [anon:scudo:secondary]
754d951000-754d9d6000 r--p 00000000 fe:27 47                             /apex/com.android.tethering/javalib/framework-connectivity-t.jar
754d9d6000-754da91000 r--p 00000000 fe:34 33                             /apex/com.android.media/javalib/updatable-media.jar
754da91000-754dc00000 r--p 00000000 07:50 41                             /apex/com.android.bt/javalib/framework-bluetooth.jar
754dc00000-754dee3000 r--p 00004000 07:d8 21                             /apex/com.android.i18n/javalib/core-icu4j.jar
754df48000-754e000000 r--p 00000000 fe:35 24                             /apex/com.android.ipsec/javalib/android.net.ipsec.ike.jar
754e000000-754e8d6000 r--p 00001000 fe:1c 195694188                      /system/framework/vivo-framework.jar
754e932000-754ea00000 r--p 00000000 07:48 28                             /apex/com.android.healthfitness/javalib/framework-healthfitness.jar
754ea00000-754ef97000 r--p 00000000 fe:1c 195697664                      /system/framework/telephony-common.jar
754f000000-754f484000 r--p 02d02000 fe:1c 195694817                      /system/framework/framework.jar
754f486000-754f600000 r--p 00000000 fe:1c 179252070                      /system/framework/vivo-media.jar
754f600000-754ff20000 r--p 023e3000 fe:1c 195694817                      /system/framework/framework.jar
754ff7b000-7550000000 r--p 00000000 fe:49 176                            /apex/com.android.conscrypt/javalib/conscrypt.jar
7550000000-75508f8000 r--p 01aec000 fe:1c 195694817                      /system/framework/framework.jar
7550916000-755091e000 r--p 00000000 fe:3f 82                             /apex/com.android.art/lib64/libadbconnection.so
755091e000-755092e000 r-xp 00008000 fe:3f 82                             /apex/com.android.art/lib64/libadbconnection.so
755092e000-755092f000 r--p 00018000 fe:3f 82                             /apex/com.android.art/lib64/libadbconnection.so
755092f000-7550930000 rw-p 00000000 00:00 0                              [anon:.bss]
755097a000-7550a00000 r--p 00000000 fe:37 28                             /apex/com.android.adservices/javalib/framework-adservices.jar
7550a00000-75512a4000 r--p 01249000 fe:1c 195694817                      /system/framework/framework.jar
75512aa000-7551336000 r--p 00000000 fe:1c 179060851                      /system/framework/ims-common.jar
7551336000-7551400000 r--p 00000000 fe:1c 179069169                      /system/framework/voip-common.jar
7551400000-7551d09000 r--p 00941000 fe:1c 195694817                      /system/framework/framework.jar
7551d0e000-7551d80000 rw-p 00000000 00:00 0                              [anon:scudo:secondary]
7551d80000-7551e00000 r--p 00000000 fe:1c 179023219                      /system/framework/framework-location.jar
7551e00000-755273b000 r--p 00007000 fe:1c 195694817                      /system/framework/framework.jar
7552769000-7552869000 r--p 00000000 fe:3f 46                             /apex/com.android.art/javalib/apache-xml.jar
7552869000-7552966000 r--p 00000000 fe:3f 47                             /apex/com.android.art/javalib/bouncycastle.jar
7552966000-7552a00000 r--p 00000000 fe:3f 48                             /apex/com.android.art/javalib/core-libart.jar
7552a00000-7552fa3000 r--p 00000000 fe:3f 49                             /apex/com.android.art/javalib/core-oj.jar
7552fa9000-7553009000 rw-p 00000000 00:00 0                              [anon:scudo:secondary]
7553009000-7553109000 r--s 00000000 00:11 262                            /dev/__properties__/u:object_r:device_config_runtime_native_prop:s0
7553109000-755310c000 r--p 00000000 fe:1c 175429874                      /system/lib64/libartpalette-system.so
755310c000-755310e000 r-xp 00003000 fe:1c 175429874                      /system/lib64/libartpalette-system.so
755310e000-755310f000 r--p 00005000 fe:1c 175429874                      /system/lib64/libartpalette-system.so
755310f000-7553110000 rw-p 00000000 00:00 0                              [anon:.bss]
7553114000-755316b000 rw-p 00000000 00:00 0                              [anon:scudo:secondary]
755316b000-755316d000 r--p 00000000 fe:1c 209742037                      /system/lib64/libtombstoned_client.so
755316d000-7553171000 r-xp 00002000 fe:1c 209742037                      /system/lib64/libtombstoned_client.so
7553171000-7553172000 r--p 00006000 fe:1c 209742037                      /system/lib64/libtombstoned_client.so
75531ac000-75532ac000 r--s 00000000 00:11 296                            /dev/__properties__/u:object_r:fingerprint_prop:s0
75532ac000-75533ac000 r--s 00000000 00:11 382                            /dev/__properties__/u:object_r:persist_debug_prop:s0
75533ac000-75534ac000 r--s 00000000 00:11 339                            /dev/__properties__/u:object_r:locale_prop:s0
75534ac000-75535ac000 r--s 00000000 00:11 232                            /dev/__properties__/u:object_r:dalvik_dynamic_config_prop:s0
75535ac000-75536ac000 r--s 00000000 00:11 287                            /dev/__properties__/u:object_r:exported_config_prop:s0
75536ac000-75537ac000 r--s 00000000 00:11 240                            /dev/__properties__/u:object_r:default_prop:s0
75537ae000-75537af000 ---p 00000000 00:00 0 
75537af000-75537b0000 ---p 00000000 00:00 0                              [anon:stack_and_tls:12691]
75537b0000-75538ab000 rw-p 00000000 00:00 0                              [anon:stack_and_tls:12691]
75538ab000-75538ac000 ---p 00000000 00:00 0 
75538ac000-7553a48000 r--p 00000000 fe:3f 85                             /apex/com.android.art/lib64/libart.so
7553a48000-7553aac000 ---p 00000000 00:00 0 
7553aac000-755422f000 r-xp 00200000 fe:3f 85                             /apex/com.android.art/lib64/libart.so
755422f000-75542ac000 ---p 00000000 00:00 0 
75542ac000-75542e2000 r--p 00a00000 fe:3f 85                             /apex/com.android.art/lib64/libart.so
75542e2000-75544ac000 ---p 00000000 00:00 0 
75544ac000-75544b0000 rw-p 00c00000 fe:3f 85                             /apex/com.android.art/lib64/libart.so
75544b0000-75544cf000 rw-p 00000000 00:00 0                              [anon:.bss]
7554500000-7554600000 r--s 00000000 00:11 261                            /dev/__properties__/u:object_r:device_config_runtime_native_boot_prop:s0
7554600000-7554c00000 ---p 00000000 00:00 0 
7554c51000-7554d51000 r--s 00000000 00:11 231                            /dev/__properties__/u:object_r:dalvik_config_prop:s0
7554d51000-7554d77000 r--p 00000000 fe:3f 86                             /apex/com.android.art/lib64/libartbase.so
7554d77000-7554da7000 r-xp 00026000 fe:3f 86                             /apex/com.android.art/lib64/libartbase.so
7554da7000-7554daa000 r--p 00056000 fe:3f 86                             /apex/com.android.art/lib64/libartbase.so
7554daa000-7554dab000 rw-p 00059000 fe:3f 86                             /apex/com.android.art/lib64/libartbase.so
7554deb000-7554ded000 r--p 00000000 fe:3f 87                             /apex/com.android.art/lib64/libartpalette.so
7554ded000-7554dee000 r-xp 00002000 fe:3f 87                             /apex/com.android.art/lib64/libartpalette.so
7554dee000-7554def000 r--p 00003000 fe:3f 87                             /apex/com.android.art/lib64/libartpalette.so
7554def000-7554df0000 rw-p 00000000 00:00 0                              [anon:.bss]
7554e24000-7554e2a000 r--p 00000000 07:88 36                             /apex/com.android.os.statsd/lib64/libstatssocket.so
7554e2a000-7554e32000 r-xp 00006000 07:88 36                             /apex/com.android.os.statsd/lib64/libstatssocket.so
7554e32000-7554e33000 r--p 0000e000 07:88 36                             /apex/com.android.os.statsd/lib64/libstatssocket.so
7554e33000-7554e34000 rw-p 0000f000 07:88 36                             /apex/com.android.os.statsd/lib64/libstatssocket.so
7554e47000-7554e51000 r--p 00000000 fe:3f 108                            /apex/com.android.art/lib64/libprofile.so
7554e51000-7554e6a000 r-xp 0000a000 fe:3f 108                            /apex/com.android.art/lib64/libprofile.so
7554e6a000-7554e6b000 r--p 00023000 fe:3f 108                            /apex/com.android.art/lib64/libprofile.so
7554e6b000-7554e6c000 rw-p 00000000 00:00 0                              [anon:.bss]
7554e98000-7554e9d000 r--p 00000000 fe:3f 98                             /apex/com.android.art/lib64/liblz4.so
7554e9d000-7554ebd000 r-xp 00005000 fe:3f 98                             /apex/com.android.art/lib64/liblz4.so
7554ebd000-7554ebe000 r--p 00025000 fe:3f 98                             /apex/com.android.art/lib64/liblz4.so
7554ec2000-7554ed5000 r--p 00000000 fe:3f 92                             /apex/com.android.art/lib64/libdexfile.so
7554ed5000-7554efd000 r-xp 00013000 fe:3f 92                             /apex/com.android.art/lib64/libdexfile.so
7554efd000-7554eff000 r--p 0003b000 fe:3f 92                             /apex/com.android.art/lib64/libdexfile.so
7554eff000-7554f00000 rw-p 0003d000 fe:3f 92                             /apex/com.android.art/lib64/libdexfile.so
7554f0e000-7554f12000 r--p 00000000 fe:1c 175207779                      /system/lib64/heapprofd_client_api.so
7554f12000-7554f1b000 r-xp 00004000 fe:1c 175207779                      /system/lib64/heapprofd_client_api.so
7554f1b000-7554f1c000 r--p 0000d000 fe:1c 175207779                      /system/lib64/heapprofd_client_api.so
7554f1c000-7554f1d000 rw-p 0000e000 fe:1c 175207779                      /system/lib64/heapprofd_client_api.so
7554f1d000-7554f26000 rw-p 00000000 00:00 0                              [anon:.bss]
7554f41000-7554f4a000 r--p 00000000 07:88 35                             /apex/com.android.os.statsd/lib64/libstatspull.so
7554f4a000-7554f5d000 r-xp 00009000 07:88 35                             /apex/com.android.os.statsd/lib64/libstatspull.so
7554f5d000-7554f5f000 r--p 0001c000 07:88 35                             /apex/com.android.os.statsd/lib64/libstatspull.so
7554f5f000-7554f60000 rw-p 0001e000 07:88 35                             /apex/com.android.os.statsd/lib64/libstatspull.so
7554fa9000-75550a9000 r--s 00000000 00:11 234                            /dev/__properties__/u:object_r:dalvik_runtime_prop:s0
75550a9000-75550ac000 r--p 00000000 fe:3f 101                            /apex/com.android.art/lib64/libnativehelper.so
75550ac000-75550af000 r-xp 00003000 fe:3f 101                            /apex/com.android.art/lib64/libnativehelper.so
75550af000-75550b0000 r--p 00006000 fe:3f 101                            /apex/com.android.art/lib64/libnativehelper.so
75550b0000-75550b1000 rw-p 00000000 00:00 0                              [anon:.bss]
75550cc000-75551cc000 r--s 00000000 00:11 396                            /dev/__properties__/u:object_r:property_service_version_prop:s0
75551cc000-75552cc000 r--s 00000000 00:11 454                            /dev/__properties__/u:object_r:timezone_prop:s0
75552cc000-75553cc000 r--s 00000000 00:11 473                            /dev/__properties__/u:object_r:userdebug_or_eng_prop:s0
75553cc000-75553de000 r--p 00000000 fe:1c 209739089                      /system/lib64/libmars-service.so
75553de000-75553ed000 r-xp 00012000 fe:1c 209739089                      /system/lib64/libmars-service.so
75553ed000-75553f3000 r--p 00021000 fe:1c 209739089                      /system/lib64/libmars-service.so
75553f3000-75553f4000 rw-p 00027000 fe:1c 209739089                      /system/lib64/libmars-service.so
75553f4000-7555415000 rw-p 00000000 00:00 0                              [anon:scudo:secondary]
7555415000-7555492000 r--p 00000000 fe:1c 209739904                      /system/lib64/libmediaplayerservice.so
7555492000-7555597000 r-xp 0007d000 fe:1c 209739904                      /system/lib64/libmediaplayerservice.so
7555597000-75555a3000 r--p 00182000 fe:1c 209739904                      /system/lib64/libmediaplayerservice.so
75555a3000-75555a4000 rw-p 0018e000 fe:1c 209739904                      /system/lib64/libmediaplayerservice.so
7555600000-7556e00000 ---p 00000000 00:00 0 
7556e19000-7556e62000 rw-p 00000000 00:00 0                              [anon:scudo:secondary]
7556e62000-7556e6d000 r--p 00000000 fe:1c 179358945                      /system/lib64/android.hardware.power@1.2.so
7556e6d000-7556e7b000 r-xp 0000b000 fe:1c 179358945                      /system/lib64/android.hardware.power@1.2.so
7556e7b000-7556e7d000 r--p 00019000 fe:1c 179358945                      /system/lib64/android.hardware.power@1.2.so
7556e7d000-7556e7e000 rw-p 0001b000 fe:1c 179358945                      /system/lib64/android.hardware.power@1.2.so
7556e8e000-7556e91000 r--p 00000000 fe:1c 209739086                      /system/lib64/libmars-featureclient.so
7556e91000-7556e92000 r-xp 00003000 fe:1c 209739086                      /system/lib64/libmars-featureclient.so
7556e92000-7556e93000 r--p 00004000 fe:1c 209739086                      /system/lib64/libmars-featureclient.so
7556e93000-7556e94000 rw-p 00005000 fe:1c 209739086                      /system/lib64/libmars-featureclient.so
7556e99000-7556ee2000 rw-p 00000000 00:00 0                              [anon:scudo:secondary]
7556ee2000-7556eec000 r--p 00000000 fe:1c 187596665                      /system/lib64/android.hardware.power@1.0.so
7556eec000-7556ef9000 r-xp 0000a000 fe:1c 187596665                      /system/lib64/android.hardware.power@1.0.so
7556ef9000-7556efb000 r--p 00017000 fe:1c 187596665                      /system/lib64/android.hardware.power@1.0.so
7556efb000-7556efc000 rw-p 00019000 fe:1c 187596665                      /system/lib64/android.hardware.power@1.0.so
7556f0d000-7556f1a000 r--p 00000000 fe:1c 187596647                      /system/lib64/android.hardware.power-V6-ndk.so
7556f1a000-7556f2c000 r-xp 0000d000 fe:1c 187596647                      /system/lib64/android.hardware.power-V6-ndk.so
7556f2c000-7556f2e000 r--p 0001f000 fe:1c 187596647                      /system/lib64/android.hardware.power-V6-ndk.so
7556f2e000-7556f2f000 rw-p 00021000 fe:1c 187596647                      /system/lib64/android.hardware.power-V6-ndk.so
7556f41000-7556f83000 r--p 00000000 fe:1d 8139757                        /system_ext/lib64/libavenhancements.so
7556f83000-7556fee000 r-xp 00042000 fe:1d 8139757                        /system_ext/lib64/libavenhancements.so
7556fee000-7556ff4000 r--p 000ad000 fe:1d 8139757                        /system_ext/lib64/libavenhancements.so
7556ff4000-7556ff5000 rw-p 000b3000 fe:1d 8139757                        /system_ext/lib64/libavenhancements.so
7557011000-7557016000 r--p 00000000 fe:1c 179361134                      /system/lib64/libactivitymanager_aidl.so
7557016000-755701a000 r-xp 00005000 fe:1c 179361134                      /system/lib64/libactivitymanager_aidl.so
755701a000-755701c000 r--p 00009000 fe:1c 179361134                      /system/lib64/libactivitymanager_aidl.so
755701c000-755701d000 rw-p 0000b000 fe:1c 179361134                      /system/lib64/libactivitymanager_aidl.so
755705e000-7557082000 r--p 00000000 fe:1c 209741614                      /system/lib64/libstagefright_httplive.so
7557082000-75570e0000 r-xp 00024000 fe:1c 209741614                      /system/lib64/libstagefright_httplive.so
75570e0000-75570e3000 r--p 00082000 fe:1c 209741614                      /system/lib64/libstagefright_httplive.so
75570e3000-75570e4000 rw-p 00085000 fe:1c 209741614                      /system/lib64/libstagefright_httplive.so
7557100000-7557200000 r--s 00000000 00:11 288                            /dev/__properties__/u:object_r:exported_default_prop:s0
7557200000-7557300000 r--s 00000000 00:11 441                            /dev/__properties__/u:object_r:system_prop:s0
7557300000-7557400000 r--s 00000000 00:11 345                            /dev/__properties__/u:object_r:logd_prop:s0
7557400000-7557407000 ---p 00000000 00:00 0                              [anon:scudo:primary_reserve]
7557407000-7557447000 rw-p 00000000 00:00 0                              [anon:scudo:primary]
7557447000-7557847000 rw-p 00000000 00:00 0                              [anon:scudo:primary]
7557847000-756740b000 ---p 00000000 00:00 0                              [anon:scudo:primary_reserve]
756740b000-75674cb000 rw-p 00000000 00:00 0                              [anon:scudo:primary]
75674cb000-7567f0b000 rw-p 00000000 00:00 0                              [anon:scudo:primary]
7567f0b000-7577404000 ---p 00000000 00:00 0                              [anon:scudo:primary_reserve]
7577404000-7577544000 rw-p 00000000 00:00 0                              [anon:scudo:primary]
7577544000-7577844000 rw-p 00000000 00:00 0                              [anon:scudo:primary]
7577844000-7587404000 ---p 00000000 00:00 0                              [anon:scudo:primary_reserve]
7587404000-7587444000 rw-p 00000000 00:00 0                              [anon:scudo:primary]
7587444000-7589f44000 rw-p 00000000 00:00 0                              [anon:scudo:primary]
7589f44000-7597410000 ---p 00000000 00:00 0                              [anon:scudo:primary_reserve]
7597410000-7597450000 rw-p 00000000 00:00 0                              [anon:scudo:primary]
7597450000-7597a50000 rw-p 00000000 00:00 0                              [anon:scudo:primary]
7597a50000-75a740f000 ---p 00000000 00:00 0                              [anon:scudo:primary_reserve]
75a740f000-75a748f000 rw-p 00000000 00:00 0                              [anon:scudo:primary]
75a748f000-75a780f000 rw-p 00000000 00:00 0                              [anon:scudo:primary]
75a780f000-75b7403000 ---p 00000000 00:00 0                              [anon:scudo:primary_reserve]
75b7403000-75b7443000 rw-p 00000000 00:00 0                              [anon:scudo:primary]
75b7443000-75b82c3000 rw-p 00000000 00:00 0                              [anon:scudo:primary]
75b82c3000-75c7408000 ---p 00000000 00:00 0                              [anon:scudo:primary_reserve]
75c7408000-75c7448000 rw-p 00000000 00:00 0                              [anon:scudo:primary]
75c7448000-75c7788000 rw-p 00000000 00:00 0                              [anon:scudo:primary]
75c7788000-75d7406000 ---p 00000000 00:00 0                              [anon:scudo:primary_reserve]
75d7406000-75d7446000 rw-p 00000000 00:00 0                              [anon:scudo:primary]
75d7446000-75d7746000 rw-p 00000000 00:00 0                              [anon:scudo:primary]
75d7746000-75e7406000 ---p 00000000 00:00 0                              [anon:scudo:primary_reserve]
75e7406000-75e7446000 rw-p 00000000 00:00 0                              [anon:scudo:primary]
75e7446000-75e75c6000 rw-p 00000000 00:00 0                              [anon:scudo:primary]
75e75c6000-75f740c000 ---p 00000000 00:00 0                              [anon:scudo:primary_reserve]
75f740c000-75f74cc000 rw-p 00000000 00:00 0                              [anon:scudo:primary]
75f74cc000-75f78cc000 rw-p 00000000 00:00 0                              [anon:scudo:primary]
75f78cc000-760740c000 ---p 00000000 00:00 0                              [anon:scudo:primary_reserve]
760740c000-760744c000 rw-p 00000000 00:00 0                              [anon:scudo:primary]
760744c000-7607b8c000 rw-p 00000000 00:00 0                              [anon:scudo:primary]
7607b8c000-761740c000 ---p 00000000 00:00 0                              [anon:scudo:primary_reserve]
761740c000-761744c000 rw-p 00000000 00:00 0                              [anon:scudo:primary]
761744c000-76176cc000 rw-p 00000000 00:00 0                              [anon:scudo:primary]
76176cc000-762740b000 ---p 00000000 00:00 0                              [anon:scudo:primary_reserve]
762740b000-762744b000 rw-p 00000000 00:00 0                              [anon:scudo:primary]
762744b000-762760b000 rw-p 00000000 00:00 0                              [anon:scudo:primary]
762760b000-763740f000 ---p 00000000 00:00 0                              [anon:scudo:primary_reserve]
763740f000-763744f000 rw-p 00000000 00:00 0                              [anon:scudo:primary]
763744f000-7638e8f000 rw-p 00000000 00:00 0                              [anon:scudo:primary]
7638e8f000-764740c000 ---p 00000000 00:00 0                              [anon:scudo:primary_reserve]
764740c000-764744c000 rw-p 00000000 00:00 0                              [anon:scudo:primary]
764744c000-764794c000 rw-p 00000000 00:00 0                              [anon:scudo:primary]
764794c000-7657405000 ---p 00000000 00:00 0                              [anon:scudo:primary_reserve]
7657405000-7657445000 rw-p 00000000 00:00 0                              [anon:scudo:primary]
7657445000-7657e85000 rw-p 00000000 00:00 0                              [anon:scudo:primary]
7657e85000-7667401000 ---p 00000000 00:00 0                              [anon:scudo:primary_reserve]
7667401000-7667441000 rw-p 00000000 00:00 0                              [anon:scudo:primary]
7667441000-766a801000 rw-p 00000000 00:00 0                              [anon:scudo:primary]
766a801000-7677402000 ---p 00000000 00:00 0                              [anon:scudo:primary_reserve]
7677402000-7677442000 rw-p 00000000 00:00 0                              [anon:scudo:primary]
7677442000-76873c2000 rw-p 00000000 00:00 0                              [anon:scudo:primary]
76873c2000-768740f000 ---p 00000000 00:00 0                              [anon:scudo:primary_reserve]
768740f000-768744f000 rw-p 00000000 00:00 0                              [anon:scudo:primary]
768744f000-768c50f000 rw-p 00000000 00:00 0                              [anon:scudo:primary]
768c50f000-7697401000 ---p 00000000 00:00 0                              [anon:scudo:primary_reserve]
7697401000-7697441000 rw-p 00000000 00:00 0                              [anon:scudo:primary]
7697441000-7697601000 rw-p 00000000 00:00 0                              [anon:scudo:primary]
7697601000-76a740a000 ---p 00000000 00:00 0                              [anon:scudo:primary_reserve]
76a740a000-76a748a000 rw-p 00000000 00:00 0                              [anon:scudo:primary]
76a748a000-76a790a000 rw-p 00000000 00:00 0                              [anon:scudo:primary]
76a790a000-76b740f000 ---p 00000000 00:00 0                              [anon:scudo:primary_reserve]
76b740f000-76b744f000 rw-p 00000000 00:00 0                              [anon:scudo:primary]
76b744f000-76b774f000 rw-p 00000000 00:00 0                              [anon:scudo:primary]
76b774f000-76c740e000 ---p 00000000 00:00 0                              [anon:scudo:primary_reserve]
76c740e000-76c744e000 rw-p 00000000 00:00 0                              [anon:scudo:primary]
76c744e000-76c76ce000 rw-p 00000000 00:00 0                              [anon:scudo:primary]
76c76ce000-76d740f000 ---p 00000000 00:00 0                              [anon:scudo:primary_reserve]
76d740f000-76d744f000 rw-p 00000000 00:00 0                              [anon:scudo:primary]
76d744f000-76d778f000 rw-p 00000000 00:00 0                              [anon:scudo:primary]
76d778f000-76e7406000 ---p 00000000 00:00 0                              [anon:scudo:primary_reserve]
76e7406000-76e7446000 rw-p 00000000 00:00 0                              [anon:scudo:primary]
76e7446000-76e7746000 rw-p 00000000 00:00 0                              [anon:scudo:primary]
76e7746000-76f740a000 ---p 00000000 00:00 0                              [anon:scudo:primary_reserve]
76f740a000-76f744a000 rw-p 00000000 00:00 0                              [anon:scudo:primary]
76f744a000-76f774a000 rw-p 00000000 00:00 0                              [anon:scudo:primary]
76f774a000-7707401000 ---p 00000000 00:00 0                              [anon:scudo:primary_reserve]
7707401000-7707481000 rw-p 00000000 00:00 0                              [anon:scudo:primary]
7707481000-77087c1000 rw-p 00000000 00:00 0                              [anon:scudo:primary]
77087c1000-7717407000 ---p 00000000 00:00 0                              [anon:scudo:primary_reserve]
7717407000-7717487000 rw-p 00000000 00:00 0                              [anon:scudo:primary]
7717487000-77175c7000 rw-p 00000000 00:00 0                              [anon:scudo:primary]
77175c7000-772740f000 ---p 00000000 00:00 0                              [anon:scudo:primary_reserve]
772740f000-772748f000 rw-p 00000000 00:00 0                              [anon:scudo:primary]
772748f000-772874f000 rw-p 00000000 00:00 0                              [anon:scudo:primary]
772874f000-773740c000 ---p 00000000 00:00 0                              [anon:scudo:primary_reserve]
773740c000-773744c000 rw-p 00000000 00:00 0                              [anon:scudo:primary]
773744c000-7737acc000 rw-p 00000000 00:00 0                              [anon:scudo:primary]
7737acc000-7747406000 ---p 00000000 00:00 0                              [anon:scudo:primary_reserve]
7747406000-7747446000 rw-p 00000000 00:00 0                              [anon:scudo:primary]
7747446000-7747986000 rw-p 00000000 00:00 0                              [anon:scudo:primary]
7747986000-7757403000 ---p 00000000 00:00 0                              [anon:scudo:primary_reserve]
7757403000-7757443000 rw-p 00000000 00:00 0                              [anon:scudo:primary]
7757443000-77579c3000 rw-p 00000000 00:00 0                              [anon:scudo:primary]
77579c3000-7767400000 ---p 00000000 00:00 0                              [anon:scudo:primary_reserve]
7767400000-7767401000 r--p 00000000 00:00 0                              [anon:cfi shadow]
7767401000-7767712000 ---p 00000000 00:00 0                              [anon:cfi shadow]
7767712000-7767713000 r--p 00000000 00:00 0                              [anon:cfi shadow]
7767713000-77677a0000 ---p 00000000 00:00 0                              [anon:cfi shadow]
77677a0000-77677a1000 r--p 00000000 00:00 0                              [anon:cfi shadow]
77677a1000-77677a2000 r--p 00000000 00:00 0                              [anon:cfi shadow]
77677a2000-77677a3000 r--p 00000000 00:00 0                              [anon:cfi shadow]
77677a3000-77677a4000 r--p 00000000 00:00 0                              [anon:cfi shadow]
77677a4000-77677a5000 r--p 00000000 00:00 0                              [anon:cfi shadow]
77677a5000-77677a6000 r--p 00000000 00:00 0                              [anon:cfi shadow]
77677a6000-77677a7000 r--p 00000000 00:00 0                              [anon:cfi shadow]
77677a7000-77677a8000 ---p 00000000 00:00 0                              [anon:cfi shadow]
77677a8000-77677a9000 r--p 00000000 00:00 0                              [anon:cfi shadow]
77677a9000-77677aa000 r--p 00000000 00:00 0                              [anon:cfi shadow]
77677aa000-77677ab000 r--p 00000000 00:00 0                              [anon:cfi shadow]
77677ab000-77677bf000 ---p 00000000 00:00 0                              [anon:cfi shadow]
77677bf000-77677c0000 r--p 00000000 00:00 0                              [anon:cfi shadow]
77677c0000-77677c1000 r--p 00000000 00:00 0                              [anon:cfi shadow]
77677c1000-77677c2000 r--p 00000000 00:00 0                              [anon:cfi shadow]
77677c2000-77e7400000 ---p 00000000 00:00 0                              [anon:cfi shadow]
77e7405000-77e7426000 rw-p 00000000 00:00 0                              [anon:scudo:secondary]
77e7426000-77e7526000 r--s 00000000 00:11 341                            /dev/__properties__/u:object_r:log_file_logger_prop:s0
77e7526000-77e7543000 r--p 00000000 fe:1c 179235438                      /system/lib64/android.hardware.drm@1.1.so
77e7543000-77e756d000 r-xp 0001d000 fe:1c 179235438                      /system/lib64/android.hardware.drm@1.1.so
77e756d000-77e7573000 r--p 00047000 fe:1c 179235438                      /system/lib64/android.hardware.drm@1.1.so
77e7573000-77e7574000 rw-p 0004d000 fe:1c 179235438                      /system/lib64/android.hardware.drm@1.1.so
77e7593000-77e75d4000 rw-p 00000000 00:00 0                              [anon:scudo:secondary]
77e75d4000-77e75e1000 r--p 00000000 fe:1c 209738223                      /system/lib64/libdrmframeworkcommon.so
77e75e1000-77e75eb000 r-xp 0000d000 fe:1c 209738223                      /system/lib64/libdrmframeworkcommon.so
77e75eb000-77e75ee000 r--p 00017000 fe:1c 209738223                      /system/lib64/libdrmframeworkcommon.so
77e75ee000-77e75ef000 rw-p 0001a000 fe:1c 209738223                      /system/lib64/libdrmframeworkcommon.so
77e7600000-77eb000000 ---p 00000000 00:00 0 
77eb005000-77eb105000 r--s 00000000 00:11 343                            /dev/__properties__/u:object_r:log_tag_prop:s0
77eb105000-77eb205000 r--s 00000000 00:11 178                            /dev/__properties__/u:object_r:bq_config_prop:s0
77eb205000-77eb219000 r--p 00000000 fe:1c 176820730                      /system/lib64/android.hardware.media.c2@1.1.so
77eb219000-77eb239000 r-xp 00014000 fe:1c 176820730                      /system/lib64/android.hardware.media.c2@1.1.so
77eb239000-77eb23d000 r--p 00034000 fe:1c 176820730                      /system/lib64/android.hardware.media.c2@1.1.so
77eb23d000-77eb23e000 rw-p 00038000 fe:1c 176820730                      /system/lib64/android.hardware.media.c2@1.1.so
77eb24d000-77eb268000 r--p 00000000 fe:1c 176856299                      /system/lib64/audioflinger-aidl-cpp.so
77eb268000-77eb2a1000 r-xp 0001b000 fe:1c 176856299                      /system/lib64/audioflinger-aidl-cpp.so
77eb2a1000-77eb2a9000 r--p 00054000 fe:1c 176856299                      /system/lib64/audioflinger-aidl-cpp.so
77eb2a9000-77eb2aa000 rw-p 0005c000 fe:1c 176856299                      /system/lib64/audioflinger-aidl-cpp.so
77eb2cf000-77eb310000 rw-p 00000000 00:00 0                              [anon:scudo:secondary]
77eb310000-77eb31f000 r--p 00000000 fe:3f 90                             /apex/com.android.art/lib64/libbase.so
77eb31f000-77eb33d000 r-xp 0000f000 fe:3f 90                             /apex/com.android.art/lib64/libbase.so
77eb33d000-77eb33e000 r--p 0002d000 fe:3f 90                             /apex/com.android.art/lib64/libbase.so
77eb33e000-77eb33f000 rw-p 0002e000 fe:3f 90                             /apex/com.android.art/lib64/libbase.so
77eb34b000-77eb362000 r--p 00000000 fe:1c 179341813                      /system/lib64/android.hardware.camera.device@3.2.so
77eb362000-77eb386000 r-xp 00017000 fe:1c 179341813                      /system/lib64/android.hardware.camera.device@3.2.so
77eb386000-77eb38b000 r--p 0003b000 fe:1c 179341813                      /system/lib64/android.hardware.camera.device@3.2.so
77eb38b000-77eb38c000 rw-p 00040000 fe:1c 179341813                      /system/lib64/android.hardware.camera.device@3.2.so
77eb38c000-77eb3de000 rw-p 00000000 00:00 0                              [anon:scudo:secondary]
77eb3de000-77eb3e0000 r--p 00000000 fe:1c 201448932                      /system/lib64/android.hidl.token@1.0-utils.so
77eb3e0000-77eb3e1000 r-xp 00002000 fe:1c 201448932                      /system/lib64/android.hidl.token@1.0-utils.so
77eb3e1000-77eb3e2000 r--p 00003000 fe:1c 201448932                      /system/lib64/android.hidl.token@1.0-utils.so
77eb3e2000-77eb3e3000 rw-p 00000000 00:00 0                              [anon:.bss]
77eb400000-77eda00000 ---p 00000000 00:00 0 
77eda00000-77eda58000 rw-p 00000000 00:00 0                              [anon:scudo:secondary]
77eda58000-77eda73000 r--p 00000000 fe:1c 209741929                      /system/lib64/libultrahdr.so
77eda73000-77edaa3000 r-xp 0001b000 fe:1c 209741929                      /system/lib64/libultrahdr.so
77edaa3000-77edaa5000 r--p 0004b000 fe:1c 209741929                      /system/lib64/libultrahdr.so
77edaa5000-77edaa6000 rw-p 00000000 00:00 0                              [anon:.bss]
77edacb000-77edacc000 r--p 00000000 fe:1c 178290300                      /system/lib64/libandroid_runtime_lazy.so
77edacc000-77edacd000 r-xp 00001000 fe:1c 178290300                      /system/lib64/libandroid_runtime_lazy.so
77edacd000-77edace000 r--p 00002000 fe:1c 178290300                      /system/lib64/libandroid_runtime_lazy.so
77edace000-77edacf000 rw-p 00000000 00:00 0                              [anon:.bss]
77edb0f000-77edb1c000 r--p 00000000 fe:1c 201448927                      /system/lib64/android.hidl.memory@1.0.so
77edb1c000-77edb2b000 r-xp 0000d000 fe:1c 201448927                      /system/lib64/android.hidl.memory@1.0.so
77edb2b000-77edb2e000 r--p 0001c000 fe:1c 201448927                      /system/lib64/android.hidl.memory@1.0.so
77edb2e000-77edb2f000 rw-p 0001f000 fe:1c 201448927                      /system/lib64/android.hidl.memory@1.0.so
77edb48000-77edb4a000 r--p 00000000 fe:1c 187593708                      /system/lib64/libecosdkwrapper.so
77edb4a000-77edb4c000 r-xp 00002000 fe:1c 187593708                      /system/lib64/libecosdkwrapper.so
77edb4c000-77edb4d000 r--p 00004000 fe:1c 187593708                      /system/lib64/libecosdkwrapper.so
77edb4d000-77edb4e000 rw-p 00000000 00:00 0                              [anon:.bss]
77edb62000-77edba3000 rw-p 00000000 00:00 0                              [anon:scudo:secondary]
77edba3000-77edba5000 r--p 00000000 fe:1c 209739339                      /system/lib64/libjpegencoder.so
77edba5000-77edba7000 r-xp 00002000 fe:1c 209739339                      /system/lib64/libjpegencoder.so
77edba7000-77edba8000 r--p 00004000 fe:1c 209739339                      /system/lib64/libjpegencoder.so
77edba8000-77edba9000 rw-p 00000000 00:00 0                              [anon:.bss]
77edbc2000-77edbd4000 r--p 00000000 fe:1c 209741171                      /system/lib64/libstagefright_bufferpool@2.0.1.so
77edbd4000-77edbef000 r-xp 00012000 fe:1c 209741171                      /system/lib64/libstagefright_bufferpool@2.0.1.so
77edbef000-77edbf1000 r--p 0002d000 fe:1c 209741171                      /system/lib64/libstagefright_bufferpool@2.0.1.so
77edbf1000-77edbf2000 rw-p 00000000 00:00 0                              [anon:.bss]
77edc1f000-77edc2c000 r--p 00000000 fe:1c 209740889                      /system/lib64/libsensor.so
77edc2c000-77edc37000 r-xp 0000d000 fe:1c 209740889                      /system/lib64/libsensor.so
77edc37000-77edc3b000 r--p 00018000 fe:1c 209740889                      /system/lib64/libsensor.so
77edc3b000-77edc3c000 rw-p 0001c000 fe:1c 209740889                      /system/lib64/libsensor.so
77edc40000-77edc67000 r--p 00000000 fe:1c 209740482                      /system/lib64/libpcre2.so
77edc67000-77edc96000 r-xp 00027000 fe:1c 209740482                      /system/lib64/libpcre2.so
77edc96000-77edc97000 r--p 00056000 fe:1c 209740482                      /system/lib64/libpcre2.so
77edc97000-77edc98000 rw-p 00057000 fe:1c 209740482                      /system/lib64/libpcre2.so
77edcd7000-77edef7000 r--p 00000000 fe:1c 209740160                      /system/lib64/libpdfium.so
77edef7000-77ee178000 r-xp 00220000 fe:1c 209740160                      /system/lib64/libpdfium.so
77ee178000-77ee18b000 r--p 004a1000 fe:1c 209740160                      /system/lib64/libpdfium.so
77ee18b000-77ee18e000 rw-p 004b4000 fe:1c 209740160                      /system/lib64/libpdfium.so
77ee18e000-77ee190000 rw-p 00000000 00:00 0                              [anon:.bss]
77ee1bf000-77ee200000 rw-p 00000000 00:00 0                              [anon:scudo:secondary]
77ee200000-77ef200000 ---p 00000000 00:00 0 
77ef215000-77ef25c000 rw-p 00000000 00:00 0                              [anon:scudo:secondary]
77ef25c000-77ef268000 r--p 00000000 07:d8 34                             /apex/com.android.i18n/lib64/libicu.so
77ef268000-77ef26b000 r-xp 0000c000 07:d8 34                             /apex/com.android.i18n/lib64/libicu.so
77ef26b000-77ef26c000 r--p 0000f000 07:d8 34                             /apex/com.android.i18n/lib64/libicu.so
77ef28f000-77ef291000 r--p 00000000 fe:1c 209739336                      /system/lib64/libjpegdecoder.so
77ef291000-77ef293000 r-xp 00002000 fe:1c 209739336                      /system/lib64/libjpegdecoder.so
77ef293000-77ef294000 r--p 00004000 fe:1c 209739336                      /system/lib64/libjpegdecoder.so
77ef2d0000-77ef2f9000 r--p 00000000 fe:1c 209739626                      /system/lib64/libmediautils.so
77ef2f9000-77ef34e000 r-xp 00029000 fe:1c 209739626                      /system/lib64/libmediautils.so
77ef34e000-77ef355000 r--p 0007e000 fe:1c 209739626                      /system/lib64/libmediautils.so
77ef355000-77ef356000 rw-p 00085000 fe:1c 209739626                      /system/lib64/libmediautils.so
77ef357000-77ef398000 rw-p 00000000 00:00 0                              [anon:scudo:secondary]
77ef398000-77ef3a1000 r--p 00000000 fe:1c 201448935                      /system/lib64/android.hidl.token@1.0.so
77ef3a1000-77ef3aa000 r-xp 00009000 fe:1c 201448935                      /system/lib64/android.hidl.token@1.0.so
77ef3aa000-77ef3ac000 r--p 00012000 fe:1c 201448935                      /system/lib64/android.hidl.token@1.0.so
77ef3ac000-77ef3ad000 rw-p 00014000 fe:1c 201448935                      /system/lib64/android.hidl.token@1.0.so
77ef3c2000-77ef3d8000 r--p 00000000 fe:1c 179238620                      /system/lib64/android.hardware.media.c2@1.2.so
77ef3d8000-77ef3fa000 r-xp 00016000 fe:1c 179238620                      /system/lib64/android.hardware.media.c2@1.2.so
77ef3fa000-77ef3ff000 r--p 00038000 fe:1c 179238620                      /system/lib64/android.hardware.media.c2@1.2.so
77ef3ff000-77ef400000 rw-p 0003d000 fe:1c 179238620                      /system/lib64/android.hardware.media.c2@1.2.so
77ef42e000-77ef42f000 r--p 00000000 07:30 43                             /apex/com.android.runtime/lib64/bionic/libdl.so
77ef42f000-77ef430000 rwxp 00001000 07:30 43                             /apex/com.android.runtime/lib64/bionic/libdl.so
77ef430000-77ef431000 r--p 00002000 07:30 43                             /apex/com.android.runtime/lib64/bionic/libdl.so
77ef431000-77ef432000 r--p 00000000 00:00 0                              [anon:.bss]
77ef445000-77ef466000 rw-p 00000000 00:00 0                              [anon:scudo:secondary]
77ef466000-77ef467000 r--p 00000000 fe:1c 179233533                      /system/lib64/com.android.media.audioclient-aconfig-cc.so
77ef467000-77ef469000 r-xp 00001000 fe:1c 179233533                      /system/lib64/com.android.media.audioclient-aconfig-cc.so
77ef469000-77ef46a000 r--p 00003000 fe:1c 179233533                      /system/lib64/com.android.media.audioclient-aconfig-cc.so
77ef46a000-77ef46b000 rw-p 00000000 00:00 0                              [anon:.bss]
77ef479000-77ef49a000 rw-p 00000000 00:00 0                              [anon:scudo:secondary]
77ef49a000-77ef4a5000 r--p 00000000 fe:1c 179363050                      /system/lib64/android.hardware.cas.native@1.0.so
77ef4a5000-77ef4b2000 r-xp 0000b000 fe:1c 179363050                      /system/lib64/android.hardware.cas.native@1.0.so
77ef4b2000-77ef4b4000 r--p 00018000 fe:1c 179363050                      /system/lib64/android.hardware.cas.native@1.0.so
77ef4b4000-77ef4b5000 rw-p 0001a000 fe:1c 179363050                      /system/lib64/android.hardware.cas.native@1.0.so
77ef4be000-77ef4de000 rw-s 77ef4be000 00:01 814726                       /kgsl-3d0 (deleted)
77ef4de000-77ef4ff000 rw-p 00000000 00:00 0                              [anon:scudo:secondary]
77ef4ff000-77ef601000 r--p 00000000 07:d8 36                             /apex/com.android.i18n/lib64/libicui18n.so
77ef601000-77ef7a1000 r-xp 00102000 07:d8 36                             /apex/com.android.i18n/lib64/libicui18n.so
77ef7a1000-77ef7b5000 r--p 002a2000 07:d8 36                             /apex/com.android.i18n/lib64/libicui18n.so
77ef7b5000-77ef7b6000 rw-p 002b6000 07:d8 36                             /apex/com.android.i18n/lib64/libicui18n.so
77ef7b6000-77ef7b7000 rw-p 00000000 00:00 0                              [anon:.bss]
77ef7c7000-77ef800000 rw-p 00000000 00:00 0                              [anon:scudo:secondary]
77ef800000-77f0600000 ---p 00000000 00:00 0 
77f0615000-77f0657000 rw-p 00000000 00:00 0                              [anon:scudo:secondary]
77f0657000-77f0659000 r--p 00000000 fe:1c 209743465                      /system/lib64/server_configurable_flags.so
77f0659000-77f065b000 r-xp 00002000 fe:1c 209743465                      /system/lib64/server_configurable_flags.so
77f065b000-77f065c000 r--p 00004000 fe:1c 209743465                      /system/lib64/server_configurable_flags.so
77f066a000-77f06ac000 rw-p 00000000 00:00 0                              [anon:scudo:secondary]
77f06ac000-77f06c6000 r--p 00000000 fe:1c 209742825                      /system/lib64/libwilhelm.so
77f06c6000-77f06ea000 r-xp 0001a000 fe:1c 209742825                      /system/lib64/libwilhelm.so
77f06ea000-77f06ef000 r--p 0003e000 fe:1c 209742825                      /system/lib64/libwilhelm.so
77f06ef000-77f06f0000 rw-p 00000000 00:00 0                              [anon:.bss]
77f0703000-77f0724000 rw-p 00000000 00:00 0                              [anon:scudo:secondary]
77f0724000-77f076f000 r--p 00000000 fe:1c 176816218                      /system/lib64/libbinder.so
77f076f000-77f07e4000 r-xp 0004b000 fe:1c 176816218                      /system/lib64/libbinder.so
77f07e4000-77f07f3000 r--p 000c0000 fe:1c 176816218                      /system/lib64/libbinder.so
77f07f3000-77f07f4000 rw-p 000cf000 fe:1c 176816218                      /system/lib64/libbinder.so
77f07f6000-77f0822000 rw-p 00000000 00:00 0                              [anon:scudo:secondary]
77f0822000-77f088f000 r--p 00000000 fe:1c 187597782                      /system/lib64/libdng_sdk.so
77f088f000-77f0972000 r-xp 0006d000 fe:1c 187597782                      /system/lib64/libdng_sdk.so
77f0972000-77f097a000 r--p 00150000 fe:1c 187597782                      /system/lib64/libdng_sdk.so
77f097a000-77f098a000 rw-p 00158000 fe:1c 187597782                      /system/lib64/libdng_sdk.so
77f098a000-77f098c000 rw-p 00000000 00:00 0                              [anon:.bss]
77f099f000-77f09c0000 rw-p 00000000 00:00 0                              [anon:scudo:secondary]
77f09c0000-77f0a00000 rw-s 77f09c0000 00:01 814726                       /kgsl-3d0 (deleted)
77f0a00000-77f1c00000 ---p 00000000 00:00 0 
77f1c1c000-77f1c55000 rw-p 00000000 00:00 0                              [anon:scudo:secondary]
77f1c55000-77f1c57000 r--p 00000000 fe:1c 209741633                      /system/lib64/libstagefright_surface_utils.so
77f1c57000-77f1c5a000 r-xp 00002000 fe:1c 209741633                      /system/lib64/libstagefright_surface_utils.so
77f1c5a000-77f1c5b000 r--p 00005000 fe:1c 209741633                      /system/lib64/libstagefright_surface_utils.so
77f1c5b000-77f1c5c000 rw-p 00000000 00:00 0                              [anon:.bss]
77f1c71000-77f1c92000 rw-p 00000000 00:00 0                              [anon:scudo:secondary]
77f1c92000-77f1c9d000 r--p 00000000 fe:1c 177425145                      /system/lib64/libcodec2_aidl_client.so
77f1c9d000-77f1cb2000 r-xp 0000b000 fe:1c 177425145                      /system/lib64/libcodec2_aidl_client.so
77f1cb2000-77f1cb3000 r--p 00020000 fe:1c 177425145                      /system/lib64/libcodec2_aidl_client.so
77f1cb3000-77f1cb4000 rw-p 00000000 00:00 0                              [anon:.bss]
77f1cb5000-77f1cd3000 rw-p 00000000 00:00 0                              [anon:scudo:secondary]
77f1cd3000-77f1cdb000 r--p 00000000 fe:1c 179039227                      /system/lib64/libaudiopolicy.so
77f1cdb000-77f1ceb000 r-xp 00008000 fe:1c 179039227                      /system/lib64/libaudiopolicy.so
77f1ceb000-77f1cec000 r--p 00018000 fe:1c 179039227                      /system/lib64/libaudiopolicy.so
77f1cf1000-77f1d12000 rw-p 00000000 00:00 0                              [anon:scudo:secondary]
77f1d12000-77f1d1b000 r--p 00000000 fe:3f 102                            /apex/com.android.art/lib64/libnativeloader.so
77f1d1b000-77f1d33000 r-xp 00009000 fe:3f 102                            /apex/com.android.art/lib64/libnativeloader.so
77f1d33000-77f1d34000 r--p 00021000 fe:3f 102                            /apex/com.android.art/lib64/libnativeloader.so
77f1d34000-77f1d35000 rw-p 00000000 00:00 0                              [anon:.bss]
77f1d3b000-77f1d5c000 rw-p 00000000 00:00 0                              [anon:scudo:secondary]
77f1d5c000-77f1d86000 r--p 00000000 fe:1c 179238627                      /system/lib64/android.hardware.media.omx@1.0.so
77f1d86000-77f1dd5000 r-xp 0002a000 fe:1c 179238627                      /system/lib64/android.hardware.media.omx@1.0.so
77f1dd5000-77f1ddf000 r--p 00079000 fe:1c 179238627                      /system/lib64/android.hardware.media.omx@1.0.so
77f1ddf000-77f1de0000 rw-p 00083000 fe:1c 179238627                      /system/lib64/android.hardware.media.omx@1.0.so
77f1de0000-77f1e08000 rw-p 00000000 00:00 0                              [anon:scudo:secondary]
77f1e08000-77f1e2e000 r--p 00000000 fe:1c 179235428                      /system/lib64/android.hardware.drm@1.0.so
77f1e2e000-77f1e74000 r-xp 00026000 fe:1c 179235428                      /system/lib64/android.hardware.drm@1.0.so
77f1e74000-77f1e7c000 r--p 0006c000 fe:1c 179235428                      /system/lib64/android.hardware.drm@1.0.so
77f1e7c000-77f1e7d000 rw-p 00074000 fe:1c 179235428                      /system/lib64/android.hardware.drm@1.0.so
77f1e80000-77f1e8f000 r--p 00000000 fe:1c 176841054                      /system/lib64/android.hardware.graphics.mapper@4.0.so
77f1e8f000-77f1ea3000 r-xp 0000f000 fe:1c 176841054                      /system/lib64/android.hardware.graphics.mapper@4.0.so
77f1ea3000-77f1ea6000 r--p 00023000 fe:1c 176841054                      /system/lib64/android.hardware.graphics.mapper@4.0.so
77f1ea6000-77f1ea7000 rw-p 00026000 fe:1c 176841054                      /system/lib64/android.hardware.graphics.mapper@4.0.so
77f1ea8000-77f1ec9000 rw-p 00000000 00:00 0                              [anon:scudo:secondary]
77f1ec9000-77f1ef8000 r--p 00000000 fe:1c 209741908                      /system/lib64/libui.so
77f1ef8000-77f1f38000 r-xp 0002f000 fe:1c 209741908                      /system/lib64/libui.so
77f1f38000-77f1f3b000 r--p 0006f000 fe:1c 209741908                      /system/lib64/libui.so
77f1f3b000-77f1f3d000 rw-p 00000000 00:00 0                              [anon:.bss]
77f1f4b000-77f1f65000 r--p 00000000 fe:1c 177247858                      /system/lib64/libaudioclient_aidl_conversion.so
77f1f65000-77f1fa0000 r-xp 0001a000 fe:1c 177247858                      /system/lib64/libaudioclient_aidl_conversion.so
77f1fa0000-77f1fa2000 r--p 00055000 fe:1c 177247858                      /system/lib64/libaudioclient_aidl_conversion.so
77f1fa2000-77f1fa3000 rw-p 00000000 00:00 0                              [anon:.bss]
77f1fc0000-77f2000000 rw-s 77f1fc0000 00:01 814726                       /kgsl-3d0 (deleted)
77f2000000-77f5e00000 ---p 00000000 00:00 0 
77f5e09000-77f5e52000 rw-p 00000000 00:00 0                              [anon:scudo:secondary]
77f5e52000-77f5e5e000 r--p 00000000 fe:1c 176829044                      /system/lib64/android.hardware.graphics.mapper@2.1.so
77f5e5e000-77f5e6c000 r-xp 0000c000 fe:1c 176829044                      /system/lib64/android.hardware.graphics.mapper@2.1.so
77f5e6c000-77f5e6e000 r--p 0001a000 fe:1c 176829044                      /system/lib64/android.hardware.graphics.mapper@2.1.so
77f5e6e000-77f5e6f000 rw-p 0001c000 fe:1c 176829044                      /system/lib64/android.hardware.graphics.mapper@2.1.so
77f5e73000-77f5e9b000 rw-p 00000000 00:00 0                              [anon:scudo:secondary]
77f5e9b000-77f5ea4000 r--p 00000000 fe:1c 209743471                      /system/lib64/spatializer-aidl-cpp.so
77f5ea4000-77f5eb0000 r-xp 00009000 fe:1c 209743471                      /system/lib64/spatializer-aidl-cpp.so
77f5eb0000-77f5eb3000 r--p 00015000 fe:1c 209743471                      /system/lib64/spatializer-aidl-cpp.so
77f5eb3000-77f5eb4000 rw-p 00018000 fe:1c 209743471                      /system/lib64/spatializer-aidl-cpp.so
77f5ed2000-77f5ef5000 rw-p 00000000 00:00 0                              [anon:scudo:secondary]
77f5ef5000-77f5f1c000 r--p 00000000 fe:1c 209741036                      /system/lib64/libsfplugin_ccodec_utils.so
77f5f1c000-77f5f7b000 r-xp 00027000 fe:1c 209741036                      /system/lib64/libsfplugin_ccodec_utils.so
77f5f7b000-77f5f7e000 r--p 00086000 fe:1c 209741036                      /system/lib64/libsfplugin_ccodec_utils.so
77f5f7e000-77f5f7f000 rw-p 00000000 00:00 0                              [anon:.bss]
77f5f82000-77f5fa2000 rw-s 77f5f82000 00:01 814726                       /kgsl-3d0 (deleted)
77f5fa2000-77f5fa4000 r--p 00000000 fe:1c 201450621                      /system/lib64/libfmq.so
77f5fa4000-77f5fa6000 r-xp 00002000 fe:1c 201450621                      /system/lib64/libfmq.so
77f5fa6000-77f5fa7000 r--p 00004000 fe:1c 201450621                      /system/lib64/libfmq.so
77f5fa7000-77f5fa8000 rw-p 00000000 00:00 0                              [anon:.bss]
77f5fc3000-77f5fd0000 r--p 00000000 fe:1c 209739948                      /system/lib64/libmemunreachable.so
77f5fd0000-77f5ff8000 r-xp 0000d000 fe:1c 209739948                      /system/lib64/libmemunreachable.so
77f5ff8000-77f5ffc000 r--p 00035000 fe:1c 209739948                      /system/lib64/libmemunreachable.so
77f5ffc000-77f5ffd000 rw-p 00039000 fe:1c 209739948                      /system/lib64/libmemunreachable.so
77f6001000-77f6012000 rw-p 00000000 00:00 0                              [anon:scudo:secondary]
77f6012000-77f6014000 r--p 00000000 fe:1c 209739129                      /system/lib64/libmedia_jni_utils.so
77f6014000-77f6016000 r-xp 00002000 fe:1c 209739129                      /system/lib64/libmedia_jni_utils.so
77f6016000-77f6017000 r--p 00004000 fe:1c 209739129                      /system/lib64/libmedia_jni_utils.so
77f6024000-77f6035000 rw-p 00000000 00:00 0                              [anon:scudo:secondary]
77f6035000-77f6055000 rw-s 77f6035000 00:01 814726                       /kgsl-3d0 (deleted)
77f6055000-77f60cc000 r--p 00000000 fe:1c 201450465                      /system/lib64/libcrypto.so
77f60cc000-77f60e6000 r-xp 00077000 fe:1c 201450465                      /system/lib64/libcrypto.so
77f60e6000-77f6147000 --xp 00091000 fe:1c 201450465                      /system/lib64/libcrypto.so
77f6147000-77f61c8000 r-xp 000f2000 fe:1c 201450465                      /system/lib64/libcrypto.so
77f61c8000-77f61d8000 r--p 00173000 fe:1c 201450465                      /system/lib64/libcrypto.so
77f61d8000-77f61d9000 rw-p 00183000 fe:1c 201450465                      /system/lib64/libcrypto.so
77f61d9000-77f61e1000 rw-p 00000000 00:00 0                              [anon:.bss]
77f61e2000-77f6200000 rw-p 00000000 00:00 0                              [anon:scudo:secondary]
77f6200000-77f8400000 ---p 00000000 00:00 0 
77f840a000-77f841c000 rw-p 00000000 00:00 0                              [anon:scudo:secondary]
77f8424000-77f845c000 rw-p 00000000 00:00 0                              [anon:scudo:secondary]
77f845c000-77f845e000 r--p 00000000 fe:1c 209741945                      /system/lib64/libusbhost.so
77f845e000-77f8461000 r-xp 00002000 fe:1c 209741945                      /system/lib64/libusbhost.so
77f8461000-77f8462000 r--p 00005000 fe:1c 209741945                      /system/lib64/libusbhost.so
77f846b000-77f84ab000 rw-s 77f846b000 00:01 814726                       /kgsl-3d0 (deleted)
77f84ab000-77f84b0000 r--p 00000000 fe:1c 175429864                      /system/lib64/libappfuse.so
77f84b0000-77f84b7000 r-xp 00005000 fe:1c 175429864                      /system/lib64/libappfuse.so
77f84b7000-77f84b8000 r--p 0000c000 fe:1c 175429864                      /system/lib64/libappfuse.so
77f84b8000-77f84b9000 rw-p 00000000 00:00 0                              [anon:.bss]
77f84c9000-77f84d5000 r--p 00000000 fe:1c 175890297                      /system/lib64/android.hardware.media.bufferpool2-V2-ndk.so
77f84d5000-77f84e3000 r-xp 0000c000 fe:1c 175890297                      /system/lib64/android.hardware.media.bufferpool2-V2-ndk.so
77f84e3000-77f84e5000 r--p 0001a000 fe:1c 175890297                      /system/lib64/android.hardware.media.bufferpool2-V2-ndk.so
77f84e5000-77f84e6000 rw-p 0001c000 fe:1c 175890297                      /system/lib64/android.hardware.media.bufferpool2-V2-ndk.so
77f84e7000-77f852e000 rw-p 00000000 00:00 0                              [anon:scudo:secondary]
77f852e000-77f8533000 r--p 00000000 fe:1c 209742057                      /system/lib64/libtracing_perfetto.so
77f8533000-77f8537000 r-xp 00005000 fe:1c 209742057                      /system/lib64/libtracing_perfetto.so
77f8537000-77f8538000 r--p 00009000 fe:1c 209742057                      /system/lib64/libtracing_perfetto.so
77f8538000-77f8539000 rw-p 0000a000 fe:1c 209742057                      /system/lib64/libtracing_perfetto.so
77f8540000-77f8551000 rw-p 00000000 00:00 0                              [anon:scudo:secondary]
77f8551000-77f8561000 r--p 00000000 fe:1c 179055707                      /system/lib64/libdatasource.so
77f8561000-77f8575000 r-xp 00010000 fe:1c 179055707                      /system/lib64/libdatasource.so
77f8575000-77f8577000 r--p 00024000 fe:1c 179055707                      /system/lib64/libdatasource.so
77f8577000-77f8578000 rw-p 00026000 fe:1c 179055707                      /system/lib64/libdatasource.so
77f8579000-77f858e000 rw-p 00000000 00:00 0                              [anon:scudo:secondary]
77f858e000-77f859c000 r--p 00000000 fe:1c 209739328                      /system/lib64/libjpeg.so
77f859c000-77f85e2000 r-xp 0000e000 fe:1c 209739328                      /system/lib64/libjpeg.so
77f85e2000-77f85e3000 r--p 00054000 fe:1c 209739328                      /system/lib64/libjpeg.so
77f85e3000-77f8636000 rw-p 00000000 00:00 0                              [anon:scudo:secondary]
77f8636000-77f863a000 r--p 00000000 fe:1c 176839156                      /system/lib64/libVGT.so
77f863a000-77f863d000 r-xp 00004000 fe:1c 176839156                      /system/lib64/libVGT.so
77f863d000-77f863e000 r--p 00007000 fe:1c 176839156                      /system/lib64/libVGT.so
77f863e000-77f863f000 rw-p 00008000 fe:1c 176839156                      /system/lib64/libVGT.so
77f8641000-77f8652000 r--p 00000000 fe:1c 209740509                      /system/lib64/libpng.so
77f8652000-77f867b000 r-xp 00011000 fe:1c 209740509                      /system/lib64/libpng.so
77f867b000-77f867c000 r--p 0003a000 fe:1c 209740509                      /system/lib64/libpng.so
77f8688000-77f8699000 r--p 00000000 fe:1c 209741161                      /system/lib64/libstagefright_aidl_bufferpool2.so
77f8699000-77f86b6000 r-xp 00011000 fe:1c 209741161                      /system/lib64/libstagefright_aidl_bufferpool2.so
77f86b6000-77f86b7000 r--p 0002e000 fe:1c 209741161                      /system/lib64/libstagefright_aidl_bufferpool2.so
77f86b7000-77f86b8000 rw-p 00000000 00:00 0                              [anon:.bss]
77f86ba000-77f86f6000 rw-p 00000000 00:00 0                              [anon:scudo:secondary]
77f86f6000-77f86f7000 r--p 00000000 fe:1c 209743468                      /system/lib64/shared-file-region-aidl-cpp.so
77f86f7000-77f86f9000 r-xp 00001000 fe:1c 209743468                      /system/lib64/shared-file-region-aidl-cpp.so
77f86f9000-77f86fa000 r--p 00003000 fe:1c 209743468                      /system/lib64/shared-file-region-aidl-cpp.so
77f8701000-77f8711000 rw-s 77f8701000 00:01 814726                       /kgsl-3d0 (deleted)
77f8711000-77f871b000 r--p 00000000 fe:1c 209742019                      /system/lib64/libtinyxml2.so
77f871b000-77f872e000 r-xp 0000a000 fe:1c 209742019                      /system/lib64/libtinyxml2.so
77f872e000-77f872f000 r--p 0001d000 fe:1c 209742019                      /system/lib64/libtinyxml2.so
77f872f000-77f8730000 rw-p 0001e000 fe:1c 209742019                      /system/lib64/libtinyxml2.so
77f873a000-77f874a000 rw-s 77f873a000 00:01 814726                       /kgsl-3d0 (deleted)
77f874d000-77f876b000 rw-p 00000000 00:00 0                              [anon:scudo:secondary]
77f876b000-77f8770000 r--p 00000000 fe:1c 179238638                      /system/lib64/android.hardware.memtrack-V1-ndk.so
77f8770000-77f8776000 r-xp 00005000 fe:1c 179238638                      /system/lib64/android.hardware.memtrack-V1-ndk.so
77f8776000-77f8777000 r--p 0000b000 fe:1c 179238638                      /system/lib64/android.hardware.memtrack-V1-ndk.so
77f8777000-77f8778000 rw-p 0000c000 fe:1c 179238638                      /system/lib64/android.hardware.memtrack-V1-ndk.so
77f8781000-77f8798000 r--p 00000000 fe:1c 209741547                      /system/lib64/libstagefright_foundation.so
77f8798000-77f87ba000 r-xp 00017000 fe:1c 209741547                      /system/lib64/libstagefright_foundation.so
77f87ba000-77f87bc000 r--p 00039000 fe:1c 209741547                      /system/lib64/libstagefright_foundation.so
77f87bc000-77f87bd000 rw-p 0003b000 fe:1c 209741547                      /system/lib64/libstagefright_foundation.so
77f87c1000-77f87e6000 rw-p 00000000 00:00 0                              [anon:scudo:secondary]
77f87e6000-77f87ed000 r--p 00000000 fe:1c 209739114                      /system/lib64/libmedia_codeclist.so
77f87ed000-77f87f8000 r-xp 00007000 fe:1c 209739114                      /system/lib64/libmedia_codeclist.so
77f87f8000-77f87fa000 r--p 00012000 fe:1c 209739114                      /system/lib64/libmedia_codeclist.so
77f87fa000-77f87fb000 rw-p 00014000 fe:1c 209739114                      /system/lib64/libmedia_codeclist.so
77f8807000-77f8827000 rw-p 00000000 00:00 0                              [anon:dalvik-CompilerMetadata]
77f8827000-77f8828000 r--p 00000000 fe:1c 176841085                      /system/lib64/android.hardware.media@1.0.so
77f8828000-77f882a000 r-xp 00001000 fe:1c 176841085                      /system/lib64/android.hardware.media@1.0.so
77f882a000-77f882b000 r--p 00003000 fe:1c 176841085                      /system/lib64/android.hardware.media@1.0.so
77f8835000-77f885f000 rw-p 00000000 00:00 0                              [anon:scudo:secondary]
77f885f000-77f8866000 r--p 00000000 fe:1c 209739586                      /system/lib64/libmediametrics.so
77f8866000-77f8872000 r-xp 00007000 fe:1c 209739586                      /system/lib64/libmediametrics.so
77f8872000-77f8873000 r--p 00013000 fe:1c 209739586                      /system/lib64/libmediametrics.so
77f8873000-77f8874000 rw-p 00014000 fe:1c 209739586                      /system/lib64/libmediametrics.so
77f887d000-77f888e000 rw-p 00000000 00:00 0                              [anon:scudo:secondary]
77f8893000-77f88af000 rw-p 00000000 00:00 0                              [anon:scudo:secondary]
77f88af000-77f88b4000 r--p 00000000 fe:1c 209738569                      /system/lib64/libheif.so
77f88b4000-77f88b9000 r-xp 00005000 fe:1c 209738569                      /system/lib64/libheif.so
77f88b9000-77f88ba000 r--p 0000a000 fe:1c 209738569                      /system/lib64/libheif.so
77f88bb000-77f88cc000 rw-p 00000000 00:00 0                              [anon:scudo:secondary]
77f88cc000-77f88d4000 r--p 00000000 fe:1c 195691758                      /system/lib64/libexpat.so
77f88d4000-77f88f2000 r-xp 00008000 fe:1c 195691758                      /system/lib64/libexpat.so
77f88f2000-77f88f4000 r--p 00026000 fe:1c 195691758                      /system/lib64/libexpat.so
77f88f4000-77f88f5000 rw-p 00000000 00:00 0                              [anon:.bss]
77f88fd000-77f890e000 rw-p 00000000 00:00 0                              [anon:scudo:secondary]
77f890e000-77f8928000 r--p 00000000 fe:1c 179055718                      /system/lib64/libdebugstore_cxx.so
77f8928000-77f8939000 r-xp 0001a000 fe:1c 179055718                      /system/lib64/libdebugstore_cxx.so
77f8939000-77f893b000 r--p 0002b000 fe:1c 179055718                      /system/lib64/libdebugstore_cxx.so
77f893b000-77f893c000 rw-p 0002d000 fe:1c 179055718                      /system/lib64/libdebugstore_cxx.so
77f8941000-77f8961000 rw-p 00000000 00:00 0                              [anon:dalvik-CompilerMetadata]
77f8961000-77f8993000 r--p 00000000 fe:1c 209739559                      /system/lib64/libmediadrm.so
77f8993000-77f89e6000 r-xp 00032000 fe:1c 209739559                      /system/lib64/libmediadrm.so
77f89e6000-77f89eb000 r--p 00085000 fe:1c 209739559                      /system/lib64/libmediadrm.so
77f89eb000-77f89ec000 rw-p 0008a000 fe:1c 209739559                      /system/lib64/libmediadrm.so
77f89f4000-77f8a05000 rw-p 00000000 00:00 0                              [anon:scudo:secondary]
77f8a05000-77f8a11000 r--p 00000000 fe:1c 209737840                      /system/lib64/libgamemanager_aidl.so
77f8a11000-77f8a20000 r-xp 0000c000 fe:1c 209737840                      /system/lib64/libgamemanager_aidl.so
77f8a20000-77f8a23000 r--p 0001b000 fe:1c 209737840                      /system/lib64/libgamemanager_aidl.so
77f8a23000-77f8a24000 rw-p 0001e000 fe:1c 209737840                      /system/lib64/libgamemanager_aidl.so
77f8a25000-77f8a44000 rw-p 00000000 00:00 0                              [anon:scudo:secondary]
77f8a44000-77f8a46000 r--p 00000000 fe:1c 179233530                      /system/lib64/com.android.media.audio-aconfig-cc.so
77f8a46000-77f8a48000 r-xp 00002000 fe:1c 179233530                      /system/lib64/com.android.media.audio-aconfig-cc.so
77f8a48000-77f8a49000 r--p 00004000 fe:1c 179233530                      /system/lib64/com.android.media.audio-aconfig-cc.so
77f8a49000-77f8a4a000 rw-p 00000000 00:00 0                              [anon:.bss]
77f8a51000-77f8a90000 rw-p 00000000 00:00 0                              [anon:scudo:secondary]
77f8a90000-77f8aa0000 r--p 00000000 fe:1c 209741554                      /system/lib64/libstagefright_framecapture_utils.so
77f8aa0000-77f8abc000 r-xp 00010000 fe:1c 209741554                      /system/lib64/libstagefright_framecapture_utils.so
77f8abc000-77f8abe000 r--p 0002c000 fe:1c 209741554                      /system/lib64/libstagefright_framecapture_utils.so
77f8abe000-77f8abf000 rw-p 00000000 00:00 0                              [anon:.bss]
77f8ac0000-77f8aed000 rw-p 00000000 00:00 0                              [anon:scudo:secondary]
77f8aed000-77f8b2f000 r--p 00000000 fe:1c 209740585                      /system/lib64/libprotobuf-cpp-lite.so
77f8b2f000-77f8b77000 r-xp 00042000 fe:1c 209740585                      /system/lib64/libprotobuf-cpp-lite.so
77f8b77000-77f8b79000 r--p 0008a000 fe:1c 209740585                      /system/lib64/libprotobuf-cpp-lite.so
77f8b79000-77f8b7a000 rw-p 0008c000 fe:1c 209740585                      /system/lib64/libprotobuf-cpp-lite.so
77f8b7e000-77f8b8f000 rw-p 00000000 00:00 0                              [anon:scudo:secondary]
77f8b8f000-77f8b9d000 r--p 00000000 fe:1c 209739124                      /system/lib64/libmedia_helper.so
77f8b9d000-77f8bad000 r-xp 0000e000 fe:1c 209739124                      /system/lib64/libmedia_helper.so
77f8bad000-77f8bae000 r--p 0001e000 fe:1c 209739124                      /system/lib64/libmedia_helper.so
77f8bb3000-77f8bc4000 rw-p 00000000 00:00 0                              [anon:scudo:secondary]
77f8bc4000-77f8bd9000 r--p 00000000 fe:1c 179235422                      /system/lib64/android.hardware.drm-V1-ndk.so
77f8bd9000-77f8bfa000 r-xp 00015000 fe:1c 179235422                      /system/lib64/android.hardware.drm-V1-ndk.so
77f8bfa000-77f8bfc000 r--p 00036000 fe:1c 179235422                      /system/lib64/android.hardware.drm-V1-ndk.so
77f8bfc000-77f8bfd000 rw-p 00038000 fe:1c 179235422                      /system/lib64/android.hardware.drm-V1-ndk.so
77f8c01000-77f8c36000 rw-p 00000000 00:00 0                              [anon:scudo:secondary]
77f8c36000-77f8c3c000 r--p 00000000 fe:1c 209737340                      /system/lib64/libGLESv1_CM.so
77f8c3c000-77f8c3e000 r-xp 00006000 fe:1c 209737340                      /system/lib64/libGLESv1_CM.so
77f8c3e000-77f8c3f000 r--p 00008000 fe:1c 209737340                      /system/lib64/libGLESv1_CM.so
77f8c43000-77f8c54000 rw-p 00000000 00:00 0                              [anon:scudo:secondary]
77f8c54000-77f8c5a000 r--p 00000000 fe:1c 179360634                      /system/lib64/android.hardware.graphics.allocator-V2-ndk.so
77f8c5a000-77f8c61000 r-xp 00006000 fe:1c 179360634                      /system/lib64/android.hardware.graphics.allocator-V2-ndk.so
77f8c61000-77f8c62000 r--p 0000d000 fe:1c 179360634                      /system/lib64/android.hardware.graphics.allocator-V2-ndk.so
77f8c62000-77f8c63000 rw-p 0000e000 fe:1c 179360634                      /system/lib64/android.hardware.graphics.allocator-V2-ndk.so
77f8c67000-77f8c81000 rw-p 00000000 00:00 0                              [anon:scudo:secondary]
77f8c81000-77f8cc2000 r--p 00000000 fe:1c 209738587                      /system/lib64/libhidlbase.so
77f8cc2000-77f8d1c000 r-xp 00041000 fe:1c 209738587                      /system/lib64/libhidlbase.so
77f8d1c000-77f8d27000 r--p 0009b000 fe:1c 209738587                      /system/lib64/libhidlbase.so
77f8d27000-77f8d28000 rw-p 000a6000 fe:1c 209738587                      /system/lib64/libhidlbase.so
77f8d2b000-77f8d4b000 rw-p 00000000 00:00 0                              [anon:dalvik-CompilerMetadata]
77f8d4b000-77f8d5e000 r--p 00000000 fe:1c 209738336                      /system/lib64/libclang_rt.ubsan_standalone-aarch64-android.so
77f8d5e000-77f8d61000 ---p 00000000 00:00 0 
77f8d61000-77f8d7f000 r-xp 00012000 fe:1c 209738336                      /system/lib64/libclang_rt.ubsan_standalone-aarch64-android.so
77f8d7f000-77f8d82000 ---p 00000000 00:00 0 
77f8d82000-77f8d84000 r--p 0002f000 fe:1c 209738336                      /system/lib64/libclang_rt.ubsan_standalone-aarch64-android.so
77f8d84000-77f8d87000 ---p 00000000 00:00 0 
77f8d87000-77f8d8a000 rw-p 00030000 fe:1c 209738336                      /system/lib64/libclang_rt.ubsan_standalone-aarch64-android.so
77f8d8a000-77f8fac000 rw-p 00000000 00:00 0                              [anon:.bss]
77f8fb6000-77f9000000 rw-p 00000000 00:00 0                              [anon:scudo:secondary]
77f9000000-77fb800000 ---p 00000000 00:00 0 
77fb800000-77fb810000 rw-s 77fb800000 00:01 814726                       /kgsl-3d0 (deleted)
77fb818000-77fb852000 rw-p 00000000 00:00 0                              [anon:scudo:secondary]
77fb852000-77fb858000 r--p 00000000 fe:1c 176824039                      /system/lib64/effect-aidl-cpp.so
77fb858000-77fb85f000 r-xp 00006000 fe:1c 176824039                      /system/lib64/effect-aidl-cpp.so
77fb85f000-77fb861000 r--p 0000d000 fe:1c 176824039                      /system/lib64/effect-aidl-cpp.so
77fb861000-77fb862000 rw-p 0000f000 fe:1c 176824039                      /system/lib64/effect-aidl-cpp.so
77fb867000-77fb899000 rw-p 00000000 00:00 0                              [anon:scudo:secondary]
77fb899000-77fb8a1000 r--p 00000000 fe:1c 187598315                      /system/lib64/libgraphicsenv.so
77fb8a1000-77fb8a9000 r-xp 00008000 fe:1c 187598315                      /system/lib64/libgraphicsenv.so
77fb8a9000-77fb8ab000 r--p 00010000 fe:1c 187598315                      /system/lib64/libgraphicsenv.so
77fb8ab000-77fb8ac000 rw-p 00012000 fe:1c 187598315                      /system/lib64/libgraphicsenv.so
77fb8b1000-77fb8d2000 rw-p 00000000 00:00 0                              [anon:scudo:secondary]
77fb8d2000-77fb94a000 r--p 00000000 fe:1c 177429722                      /system/lib64/libc++.so
77fb94a000-77fb94d000 ---p 00000000 00:00 0 
77fb94d000-77fb9cd000 r-xp 00077000 fe:1c 177429722                      /system/lib64/libc++.so
77fb9cd000-77fb9d0000 ---p 00000000 00:00 0 
77fb9d0000-77fb9d8000 r--p 000f6000 fe:1c 177429722                      /system/lib64/libc++.so
77fb9d8000-77fb9db000 ---p 00000000 00:00 0 
77fb9db000-77fb9dc000 rw-p 000fd000 fe:1c 177429722                      /system/lib64/libc++.so
77fb9dc000-77fb9e4000 rw-p 00000000 00:00 0                              [anon:.bss]
77fb9e5000-77fba00000 rw-p 00000000 00:00 0                              [anon:scudo:secondary]
77fba00000-77fba08000 r--p 00000000 fe:1c 209739932                      /system/lib64/libmeminfo.so
77fba08000-77fba16000 r-xp 00008000 fe:1c 209739932                      /system/lib64/libmeminfo.so
77fba16000-77fba17000 r--p 00016000 fe:1c 209739932                      /system/lib64/libmeminfo.so
77fba17000-77fba18000 rw-p 00000000 00:00 0                              [anon:.bss]
77fba21000-77fba31000 rw-s 77fba21000 00:01 814726                       /kgsl-3d0 (deleted)
77fba31000-77fba52000 rw-p 00000000 00:00 0                              [anon:scudo:secondary]
77fba52000-77fba61000 r--p 00000000 fe:1c 209739410                      /system/lib64/libmedia_quality_include.so
77fba61000-77fba70000 r-xp 0000f000 fe:1c 209739410                      /system/lib64/libmedia_quality_include.so
77fba70000-77fba75000 r--p 0001e000 fe:1c 209739410                      /system/lib64/libmedia_quality_include.so
77fba75000-77fba76000 rw-p 00023000 fe:1c 209739410                      /system/lib64/libmedia_quality_include.so
77fba80000-77fbaca000 r--p 00000000 fe:1c 187593192                      /system/lib64/libcodec2_vndk.so
77fbaca000-77fbb3b000 r-xp 0004a000 fe:1c 187593192                      /system/lib64/libcodec2_vndk.so
77fbb3b000-77fbb40000 r--p 000bb000 fe:1c 187593192                      /system/lib64/libcodec2_vndk.so
77fbb40000-77fbb41000 rw-p 000c0000 fe:1c 187593192                      /system/lib64/libcodec2_vndk.so
77fbb41000-77fbb79000 rw-p 00000000 00:00 0                              [anon:scudo:secondary]
77fbb79000-77fbb7d000 ---p 00000000 00:00 0 
77fbb7d000-77fbba7000 rw-p 00000000 00:00 0                              [anon:stack_and_tls:12883]
77fbba7000-77fbba8000 ---p 00000000 00:00 0 
77fbba8000-77fbba9000 r--p 00000000 fe:1c 201481717                      /system/lib64/aconfig_mediacodec_flags_c_lib.so
77fbba9000-77fbbab000 r-xp 00001000 fe:1c 201481717                      /system/lib64/aconfig_mediacodec_flags_c_lib.so
77fbbab000-77fbbac000 r--p 00003000 fe:1c 201481717                      /system/lib64/aconfig_mediacodec_flags_c_lib.so
77fbbac000-77fbbad000 rw-p 00000000 00:00 0                              [anon:.bss]
77fbbb5000-77fbbf7000 rw-p 00000000 00:00 0                              [anon:scudo:secondary]
77fbbf7000-77fbbfb000 r--p 00000000 fe:1c 175207798                      /system/lib64/lib-platform-compat-native-api.so
77fbbfb000-77fbbfd000 r-xp 00004000 fe:1c 175207798                      /system/lib64/lib-platform-compat-native-api.so
77fbbfd000-77fbbff000 r--p 00006000 fe:1c 175207798                      /system/lib64/lib-platform-compat-native-api.so
77fbbff000-77fbc00000 rw-p 00008000 fe:1c 175207798                      /system/lib64/lib-platform-compat-native-api.so
77fbc04000-77fbcc7000 r--p 00000000 07:d8 37                             /apex/com.android.i18n/lib64/libicuuc.so
77fbcc7000-77fbdd8000 r-xp 000c3000 07:d8 37                             /apex/com.android.i18n/lib64/libicuuc.so
77fbdd8000-77fbded000 r--p 001d4000 07:d8 37                             /apex/com.android.i18n/lib64/libicuuc.so
77fbded000-77fbdee000 rw-p 001e9000 07:d8 37                             /apex/com.android.i18n/lib64/libicuuc.so
77fbdee000-77fbdf0000 rw-p 00000000 00:00 0                              [anon:.bss]
77fbdf2000-77fbe49000 rw-p 00000000 00:00 0                              [anon:scudo:secondary]
77fbe49000-77fbe53000 r--p 00000000 fe:1c 179242617                      /system/lib64/android.hardware.graphics.allocator@2.0.so
77fbe53000-77fbe60000 r-xp 0000a000 fe:1c 179242617                      /system/lib64/android.hardware.graphics.allocator@2.0.so
77fbe60000-77fbe62000 r--p 00017000 fe:1c 179242617                      /system/lib64/android.hardware.graphics.allocator@2.0.so
77fbe62000-77fbe63000 rw-p 00019000 fe:1c 179242617                      /system/lib64/android.hardware.graphics.allocator@2.0.so
77fbe69000-77fbe6a000 ---p 00000000 00:00 0 
77fbe6a000-77fbe72000 rw-p 00000000 00:00 0                              [anon:thread signal stack]
77fbe73000-77fbe86000 rw-p 00000000 00:00 0                              [anon:scudo:secondary]
77fbe8e000-77fbebd000 rw-p 00000000 00:00 0                              [anon:scudo:secondary]
77fbebd000-77fbef8000 r--p 00000000 fe:1c 209738525                      /system/lib64/libharfbuzz_ng.so
77fbef8000-77fbfb7000 r-xp 0003b000 fe:1c 209738525                      /system/lib64/libharfbuzz_ng.so
77fbfb7000-77fbfb8000 r--p 000fa000 fe:1c 209738525                      /system/lib64/libharfbuzz_ng.so
77fbfb8000-77fbfb9000 rw-p 000fb000 fe:1c 209738525                      /system/lib64/libharfbuzz_ng.so
77fbfbb000-77fbfbc000 ---p 00000000 00:00 0 
77fbfbc000-77fbfc4000 rw-p 00000000 00:00 0                              [anon:thread signal stack]
77fbfc4000-77fbfc5000 ---p 00000000 00:00 0 
77fbfc5000-77fbfcd000 rw-p 00000000 00:00 0                              [anon:thread signal stack]
77fbfcd000-77fc000000 rw-p 00000000 00:00 0                              [anon:scudo:secondary]
77fc000000-77ffa00000 ---p 00000000 00:00 0 
77ffa00000-77ffa11000 rw-p 00000000 00:00 0                              [anon:scudo:secondary]
77ffa12000-77ffa44000 rw-p 00000000 00:00 0                              [anon:scudo:secondary]
77ffa44000-77ffa50000 r--p 00000000 fe:1c 176829049                      /system/lib64/android.hardware.graphics.mapper@3.0.so
77ffa50000-77ffa5f000 r-xp 0000c000 fe:1c 176829049                      /system/lib64/android.hardware.graphics.mapper@3.0.so
77ffa5f000-77ffa61000 r--p 0001b000 fe:1c 176829049                      /system/lib64/android.hardware.graphics.mapper@3.0.so
77ffa61000-77ffa62000 rw-p 0001d000 fe:1c 176829049                      /system/lib64/android.hardware.graphics.mapper@3.0.so
77ffa69000-77ffa6a000 ---p 00000000 00:00 0 
77ffa6a000-77ffa72000 rw-p 00000000 00:00 0                              [anon:thread signal stack]
77ffa72000-77ffa82000 rw-s 77ffa72000 00:01 814726                       /kgsl-3d0 (deleted)
77ffa82000-77ffa90000 r--p 00000000 fe:1c 209742094                      /system/lib64/libutils.so
77ffa90000-77ffaa1000 r-xp 0000e000 fe:1c 209742094                      /system/lib64/libutils.so
77ffaa1000-77ffaa2000 r--p 0001f000 fe:1c 209742094                      /system/lib64/libutils.so
77ffaa2000-77ffaa3000 rw-p 00020000 fe:1c 209742094                      /system/lib64/libutils.so
77ffaa5000-77ffaa6000 ---p 00000000 00:00 0 
77ffaa6000-77ffaae000 rw-p 00000000 00:00 0                              [anon:thread signal stack]
77ffaaf000-77ffab7000 rw-s 00000000 00:09 306240                         /dmabuf:
77ffab7000-77ffab8000 ---p 00000000 00:00 0 
77ffab8000-77ffac0000 rw-p 00000000 00:00 0                              [anon:thread signal stack]
77ffac0000-77ffae0000 rw-p 00000000 00:00 0                              [anon:dalvik-LinearAlloc]
77ffae0000-77ffae6000 r--p 00000000 fe:1c 209740490                      /system/lib64/libpiex.so
77ffae6000-77ffaf6000 r-xp 00006000 fe:1c 209740490                      /system/lib64/libpiex.so
77ffaf6000-77ffaf7000 r--p 00016000 fe:1c 209740490                      /system/lib64/libpiex.so
77ffaf7000-77ffaf8000 rw-p 00000000 00:00 0                              [anon:.bss]
77ffafa000-77ffafb000 ---p 00000000 00:00 0 
77ffafb000-77ffb03000 rw-p 00000000 00:00 0                              [anon:thread signal stack]
77ffb03000-77ffb13000 rw-s 77ffb03000 00:01 814726                       /kgsl-3d0 (deleted)
77ffb13000-77ffb1c000 r--p 00000000 fe:1c 179390067                      /system/lib64/libcodec2_hidl_client@1.0.so
77ffb1c000-77ffb2d000 r-xp 00009000 fe:1c 179390067                      /system/lib64/libcodec2_hidl_client@1.0.so
77ffb2d000-77ffb2e000 r--p 0001a000 fe:1c 179390067                      /system/lib64/libcodec2_hidl_client@1.0.so
77ffb2e000-77ffb2f000 rw-p 00000000 00:00 0                              [anon:.bss]
77ffb3e000-77ffb79000 rw-p 00000000 00:00 0                              [anon:scudo:secondary]
77ffb79000-77ffb7a000 r--p 00000000 fe:1c 209740036                      /system/lib64/libnativeloader_lazy.so
77ffb7a000-77ffb7b000 r-xp 00001000 fe:1c 209740036                      /system/lib64/libnativeloader_lazy.so
77ffb7b000-77ffb7c000 r--p 00002000 fe:1c 209740036                      /system/lib64/libnativeloader_lazy.so
77ffb7c000-77ffb7d000 rw-p 00000000 00:00 0                              [anon:.bss]
77ffb7d000-77ffb8e000 rw-p 00000000 00:00 0                              [anon:scudo:secondary]
77ffb93000-77ffbb3000 rw-p 00000000 00:00 0                              [anon:dalvik-CompilerMetadata]
77ffbb3000-77ffbb4000 r--p 00000000 fe:1c 179244666                      /system/lib64/android.hardware.graphics.common@1.0.so
77ffbb4000-77ffbb6000 r-xp 00001000 fe:1c 179244666                      /system/lib64/android.hardware.graphics.common@1.0.so
77ffbb6000-77ffbb7000 r--p 00003000 fe:1c 179244666                      /system/lib64/android.hardware.graphics.common@1.0.so
77ffbb9000-77ffbee000 rw-p 00000000 00:00 0                              [anon:scudo:secondary]
77ffbee000-77ffbf0000 r--p 00000000 fe:1c 201481720                      /system/lib64/aconfig_text_flags_c_lib.so
77ffbf0000-77ffbf1000 r-xp 00002000 fe:1c 201481720                      /system/lib64/aconfig_text_flags_c_lib.so
77ffbf1000-77ffbf2000 r--p 00003000 fe:1c 201481720                      /system/lib64/aconfig_text_flags_c_lib.so
77ffbf2000-77ffbf3000 rw-p 00000000 00:00 0                              [anon:.bss]
77ffbf8000-77ffc09000 rw-p 00000000 00:00 0                              [anon:scudo:secondary]
77ffc09000-77ffc1c000 r--p 00000000 fe:1c 209738544                      /system/lib64/libharfbuzz_subset.so
77ffc1c000-77ffcf6000 r-xp 00013000 fe:1c 209738544                      /system/lib64/libharfbuzz_subset.so
77ffcf6000-77ffcf7000 r--p 000ed000 fe:1c 209738544                      /system/lib64/libharfbuzz_subset.so
77ffcf7000-77ffcf8000 rw-p 000ee000 fe:1c 209738544                      /system/lib64/libharfbuzz_subset.so
77ffcf8000-77ffcf9000 ---p 00000000 00:00 0 
77ffcf9000-77ffd01000 rw-p 00000000 00:00 0                              [anon:thread signal stack]
77ffd08000-77ffd68000 rw-p 00000000 00:00 0                              [anon:dalvik-LinearAlloc]
77ffd68000-77ffd6e000 r--p 00000000 fe:1c 179055703                      /system/lib64/libdataloader.so
77ffd6e000-77ffd79000 r-xp 00006000 fe:1c 179055703                      /system/lib64/libdataloader.so
77ffd79000-77ffd7a000 r--p 00011000 fe:1c 179055703                      /system/lib64/libdataloader.so
77ffd7a000-77ffd7b000 rw-p 00000000 00:00 0                              [anon:.bss]
77ffd82000-77ffd96000 r--p 00000000 fe:1c 177247834                      /system/lib64/libaudio_aidl_conversion_common_cpp.so
77ffd96000-77ffdc3000 r-xp 00014000 fe:1c 177247834                      /system/lib64/libaudio_aidl_conversion_common_cpp.so
77ffdc3000-77ffdc5000 r--p 00041000 fe:1c 177247834                      /system/lib64/libaudio_aidl_conversion_common_cpp.so
77ffdc5000-77ffdc6000 rw-p 00000000 00:00 0                              [anon:.bss]
77ffdc7000-77ffdd7000 rw-s 77ffdc7000 00:01 814726                       /kgsl-3d0 (deleted)
77ffdd7000-77ffded000 rw-p 00000000 00:00 0                              [anon:scudo:secondary]
77ffdf0000-77ffe00000 rw-s 77ffdf0000 00:01 814726                       /kgsl-3d0 (deleted)
77ffe00000-7801c00000 ---p 00000000 00:00 0 
7801c07000-7801c08000 ---p 00000000 00:00 0 
7801c08000-7801c10000 rw-p 00000000 00:00 0                              [anon:thread signal stack]
7801c14000-7801c24000 rw-s 7801c14000 00:01 814726                       /kgsl-3d0 (deleted)
7801c24000-7801c44000 rw-s 7801c24000 00:01 814726                       /kgsl-3d0 (deleted)
7801c44000-7801c4d000 r--p 00000000 fe:1c 179238642                      /system/lib64/android.hardware.memtrack@1.0.so
7801c4d000-7801c59000 r-xp 00009000 fe:1c 179238642                      /system/lib64/android.hardware.memtrack@1.0.so
7801c59000-7801c5b000 r--p 00015000 fe:1c 179238642                      /system/lib64/android.hardware.memtrack@1.0.so
7801c5b000-7801c5c000 rw-p 00017000 fe:1c 179238642                      /system/lib64/android.hardware.memtrack@1.0.so
7801c5d000-7801c6d000 rw-s 7801c5d000 00:01 814726                       /kgsl-3d0 (deleted)
7801c6d000-7801c83000 rw-p 00000000 00:00 0                              [anon:scudo:secondary]
7801c83000-7801c98000 r--p 00000000 fe:1c 179372766                      /system/lib64/android.hardware.graphics.bufferqueue@2.0.so
7801c98000-7801cb8000 r-xp 00015000 fe:1c 179372766                      /system/lib64/android.hardware.graphics.bufferqueue@2.0.so
7801cb8000-7801cbc000 r--p 00035000 fe:1c 179372766                      /system/lib64/android.hardware.graphics.bufferqueue@2.0.so
7801cbc000-7801cbd000 rw-p 00039000 fe:1c 179372766                      /system/lib64/android.hardware.graphics.bufferqueue@2.0.so
7801cc1000-7801ce9000 rw-p 00000000 00:00 0                              [anon:scudo:secondary]
7801ce9000-7801cea000 r--p 00000000 fe:1c 209741056                      /system/lib64/libshmemutil.so
7801cea000-7801cec000 r-xp 00001000 fe:1c 209741056                      /system/lib64/libshmemutil.so
7801cec000-7801ced000 r--p 00003000 fe:1c 209741056                      /system/lib64/libshmemutil.so
7801cee000-7801cfe000 rw-s 7801cee000 00:01 814726                       /kgsl-3d0 (deleted)
7801cfe000-7801d0f000 rw-p 00000000 00:00 0                              [anon:scudo:secondary]
7801d0f000-7801d49000 r--p 00000000 fe:1c 209739101                      /system/lib64/libmedia.so
7801d49000-7801daa000 r-xp 0003a000 fe:1c 209739101                      /system/lib64/libmedia.so
7801daa000-7801dbd000 r--p 0009b000 fe:1c 209739101                      /system/lib64/libmedia.so
7801dbd000-7801dbe000 rw-p 000ae000 fe:1c 209739101                      /system/lib64/libmedia.so
7801dc0000-7801dc1000 r--p 00000000 fe:1c 179244669                      /system/lib64/android.hardware.graphics.common@1.1.so
7801dc1000-7801dc3000 r-xp 00001000 fe:1c 179244669                      /system/lib64/android.hardware.graphics.common@1.1.so
7801dc3000-7801dc4000 r--p 00003000 fe:1c 179244669                      /system/lib64/android.hardware.graphics.common@1.1.so
7801dc9000-7801de0000 rw-p 00000000 00:00 0                              [anon:scudo:secondary]
7801dec000-7801e20000 rw-p 00000000 00:00 0                              [anon:scudo:secondary]
7801e20000-7801e28000 r--p 00000000 fe:1c 209738490                      /system/lib64/libgralloctypes.so
7801e28000-7801e32000 r-xp 00008000 fe:1c 209738490                      /system/lib64/libgralloctypes.so
7801e32000-7801e33000 r--p 00012000 fe:1c 209738490                      /system/lib64/libgralloctypes.so
7801e33000-7801e34000 rw-p 00000000 00:00 0                              [anon:.bss]
7801e34000-7801e35000 ---p 00000000 00:00 0 
7801e35000-7801e3d000 rw-p 00000000 00:00 0                              [anon:thread signal stack]
7801e3d000-7801e3e000 ---p 00000000 00:00 0 
7801e3e000-7801e46000 rw-p 00000000 00:00 0                              [anon:thread signal stack]
7801e46000-7801e47000 ---p 00000000 00:00 0 
7801e47000-7801e4f000 rw-p 00000000 00:00 0                              [anon:thread signal stack]
7801e4f000-7801e50000 ---p 00000000 00:00 0 
7801e50000-7801e58000 rw-p 00000000 00:00 0                              [anon:thread signal stack]
7801e58000-7801e59000 ---p 00000000 00:00 0 
7801e59000-7801e61000 rw-p 00000000 00:00 0                              [anon:thread signal stack]
7801e61000-7801e62000 ---p 00000000 00:00 0 
7801e62000-7801e6a000 rw-p 00000000 00:00 0                              [anon:thread signal stack]
7801e6a000-7801e6b000 ---p 00000000 00:00 0 
7801e6b000-7801e73000 rw-p 00000000 00:00 0                              [anon:thread signal stack]
7801e73000-7801e9b000 r--p 00000000 fe:1c 209740267                      /system/lib64/libperfetto_c.so
7801e9b000-7801f33000 r-xp 00028000 fe:1c 209740267                      /system/lib64/libperfetto_c.so
7801f33000-7801f38000 r--p 000c0000 fe:1c 209740267                      /system/lib64/libperfetto_c.so
7801f38000-7801f39000 rw-p 000c5000 fe:1c 209740267                      /system/lib64/libperfetto_c.so
7801f39000-7801f3a000 rw-p 00000000 00:00 0                              [anon:.bss]
7801f3d000-7801f3e000 ---p 00000000 00:00 0 
7801f3e000-7801f46000 rw-p 00000000 00:00 0                              [anon:thread signal stack]
7801f46000-7801f66000 rw-s 7801f46000 00:01 814726                       /kgsl-3d0 (deleted)
7801f66000-7801f89000 r--p 00000000 fe:1c 209743376                      /system/lib64/libyuv.so
7801f89000-7801fe6000 r-xp 00023000 fe:1c 209743376                      /system/lib64/libyuv.so
7801fe6000-7801fe8000 r--p 00080000 fe:1c 209743376                      /system/lib64/libyuv.so
7801fe8000-7801fe9000 rw-p 00082000 fe:1c 209743376                      /system/lib64/libyuv.so
7801fe9000-7802000000 rw-p 00000000 00:00 0                              [anon:scudo:secondary]
7802000000-7804a00000 ---p 00000000 00:00 0 
7804a04000-7804a05000 ---p 00000000 00:00 0 
7804a05000-7804a0d000 rw-p 00000000 00:00 0                              [anon:thread signal stack]
7804a1a000-7804a31000 rw-p 00000000 00:00 0                              [anon:scudo:secondary]
7804a31000-7804a71000 rw-p 00000000 00:00 0                              [anon:dalvik-CompilerMetadata]
7804a71000-7804a77000 r--p 00000000 fe:1c 209742592                      /system/lib64/libvivoaudiopolicymanager.so
7804a77000-7804a7b000 r-xp 00006000 fe:1c 209742592                      /system/lib64/libvivoaudiopolicymanager.so
7804a7b000-7804a7d000 r--p 0000a000 fe:1c 209742592                      /system/lib64/libvivoaudiopolicymanager.so
7804a7d000-7804a7e000 rw-p 0000c000 fe:1c 209742592                      /system/lib64/libvivoaudiopolicymanager.so
7804a81000-7804a82000 ---p 00000000 00:00 0 
7804a82000-7804a8a000 rw-p 00000000 00:00 0                              [anon:thread signal stack]
7804a8a000-7804ab0000 rw-p 00000000 00:00 0                              [anon:scudo:secondary]
7804ab0000-7804ab2000 r--p 00000000 fe:1c 179050347                      /system/lib64/camera_platform_flags_c_lib.so
7804ab2000-7804ab4000 r-xp 00002000 fe:1c 179050347                      /system/lib64/camera_platform_flags_c_lib.so
7804ab4000-7804ab5000 r--p 00004000 fe:1c 179050347                      /system/lib64/camera_platform_flags_c_lib.so
7804ab5000-7804ab6000 rw-p 00000000 00:00 0                              [anon:.bss]
7804ac1000-7804ac2000 ---p 00000000 00:00 0 
7804ac2000-7804aca000 rw-p 00000000 00:00 0                              [anon:thread signal stack]
7804aca000-7804aef000 rw-p 00000000 00:00 0                              [anon:scudo:secondary]
7804aef000-7804af7000 r--p 00000000 fe:1c 209743461                      /system/lib64/packagemanager_aidl-cpp.so
7804af7000-7804afd000 r-xp 00008000 fe:1c 209743461                      /system/lib64/packagemanager_aidl-cpp.so
7804afd000-7804aff000 r--p 0000e000 fe:1c 209743461                      /system/lib64/packagemanager_aidl-cpp.so
7804aff000-7804b00000 rw-p 00010000 fe:1c 209743461                      /system/lib64/packagemanager_aidl-cpp.so
7804b03000-7804b0c000 r--p 00000000 fe:1c 209739247                      /system/lib64/libimg_utils.so
7804b0c000-7804b1d000 r-xp 00009000 fe:1c 209739247                      /system/lib64/libimg_utils.so
7804b1d000-7804b1f000 r--p 0001a000 fe:1c 209739247                      /system/lib64/libimg_utils.so
7804b1f000-7804b20000 rw-p 00000000 00:00 0                              [anon:.bss]
7804b22000-7804b57000 rw-p 00000000 00:00 0                              [anon:scudo:secondary]
7804b57000-7804b66000 r--p 00000000 fe:1c 209743428                      /system/lib64/media_quality_aidl_interface-cpp.so
7804b66000-7804b75000 r-xp 0000f000 fe:1c 209743428                      /system/lib64/media_quality_aidl_interface-cpp.so
7804b75000-7804b7a000 r--p 0001e000 fe:1c 209743428                      /system/lib64/media_quality_aidl_interface-cpp.so
7804b7a000-7804b7b000 rw-p 00023000 fe:1c 209743428                      /system/lib64/media_quality_aidl_interface-cpp.so
7804b81000-7804baa000 r--p 00000000 fe:1c 187588068                      /system/lib64/android.hardware.drm@1.4.so
7804baa000-7804bde000 r-xp 00029000 fe:1c 187588068                      /system/lib64/android.hardware.drm@1.4.so
7804bde000-7804be7000 r--p 0005d000 fe:1c 187588068                      /system/lib64/android.hardware.drm@1.4.so
7804be7000-7804be8000 rw-p 00066000 fe:1c 187588068                      /system/lib64/android.hardware.drm@1.4.so
7804bed000-7804c1f000 rw-p 00000000 00:00 0                              [anon:scudo:secondary]
7804c1f000-7804c20000 r--p 00000000 fe:1c 209737976                      /system/lib64/libhardware.so
7804c20000-7804c21000 r-xp 00001000 fe:1c 209737976                      /system/lib64/libhardware.so
7804c21000-7804c22000 r--p 00002000 fe:1c 209737976                      /system/lib64/libhardware.so
7804c2a000-7804c3f000 rw-p 00000000 00:00 0                              [anon:scudo:secondary]
7804c3f000-7804c47000 rw-s 00000000 00:09 306242                         /dmabuf:
7804c48000-7804c68000 rw-p 00000000 00:00 0                              [anon:dalvik-CompilerMetadata]
7804c68000-7804c69000 r--p 00000000 fe:1c 177425133                      /system/lib64/libcodec2.so
7804c69000-7804c6a000 r-xp 00001000 fe:1c 177425133                      /system/lib64/libcodec2.so
7804c6a000-7804c6b000 r--p 00002000 fe:1c 177425133                      /system/lib64/libcodec2.so
7804c70000-7804c71000 ---p 00000000 00:00 0 
7804c71000-7804c79000 rw-p 00000000 00:00 0                              [anon:thread signal stack]
7804c79000-7804caa000 rw-p 00000000 00:00 0                              [anon:scudo:secondary]
7804caa000-7804caf000 r--p 00000000 07:d8 31                             /apex/com.android.i18n/lib64/libandroidicu.so
7804caf000-7804cb0000 r-xp 00005000 07:d8 31                             /apex/com.android.i18n/lib64/libandroidicu.so
7804cb0000-7804cb1000 r--p 00006000 07:d8 31                             /apex/com.android.i18n/lib64/libandroidicu.so
7804cb5000-7804cb6000 ---p 00000000 00:00 0 
7804cb6000-7804cbe000 rw-p 00000000 00:00 0                              [anon:thread signal stack]
7804cc5000-7804ce7000 rw-p 00000000 00:00 0                              [anon:scudo:secondary]
7804ce7000-7804cea000 r--p 00000000 fe:1c 209741812                      /system/lib64/libtimeinstate.so
7804cea000-7804cf2000 r-xp 00003000 fe:1c 209741812                      /system/lib64/libtimeinstate.so
7804cf2000-7804cf3000 r--p 0000b000 fe:1c 209741812                      /system/lib64/libtimeinstate.so
7804cf3000-7804cf4000 rw-p 00000000 00:00 0                              [anon:.bss]
7804cfb000-7804cfc000 ---p 00000000 00:00 0 
7804cfc000-7804d04000 rw-p 00000000 00:00 0                              [anon:thread signal stack]
7804d04000-7804d05000 ---p 00000000 00:00 0 
7804d05000-7804d0d000 rw-p 00000000 00:00 0                              [anon:thread signal stack]
7804d0d000-7804d1c000 r--p 00000000 fe:1c 209739252                      /system/lib64/libincfs.so
7804d1c000-7804d39000 r-xp 0000f000 fe:1c 209739252                      /system/lib64/libincfs.so
7804d39000-7804d3a000 r--p 0002c000 fe:1c 209739252                      /system/lib64/libincfs.so
7804d3a000-7804d3b000 rw-p 0002d000 fe:1c 209739252                      /system/lib64/libincfs.so
7804d42000-7804d43000 ---p 00000000 00:00 0 
7804d43000-7804d4b000 rw-p 00000000 00:00 0                              [anon:thread signal stack]
7804d4b000-7804d4c000 ---p 00000000 00:00 0 
7804d4c000-7804d54000 rw-p 00000000 00:00 0                              [anon:thread signal stack]
7804d54000-7804d55000 ---p 00000000 00:00 0 
7804d55000-7804d5d000 rw-p 00000000 00:00 0                              [anon:thread signal stack]
7804d5d000-7804d73000 rw-p 00000000 00:00 0                              [anon:scudo:secondary]
7804d73000-7804d77000 r--p 00000000 fe:1c 187588221                      /system/lib64/android.hardware.graphics.common-V6-ndk.so
7804d77000-7804d7b000 r-xp 00004000 fe:1c 187588221                      /system/lib64/android.hardware.graphics.common-V6-ndk.so
7804d7b000-7804d7c000 r--p 00008000 fe:1c 187588221                      /system/lib64/android.hardware.graphics.common-V6-ndk.so
7804d7c000-7804d7d000 rw-p 00009000 fe:1c 187588221                      /system/lib64/android.hardware.graphics.common-V6-ndk.so
7804d82000-7804d96000 r--p 00000000 fe:1c 209740046                      /system/lib64/libnblog.so
7804d96000-7804db8000 r-xp 00014000 fe:1c 209740046                      /system/lib64/libnblog.so
7804db8000-7804dba000 r--p 00036000 fe:1c 209740046                      /system/lib64/libnblog.so
7804dba000-7804dbb000 rw-p 00000000 00:00 0                              [anon:.bss]
7804dbb000-7804dbc000 ---p 00000000 00:00 0 
7804dbc000-7804dc4000 rw-p 00000000 00:00 0                              [anon:thread signal stack]
7804dc8000-7804dc9000 ---p 00000000 00:00 0 
7804dc9000-7804dd1000 rw-p 00000000 00:00 0                              [anon:thread signal stack]
7804dd1000-7804de2000 rw-p 00000000 00:00 0                              [anon:scudo:secondary]
7804de2000-7804deb000 r--p 00000000 fe:1c 209743408                      /system/lib64/libziparchive.so
7804deb000-7804df7000 r-xp 00009000 fe:1c 209743408                      /system/lib64/libziparchive.so
7804df7000-7804df8000 r--p 00015000 fe:1c 209743408                      /system/lib64/libziparchive.so
7804df8000-7804df9000 rw-p 00000000 00:00 0                              [anon:.bss]
7804dfd000-7804dfe000 ---p 00000000 00:00 0 
7804dfe000-7804e06000 rw-p 00000000 00:00 0                              [anon:thread signal stack]
7804e06000-7804e07000 ---p 00000000 00:00 0 
7804e07000-7804e0f000 rw-p 00000000 00:00 0                              [anon:thread signal stack]
7804e0f000-7804e13000 r--p 00000000 fe:1c 179050350                      /system/lib64/capture_state_listener-aidl-cpp.so
7804e13000-7804e16000 r-xp 00004000 fe:1c 179050350                      /system/lib64/capture_state_listener-aidl-cpp.so
7804e16000-7804e18000 r--p 00007000 fe:1c 179050350                      /system/lib64/capture_state_listener-aidl-cpp.so
7804e18000-7804e19000 rw-p 00009000 fe:1c 179050350                      /system/lib64/capture_state_listener-aidl-cpp.so
7804e20000-7804e21000 ---p 00000000 00:00 0 
7804e21000-7804e29000 rw-p 00000000 00:00 0                              [anon:thread signal stack]
7804e29000-7804e46000 rw-p 00000000 00:00 0                              [anon:scudo:secondary]
7804e46000-7804f54000 r--p 00000000 fe:1c 201452613                      /system/lib64/libandroid_runtime.so
7804f54000-780516e000 r-xp 0010e000 fe:1c 201452613                      /system/lib64/libandroid_runtime.so
780516e000-7805193000 r--p 00328000 fe:1c 201452613                      /system/lib64/libandroid_runtime.so
7805193000-7805195000 rw-p 0034d000 fe:1c 201452613                      /system/lib64/libandroid_runtime.so
7805195000-7805198000 rw-p 00000000 00:00 0                              [anon:.bss]
7805198000-7805199000 ---p 00000000 00:00 0 
7805199000-78051a1000 rw-p 00000000 00:00 0                              [anon:thread signal stack]
78051a1000-78051b2000 rw-p 00000000 00:00 0                              [anon:scudo:secondary]
78051b2000-78051b3000 ---p 00000000 00:00 0 
78051b3000-78051bb000 rw-p 00000000 00:00 0                              [anon:thread signal stack]
78051bb000-7805200000 rw-p 00000000 00:00 0                              [anon:scudo:secondary]
7805200000-7808400000 ---p 00000000 00:00 0 
7808406000-7808446000 rw-s 7808406000 00:01 814726                       /kgsl-3d0 (deleted)
7808446000-780844f000 r--p 00000000 fe:3f 99                             /apex/com.android.art/lib64/liblzma.so
780844f000-780846d000 r-xp 00009000 fe:3f 99                             /apex/com.android.art/lib64/liblzma.so
780846d000-780846e000 r--p 00027000 fe:3f 99                             /apex/com.android.art/lib64/liblzma.so
780846e000-780846f000 rw-p 00028000 fe:3f 99                             /apex/com.android.art/lib64/liblzma.so
780846f000-780847a000 rw-p 00000000 00:00 0                              [anon:.bss]
780847f000-780849a000 rw-p 00000000 00:00 0                              [anon:scudo:secondary]
78084a2000-78084a3000 ---p 00000000 00:00 0 
78084a3000-78084ab000 rw-p 00000000 00:00 0                              [anon:thread signal stack]
78084ab000-78084ac000 ---p 00000000 00:00 0 
78084ac000-78084b4000 rw-p 00000000 00:00 0                              [anon:thread signal stack]
78084b4000-78084b9000 r--p 00000000 fe:1c 176856292                      /system/lib64/audio-permission-aidl-cpp.so
78084b9000-78084bb000 r-xp 00005000 fe:1c 176856292                      /system/lib64/audio-permission-aidl-cpp.so
78084bb000-78084bd000 r--p 00007000 fe:1c 176856292                      /system/lib64/audio-permission-aidl-cpp.so
78084bd000-78084be000 rw-p 00009000 fe:1c 176856292                      /system/lib64/audio-permission-aidl-cpp.so
78084c0000-78084d8000 rw-p 00000000 00:00 0                              [anon:scudo:secondary]
78084d8000-7808550000 r--p 00000000 fe:3f 91                             /apex/com.android.art/lib64/libc++.so
7808550000-7808553000 ---p 00000000 00:00 0 
7808553000-78085d3000 r-xp 00077000 fe:3f 91                             /apex/com.android.art/lib64/libc++.so
78085d3000-78085d6000 ---p 00000000 00:00 0 
78085d6000-78085de000 r--p 000f6000 fe:3f 91                             /apex/com.android.art/lib64/libc++.so
78085de000-78085e1000 ---p 00000000 00:00 0 
78085e1000-78085e2000 rw-p 000fd000 fe:3f 91                             /apex/com.android.art/lib64/libc++.so
78085e2000-78085ea000 rw-p 00000000 00:00 0                              [anon:.bss]
78085eb000-78085ec000 ---p 00000000 00:00 0 
78085ec000-78085f4000 rw-p 00000000 00:00 0                              [anon:thread signal stack]
78085f4000-7808614000 rw-p 00000000 00:00 0                              [anon:dalvik-CompilerMetadata]
7808614000-780861f000 r--p 00000000 fe:1c 176829039                      /system/lib64/android.hardware.graphics.mapper@2.0.so
780861f000-780862d000 r-xp 0000b000 fe:1c 176829039                      /system/lib64/android.hardware.graphics.mapper@2.0.so
780862d000-780862f000 r--p 00019000 fe:1c 176829039                      /system/lib64/android.hardware.graphics.mapper@2.0.so
780862f000-7808630000 rw-p 0001b000 fe:1c 176829039                      /system/lib64/android.hardware.graphics.mapper@2.0.so
7808631000-7808652000 rw-p 00000000 00:00 0                              [anon:scudo:secondary]
7808652000-78086aa000 r--p 00000000 fe:1c 179041754                      /system/lib64/libaudioclient.so
78086aa000-7808761000 r-xp 00058000 fe:1c 179041754                      /system/lib64/libaudioclient.so
7808761000-780876e000 r--p 0010f000 fe:1c 179041754                      /system/lib64/libaudioclient.so
780876e000-780876f000 rw-p 0011c000 fe:1c 179041754                      /system/lib64/libaudioclient.so
7808770000-7808791000 rw-p 00000000 00:00 0                              [anon:scudo:secondary]
7808791000-78087b1000 rw-s 7808791000 00:01 814726                       /kgsl-3d0 (deleted)
78087b1000-78087ba000 r--p 00000000 fe:1c 179050360                      /system/lib64/com.android.window.flags.window-aconfig_flags_c_lib.so
78087ba000-78087bb000 r-xp 00009000 fe:1c 179050360                      /system/lib64/com.android.window.flags.window-aconfig_flags_c_lib.so
78087bb000-78087bc000 r--p 0000a000 fe:1c 179050360                      /system/lib64/com.android.window.flags.window-aconfig_flags_c_lib.so
78087bc000-78087bd000 rw-p 00000000 00:00 0                              [anon:.bss]
78087c3000-78087c4000 ---p 00000000 00:00 0 
78087c4000-78087cc000 rw-p 00000000 00:00 0                              [anon:thread signal stack]
78087cc000-7808891000 r--p 00000000 fe:1c 209737934                      /system/lib64/libgui.so
7808891000-78089ae000 r-xp 000c5000 fe:1c 209737934                      /system/lib64/libgui.so
78089ae000-78089d5000 r--p 001e2000 fe:1c 209737934                      /system/lib64/libgui.so
78089d5000-78089d6000 rw-p 00209000 fe:1c 209737934                      /system/lib64/libgui.so
78089d6000-78089d7000 rw-p 00000000 00:00 0                              [anon:.bss]
78089d7000-78089df000 rw-s 78089d7000 00:01 814726                       /kgsl-3d0 (deleted)
78089df000-7808a00000 rw-p 00000000 00:00 0                              [anon:scudo:secondary]
7808a00000-780c400000 ---p 00000000 00:00 0 
780c403000-780c404000 ---p 00000000 00:00 0 
780c404000-780c40c000 rw-p 00000000 00:00 0                              [anon:thread signal stack]
780c40c000-780c40d000 ---p 00000000 00:00 0 
780c40d000-780c415000 rw-p 00000000 00:00 0                              [anon:thread signal stack]
780c415000-780c455000 rw-s 780c415000 00:01 814726                       /kgsl-3d0 (deleted)
780c455000-780c457000 r--p 00000000 fe:1c 179363066                      /system/lib64/android.hardware.common-V2-ndk.so
780c457000-780c45a000 r-xp 00002000 fe:1c 179363066                      /system/lib64/android.hardware.common-V2-ndk.so
780c45a000-780c45b000 r--p 00005000 fe:1c 179363066                      /system/lib64/android.hardware.common-V2-ndk.so
780c45b000-780c45c000 rw-p 00006000 fe:1c 179363066                      /system/lib64/android.hardware.common-V2-ndk.so
780c45f000-780c463000 rw-s 780c45f000 00:01 814726                       /kgsl-3d0 (deleted)
780c463000-780c467000 rw-s 780c463000 00:01 814726                       /kgsl-3d0 (deleted)
780c467000-780c46b000 rw-s 780c467000 00:01 814726                       /kgsl-3d0 (deleted)
780c46b000-780c46f000 rw-s 780c46b000 00:01 814726                       /kgsl-3d0 (deleted)
780c46f000-780c470000 ---p 00000000 00:00 0 
780c470000-780c478000 rw-p 00000000 00:00 0                              [anon:thread signal stack]
780c478000-780c4b8000 rw-s 780c478000 00:01 814726                       /kgsl-3d0 (deleted)
780c4b8000-780c4ba000 r--p 00000000 fe:1c 175130744                      /system/lib64/android.hardware.camera.common@1.0.so
780c4ba000-780c4bc000 r-xp 00002000 fe:1c 175130744                      /system/lib64/android.hardware.camera.common@1.0.so
780c4bc000-780c4bd000 r--p 00004000 fe:1c 175130744                      /system/lib64/android.hardware.camera.common@1.0.so
780c4bd000-780c4be000 rw-p 00000000 00:00 0                              [anon:.bss]
780c4c0000-780c4c1000 ---p 00000000 00:00 0 
780c4c1000-780c4c9000 rw-p 00000000 00:00 0                              [anon:thread signal stack]
780c4c9000-780c4d1000 r--p 00000000 fe:1c 209740880                      /system/lib64/libselinux.so
780c4d1000-780c4e2000 r-xp 00008000 fe:1c 209740880                      /system/lib64/libselinux.so
780c4e2000-780c4e3000 r--p 00019000 fe:1c 209740880                      /system/lib64/libselinux.so
780c4e3000-780c4e4000 rw-p 0001a000 fe:1c 209740880                      /system/lib64/libselinux.so
780c4e4000-780c4e5000 rw-p 00000000 00:00 0                              [anon:.bss]
780c4e8000-780c4ec000 rw-s 780c4e8000 00:01 814726                       /kgsl-3d0 (deleted)
780c4ec000-780c4f7000 rw-p 00000000 00:00 0 
780c4f7000-780c503000 ---p 00000000 00:00 0 
780c503000-780c50b000 r--p 00000000 fe:1c 209743404                      /system/lib64/libz.so
780c50b000-780c51b000 r-xp 00008000 fe:1c 209743404                      /system/lib64/libz.so
780c51b000-780c51c000 r--p 00018000 fe:1c 209743404                      /system/lib64/libz.so
780c51c000-780c51d000 rw-p 00000000 00:00 0                              [anon:.bss]
780c520000-780c521000 ---p 00000000 00:00 0 
780c521000-780c529000 rw-p 00000000 00:00 0                              [anon:thread signal stack]
780c529000-780c52a000 ---p 00000000 00:00 0 
780c52a000-780c532000 rw-p 00000000 00:00 0                              [anon:thread signal stack]
780c532000-780c572000 rw-s 780c532000 00:01 814726                       /kgsl-3d0 (deleted)
780c572000-780c575000 r--p 00000000 fe:3f 109                            /apex/com.android.art/lib64/libsigchain.so
780c575000-780c57a000 r-xp 00003000 fe:3f 109                            /apex/com.android.art/lib64/libsigchain.so
780c57a000-780c57b000 r--p 00008000 fe:3f 109                            /apex/com.android.art/lib64/libsigchain.so
780c57b000-780c57d000 rw-p 00000000 00:00 0                              [anon:.bss]
780c580000-780c5a1000 rw-p 00000000 00:00 0                              [anon:scudo:secondary]
780c5a1000-780c5a6000 r--p 00000000 fe:1c 179050335                      /system/lib64/av-types-aidl-cpp.so
780c5a6000-780c5a9000 r-xp 00005000 fe:1c 179050335                      /system/lib64/av-types-aidl-cpp.so
780c5a9000-780c5ab000 r--p 00008000 fe:1c 179050335                      /system/lib64/av-types-aidl-cpp.so
780c5ab000-780c5ac000 rw-p 0000a000 fe:1c 179050335                      /system/lib64/av-types-aidl-cpp.so
780c5ac000-780c5b0000 rw-s 780c5ac000 00:01 814726                       /kgsl-3d0 (deleted)
780c5b0000-780c5b1000 ---p 00000000 00:00 0 
780c5b1000-780c5b9000 rw-p 00000000 00:00 0                              [anon:thread signal stack]
780c5b9000-780c5ba000 ---p 00000000 00:00 0 
780c5ba000-780c5c2000 rw-p 00000000 00:00 0                              [anon:thread signal stack]
780c5c2000-780c5c3000 ---p 00000000 00:00 0 
780c5c3000-780c5cb000 rw-p 00000000 00:00 0                              [anon:thread signal stack]
780c5cb000-780c5cf000 r--p 00000000 fe:1c 209738601                      /system/lib64/libhidlmemory.so
780c5cf000-780c5d1000 r-xp 00004000 fe:1c 209738601                      /system/lib64/libhidlmemory.so
780c5d1000-780c5d2000 r--p 00006000 fe:1c 209738601                      /system/lib64/libhidlmemory.so
780c5d2000-780c5d3000 rw-p 00000000 00:00 0                              [anon:.bss]
780c5d3000-780c5db000 rw-p 00000000 00:00 0 
780c5db000-780c5dc000 ---p 00000000 00:00 0 
780c5dc000-780c5e4000 rw-p 00000000 00:00 0                              [anon:thread signal stack]
780c5e4000-780c5e5000 ---p 00000000 00:00 0 
780c5e5000-780c5ed000 rw-p 00000000 00:00 0                              [anon:thread signal stack]
780c5ee000-780c5f2000 rw-s 780c5ee000 00:01 814726                       /kgsl-3d0 (deleted)
780c5f2000-780c606000 rw-p 00000000 00:00 0                              [anon:scudo:secondary]
780c606000-780c60f000 r--p 00000000 fe:1c 209738215                      /system/lib64/libdmabufheap.so
780c60f000-780c61c000 r-xp 00009000 fe:1c 209738215                      /system/lib64/libdmabufheap.so
780c61c000-780c61d000 r--p 00016000 fe:1c 209738215                      /system/lib64/libdmabufheap.so
780c61d000-780c61e000 rw-p 00017000 fe:1c 209738215                      /system/lib64/libdmabufheap.so
780c620000-780c640000 rw-p 00000000 00:00 0                              [anon:dalvik-LinearAlloc]
780c640000-780c670000 r--p 00000000 fe:3f 110                            /apex/com.android.art/lib64/libunwindstack.so
780c670000-780c6e7000 r-xp 00030000 fe:3f 110                            /apex/com.android.art/lib64/libunwindstack.so
780c6e7000-780c6ef000 r--p 000a7000 fe:3f 110                            /apex/com.android.art/lib64/libunwindstack.so
780c6ef000-780c6f0000 rw-p 000af000 fe:3f 110                            /apex/com.android.art/lib64/libunwindstack.so
780c6f2000-780c6f6000 rw-s 780c6f2000 00:01 814726                       /kgsl-3d0 (deleted)
780c6f6000-780c706000 rw-s 780c6f6000 00:01 814726                       /kgsl-3d0 (deleted)
780c706000-780c7ce000 r--p 00000000 fe:1c 209739804                      /system/lib64/libinput.so
780c7ce000-780c93b000 r-xp 000c8000 fe:1c 209739804                      /system/lib64/libinput.so
780c93b000-780c96b000 r--p 00235000 fe:1c 209739804                      /system/lib64/libinput.so
780c96b000-780c96f000 rw-p 00265000 fe:1c 209739804                      /system/lib64/libinput.so
780c96f000-780c973000 rw-s 780c96f000 00:01 814726                       /kgsl-3d0 (deleted)
780c973000-780c977000 rw-s 780c973000 00:01 814726                       /kgsl-3d0 (deleted)
780c977000-780c997000 rw-s 780c977000 00:01 814726                       /kgsl-3d0 (deleted)
780c997000-780c9d7000 rw-s 780c997000 00:01 814726                       /kgsl-3d0 (deleted)
780c9d7000-780c9e6000 r--p 00000000 fe:1c 175429859                      /system/lib64/libapexsupport.so
780c9e6000-780c9fc000 r-xp 0000f000 fe:1c 175429859                      /system/lib64/libapexsupport.so
780c9fc000-780c9ff000 r--p 00025000 fe:1c 175429859                      /system/lib64/libapexsupport.so
780c9ff000-780ca00000 rw-p 00028000 fe:1c 175429859                      /system/lib64/libapexsupport.so
780ca00000-780d200000 ---p 00000000 00:00 0 
780d201000-780d212000 rw-p 00000000 00:00 0                              [anon:scudo:secondary]
780d212000-780d232000 rw-s 780d212000 00:01 814726                       /kgsl-3d0 (deleted)
780d232000-780d253000 rw-p 00000000 00:00 0                              [anon:scudo:secondary]
780d253000-780d273000 rw-p 00000000 00:00 0                              [anon:dalvik-CompilerMetadata]
780d273000-780d276000 r--p 00000000 fe:1c 179055715                      /system/lib64/libdebuggerd_client.so
780d276000-780d27a000 r-xp 00003000 fe:1c 179055715                      /system/lib64/libdebuggerd_client.so
780d27a000-780d27b000 r--p 00007000 fe:1c 179055715                      /system/lib64/libdebuggerd_client.so
780d27d000-780d27e000 ---p 00000000 00:00 0 
780d27e000-780d286000 rw-p 00000000 00:00 0                              [anon:thread signal stack]
780d286000-780d287000 ---p 00000000 00:00 0 
780d287000-780d28f000 rw-p 00000000 00:00 0                              [anon:thread signal stack]
780d28f000-780d29e000 r--p 00000000 fe:1c 176866932                      /system/lib64/libbase.so
780d29e000-780d2bc000 r-xp 0000f000 fe:1c 176866932                      /system/lib64/libbase.so
780d2bc000-780d2bd000 r--p 0002d000 fe:1c 176866932                      /system/lib64/libbase.so
780d2bd000-780d2be000 rw-p 0002e000 fe:1c 176866932                      /system/lib64/libbase.so
780d2be000-780d2c0000 rw-s 780d2be000 00:01 814726                       /kgsl-3d0 (deleted)
780d2c0000-780d2d7000 r--p 00000000 fe:1c 179244660                      /system/lib64/android.hardware.graphics.bufferqueue@1.0.so
780d2d7000-780d2fb000 r-xp 00017000 fe:1c 179244660                      /system/lib64/android.hardware.graphics.bufferqueue@1.0.so
780d2fb000-780d2ff000 r--p 0003b000 fe:1c 179244660                      /system/lib64/android.hardware.graphics.bufferqueue@1.0.so
780d2ff000-780d300000 rw-p 0003f000 fe:1c 179244660                      /system/lib64/android.hardware.graphics.bufferqueue@1.0.so
780d301000-780d303000 rw-s 780d301000 00:01 814726                       /kgsl-3d0 (deleted)
780d303000-780d304000 ---p 00000000 00:00 0 
780d304000-780d30c000 rw-p 00000000 00:00 0                              [anon:thread signal stack]
780d30c000-780d32c000 rw-p 00000000 00:00 0                              [anon:dalvik-CompilerMetadata]
780d32c000-780d331000 r--p 00000000 fe:1c 209740039                      /system/lib64/libnativewindow.so
780d331000-780d334000 r-xp 00005000 fe:1c 209740039                      /system/lib64/libnativewindow.so
780d334000-780d335000 r--p 00008000 fe:1c 209740039                      /system/lib64/libnativewindow.so
780d335000-780d336000 rw-p 00000000 00:00 0                              [anon:.bss]
780d339000-780d33d000 rw-s 780d339000 00:01 814726                       /kgsl-3d0 (deleted)
780d33d000-780d34d000 rw-s 780d33d000 00:01 814726                       /kgsl-3d0 (deleted)
780d34d000-780d35f000 r--p 00000000 fe:1c 187588062                      /system/lib64/android.hardware.drm@1.3.so
780d35f000-780d375000 r-xp 00012000 fe:1c 187588062                      /system/lib64/android.hardware.drm@1.3.so
780d375000-780d379000 r--p 00028000 fe:1c 187588062                      /system/lib64/android.hardware.drm@1.3.so
780d379000-780d37a000 rw-p 0002c000 fe:1c 187588062                      /system/lib64/android.hardware.drm@1.3.so
780d37c000-780d380000 rw-s 780d37c000 00:01 814726                       /kgsl-3d0 (deleted)
780d380000-780d381000 ---p 00000000 00:00 0 
780d381000-780d389000 rw-p 00000000 00:00 0                              [anon:thread signal stack]
780d389000-780d3a9000 rw-p 00000000 00:00 0                              [anon:dalvik-CompilerMetadata]
780d3a9000-780d3bd000 r--p 00000000 fe:1c 176856308                      /system/lib64/audiopolicy-aidl-cpp.so
780d3bd000-780d3f1000 r-xp 00014000 fe:1c 176856308                      /system/lib64/audiopolicy-aidl-cpp.so
780d3f1000-780d3f5000 r--p 00048000 fe:1c 176856308                      /system/lib64/audiopolicy-aidl-cpp.so
780d3f5000-780d3f6000 rw-p 0004c000 fe:1c 176856308                      /system/lib64/audiopolicy-aidl-cpp.so
780d3f6000-780d3fa000 rw-s 780d3f6000 00:01 814726                       /kgsl-3d0 (deleted)
780d3fa000-780d3fc000 rw-s 780d3fa000 00:01 814726                       /kgsl-3d0 (deleted)
780d3fc000-780d40c000 rw-s 780d3fc000 00:01 814726                       /kgsl-3d0 (deleted)
780d40c000-780d40d000 r--p 00000000 07:30 44                             /apex/com.android.runtime/lib64/bionic/libdl_android.so
780d40d000-780d40e000 r-xp 00001000 07:30 44                             /apex/com.android.runtime/lib64/bionic/libdl_android.so
780d40e000-780d40f000 r--p 00002000 07:30 44                             /apex/com.android.runtime/lib64/bionic/libdl_android.so
780d410000-780d450000 rw-p 00000000 00:00 0                              [anon:dalvik-CompilerMetadata]
780d450000-780d452000 r--p 00000000 fe:1c 179363063                      /system/lib64/android.hardware.common-V2-cpp.so
780d452000-780d455000 r-xp 00002000 fe:1c 179363063                      /system/lib64/android.hardware.common-V2-cpp.so
780d455000-780d456000 r--p 00005000 fe:1c 179363063                      /system/lib64/android.hardware.common-V2-cpp.so
780d456000-780d457000 rw-p 00000000 00:00 0                              [anon:.bss]
780d458000-780d45a000 rw-s 780d458000 00:01 814726                       /kgsl-3d0 (deleted)
780d45a000-780d45c000 rw-s 780d45a000 00:01 814726                       /kgsl-3d0 (deleted)
780d45c000-780d45e000 rw-s 780d45c000 00:01 814726                       /kgsl-3d0 (deleted)
780d45e000-780d466000 rw-s 780d45e000 00:01 814726                       /kgsl-3d0 (deleted)
780d466000-780d476000 rw-s 780d466000 00:01 814726                       /kgsl-3d0 (deleted)
780d476000-780d4b6000 rw-p 00000000 00:00 0                              [anon:dalvik-CompilerMetadata]
780d4b6000-780d4b8000 r--p 00000000 fe:1c 209739132                      /system/lib64/libmedia_omx_client.so
780d4b8000-780d4bb000 r-xp 00002000 fe:1c 209739132                      /system/lib64/libmedia_omx_client.so
780d4bb000-780d4bc000 r--p 00005000 fe:1c 209739132                      /system/lib64/libmedia_omx_client.so
780d4bd000-780d4bf000 rw-s 780d4bd000 00:01 814726                       /kgsl-3d0 (deleted)
780d4bf000-780d4c0000 ---p 00000000 00:00 0 
780d4c0000-780d4c8000 rw-p 00000000 00:00 0                              [anon:thread signal stack]
780d4c8000-780d4ce000 r--p 00000000 fe:1c 177428476                      /system/lib64/libcamera_metadata.so
780d4ce000-780d4d5000 r-xp 00006000 fe:1c 177428476                      /system/lib64/libcamera_metadata.so
780d4d5000-780d4d6000 r--p 0000d000 fe:1c 177428476                      /system/lib64/libcamera_metadata.so
780d4d6000-780d4d8000 rw-p 0000e000 fe:1c 177428476                      /system/lib64/libcamera_metadata.so
780d4d8000-780d4d9000 rw-s 780d4d8000 00:01 814726                       /kgsl-3d0 (deleted)
780d4d9000-780d4db000 rw-s 780d4d9000 00:01 814726                       /kgsl-3d0 (deleted)
780d4db000-780d4fb000 rw-p 00000000 00:00 0                              [anon:dalvik-CompilerMetadata]
780d4fb000-780d51b000 rw-p 00000000 00:00 0                              [anon:dalvik-LinearAlloc]
780d51b000-780d520000 r--p 00000000 fe:1c 209742496                      /system/lib64/libvideopolicymanager.so
780d520000-780d524000 r-xp 00005000 fe:1c 209742496                      /system/lib64/libvideopolicymanager.so
780d524000-780d526000 r--p 00009000 fe:1c 209742496                      /system/lib64/libvideopolicymanager.so
780d526000-780d527000 rw-p 0000b000 fe:1c 209742496                      /system/lib64/libvideopolicymanager.so
780d527000-780d528000 rw-s 780d527000 00:01 814726                       /kgsl-3d0 (deleted)
780d528000-780d52a000 rw-s 780d528000 00:01 814726                       /kgsl-3d0 (deleted)
780d52a000-780d54a000 rw-p 00000000 00:00 0                              [anon:dalvik-CompilerMetadata]
780d54a000-780d54e000 r--p 00000000 fe:1c 209741560                      /system/lib64/libstagefright_graphicbuffersource_aidl.so
780d54e000-780d552000 r-xp 00004000 fe:1c 209741560                      /system/lib64/libstagefright_graphicbuffersource_aidl.so
780d552000-780d553000 r--p 00008000 fe:1c 209741560                      /system/lib64/libstagefright_graphicbuffersource_aidl.so
780d553000-780d554000 rw-p 00000000 00:00 0                              [anon:.bss]
780d554000-780d556000 rw-s 780d554000 00:01 814726                       /kgsl-3d0 (deleted)
780d556000-780d558000 rw-s 780d556000 00:01 814726                       /kgsl-3d0 (deleted)
780d558000-780d55a000 rw-s 780d558000 00:01 814726                       /kgsl-3d0 (deleted)
780d55a000-780d562000 rw-s 00000000 00:09 306220                         /dmabuf:
780d562000-780d56a000 rw-s 00000000 00:09 306222                         /dmabuf:
780d56a000-780d56b000 ---p 00000000 00:00 0 
780d56b000-780d573000 rw-p 00000000 00:00 0                              [anon:thread signal stack]
780d573000-780d593000 rw-p 00000000 00:00 0                              [anon:dalvik-CompilerMetadata]
780d593000-780d5a0000 r--p 00000000 fe:1c 201448954                      /system/lib64/android.media.audio.common.types-V4-cpp.so
780d5a0000-780d5b4000 r-xp 0000d000 fe:1c 201448954                      /system/lib64/android.media.audio.common.types-V4-cpp.so
780d5b4000-780d5b6000 r--p 00021000 fe:1c 201448954                      /system/lib64/android.media.audio.common.types-V4-cpp.so
780d5b6000-780d5b8000 rw-s 780d5b6000 00:01 814726                       /kgsl-3d0 (deleted)
780d5b8000-780d5ba000 rw-s 780d5b8000 00:01 814726                       /kgsl-3d0 (deleted)
780d5ba000-780d5bc000 rw-s 780d5ba000 00:01 814726                       /kgsl-3d0 (deleted)
780d5bc000-780d5dc000 rw-p 00000000 00:00 0                              [anon:dalvik-CompilerMetadata]
780d5dc000-780d5de000 r--p 00000000 fe:1c 201481723                      /system/lib64/aconfig_view_accessibility_flags_c_lib.so
780d5de000-780d5df000 r-xp 00002000 fe:1c 201481723                      /system/lib64/aconfig_view_accessibility_flags_c_lib.so
780d5df000-780d5e0000 r--p 00003000 fe:1c 201481723                      /system/lib64/aconfig_view_accessibility_flags_c_lib.so
780d5e0000-780d5e1000 rw-p 00000000 00:00 0                              [anon:.bss]
780d5e3000-780d5e7000 rw-s 780d5e3000 00:01 814726                       /kgsl-3d0 (deleted)
780d5e7000-780d5ef000 rw-s 00000000 00:09 306216                         /dmabuf:
780d5ef000-780d60f000 rw-p 00000000 00:00 0                              [anon:dalvik-CompilerMetadata]
780d60f000-780d610000 ---p 00000000 00:00 0 
780d610000-780d630000 rw-p 00000000 00:00 0 
780d630000-780d631000 ---p 00000000 00:00 0 
780d631000-780d632000 r--p 00000000 fe:1c 187593719                      /system/lib64/libegl_flags.so
780d632000-780d633000 r-xp 00001000 fe:1c 187593719                      /system/lib64/libegl_flags.so
780d633000-780d634000 r--p 00002000 fe:1c 187593719                      /system/lib64/libegl_flags.so
780d634000-780d635000 rw-p 00000000 00:00 0                              [anon:.bss]
780d636000-780d63a000 rw-s 780d636000 00:01 814726                       /kgsl-3d0 (deleted)
780d63a000-780d63b000 ---p 00000000 00:00 0 
780d63b000-780d643000 rw-p 00000000 00:00 0                              [anon:thread signal stack]
780d643000-780d644000 ---p 00000000 00:00 0 
780d644000-780d64c000 rw-p 00000000 00:00 0                              [anon:thread signal stack]
780d64c000-780d655000 r--p 00000000 fe:1c 209739579                      /system/lib64/libmediadrmmetrics_lite.so
780d655000-780d661000 r-xp 00009000 fe:1c 209739579                      /system/lib64/libmediadrmmetrics_lite.so
780d661000-780d662000 r--p 00015000 fe:1c 209739579                      /system/lib64/libmediadrmmetrics_lite.so
780d662000-780d663000 rw-p 00016000 fe:1c 209739579                      /system/lib64/libmediadrmmetrics_lite.so
780d666000-780d66a000 rw-s 780d666000 00:01 814726                       /kgsl-3d0 (deleted)
780d66a000-780d66b000 ---p 00000000 00:00 0 
780d66b000-780d673000 rw-p 00000000 00:00 0                              [anon:thread signal stack]
780d673000-780d69b000 rw-p 00000000 00:00 0                              [anon:scudo:secondary]
780d69b000-780d69d000 r--p 00000000 fe:1c 179069914                      /system/lib64/libbattery.so
780d69d000-780d69e000 r-xp 00002000 fe:1c 179069914                      /system/lib64/libbattery.so
780d69e000-780d69f000 r--p 00003000 fe:1c 179069914                      /system/lib64/libbattery.so
780d6a1000-780d6a2000 ---p 00000000 00:00 0 
780d6a2000-780d6aa000 rw-p 00000000 00:00 0                              [anon:thread signal stack]
780d6aa000-780d6ab000 ---p 00000000 00:00 0 
780d6ab000-780d6b3000 rw-p 00000000 00:00 0                              [anon:thread signal stack]
780d6b3000-780d6ce000 r--s 09b53000 fe:4c 2521356                        /data/app/~~YuncQEj0Rruyt6y_-RebSA==/com.movtery.zalithlauncher.v2-JtRzSV7VpInkzDcyzopsqQ==/base.apk
780d6ce000-780d6cf000 r--p 00000000 fe:1c 209739623                      /system/lib64/libmediandk_utils.so
780d6cf000-780d6d1000 r-xp 00001000 fe:1c 209739623                      /system/lib64/libmediandk_utils.so
780d6d1000-780d6d2000 r--p 00003000 fe:1c 209739623                      /system/lib64/libmediandk_utils.so
780d6d3000-780d6d6000 r--s 00017000 fe:4c 2520019                        /data/data/com.movtery.zalithlauncher.v2/files/components/caciocavallo17/cacio-shared-1.19.1-SNAPSHOT.jar
780d6d6000-780d716000 rw-p 00000000 00:00 0                              [anon:dalvik-CompilerMetadata]
780d716000-780d727000 r--p 00000000 fe:1c 179069947                      /system/lib64/libbinder_ndk.so
780d727000-780d73a000 r-xp 00011000 fe:1c 179069947                      /system/lib64/libbinder_ndk.so
780d73a000-780d73c000 r--p 00024000 fe:1c 179069947                      /system/lib64/libbinder_ndk.so
780d73c000-780d73d000 rw-p 00000000 00:00 0                              [anon:.bss]
780d73d000-780d745000 rw-s 00000000 00:09 306224                         /dmabuf:
780d745000-780d746000 ---p 00000000 00:00 0 
780d746000-780d74e000 rw-p 00000000 00:00 0                              [anon:thread signal stack]
780d74e000-780d74f000 ---p 00000000 00:00 0 
780d74f000-780d757000 rw-p 00000000 00:00 0                              [anon:thread signal stack]
780d757000-780d772000 r--p 00000000 fe:1c 209739616                      /system/lib64/libmediandk.so
780d772000-780d798000 r-xp 0001b000 fe:1c 209739616                      /system/lib64/libmediandk.so
780d798000-780d79a000 r--p 00041000 fe:1c 209739616                      /system/lib64/libmediandk.so
780d79a000-780d79b000 rw-p 00043000 fe:1c 209739616                      /system/lib64/libmediandk.so
780d79b000-780d79d000 r--s 0000a000 fe:4c 2525849                        /data/data/com.movtery.zalithlauncher.v2/files/components/caciocavallo17/cacio-tta-1.19.1-SNAPSHOT.jar
780d79d000-780d7a1000 rw-s 780d79d000 00:01 814726                       /kgsl-3d0 (deleted)
780d7a1000-780d7c1000 rw-p 00000000 00:00 0                              [anon:dalvik-CompilerMetadata]
780d7c1000-780e05c000 r-xp 00000000 fe:1c 209739415                      /system/lib64/libmediacore4g_vivo_public.so
780e05c000-780e05f000 ---p 00000000 00:00 0 
780e05f000-780e091000 r--p 0089a000 fe:1c 209739415                      /system/lib64/libmediacore4g_vivo_public.so
780e091000-780e09b000 rw-p 008cc000 fe:1c 209739415                      /system/lib64/libmediacore4g_vivo_public.so
780e09b000-780e3db000 rw-p 00000000 00:00 0                              [anon:.bss]
780e3dd000-780e3de000 ---p 00000000 00:00 0 
780e3de000-780e3e6000 rw-p 00000000 00:00 0                              [anon:thread signal stack]
780e3e6000-780e3e7000 ---p 00000000 00:00 0 
780e3e7000-780e3ef000 rw-p 00000000 00:00 0                              [anon:thread signal stack]
780e3ef000-780e3f0000 ---p 00000000 00:00 0 
780e3f0000-780e3f8000 rw-p 00000000 00:00 0                              [anon:thread signal stack]
780e3f8000-780e400000 rw-s 00000000 fe:4c 2526458                        /data/data/com.movtery.zalithlauncher.v2/databases/launcher_data.db-shm
780e400000-7811a00000 ---p 00000000 00:00 0 
7811a00000-7811a01000 rw-s 7811a00000 00:01 814726                       /kgsl-3d0 (deleted)
7811a03000-7811a07000 rw-s 7811a03000 00:01 814726                       /kgsl-3d0 (deleted)
7811a07000-7811a08000 ---p 00000000 00:00 0 
7811a08000-7811a10000 rw-p 00000000 00:00 0                              [anon:thread signal stack]
7811a10000-7811a11000 ---p 00000000 00:00 0 
7811a11000-7811a19000 rw-p 00000000 00:00 0                              [anon:thread signal stack]
7811a19000-7811a1a000 ---p 00000000 00:00 0 
7811a1a000-7811a22000 rw-p 00000000 00:00 0                              [anon:thread signal stack]
7811a22000-7811a23000 rw-s 7811a22000 00:01 814726                       /kgsl-3d0 (deleted)
7811a23000-7811a25000 r--s 00000000 fe:4c 2512719                        /data/data/com.movtery.zalithlauncher.v2/files/components/caciocavallo17/cacio-agent.jar
7811a25000-7811a26000 ---p 00000000 00:00 0 
7811a26000-7811a27000 r--p 00000000 00:00 0 
7811a27000-7811a29000 ---p 00000000 00:00 0 
7811a29000-7811a31000 rw-p 00000000 00:00 0                              [anon:thread signal stack]
7811a31000-7811a33000 rwxp 00000000 00:00 0                              [anon:bytehook-plt-trampolines]
7811a33000-7811a34000 ---p 00000000 00:00 0 
7811a34000-7811a3c000 rw-p 00000000 00:00 0                              [anon:thread signal stack]
7811a3c000-7811a3d000 ---p 00000000 00:00 0 
7811a3d000-7811a45000 rw-p 00000000 00:00 0                              [anon:thread signal stack]
7811a45000-7811a46000 ---p 00000000 00:00 0 
7811a46000-7811a4e000 rw-p 00000000 00:00 0                              [anon:thread signal stack]
7811a4e000-7811a4f000 ---p 00000000 00:00 0 
7811a4f000-7811a57000 rw-p 00000000 00:00 0                              [anon:thread signal stack]
7811a57000-7811a58000 r--p 00000000 fe:1c 179372773                      /system/lib64/android.hardware.graphics.common@1.2.so
7811a58000-7811a5a000 r-xp 00001000 fe:1c 179372773                      /system/lib64/android.hardware.graphics.common@1.2.so
7811a5a000-7811a5b000 r--p 00003000 fe:1c 179372773                      /system/lib64/android.hardware.graphics.common@1.2.so
7811a5b000-7811a5c000 rw-p 00000000 00:00 0                              [anon:.bss]
7811a5c000-7811a60000 rw-s 7811a5c000 00:01 814726                       /kgsl-3d0 (deleted)
7811a60000-7811a62000 rw-s 7811a60000 00:01 814726                       /kgsl-3d0 (deleted)
7811a62000-7811a63000 ---p 00000000 00:00 0 
7811a63000-7811a6b000 rw-p 00000000 00:00 0                              [anon:thread signal stack]
7811a6b000-7811a7b000 rw-s 7811a6b000 00:01 814726                       /kgsl-3d0 (deleted)
7811a7b000-7811a8b000 rw-s 7811a7b000 00:01 814726                       /kgsl-3d0 (deleted)
7811a8b000-7811acd000 r--p 00000000 fe:1c 179375723                      /system/lib64/libandroidfw.so
7811acd000-7811bad000 r-xp 00042000 fe:1c 179375723                      /system/lib64/libandroidfw.so
7811bad000-7811bb0000 r--p 00122000 fe:1c 179375723                      /system/lib64/libandroidfw.so
7811bb0000-7811bb1000 rw-p 00125000 fe:1c 179375723                      /system/lib64/libandroidfw.so
7811bb1000-7811bb2000 rwxp 00000000 00:00 0                              [anon:bytehook-plt-trampolines]
7811bb2000-7811bba000 rw-s 7811bb2000 00:01 814726                       /kgsl-3d0 (deleted)
7811bba000-7811bda000 rw-p 00000000 00:00 0                              [anon:dalvik-LinearAlloc]
7811bda000-7811be7000 r--p 00000000 fe:1c 179237225                      /system/lib64/android.hardware.configstore@1.1.so
7811be7000-7811bf5000 r-xp 0000d000 fe:1c 179237225                      /system/lib64/android.hardware.configstore@1.1.so
7811bf5000-7811bf8000 r--p 0001b000 fe:1c 179237225                      /system/lib64/android.hardware.configstore@1.1.so
7811bf8000-7811bf9000 rw-p 0001e000 fe:1c 179237225                      /system/lib64/android.hardware.configstore@1.1.so
7811bf9000-7811bfa000 rwxp 00000000 00:00 0                              [anon:bytehook-plt-trampolines]
7811bfc000-7811c04000 r--s effff000 00:11 1604                           /dev/kgsl-3d0
7811c04000-7811c05000 ---p 00000000 00:00 0 
7811c05000-7811c0d000 rw-p 00000000 00:00 0                              [anon:thread signal stack]
7811c0d000-7811c0e000 ---p 00000000 00:00 0 
7811c0e000-7811c16000 rw-p 00000000 00:00 0                              [anon:thread signal stack]
7811c16000-7811c17000 r--p 00000000 fe:1c 179390072                      /system/lib64/libcodec2_hidl_client@1.1.so
7811c17000-7811c19000 r-xp 00001000 fe:1c 179390072                      /system/lib64/libcodec2_hidl_client@1.1.so
7811c19000-7811c1a000 r--p 00003000 fe:1c 179390072                      /system/lib64/libcodec2_hidl_client@1.1.so
7811c1c000-7811c20000 rw-s 7811c1c000 00:01 814726                       /kgsl-3d0 (deleted)
7811c20000-7811c6e000 r--s 00000000 fe:1c 252006262                      /system/usr/hyphen-data/hyph-hu.hyb
7811c6e000-7811ce6000 r--p 00000000 fe:1c 177429722                      /system/lib64/libc++.so
7811ce6000-7811ce9000 ---p 00000000 00:00 0 
7811ce9000-7811d69000 r-xp 00077000 fe:1c 177429722                      /system/lib64/libc++.so
7811d69000-7811d6c000 ---p 00000000 00:00 0 
7811d6c000-7811d74000 r--p 000f6000 fe:1c 177429722                      /system/lib64/libc++.so
7811d74000-7811d77000 ---p 00000000 00:00 0 
7811d77000-7811d78000 rw-p 000fd000 fe:1c 177429722                      /system/lib64/libc++.so
7811d78000-7811d80000 rw-p 00000000 00:00 0                              [anon:.bss]
7811d80000-7811d81000 rwxp 00000000 00:00 0                              [anon:bytehook-plt-trampolines]
7811d83000-7811de7000 r--s 00000000 07:38 35                             /apex/com.android.tzdata/etc/tz/versioned/9/tzdata
7811de7000-7811de9000 r--p 00000000 fe:1c 209741158                      /system/lib64/libspeexresampler.so
7811de9000-7811dec000 r-xp 00002000 fe:1c 209741158                      /system/lib64/libspeexresampler.so
7811dec000-7811ded000 r--p 00005000 fe:1c 209741158                      /system/lib64/libspeexresampler.so
7811ded000-7811dee000 rw-p 00000000 00:00 0                              [anon:.bss]
7811dee000-7811def000 ---p 00000000 00:00 0 
7811def000-7811df7000 rw-p 00000000 00:00 0                              [anon:thread signal stack]
7811df7000-7811df8000 ---p 00000000 00:00 0 
7811df8000-7811e00000 rw-p 00000000 00:00 0                              [anon:thread signal stack]
7811e00000-7813400000 ---p 00000000 00:00 0 
7813400000-7813401000 rw-p 00000000 00:00 0                              [anon:bionic_alloc_small_objects]
7813403000-781345c000 r--p 00000000 fe:1d 5486179                        /system_ext/framework/androidx.window.extensions.jar
781345c000-7813488000 r--p 00000000 fe:1c 209737821                      /system/lib64/libft2.so
7813488000-78134ee000 r-xp 0002c000 fe:1c 209737821                      /system/lib64/libft2.so
78134ee000-78134f3000 r--p 00092000 fe:1c 209737821                      /system/lib64/libft2.so
78134f3000-78134f4000 rw-p 00000000 00:00 0                              [anon:bionic_alloc_small_objects]
78134f4000-78134f5000 rw-s 78134f4000 00:01 814726                       /kgsl-3d0 (deleted)
78134f5000-78134f6000 rw-s 78134f5000 00:01 814726                       /kgsl-3d0 (deleted)
78134f6000-78134fa000 rw-s 78134f6000 00:01 814726                       /kgsl-3d0 (deleted)
78134fa000-78134fb000 ---p 00000000 00:00 0 
78134fb000-7813503000 rw-p 00000000 00:00 0 
7813503000-7813504000 ---p 00000000 00:00 0 
7813504000-7813505000 ---p 00000000 00:00 0 
7813505000-781350d000 rw-p 00000000 00:00 0                              [anon:thread signal stack]
781350d000-781350e000 ---p 00000000 00:00 0 
781350e000-7813516000 rw-p 00000000 00:00 0                              [anon:thread signal stack]
7813516000-781354e000 r--p 00000000 fe:1c 177428464                      /system/lib64/libcamera_client.so
781354e000-78135a7000 r-xp 00038000 fe:1c 177428464                      /system/lib64/libcamera_client.so
78135a7000-78135b5000 r--p 00091000 fe:1c 177428464                      /system/lib64/libcamera_client.so
78135b5000-78135b6000 rw-p 0009f000 fe:1c 177428464                      /system/lib64/libcamera_client.so
78135b6000-78135b7000 r--s 00000000 00:01 3126                           /dev/ashmem/959c5fcd-61f3-41f5-bbec-0cab17012c49 (deleted)
78135b7000-78135dc000 r--s 00000000 07:38 32                             /apex/com.android.tzdata/etc/tz/versioned/9/icu/zoneinfo64.res
78135dc000-78135e5000 r--p 00000000 fe:1c 177423994                      /system/lib64/android.hidl.allocator@1.0.so
78135e5000-78135ed000 r-xp 00009000 fe:1c 177423994                      /system/lib64/android.hidl.allocator@1.0.so
78135ed000-78135ef000 r--p 00011000 fe:1c 177423994                      /system/lib64/android.hidl.allocator@1.0.so
78135ef000-78135f0000 rw-p 00013000 fe:1c 177423994                      /system/lib64/android.hidl.allocator@1.0.so
78135f0000-78135f2000 rw-s 78135f0000 00:01 814726                       /kgsl-3d0 (deleted)
78135f2000-781360d000 r--s 09b53000 fe:4c 2521356                        /data/app/~~YuncQEj0Rruyt6y_-RebSA==/com.movtery.zalithlauncher.v2-JtRzSV7VpInkzDcyzopsqQ==/base.apk
781360d000-7813624000 r--p 00000000 fe:1c 176820701                      /system/lib64/android.hardware.media.bufferpool@2.0.so
7813624000-7813649000 r-xp 00017000 fe:1c 176820701                      /system/lib64/android.hardware.media.bufferpool@2.0.so
7813649000-781364f000 r--p 0003c000 fe:1c 176820701                      /system/lib64/android.hardware.media.bufferpool@2.0.so
781364f000-7813650000 rw-p 00042000 fe:1c 176820701                      /system/lib64/android.hardware.media.bufferpool@2.0.so
7813650000-7813651000 rw-p 00000000 00:00 0                              [anon:dalvik-local ref table]
7813651000-7813652000 rw-s 7813651000 00:01 814726                       /kgsl-3d0 (deleted)
7813652000-7813653000 rw-s 7813652000 00:01 814726                       /kgsl-3d0 (deleted)
7813653000-7813654000 ---p 00000000 00:00 0 
7813654000-781365c000 rw-p 00000000 00:00 0                              [anon:thread signal stack]
781365c000-781365d000 ---p 00000000 00:00 0 
781365d000-7813665000 rw-p 00000000 00:00 0                              [anon:thread signal stack]
7813665000-7813689000 r--s 00000000 fe:1c 251184122                      /system/usr/hyphen-data/hyph-nn.hyb
7813689000-781369b000 r--p 00000000 fe:1c 179152490                      /system/lib64/libGLESv3.so
781369b000-78136a1000 r-xp 00012000 fe:1c 179152490                      /system/lib64/libGLESv3.so
78136a1000-78136a2000 r--p 00018000 fe:1c 179152490                      /system/lib64/libGLESv3.so
78136a2000-78136a3000 rw-s 78136a2000 00:01 814726                       /kgsl-3d0 (deleted)
78136a3000-78136a4000 rw-s 78136a3000 00:01 814726                       /kgsl-3d0 (deleted)
78136a4000-78136a8000 rw-s 78136a4000 00:01 814726                       /kgsl-3d0 (deleted)
78136a8000-78136a9000 ---p 00000000 00:00 0 
78136a9000-78136b1000 rw-p 00000000 00:00 0                              [anon:thread signal stack]
78136b1000-78136b2000 ---p 00000000 00:00 0 
78136b2000-78136ba000 rw-p 00000000 00:00 0                              [anon:thread signal stack]
78136ba000-78136bb000 ---p 00000000 00:00 0 
78136bb000-78136c3000 rw-p 00000000 00:00 0                              [anon:thread signal stack]
78136c3000-78136e2000 r--p 00000000 fe:1c 209741625                      /system/lib64/libstagefright_omx.so
78136e2000-781370e000 r-xp 0001f000 fe:1c 209741625                      /system/lib64/libstagefright_omx.so
781370e000-7813714000 r--p 0004b000 fe:1c 209741625                      /system/lib64/libstagefright_omx.so
7813714000-7813719000 rw-p 00051000 fe:1c 209741625                      /system/lib64/libstagefright_omx.so
7813719000-781371a000 rw-s 7813719000 00:01 814726                       /kgsl-3d0 (deleted)
781371a000-781371c000 rw-s 781371a000 00:01 814726                       /kgsl-3d0 (deleted)
781371c000-781371d000 rw-s 781371c000 00:01 814726                       /kgsl-3d0 (deleted)
781371d000-781371e000 ---p 00000000 00:00 0 
781371e000-7813726000 rw-p 00000000 00:00 0                              [anon:thread signal stack]
7813726000-781374a000 r--s 00000000 fe:1c 252006523                      /system/usr/hyphen-data/hyph-nb.hyb
781374a000-7813768000 r--s 00000000 fe:1c 251186419                      /system/usr/hyphen-data/hyph-de-ch-1901.hyb
7813768000-7813769000 r--p 00000000 fe:1c 179363069                      /system/lib64/android.hardware.common.fmq-V1-cpp.so
7813769000-781376b000 r-xp 00001000 fe:1c 179363069                      /system/lib64/android.hardware.common.fmq-V1-cpp.so
781376b000-781376c000 r--p 00003000 fe:1c 179363069                      /system/lib64/android.hardware.common.fmq-V1-cpp.so
781376c000-781376d000 rw-p 00000000 00:00 0                              [anon:.bss]
781376d000-781376e000 rw-s 781376d000 00:01 814726                       /kgsl-3d0 (deleted)
781376e000-781376f000 r--s 00000000 fe:1f 25779686                       /vendor/etc/passwd
781376f000-7813774000 rw-s 781376f000 00:01 814726                       /kgsl-3d0 (deleted)
7813774000-7813775000 ---p 00000000 00:00 0 
7813775000-781377d000 rw-p 00000000 00:00 0                              [anon:thread signal stack]
781377d000-781377e000 ---p 00000000 00:00 0 
781377e000-7813786000 rw-p 00000000 00:00 0                              [anon:thread signal stack]
7813786000-78137a4000 r--s 00000000 fe:1c 252005113                      /system/usr/hyphen-data/hyph-de-1996.hyb
78137a4000-78137b6000 r--p 00000000 fe:1c 179372506                      /system/lib64/libaudiofoundation.so
78137b6000-78137e7000 r-xp 00012000 fe:1c 179372506                      /system/lib64/libaudiofoundation.so
78137e7000-78137e9000 r--p 00043000 fe:1c 179372506                      /system/lib64/libaudiofoundation.so
78137e9000-78137ea000 rw-p 00000000 00:00 0                              [anon:.bss]
78137ea000-78137eb000 r--s 00000000 00:01 4103                           /dev/ashmem/0e2c3dc7-09ac-4862-9166-327cbf6e7842 (deleted)
78137eb000-78137ec000 rw-s 00000000 00:01 811615                         /dev/ashmem/GFXStats-12688 (deleted)
78137ec000-78137ed000 r--s 00000000 00:01 3117                           /dev/ashmem/2381d84f-e6d7-44f0-badd-6f73545ec444 (deleted)
78137ed000-78137ee000 r--s 00000000 00:01 3117                           /dev/ashmem/2381d84f-e6d7-44f0-badd-6f73545ec444 (deleted)
78137ee000-7813800000 r--s 00000000 fe:1c 252005881                      /system/usr/hyphen-data/hyph-sv.hyb
7813800000-7816200000 ---p 00000000 00:00 0 
7816200000-7816201000 r--s 00009000 fe:1d 5485818                        /system_ext/framework/androidx.window.sidecar.jar
7816201000-7816202000 r--s 00058000 fe:1d 5486179                        /system_ext/framework/androidx.window.extensions.jar
7816202000-7816207000 r--p 000d4000 fe:4c 2491677                        /data/app/~~YuncQEj0Rruyt6y_-RebSA==/com.movtery.zalithlauncher.v2-JtRzSV7VpInkzDcyzopsqQ==/oat/arm64/base.art
7816207000-7816209000 rw-p 00000000 00:00 0                              [anon:bionic_alloc_lob]
7816209000-781620a000 rw-p 00000000 00:00 0                              [anon:dalvik-local ref table]
781620a000-7816215000 r--s 00000000 07:38 29                             /apex/com.android.tzdata/etc/tz/versioned/9/icu/metaZones.res
7816215000-7816279000 rw-p 00000000 00:00 0                              [anon:dalvik-indirect ref table]
7816279000-781627c000 r--p 00000000 fe:1c 179052412                      /system/lib64/libaudiomanager.so
781627c000-781627e000 r-xp 00003000 fe:1c 179052412                      /system/lib64/libaudiomanager.so
781627e000-781627f000 r--p 00005000 fe:1c 179052412                      /system/lib64/libaudiomanager.so
781627f000-7816280000 rw-p 00006000 fe:1c 179052412                      /system/lib64/libaudiomanager.so
7816280000-7816281000 rw-s 00000000 fe:4c 2533368                        /data/data/com.movtery.zalithlauncher.v2/files/mmkv/GamepadKeyMapping.crc
7816281000-7816282000 rw-s 00000000 fe:4c 2533367                        /data/data/com.movtery.zalithlauncher.v2/files/mmkv/GamepadKeyMapping
7816282000-7816283000 rw-s 00000000 fe:4c 2533366                        /data/data/com.movtery.zalithlauncher.v2/files/mmkv/GamepadKeyMappingList.crc
7816283000-7816284000 rw-s 00000000 fe:4c 2533365                        /data/data/com.movtery.zalithlauncher.v2/files/mmkv/GamepadKeyMappingList
7816284000-7816294000 r--s 00000000 fe:1c 251160444                      /system/usr/hyphen-data/hyph-sk.hyb
7816294000-78162a2000 r--p 00000000 fe:1c 179237220                      /system/lib64/android.hardware.configstore@1.0.so
78162a2000-78162b5000 r-xp 0000e000 fe:1c 179237220                      /system/lib64/android.hardware.configstore@1.0.so
78162b5000-78162b8000 r--p 00021000 fe:1c 179237220                      /system/lib64/android.hardware.configstore@1.0.so
78162b8000-78162b9000 rw-p 00024000 fe:1c 179237220                      /system/lib64/android.hardware.configstore@1.0.so
78162b9000-78162ba000 r--s 00000000 00:01 3126                           /dev/ashmem/959c5fcd-61f3-41f5-bbec-0cab17012c49 (deleted)
78162ba000-78162d8000 r--s 00000000 fe:1c 252005108                      /system/usr/hyphen-data/hyph-de-1901.hyb
78162d8000-78162e2000 r--p 00000000 fe:1c 179244656                      /system/lib64/android.hardware.graphics.allocator@4.0.so
78162e2000-78162ee000 r-xp 0000a000 fe:1c 179244656                      /system/lib64/android.hardware.graphics.allocator@4.0.so
78162ee000-78162f0000 r--p 00016000 fe:1c 179244656                      /system/lib64/android.hardware.graphics.allocator@4.0.so
78162f0000-78162f1000 rw-p 00018000 fe:1c 179244656                      /system/lib64/android.hardware.graphics.allocator@4.0.so
78162f1000-78162f2000 rw-p 00000000 00:00 0                              [anon:dalvik-local ref table]
78162f2000-78162f3000 r--s 00000000 00:01 3126                           /dev/ashmem/959c5fcd-61f3-41f5-bbec-0cab17012c49 (deleted)
78162f3000-78162f4000 r--s 00000000 00:01 3158                           /dev/ashmem/9cf99270-6141-4fea-a391-f1a6606359da (deleted)
78162f4000-78162f5000 r--s 00000000 00:01 3126                           /dev/ashmem/959c5fcd-61f3-41f5-bbec-0cab17012c49 (deleted)
78162f5000-7816308000 r--s 00000000 fe:1c 252006528                      /system/usr/hyphen-data/hyph-nl.hyb
7816308000-7816328000 r--p 00000000 00:00 0                              [anon:atexit handlers]
7816328000-7816330000 r--p 00000000 fe:1c 176824058                      /system/lib64/graphicbuffersource-aidl-ndk.so
7816330000-781633c000 r-xp 00008000 fe:1c 176824058                      /system/lib64/graphicbuffersource-aidl-ndk.so
781633c000-781633e000 r--p 00014000 fe:1c 176824058                      /system/lib64/graphicbuffersource-aidl-ndk.so
781633e000-781633f000 rw-p 00016000 fe:1c 176824058                      /system/lib64/graphicbuffersource-aidl-ndk.so
781633f000-7816343000 rw-s 781633f000 00:01 814726                       /kgsl-3d0 (deleted)
7816343000-7816345000 rw-p 00000000 00:00 0                              [anon:bionic_alloc_lob]
7816345000-7816346000 r--s 00000000 00:01 3126                           /dev/ashmem/959c5fcd-61f3-41f5-bbec-0cab17012c49 (deleted)
7816346000-7816347000 rw-s 7816346000 00:01 814726                       /kgsl-3d0 (deleted)
7816347000-7816348000 rw-s 7816347000 00:01 814726                       /kgsl-3d0 (deleted)
7816348000-781634e000 r--s 00000000 07:38 31                             /apex/com.android.tzdata/etc/tz/versioned/9/icu/windowsZones.res
781634e000-7816360000 r--p 00000000 fe:1c 179152486                      /system/lib64/libGLESv2.so
7816360000-7816366000 r-xp 00012000 fe:1c 179152486                      /system/lib64/libGLESv2.so
7816366000-7816367000 r--p 00018000 fe:1c 179152486                      /system/lib64/libGLESv2.so
7816367000-7816368000 rw-s 7816367000 00:01 814726                       /kgsl-3d0 (deleted)
7816368000-7816369000 rw-s 7816368000 00:01 814726                       /kgsl-3d0 (deleted)
7816369000-781636a000 rw-s 7816369000 00:01 814726                       /kgsl-3d0 (deleted)
781636a000-781636b000 rw-s 781636a000 00:01 814726                       /kgsl-3d0 (deleted)
781636b000-781638e000 rw-p 00000000 00:00 0                              [anon:scudo:secondary]
781638e000-7816397000 r--p 00000000 fe:1c 179027450                      /system/lib64/libSurfaceFlingerProp.so
7816397000-78163a1000 r-xp 00009000 fe:1c 179027450                      /system/lib64/libSurfaceFlingerProp.so
78163a1000-78163a2000 r--p 00013000 fe:1c 179027450                      /system/lib64/libSurfaceFlingerProp.so
78163a2000-78163a3000 rw-p 00000000 00:00 0                              [anon:.bss]
78163a3000-78163a7000 rw-s 78163a3000 00:01 814726                       /kgsl-3d0 (deleted)
78163a7000-78163ad000 r--s 00000000 07:38 30                             /apex/com.android.tzdata/etc/tz/versioned/9/icu/timezoneTypes.res
78163ad000-78163cd000 rw-p 00000000 00:00 0                              [anon:dalvik-LinearAlloc]
78163cd000-78163ce000 r--p 00000000 fe:1c 209738584                      /system/lib64/libhidlallocatorutils.so
78163ce000-78163cf000 r-xp 00001000 fe:1c 209738584                      /system/lib64/libhidlallocatorutils.so
78163cf000-78163d0000 r--p 00002000 fe:1c 209738584                      /system/lib64/libhidlallocatorutils.so
78163d0000-78163d1000 rw-p 00000000 00:00 0                              [anon:bionic_alloc_small_objects]
78163d1000-78163d2000 rw-s 78163d1000 00:01 814726                       /kgsl-3d0 (deleted)
78163d2000-78163d3000 rw-s 78163d2000 00:01 814726                       /kgsl-3d0 (deleted)
78163d3000-78163d8000 r--s 00000000 fe:1c 252004861                      /system/usr/hyphen-data/hyph-uk.hyb
78163d8000-78163dd000 r--s 00000000 fe:1c 252008059                      /system/usr/hyphen-data/hyph-ru.hyb
78163dd000-78163ec000 r--s 00000000 fe:1c 251186428                      /system/usr/hyphen-data/hyph-en-us.hyb
78163ec000-781640c000 rw-p 00000000 00:00 0                              [anon:dalvik-LinearAlloc]
781640c000-781640e000 r--p 00000000 fe:1c 209741052                      /system/lib64/libshmemcompat.so
781640e000-7816410000 r-xp 00002000 fe:1c 209741052                      /system/lib64/libshmemcompat.so
7816410000-7816411000 r--p 00004000 fe:1c 209741052                      /system/lib64/libshmemcompat.so
7816411000-7816412000 r--s 00000000 00:01 3126                           /dev/ashmem/959c5fcd-61f3-41f5-bbec-0cab17012c49 (deleted)
7816412000-7816413000 r--s 00000000 00:01 3126                           /dev/ashmem/959c5fcd-61f3-41f5-bbec-0cab17012c49 (deleted)
7816413000-7816414000 rw-s 00000000 fe:4c 2494628                        /data/data/com.movtery.zalithlauncher.v2/files/mmkv/ZalithLauncher.crc
7816414000-7816478000 rw-p 00000000 00:00 0                              [anon:dalvik-indirect ref table]
7816478000-78164df000 r--p 00000000 07:30 41                             /apex/com.android.runtime/lib64/bionic/libc.so
78164df000-78165aa000 r-xp 00067000 07:30 41                             /apex/com.android.runtime/lib64/bionic/libc.so
78165aa000-78165b1000 r--p 00132000 07:30 41                             /apex/com.android.runtime/lib64/bionic/libc.so
78165b1000-78165c1000 rw-p 00139000 07:30 41                             /apex/com.android.runtime/lib64/bionic/libc.so
78165c1000-78167d3000 rw-p 00000000 00:00 0                              [anon:.bss]
78167d3000-78167d4000 r--p 00000000 00:00 0                              [anon:.bss]
78167d4000-78167dc000 rw-p 00000000 00:00 0                              [anon:.bss]
78167dc000-78167dd000 rw-s 00000000 fe:4c 2525176                        /data/data/com.movtery.zalithlauncher.v2/files/mmkv/ZalithLauncher
78167dd000-78167de000 rw-p 00000000 00:00 0                              [anon:dalvik-local ref table]
78167de000-78167df000 r--s 00000000 fe:4c 2483388                        /data/resource-cache/data@resource-cache@com.android.systemui-vivo-UqcX.frro@idmap
78167df000-78167e0000 r--s 00000000 fe:4c 2483330                        /data/resource-cache/data@resource-cache@com.android.systemui-dynamic-5DgW.frro@idmap
78167e0000-7816800000 rw-p 00000000 00:00 0                              [anon:dalvik-LinearAlloc]
7816800000-781a400000 ---p 00000000 00:00 0 
781a400000-781a403000 r--s 00000000 00:01 7170                           /dev/ashmem/ApplicationSharedMemory (deleted)
781a403000-781a404000 r--s 00000000 fe:1c 252004864                      /system/usr/hyphen-data/hyph-und-ethi.hyb
781a404000-781a409000 r--s 00000000 fe:1c 252007676                      /system/usr/hyphen-data/hyph-pl.hyb
781a409000-781a461000 rw-p 00000000 00:00 0                              [anon:scudo:secondary]
781a461000-781a467000 r--p 00000000 fe:1c 176876790                      /system/lib64/libbpf_bcc.so
781a467000-781a46d000 r-xp 00006000 fe:1c 176876790                      /system/lib64/libbpf_bcc.so
781a46d000-781a46f000 r--p 0000c000 fe:1c 176876790                      /system/lib64/libbpf_bcc.so
781a46f000-781a470000 rw-p 0000e000 fe:1c 176876790                      /system/lib64/libbpf_bcc.so
781a470000-781a471000 r--s 00000000 fe:1c 252008576                      /system/usr/hyphen-data/hyph-tk.hyb
781a471000-781a472000 rw-p 00000000 00:00 0                              [anon:bionic_alloc_small_objects]
781a472000-781a473000 r--s 00000000 fe:1c 252008291                      /system/usr/hyphen-data/hyph-te.hyb
781a473000-781a474000 r--s 00000000 fe:1c 251953644                      /system/usr/hyphen-data/hyph-ta.hyb
781a474000-781a476000 r--s 00000000 fe:1c 252008110                      /system/usr/hyphen-data/hyph-sl.hyb
781a476000-781a480000 r--s 00000000 fe:1c 252007036                      /system/usr/hyphen-data/hyph-lv.hyb
781a480000-781a4b2000 r--p 00000000 fe:1c 209741497                      /system/lib64/libsqlite.so
781a4b2000-781a5f9000 r-xp 00032000 fe:1c 209741497                      /system/lib64/libsqlite.so
781a5f9000-781a5fc000 r--p 00179000 fe:1c 209741497                      /system/lib64/libsqlite.so
781a5fc000-781a5ff000 rw-p 0017c000 fe:1c 209741497                      /system/lib64/libsqlite.so
781a5ff000-781a600000 rw-p 00000000 00:00 0                              [anon:.bss]
781a600000-781a60d000 r--s 00000000 fe:1c 251186415                      /system/usr/hyphen-data/hyph-cu.hyb
781a60d000-781a6df000 r--p 00000000 fe:1c 209741568                      /system/lib64/libstagefright.so
781a6df000-781a8a1000 r-xp 000d2000 fe:1c 209741568                      /system/lib64/libstagefright.so
781a8a1000-781a8b2000 r--p 00294000 fe:1c 209741568                      /system/lib64/libstagefright.so
781a8b2000-781a8b3000 rw-p 002a5000 fe:1c 209741568                      /system/lib64/libstagefright.so
781a8b3000-781a8b4000 rw-p 00000000 00:00 0                              [anon:.bss]
781a8b4000-781a8b5000 r--s 00000000 fe:1c 252008320                      /system/usr/hyphen-data/hyph-sq.hyb
781a8b5000-781a915000 rw-p 00000000 00:00 0                              [anon:scudo:secondary]
781a915000-781a932000 r--p 00000000 fe:1c 179372776                      /system/lib64/android.hardware.graphics.composer3-V4-ndk.so
781a932000-781a95c000 r-xp 0001d000 fe:1c 179372776                      /system/lib64/android.hardware.graphics.composer3-V4-ndk.so
781a95c000-781a95e000 r--p 00047000 fe:1c 179372776                      /system/lib64/android.hardware.graphics.composer3-V4-ndk.so
781a95e000-781a95f000 rw-p 00049000 fe:1c 179372776                      /system/lib64/android.hardware.graphics.composer3-V4-ndk.so
781a95f000-781a960000 r--s 00000000 fe:1c 252008064                      /system/usr/hyphen-data/hyph-pt.hyb
781a960000-781a961000 r--s 00000000 fe:1c 252006635                      /system/usr/hyphen-data/hyph-pa.hyb
781a961000-781a962000 r--s 00000000 fe:1c 252007907                      /system/usr/hyphen-data/hyph-or.hyb
781a962000-781a96b000 r--s 00000000 fe:1c 252006400                      /system/usr/hyphen-data/hyph-ga.hyb
781a96b000-781a98b000 rw-p 00000000 00:00 0                              [anon:dalvik-LinearAlloc]
781a98b000-781a991000 r--p 00000000 fe:1c 176856295                      /system/lib64/audioclient-types-aidl-cpp.so
781a991000-781a99c000 r-xp 00006000 fe:1c 176856295                      /system/lib64/audioclient-types-aidl-cpp.so
781a99c000-781a99d000 r--p 00011000 fe:1c 176856295                      /system/lib64/audioclient-types-aidl-cpp.so
781a99d000-781a99e000 r--s 00000000 fe:1c 252004701                      /system/usr/hyphen-data/hyph-mr.hyb
781a99e000-781a9a0000 r--s 00000000 fe:1c 209741566                      /system/usr/hyphen-data/hyph-mn-cyrl.hyb
781a9a0000-781a9a2000 r--s 00000000 fe:1c 252007296                      /system/usr/hyphen-data/hyph-lt.hyb
781a9a2000-781a9a3000 rw-p 00000000 00:00 0                              [anon:bionic_alloc_small_objects]
781a9a3000-781a9a4000 r--s 00000000 fe:1c 252007525                      /system/usr/hyphen-data/hyph-ml.hyb
781a9a4000-781a9a5000 r--s 00000000 fe:1c 252006977                      /system/usr/hyphen-data/hyph-la.hyb
781a9a5000-781a9a6000 r--s 00000000 fe:1c 252007272                      /system/usr/hyphen-data/hyph-kn.hyb
781a9a6000-781a9a9000 r--s 00000000 fe:1c 252006395                      /system/usr/hyphen-data/hyph-ka.hyb
781a9a9000-781a9aa000 r--s 00000000 fe:1c 252007040                      /system/usr/hyphen-data/hyph-it.hyb
781a9aa000-781a9ab000 r--s 00000000 fe:1c 252005345                      /system/usr/hyphen-data/hyph-hy.hyb
781a9ab000-781a9cb000 rw-p 00000000 00:00 0                              [anon:dalvik-LinearAlloc]
781a9cb000-781a9da000 r--p 00000000 fe:1c 176866932                      /system/lib64/libbase.so
781a9da000-781a9f8000 r-xp 0000f000 fe:1c 176866932                      /system/lib64/libbase.so
781a9f8000-781a9f9000 r--p 0002d000 fe:1c 176866932                      /system/lib64/libbase.so
781a9f9000-781a9fa000 rw-p 0002e000 fe:1c 176866932                      /system/lib64/libbase.so
781a9fa000-781aa00000 r--s 00000000 fe:1c 252006008                      /system/usr/hyphen-data/hyph-et.hyb
781aa00000-781de00000 ---p 00000000 00:00 0 
781de00000-781de10000 r--s 00000000 fe:1c 251953915                      /system/usr/hyphen-data/hyph-cs.hyb
781de10000-781de50000 rw-p 00000000 00:00 0                              [anon:dalvik-LinearAlloc]
781de50000-781de51000 r--p 00000000 fe:1c 209741309                      /system/lib64/libstagefright_http_support.so
781de51000-781de53000 r-xp 00001000 fe:1c 209741309                      /system/lib64/libstagefright_http_support.so
781de53000-781de54000 r--p 00003000 fe:1c 209741309                      /system/lib64/libstagefright_http_support.so
781de54000-781de66000 r--s 00000000 fe:1c 251953912                      /system/usr/hyphen-data/hyph-af.hyb
781de66000-781de80000 r--s 00000000 08:08 207                            /metadata/aconfig/maps/system.flag.map
781de80000-781de94000 r--p 00000000 fe:1c 176866906                      /system/lib64/libaudioutils.so
781de94000-781ded2000 r-xp 00014000 fe:1c 176866906                      /system/lib64/libaudioutils.so
781ded2000-781ded4000 r--p 00052000 fe:1c 176866906                      /system/lib64/libaudioutils.so
781ded4000-781ded5000 rw-p 00000000 00:00 0                              [anon:.bss]
781ded5000-781dee1000 r--s 00000000 fe:1c 251186424                      /system/usr/hyphen-data/hyph-en-gb.hyb
781dee1000-781dee2000 rw-s 781dee1000 00:01 814726                       /kgsl-3d0 (deleted)
781dee2000-781dee3000 rw-s 781dee2000 00:01 814726                       /kgsl-3d0 (deleted)
781dee3000-781dee4000 rw-s 781dee3000 00:01 814726                       /kgsl-3d0 (deleted)
781dee4000-781dee5000 rw-s 781dee4000 00:01 814726                       /kgsl-3d0 (deleted)
781dee5000-781dee9000 rw-s 781dee5000 00:01 814726                       /kgsl-3d0 (deleted)
781dee9000-781deea000 rw-p 00000000 00:00 0 
781deea000-781deee000 r-xp 00054000 fe:4c 2597105                        /data/app/~~YuncQEj0Rruyt6y_-RebSA==/com.movtery.zalithlauncher.v2-JtRzSV7VpInkzDcyzopsqQ==/lib/arm64/liblwjgl.so
781deee000-781def2000 rw-p 00000000 00:00 0 
781def2000-781df12000 rw-p 00000000 00:00 0                              [anon:dalvik-LinearAlloc]
781df12000-781df1b000 r--p 00000000 fe:1c 209741524                      /system/lib64/libstagefright_bufferqueue_helper.so
781df1b000-781df2a000 r-xp 00009000 fe:1c 209741524                      /system/lib64/libstagefright_bufferqueue_helper.so
781df2a000-781df2b000 r--p 00018000 fe:1c 209741524                      /system/lib64/libstagefright_bufferqueue_helper.so
781df2b000-781df2c000 rw-p 00000000 00:00 0                              [anon:.bss]
781df2c000-781df2d000 r--s 00000000 fe:1c 252005248                      /system/usr/hyphen-data/hyph-hr.hyb
781df2d000-781df78000 r--p 00000000 fe:1c 179354228                      /system/fonts/RobotoStatic-Regular.ttf
781df78000-781df79000 r--p 00000000 fe:1c 179390075                      /system/lib64/libcodec2_hidl_client@1.2.so
781df79000-781df7b000 r-xp 00001000 fe:1c 179390075                      /system/lib64/libcodec2_hidl_client@1.2.so
781df7b000-781df7c000 r--p 00003000 fe:1c 179390075                      /system/lib64/libcodec2_hidl_client@1.2.so
781df7c000-781df9c000 rw-p 00000000 00:00 0                              [anon:dalvik-LinearAlloc]
781df9c000-781df9f000 r--p 00000000 fe:1c 209742617                      /system/lib64/libvivofmkmedialogctrl.so
781df9f000-781dfab000 r-xp 00003000 fe:1c 209742617                      /system/lib64/libvivofmkmedialogctrl.so
781dfab000-781dfac000 r--p 0000f000 fe:1c 209742617                      /system/lib64/libvivofmkmedialogctrl.so
781dfac000-781dfad000 rw-p 00000000 00:00 0                              [anon:.bss]
781dfad000-781dfb0000 r--s 00000000 fe:1c 252006011                      /system/usr/hyphen-data/hyph-gl.hyb
781dfb0000-781dfb4000 r--s 00000000 fe:1c 252006141                      /system/usr/hyphen-data/hyph-es.hyb
781dfb4000-781dfbe000 r--p 00000000 fe:1d 5485818                        /system_ext/framework/androidx.window.sidecar.jar
781dfbe000-781dfc6000 r--p 00000000 fe:1c 179361917                      /system/framework/com.android.location.provider.jar
781dfc6000-781dfc7000 r--p 00000000 fe:1c 209738877                      /system/lib64/libion.so
781dfc7000-781dfc9000 r-xp 00001000 fe:1c 209738877                      /system/lib64/libion.so
781dfc9000-781dfca000 r--p 00003000 fe:1c 209738877                      /system/lib64/libion.so
781dfca000-781dfcb000 rw-p 00000000 00:00 0                              [anon:.bss]
781dfcb000-781dfcc000 r--s 00000000 fe:1c 251184099                      /system/usr/hyphen-data/hyph-hi.hyb
781dfcc000-781dfce000 r--s 00000000 fe:1c 209738622                      /system/usr/hyphen-data/hyph-fr.hyb
781dfce000-781dfe6000 rw-p 00000000 00:00 0                              [anon:scudo:secondary]
781dfe6000-781e026000 rw-p 00000000 00:00 0                              [anon:dalvik-LinearAlloc]
781e026000-781e028000 r--p 00000000 fe:1c 179237217                      /system/lib64/android.hardware.configstore-utils.so
781e028000-781e02a000 r-xp 00002000 fe:1c 179237217                      /system/lib64/android.hardware.configstore-utils.so
781e02a000-781e02b000 r--p 00004000 fe:1c 179237217                      /system/lib64/android.hardware.configstore-utils.so
781e02b000-781e02c000 rw-p 00000000 00:00 0                              [anon:.bss]
781e02c000-781e02d000 r--s 00000000 fe:1c 251160419                      /system/usr/hyphen-data/hyph-gu.hyb
781e02d000-781e02f000 r--s 00000000 fe:1c 209737982                      /system/usr/hyphen-data/hyph-el.hyb
781e02f000-781e035000 rw-p 00000000 00:00 0                              [anon:bionic_alloc_small_objects]
781e035000-781e038000 r--p 00000000 fe:1c 187588477                      /system/framework/com.android.media.remotedisplay.jar
781e038000-781e041000 r--p 00000000 fe:1c 187597949                      /system/framework/android.test.base.jar
781e041000-781e060000 r--p 00000000 fe:1c 179390041                      /system/lib64/libcodec2_client.so
781e060000-781e095000 r-xp 0001f000 fe:1c 179390041                      /system/lib64/libcodec2_client.so
781e095000-781e098000 r--p 00054000 fe:1c 179390041                      /system/lib64/libcodec2_client.so
781e098000-781e099000 rw-p 00000000 00:00 0                              [anon:.bss]
781e099000-781e09c000 rw-p 00000000 00:00 0                              [anon:bionic_alloc_small_objects]
781e09c000-781e0a4000 r--p 00000000 fe:1c 187586173                      /system/framework/android.hidl.manager-V1.0-java.jar
781e0a4000-781e0c4000 rw-p 00000000 00:00 0                              [anon:dalvik-LinearAlloc]
781e0c4000-781e0c7000 r--p 00000000 fe:1c 176856316                      /system/lib64/audiopolicy-types-aidl-cpp.so
781e0c7000-781e0cc000 r-xp 00003000 fe:1c 176856316                      /system/lib64/audiopolicy-types-aidl-cpp.so
781e0cc000-781e0cd000 r--p 00008000 fe:1c 176856316                      /system/lib64/audiopolicy-types-aidl-cpp.so
781e0cd000-781e0ce000 rw-p 00000000 00:00 0                              [anon:bionic_alloc_small_objects]
781e0ce000-781e0d2000 r--p 00000000 fe:1c 187594237                      /system/framework/android.hidl.base-V1.0-java.jar
781e0d2000-781e0d3000 r--p 00000000 fe:1c 187597022                      /system/framework/tcmiface.jar
781e0d3000-781e0d5000 r--p 00000000 fe:1c 195697408                      /system/framework/tcmclient.jar
781e0d5000-781e0d6000 rw-p 00000000 00:00 0                              [anon:bionic_alloc_small_objects]
781e0d6000-781e0d7000 r--s 00000000 fe:1e 7464726                        /product/overlay/GmsConfigOverlayCommon.apk
781e0d7000-781e0d8000 r--s 00005000 fe:1e 7464726                        /product/overlay/GmsConfigOverlayCommon.apk
781e0d8000-781e0d9000 r--s 00000000 fe:4c 1460                           /data/resource-cache/product@overlay@GmsConfigOverlayCommon.apk@idmap
781e0d9000-781e0da000 r--s 00000000 fe:1e 7464717                        /product/overlay/FrameworksResCommonQva_Sys.apk
781e0da000-781e0db000 r--s 00003000 fe:1e 7464717                        /product/overlay/FrameworksResCommonQva_Sys.apk
781e0db000-781e0dc000 r--s 00000000 fe:4c 1459                           /data/resource-cache/product@overlay@FrameworksResCommonQva_Sys.apk@idmap
781e0dc000-781e0e0000 r--s 00000000 fe:1e 7464720                        /product/overlay/FrameworksResCommon_Sys.apk
781e0e0000-781e0e1000 r--s 00007000 fe:1e 7464720                        /product/overlay/FrameworksResCommon_Sys.apk
781e0e1000-781e100000 r--s 00212000 fe:1c 179360474                      /system/framework/ext.jar
781e100000-781e105000 r--p 00000000 fe:1c 209741538                      /system/lib64/libstagefright_codecbase.so
781e105000-781e10b000 r-xp 00005000 fe:1c 209741538                      /system/lib64/libstagefright_codecbase.so
781e10b000-781e10c000 r--p 0000b000 fe:1c 209741538                      /system/lib64/libstagefright_codecbase.so
781e10c000-781e10d000 rw-p 00000000 00:00 0                              [anon:.bss]
781e10d000-781e10e000 rw-p 00000000 00:00 0                              [anon:bionic_alloc_small_objects]
781e10e000-781e10f000 r--s 00000000 fe:4c 1458                           /data/resource-cache/product@overlay@FrameworksResCommon_Sys.apk@idmap
781e10f000-781e110000 r--s 00000000 fe:1f 53734970                       /vendor/overlay/VivoFrameworksResRRO.apk
781e110000-781e111000 r--s 00006000 fe:1f 53734970                       /vendor/overlay/VivoFrameworksResRRO.apk
781e111000-781e112000 r--s 00000000 fe:4c 1457                           /data/resource-cache/vendor@overlay@VivoFrameworksResRRO.apk@idmap
781e112000-781e113000 r--s 00000000 fe:1f 53734964                       /vendor/overlay/FrameworksResTarget_Vendor.apk
781e113000-781e115000 rw-s 781e113000 00:01 814726                       /kgsl-3d0 (deleted)
781e115000-781e117000 rw-s 781e115000 00:01 814726                       /kgsl-3d0 (deleted)
781e117000-781e118000 ---p 00000000 00:00 0 
781e118000-781e120000 rw-p 00000000 00:00 0                              [anon:thread signal stack]
781e120000-781e121000 ---p 00000000 00:00 0 
781e121000-781e129000 rw-p 00000000 00:00 0                              [anon:thread signal stack]
781e129000-781e14e000 r--s 00000000 07:38 32                             /apex/com.android.tzdata/etc/tz/versioned/9/icu/zoneinfo64.res
781e14e000-781e179000 r--p 00000000 fe:1c 179235446                      /system/lib64/android.hardware.drm@1.2.so
781e179000-781e1b8000 r-xp 0002b000 fe:1c 179235446                      /system/lib64/android.hardware.drm@1.2.so
781e1b8000-781e1c2000 r--p 0006a000 fe:1c 179235446                      /system/lib64/android.hardware.drm@1.2.so
781e1c2000-781e1c3000 rw-p 00074000 fe:1c 179235446                      /system/lib64/android.hardware.drm@1.2.so
781e1c3000-781e1c4000 r--s 00005000 fe:1f 53734964                       /vendor/overlay/FrameworksResTarget_Vendor.apk
781e1c4000-781e1c5000 r--s 00000000 fe:4c 1456                           /data/resource-cache/vendor@overlay@FrameworksResTarget_Vendor.apk@idmap
781e1c5000-781e1c6000 r--s 00000000 08:08 62                             /metadata/aconfig/boot/system.val
781e1c6000-781e1e0000 r--s 00000000 08:08 207                            /metadata/aconfig/maps/system.flag.map
781e1e0000-781e200000 rw-p 00000000 00:00 0                              [anon:dalvik-LinearAlloc]
781e200000-781ea00000 ---p 00000000 00:00 0 
781ea00000-781ea03000 r--s 00000000 08:08 206                            /metadata/aconfig/maps/system.package.map
781ea03000-781ea04000 r--s 00000000 fe:4c 2483229                        /data/resource-cache/data@resource-cache@com.android.systemui-accent-LD8Q.frro@idmap
781ea04000-781ea06000 r--s 00000000 08:08 59                             /metadata/aconfig/maps/system_ext.flag.map
781ea06000-781ea46000 rw-p 00000000 00:00 0                              [anon:dalvik-LinearAlloc]
781ea46000-781ea4e000 r--p 00000000 fe:1c 209739032                      /system/lib64/liblog.so
781ea4e000-781ea5f000 r-xp 00008000 fe:1c 209739032                      /system/lib64/liblog.so
781ea5f000-781ea60000 r--p 00019000 fe:1c 209739032                      /system/lib64/liblog.so
781ea60000-781ea61000 rw-p 0001a000 fe:1c 209739032                      /system/lib64/liblog.so
781ea61000-781ea65000 r--s 00000000 08:08 282                            /metadata/aconfig/maps/com.android.bt.flag.map
781ea65000-781ea85000 rw-p 00000000 00:00 0                              [anon:dalvik-LinearAlloc]
781ea85000-781eaa1000 r--p 00000000 fe:1c 209740527                      /system/lib64/libprocessgroup.so
781eaa1000-781eadc000 r-xp 0001c000 fe:1c 209740527                      /system/lib64/libprocessgroup.so
781eadc000-781eade000 r--p 00057000 fe:1c 209740527                      /system/lib64/libprocessgroup.so
781eade000-781eadf000 rw-p 00000000 00:00 0                              [anon:.bss]
781eadf000-781eae0000 r--s 00000000 fe:4c 2483238                        /data/resource-cache/data@resource-cache@com.android.systemui-neutral-BmT3.frro@idmap
781eae0000-781eae1000 rw-p 00000000 00:00 0 
781eae1000-781eae2000 r--s 00000000 08:08 285                            /metadata/aconfig/boot/com.android.bt.val
781eae2000-781eae3000 r--s 00000000 08:08 281                            /metadata/aconfig/maps/com.android.bt.package.map
781eae3000-781eae4000 r--s 00000000 08:08 279                            /metadata/aconfig/boot/com.android.healthfitness.val
781eae4000-781eafc000 r--s 005e3000 fe:1c 195697664                      /system/framework/telephony-common.jar
781eafc000-781eb3c000 rw-p 00000000 00:00 0                              [anon:dalvik-LinearAlloc]
781eb3c000-781eb3d000 r--p 00000000 fe:1c 209740029                      /system/lib64/libnativebridge_lazy.so
781eb3d000-781eb3e000 r-xp 00001000 fe:1c 209740029                      /system/lib64/libnativebridge_lazy.so
781eb3e000-781eb3f000 r--p 00002000 fe:1c 209740029                      /system/lib64/libnativebridge_lazy.so
781eb3f000-781eb40000 rw-p 00000000 00:00 0                              [anon:.bss]
781eb40000-781eb41000 r--s 00000000 08:08 238                            /metadata/aconfig/maps/com.android.healthfitness.flag.map
781eb41000-781eb42000 r--s 00000000 08:08 237                            /metadata/aconfig/maps/com.android.healthfitness.package.map
781eb42000-781eb43000 r--s 00000000 08:08 133                            /metadata/aconfig/boot/com.android.i18n.val
781eb43000-781eb44000 r--s 00000000 08:08 231                            /metadata/aconfig/maps/com.android.i18n.flag.map
781eb44000-781eb45000 r--s 00000000 08:08 230                            /metadata/aconfig/maps/com.android.i18n.package.map
781eb45000-781eb46000 r--s 00000000 08:08 277                            /metadata/aconfig/boot/com.android.devicelock.val
781eb46000-781eb47000 r--s 00000000 08:08 224                            /metadata/aconfig/maps/com.android.devicelock.flag.map
781eb47000-781eb50000 r--p 00000000 fe:1c 201448923                      /system/lib64/android.hidl.memory.token@1.0.so
781eb50000-781eb57000 r-xp 00009000 fe:1c 201448923                      /system/lib64/android.hidl.memory.token@1.0.so
781eb57000-781eb59000 r--p 00010000 fe:1c 201448923                      /system/lib64/android.hidl.memory.token@1.0.so
781eb59000-781eb5a000 rw-p 00012000 fe:1c 201448923                      /system/lib64/android.hidl.memory.token@1.0.so
781eb5a000-781eb5b000 r--s 00000000 08:08 223                            /metadata/aconfig/maps/com.android.devicelock.package.map
781eb5b000-781eb5c000 r--s 00000000 08:08 119                            /metadata/aconfig/boot/com.android.virt.val
781eb5c000-781eb5d000 r--s 00000000 08:08 217                            /metadata/aconfig/maps/com.android.virt.flag.map
781eb5d000-781eb5e000 r--s 00000000 08:08 216                            /metadata/aconfig/maps/com.android.virt.package.map
781eb5e000-781eb5f000 r--s 00000000 08:08 137                            /metadata/aconfig/boot/com.android.configinfrastructure.val
781eb5f000-781eb60000 r--s 00000000 08:08 210                            /metadata/aconfig/maps/com.android.configinfrastructure.flag.map
781eb60000-781eb61000 r--s 00000000 08:08 209                            /metadata/aconfig/maps/com.android.configinfrastructure.package.map
781eb61000-781eb62000 r--s 00000000 08:08 99                             /metadata/aconfig/boot/com.android.adservices.val
781eb62000-781eb63000 r--s 00000000 08:08 203                            /metadata/aconfig/maps/com.android.adservices.flag.map
781eb63000-781eb64000 r--s 00000000 08:08 202                            /metadata/aconfig/maps/com.android.adservices.package.map
781eb64000-781eb65000 r--s 00000000 08:08 135                            /metadata/aconfig/boot/com.android.os.statsd.val
781eb65000-781eb66000 r--s 00000000 08:08 196                            /metadata/aconfig/maps/com.android.os.statsd.flag.map
781eb66000-781eb67000 r--s 00000000 08:08 195                            /metadata/aconfig/maps/com.android.os.statsd.package.map
781eb67000-781eb68000 r--s 00000000 08:08 151                            /metadata/aconfig/boot/com.android.media.swcodec.val
781eb68000-781eb69000 r--s 00000000 08:08 189                            /metadata/aconfig/maps/com.android.media.swcodec.flag.map
781eb69000-781eb6a000 r--s 00000000 08:08 188                            /metadata/aconfig/maps/com.android.media.swcodec.package.map
781eb6a000-781eb6b000 r--s 00000000 08:08 112                            /metadata/aconfig/boot/com.android.conscrypt.val
781eb6b000-781eb6c000 r--s 00000000 08:08 182                            /metadata/aconfig/maps/com.android.conscrypt.flag.map
781eb6c000-781eb6d000 r--p 00000000 00:00 0 
781eb6d000-781eb6e000 rw-s 781eb6d000 00:01 814726                       /kgsl-3d0 (deleted)
781eb6e000-781eb6f000 rw-s 781eb6e000 00:01 814726                       /kgsl-3d0 (deleted)
781eb6f000-781eb70000 rw-p 00000000 00:00 0                              [anon:dalvik-local ref table]
781eb70000-781eb71000 ---p 00000000 00:00 0 
781eb71000-781eb79000 rw-p 00000000 00:00 0                              [anon:thread signal stack]
781eb79000-781eb7b000 rw-s 781eb79000 00:01 814726                       /kgsl-3d0 (deleted)
781eb7b000-781eb7c000 rw-s 781eb7b000 00:01 814726                       /kgsl-3d0 (deleted)
781eb7c000-781eb7e000 rw-s 781eb7c000 00:01 814726                       /kgsl-3d0 (deleted)
781eb7e000-781eb80000 rw-s 781eb7e000 00:01 814726                       /kgsl-3d0 (deleted)
781eb80000-781eb82000 rw-s 781eb80000 00:01 814726                       /kgsl-3d0 (deleted)
781eb82000-781eb93000 rw-p 00000000 00:00 0                              [anon:scudo:secondary]
781eb93000-781eb94000 ---p 00000000 00:00 0 
781eb94000-781eb9c000 rw-p 00000000 00:00 0                              [anon:thread signal stack]
781eb9c000-781eba4000 r--p 00000000 fe:1c 209740056                      /system/lib64/libnetdutils.so
781eba4000-781ebb3000 r-xp 00008000 fe:1c 209740056                      /system/lib64/libnetdutils.so
781ebb3000-781ebb4000 r--p 00017000 fe:1c 209740056                      /system/lib64/libnetdutils.so
781ebb4000-781ebb5000 rw-p 00000000 00:00 0                              [anon:.bss]
781ebb5000-781ebb6000 r--s 00000000 08:08 181                            /metadata/aconfig/maps/com.android.conscrypt.package.map
781ebb6000-781ebb7000 r--s 00000000 08:08 273                            /metadata/aconfig/boot/com.android.ipsec.val
781ebb7000-781ebb8000 r--s 00000000 08:08 175                            /metadata/aconfig/maps/com.android.ipsec.flag.map
781ebb8000-781ebb9000 r--s 00000000 08:08 174                            /metadata/aconfig/maps/com.android.ipsec.package.map
781ebb9000-781ebba000 r--s 00000000 08:08 95                             /metadata/aconfig/boot/com.android.permission.val
781ebba000-781ebbb000 r--s 00000000 08:08 168                            /metadata/aconfig/maps/com.android.permission.flag.map
781ebbb000-781ebbc000 r--s 00000000 08:08 167                            /metadata/aconfig/maps/com.android.permission.package.map
781ebbc000-781ebbd000 r--s 00000000 08:08 275                            /metadata/aconfig/boot/com.android.art.val
781ebbd000-781ebc8000 r--s 00000000 07:38 29                             /apex/com.android.tzdata/etc/tz/versioned/9/icu/metaZones.res
781ebc8000-781ebda000 r--p 00000000 fe:1c 209739404                      /system/lib64/libmedia_omx.so
781ebda000-781ebf2000 r-xp 00012000 fe:1c 209739404                      /system/lib64/libmedia_omx.so
781ebf2000-781ebf9000 r--p 0002a000 fe:1c 209739404                      /system/lib64/libmedia_omx.so
781ebf9000-781ebfa000 rw-p 00031000 fe:1c 209739404                      /system/lib64/libmedia_omx.so
781ebfa000-781ebfb000 r--s 00000000 08:08 161                            /metadata/aconfig/maps/com.android.art.flag.map
781ebfb000-781ebfc000 r--s 00000000 08:08 160                            /metadata/aconfig/maps/com.android.art.package.map
781ebfc000-781ebfd000 r--s 00000000 08:08 269                            /metadata/aconfig/boot/com.android.mediaprovider.val
781ebfd000-781ec03000 r--s 00000000 07:38 30                             /apex/com.android.tzdata/etc/tz/versioned/9/icu/timezoneTypes.res
781ec03000-781ec09000 r--s 00000000 07:38 31                             /apex/com.android.tzdata/etc/tz/versioned/9/icu/windowsZones.res
781ec09000-781ec0a000 ---p 00000000 00:00 0 
781ec0a000-781ec12000 rw-p 00000000 00:00 0                              [anon:thread signal stack]
781ec12000-781ec13000 ---p 00000000 00:00 0 
781ec13000-781ec1b000 rw-p 00000000 00:00 0                              [anon:thread signal stack]
781ec1b000-781ec24000 r--p 00000000 fe:1c 209740283                      /system/lib64/libpermission.so
781ec24000-781ec2b000 r-xp 00009000 fe:1c 209740283                      /system/lib64/libpermission.so
781ec2b000-781ec2e000 r--p 00010000 fe:1c 209740283                      /system/lib64/libpermission.so
781ec2e000-781ec2f000 rw-p 00013000 fe:1c 209740283                      /system/lib64/libpermission.so
781ec2f000-781ec30000 ---p 00000000 00:00 0 
781ec30000-781ec38000 rw-p 00000000 00:00 0                              [anon:thread signal stack]
781ec38000-781ec58000 rw-p 00000000 00:00 0                              [anon:dalvik-LinearAlloc]
781ec58000-781ee62000 r--p 00000000 fe:1c 209738624                      /system/lib64/libhwui.so
781ee62000-781f058000 ---p 00000000 00:00 0 
781f058000-781f7ad000 r-xp 00400000 fe:1c 209738624                      /system/lib64/libhwui.so
781f7ad000-781f858000 ---p 00000000 00:00 0 
781f858000-781f88b000 r--p 00c00000 fe:1c 209738624                      /system/lib64/libhwui.so
781f88b000-781fa58000 ---p 00000000 00:00 0 
781fa58000-781fa5a000 rw-p 00e00000 fe:1c 209738624                      /system/lib64/libhwui.so
781fa5a000-781fa64000 rw-p 00000000 00:00 0                              [anon:.bss]
781fa64000-781fa65000 r--s 00000000 08:08 154                            /metadata/aconfig/maps/com.android.mediaprovider.flag.map
781fa65000-781fa66000 r--s 00000000 08:08 153                            /metadata/aconfig/maps/com.android.mediaprovider.package.map
781fa66000-781fa67000 r--s 00000000 08:08 103                            /metadata/aconfig/boot/com.android.profiling.val
781fa67000-781fa68000 r--s 00000000 08:08 147                            /metadata/aconfig/maps/com.android.profiling.flag.map
781fa68000-781fa69000 r--s 00000000 08:08 146                            /metadata/aconfig/maps/com.android.profiling.package.map
781fa69000-781fa6a000 ---p 00000000 00:00 0 
781fa6a000-781fa72000 rw-p 00000000 00:00 0                              [anon:thread signal stack]
781fa72000-781fa73000 ---p 00000000 00:00 0 
781fa73000-781fa7b000 rw-p 00000000 00:00 0                              [anon:thread signal stack]
781fa7b000-781fadf000 rw-p 00000000 00:00 0                              [anon:dalvik-thread local mark stack]
781fadf000-781fae0000 r--p 00000000 fe:1c 209740150                      /system/lib64/libpackagelistparser.so
781fae0000-781fae1000 r-xp 00001000 fe:1c 209740150                      /system/lib64/libpackagelistparser.so
781fae1000-781fae2000 r--p 00002000 fe:1c 209740150                      /system/lib64/libpackagelistparser.so
781fae2000-781fae3000 rw-p 00000000 00:00 0                              [anon:.bss]
781fae3000-781fb13000 rw-p 00000000 00:00 0                              [anon:dalvik-thread local mark stack]
781fb13000-781fb17000 r--p 00000000 fe:1c 209743595                      /system/lib64/volumegroupcallback-aidl-cpp.so
781fb17000-781fb1a000 r-xp 00004000 fe:1c 209743595                      /system/lib64/volumegroupcallback-aidl-cpp.so
781fb1a000-781fb1c000 r--p 00007000 fe:1c 209743595                      /system/lib64/volumegroupcallback-aidl-cpp.so
781fb1c000-781fb1d000 rw-p 00009000 fe:1c 209743595                      /system/lib64/volumegroupcallback-aidl-cpp.so
781fb1d000-781fb65000 rw-p 00000000 00:00 0                              [anon:dalvik-thread local mark stack]
781fb65000-781fb66000 r--p 00000000 fe:1c 178650600                      /system/lib64/android.database.sqlite-aconfig-cc.so
781fb66000-781fb67000 r-xp 00001000 fe:1c 178650600                      /system/lib64/android.database.sqlite-aconfig-cc.so
781fb67000-781fb68000 r--p 00002000 fe:1c 178650600                      /system/lib64/android.database.sqlite-aconfig-cc.so
781fb68000-781fb69000 rw-p 00000000 00:00 0                              [anon:.bss]
781fb69000-781fbb1000 rw-p 00000000 00:00 0                              [anon:dalvik-thread local mark stack]
781fbb1000-781fbb2000 r--p 00000000 fe:1c 179237245                      /system/lib64/android.hardware.drm.common-V1-ndk.so
781fbb2000-781fbb4000 r-xp 00001000 fe:1c 179237245                      /system/lib64/android.hardware.drm.common-V1-ndk.so
781fbb4000-781fbb5000 r--p 00003000 fe:1c 179237245                      /system/lib64/android.hardware.drm.common-V1-ndk.so
781fbb5000-781fbb6000 rw-p 00004000 fe:1c 179237245                      /system/lib64/android.hardware.drm.common-V1-ndk.so
781fbb6000-781fbb7000 r--s 00000000 08:08 164                            /metadata/aconfig/boot/com.android.uwb.val
781fbb7000-781fbb8000 r--s 00000000 08:08 140                            /metadata/aconfig/maps/com.android.uwb.flag.map
781fbb8000-781fbb9000 r--s 00000000 08:08 139                            /metadata/aconfig/maps/com.android.uwb.package.map
781fbb9000-781fbdd000 rw-p 00000000 00:00 0                              [anon:dalvik-thread local mark stack]
781fbdd000-781fbe5000 r--p 00000000 fe:1c 209741636                      /system/lib64/libstagefright_xmlparser.so
781fbe5000-781fbfa000 r-xp 00008000 fe:1c 209741636                      /system/lib64/libstagefright_xmlparser.so
781fbfa000-781fbfb000 r--p 0001d000 fe:1c 209741636                      /system/lib64/libstagefright_xmlparser.so
781fbfb000-781fbfc000 rw-p 00000000 00:00 0                              [anon:.bss]
781fbfc000-781fc00000 rw-p 00000000 00:00 0                              [anon:dalvik-thread local mark stack]
781fc00000-7821e00000 ---p 00000000 00:00 0 
7821e00000-7821e01000 r--s 00000000 08:08 105                            /metadata/aconfig/boot/com.android.uprobestats.val
7821e01000-7821e49000 rw-p 00000000 00:00 0                              [anon:dalvik-thread local mark stack]
7821e49000-7821e79000 r--p 00000000 fe:1c 209742080                      /system/lib64/libunwindstack.so
7821e79000-7821ef0000 r-xp 00030000 fe:1c 209742080                      /system/lib64/libunwindstack.so
7821ef0000-7821ef8000 r--p 000a7000 fe:1c 209742080                      /system/lib64/libunwindstack.so
7821ef8000-7821ef9000 rw-p 000af000 fe:1c 209742080                      /system/lib64/libunwindstack.so
7821ef9000-7821efa000 r--s 00000000 08:08 130                            /metadata/aconfig/maps/com.android.uprobestats.flag.map
7821efa000-7821f26000 rw-p 00000000 00:00 0                              [anon:dalvik-thread local mark stack]
7821f26000-7821f3f000 r--p 00000000 fe:1c 179363055                      /system/lib64/android.hardware.cas@1.0.so
7821f3f000-7821f6c000 r-xp 00019000 fe:1c 179363055                      /system/lib64/android.hardware.cas@1.0.so
7821f6c000-7821f72000 r--p 00046000 fe:1c 179363055                      /system/lib64/android.hardware.cas@1.0.so
7821f72000-7821f73000 rw-p 0004c000 fe:1c 179363055                      /system/lib64/android.hardware.cas@1.0.so
7821f73000-7821f74000 r--s 00000000 08:08 129                            /metadata/aconfig/maps/com.android.uprobestats.package.map
7821f74000-7821f75000 r--s 00000000 08:08 97                             /metadata/aconfig/boot/com.android.tethering.val
7821f75000-7821f76000 r--s 00000000 08:08 123                            /metadata/aconfig/maps/com.android.tethering.flag.map
7821f76000-7821fa6000 rw-p 00000000 00:00 0                              [anon:dalvik-thread local mark stack]
7821fa6000-7821fa7000 r--p 00000000 fe:1c 187592701                      /system/lib64/android.hidl.safe_union@1.0.so
7821fa7000-7821fa8000 r-xp 00001000 fe:1c 187592701                      /system/lib64/android.hidl.safe_union@1.0.so
7821fa8000-7821fa9000 r--p 00002000 fe:1c 187592701                      /system/lib64/android.hidl.safe_union@1.0.so
7821fa9000-7821fdd000 rw-p 00000000 00:00 0                              [anon:dalvik-thread local mark stack]
7821fdd000-7821fe1000 r--p 00000000 fe:1c 209743433                      /system/lib64/mediametricsservice-aidl-cpp.so
7821fe1000-7821fe4000 r-xp 00004000 fe:1c 209743433                      /system/lib64/mediametricsservice-aidl-cpp.so
7821fe4000-7821fe6000 r--p 00007000 fe:1c 209743433                      /system/lib64/mediametricsservice-aidl-cpp.so
7821fe6000-7821fe7000 rw-p 00009000 fe:1c 209743433                      /system/lib64/mediametricsservice-aidl-cpp.so
7821fe7000-7822003000 rw-p 00000000 00:00 0                              [anon:dalvik-thread local mark stack]
7822003000-782201a000 r--p 00000000 fe:1c 209738616                      /system/lib64/libimage_io.so
782201a000-7822037000 r-xp 00017000 fe:1c 209738616                      /system/lib64/libimage_io.so
7822037000-7822039000 r--p 00034000 fe:1c 209738616                      /system/lib64/libimage_io.so
7822039000-782203a000 rw-p 00000000 00:00 0                              [anon:.bss]
782203a000-782203b000 r--s 00000000 08:08 122                            /metadata/aconfig/maps/com.android.tethering.package.map
782203b000-782203c000 r--s 00000000 08:08 101                            /metadata/aconfig/boot/com.android.appsearch.val
782203c000-7822064000 rw-p 00000000 00:00 0                              [anon:dalvik-thread local mark stack]
7822064000-7822065000 r--p 00000000 fe:1c 209741407                      /system/lib64/libsync.so
7822065000-7822066000 r-xp 00001000 fe:1c 209741407                      /system/lib64/libsync.so
7822066000-7822067000 r--p 00002000 fe:1c 209741407                      /system/lib64/libsync.so
7822067000-7822068000 rw-p 00000000 00:00 0                              [anon:.bss]
7822068000-7822069000 r--s 00000000 08:08 116                            /metadata/aconfig/maps/com.android.appsearch.flag.map
7822069000-782206a000 r--s 00000000 08:08 115                            /metadata/aconfig/maps/com.android.appsearch.package.map
782206a000-782209a000 rw-p 00000000 00:00 0                              [anon:dalvik-thread local mark stack]
782209a000-78220a3000 r--p 00000000 fe:1c 195697645                      /system/lib64/libcutils.so
78220a3000-78220ae000 r-xp 00009000 fe:1c 195697645                      /system/lib64/libcutils.so
78220ae000-78220b0000 r--p 00014000 fe:1c 195697645                      /system/lib64/libcutils.so
78220b0000-78220b1000 rw-p 00016000 fe:1c 195697645                      /system/lib64/libcutils.so
78220b1000-78220b2000 r--s 00000000 08:08 144                            /metadata/aconfig/boot/com.android.ondevicepersonalization.val
78220b2000-78220ce000 rw-p 00000000 00:00 0                              [anon:dalvik-thread local mark stack]
78220ce000-78220cf000 r--p 00000000 fe:1c 178290297                      /system/lib64/libandroid_net.so
78220cf000-78220d0000 r-xp 00001000 fe:1c 178290297                      /system/lib64/libandroid_net.so
78220d0000-78220d1000 r--p 00002000 fe:1c 178290297                      /system/lib64/libandroid_net.so
78220d1000-78220d2000 r--s 00000000 08:08 108                            /metadata/aconfig/maps/com.android.ondevicepersonalization.flag.map
78220d2000-78220d3000 r--s 00000000 08:08 107                            /metadata/aconfig/maps/com.android.ondevicepersonalization.package.map
78220d3000-7822103000 rw-p 00000000 00:00 0                              [anon:dalvik-thread local mark stack]
7822103000-7822141000 r--p 00000000 fe:1c 209741018                      /system/lib64/libsfplugin_ccodec.so
7822141000-78221ef000 r-xp 0003e000 fe:1c 209741018                      /system/lib64/libsfplugin_ccodec.so
78221ef000-78221f6000 r--p 000ec000 fe:1c 209741018                      /system/lib64/libsfplugin_ccodec.so
78221f6000-78221f7000 rw-p 000f3000 fe:1c 209741018                      /system/lib64/libsfplugin_ccodec.so
78221f7000-78221f8000 r--s 00000000 08:08 126                            /metadata/aconfig/boot/com.android.wifi.val
78221f8000-7822200000 rw-p 00000000 00:00 0                              [anon:dalvik-thread local mark stack]
7822200000-7824000000 ---p 00000000 00:00 0 
7824000000-7824001000 r--s 00000000 08:08 92                             /metadata/aconfig/maps/com.android.wifi.flag.map
7824001000-7824002000 r--s 00000000 08:08 91                             /metadata/aconfig/maps/com.android.wifi.package.map
7824002000-7824003000 r--s 00000000 08:08 271                            /metadata/aconfig/boot/com.android.media.val
7824003000-7824007000 rw-p 00000000 00:00 0                              [anon:dalvik-thread local mark stack]
7824007000-7824061000 r--p 00000000 fe:41 23                             /apex/com.android.appsearch/javalib/framework-appsearch.jar
7824061000-7824065000 r--p 00000000 fe:1c 176876794                      /system/lib64/libbpf_minimal.so
7824065000-782406d000 r-xp 00004000 fe:1c 176876794                      /system/lib64/libbpf_minimal.so
782406d000-782406e000 r--p 0000c000 fe:1c 176876794                      /system/lib64/libbpf_minimal.so
782406e000-782406f000 rw-p 0000d000 fe:1c 176876794                      /system/lib64/libbpf_minimal.so
782406f000-7824097000 rw-p 00000000 00:00 0                              [anon:dalvik-thread local mark stack]
7824097000-782409e000 r--p 00000000 fe:1c 209742451                      /system/lib64/libvcode_nc.so
782409e000-78240a5000 r-xp 00007000 fe:1c 209742451                      /system/lib64/libvcode_nc.so
78240a5000-78240a7000 r--p 0000e000 fe:1c 209742451                      /system/lib64/libvcode_nc.so
78240a7000-78240a8000 rw-p 00010000 fe:1c 209742451                      /system/lib64/libvcode_nc.so
78240a8000-78240a9000 r--s 00000000 08:08 84                             /metadata/aconfig/maps/com.android.media.flag.map
78240a9000-78240aa000 r--s 00000000 08:08 83                             /metadata/aconfig/maps/com.android.media.package.map
78240aa000-78240ca000 rw-p 00000000 00:00 0                              [anon:dalvik-thread local mark stack]
78240ca000-78240d0000 r--p 00000000 fe:1c 176824051                      /system/lib64/framework-permission-aidl-cpp.so
78240d0000-78240d4000 r-xp 00006000 fe:1c 176824051                      /system/lib64/framework-permission-aidl-cpp.so
78240d4000-78240d6000 r--p 0000a000 fe:1c 176824051                      /system/lib64/framework-permission-aidl-cpp.so
78240d6000-78240d7000 rw-p 0000c000 fe:1c 176824051                      /system/lib64/framework-permission-aidl-cpp.so
78240d7000-7824117000 rw-p 00000000 00:00 0                              [anon:dalvik-thread local mark stack]
7824117000-7824120000 r--p 00000000 fe:1c 209740032                      /system/lib64/libnativedisplay.so
7824120000-7824128000 r-xp 00009000 fe:1c 209740032                      /system/lib64/libnativedisplay.so
7824128000-7824129000 r--p 00011000 fe:1c 209740032                      /system/lib64/libnativedisplay.so
7824129000-782412a000 rw-p 00000000 00:00 0                              [anon:.bss]
782412a000-782412d000 r--s 00000000 08:08 206                            /metadata/aconfig/maps/system.package.map
782412d000-7824179000 rw-p 00000000 00:00 0                              [anon:dalvik-thread local mark stack]
7824179000-782417a000 r--p 00000000 fe:1c 175430652                      /system/lib64/libETC1.so
782417a000-782417c000 r-xp 00001000 fe:1c 175430652                      /system/lib64/libETC1.so
782417c000-782417d000 r--p 00003000 fe:1c 175430652                      /system/lib64/libETC1.so
782417d000-782418d000 rw-p 00000000 00:00 0                              [anon:dalvik-thread local mark stack]
782418d000-782418f000 r--p 00000000 fe:1c 209739942                      /system/lib64/libmemtrack.so
782418f000-7824191000 r-xp 00002000 fe:1c 209739942                      /system/lib64/libmemtrack.so
7824191000-7824192000 r--p 00004000 fe:1c 209739942                      /system/lib64/libmemtrack.so
7824192000-7824193000 rw-p 00000000 00:00 0                              [anon:.bss]
7824193000-7824194000 rw-p 00000000 00:00 0                              [anon:bionic_alloc_small_objects]
7824194000-78241d0000 rw-p 00000000 00:00 0                              [anon:dalvik-thread local mark stack]
78241d0000-78241d1000 r--p 00000000 fe:1c 209743126                      /system/lib64/libvndksupport.so
78241d1000-78241d2000 r-xp 00001000 fe:1c 209743126                      /system/lib64/libvndksupport.so
78241d2000-78241d3000 r--p 00002000 fe:1c 209743126                      /system/lib64/libvndksupport.so
78241d3000-78241d4000 rw-p 00000000 00:00 0                              [anon:.bss]
78241d4000-782420c000 rw-p 00000000 00:00 0                              [anon:dalvik-thread local mark stack]
782420c000-7824214000 r--p 00000000 fe:1c 187585276                      /system/lib64/libaconfig_storage_read_api_cc.so
7824214000-7824222000 r-xp 00008000 fe:1c 187585276                      /system/lib64/libaconfig_storage_read_api_cc.so
7824222000-7824224000 r--p 00016000 fe:1c 187585276                      /system/lib64/libaconfig_storage_read_api_cc.so
7824224000-7824225000 rw-p 00018000 fe:1c 187585276                      /system/lib64/libaconfig_storage_read_api_cc.so
7824225000-7824226000 r--s 00000000 08:08 69                             /metadata/aconfig/boot/system_ext.val
7824226000-7824227000 r--s 00000000 08:08 58                             /metadata/aconfig/maps/system_ext.package.map
7824227000-7824257000 rw-p 00000000 00:00 0                              [anon:dalvik-thread local mark stack]
7824257000-78242e3000 r--p 00000000 fe:1c 209739961                      /system/lib64/libminikin.so
78242e3000-78243b4000 r-xp 0008c000 fe:1c 209739961                      /system/lib64/libminikin.so
78243b4000-78243d9000 r--p 0015d000 fe:1c 209739961                      /system/lib64/libminikin.so
78243d9000-78243da000 rw-p 00182000 fe:1c 209739961                      /system/lib64/libminikin.so
78243da000-78243dc000 r--s 00000000 08:08 59                             /metadata/aconfig/maps/system_ext.flag.map
78243dc000-7824400000 rw-p 00000000 00:00 0                              [anon:dalvik-thread local mark stack]
7824400000-7825600000 ---p 00000000 00:00 0 
7825600000-7825601000 r--s 00000000 08:08 69                             /metadata/aconfig/boot/system_ext.val
7825601000-7825602000 r--s 00000000 08:08 58                             /metadata/aconfig/maps/system_ext.package.map
7825602000-7825652000 rw-p 00000000 00:00 0                              [anon:dalvik-thread local mark stack]
7825652000-7825657000 r--p 00000000 fe:1c 176816245                      /system/lib64/libbinderdebug.so
7825657000-7825662000 r-xp 00005000 fe:1c 176816245                      /system/lib64/libbinderdebug.so
7825662000-7825663000 r--p 00010000 fe:1c 176816245                      /system/lib64/libbinderdebug.so
7825663000-7825664000 rw-p 00000000 00:00 0                              [anon:.bss]
7825664000-7825665000 r--s 00000000 08:08 62                             /metadata/aconfig/boot/system.val
7825665000-7825685000 rw-p 00000000 00:00 0                              [anon:dalvik-thread local mark stack]
7825685000-7825698000 r--p 00000000 07:30 45                             /apex/com.android.runtime/lib64/bionic/libm.so
7825698000-78256bc000 r-xp 00013000 07:30 45                             /apex/com.android.runtime/lib64/bionic/libm.so
78256bc000-78256bd000 r--p 00037000 07:30 45                             /apex/com.android.runtime/lib64/bionic/libm.so
78256bd000-78256be000 rw-p 00038000 07:30 45                             /apex/com.android.runtime/lib64/bionic/libm.so
78256be000-78256de000 rw-p 00000000 00:00 0                              [anon:dalvik-thread local mark stack]
78256de000-7825700000 r--p 00000000 fe:1c 176820708                      /system/lib64/android.hardware.media.c2-V1-ndk.so
7825700000-782572f000 r-xp 00022000 fe:1c 176820708                      /system/lib64/android.hardware.media.c2-V1-ndk.so
782572f000-7825732000 r--p 00051000 fe:1c 176820708                      /system/lib64/android.hardware.media.c2-V1-ndk.so
7825732000-7825733000 rw-p 00054000 fe:1c 176820708                      /system/lib64/android.hardware.media.c2-V1-ndk.so
7825733000-7825734000 r--s 00188000 fe:25 36                             /apex/com.android.wifi/javalib/framework-wifi.jar
7825734000-7825735000 r--s 0002d000 07:98 48                             /apex/com.android.virt/javalib/framework-virtualization.jar
7825735000-7825736000 r--s 00027000 fe:3b 23                             /apex/com.android.uwb/javalib/framework-uwb.jar
7825736000-782574a000 rw-p 00000000 00:00 0                              [anon:dalvik-thread local mark stack]
782574a000-7825753000 r--p 00000000 fe:1c 209739075                      /system/lib64/liblzma.so
7825753000-7825771000 r-xp 00009000 fe:1c 209739075                      /system/lib64/liblzma.so
7825771000-7825772000 r--p 00027000 fe:1c 209739075                      /system/lib64/liblzma.so
7825772000-7825773000 rw-p 00028000 fe:1c 209739075                      /system/lib64/liblzma.so
7825773000-782577e000 rw-p 00000000 00:00 0                              [anon:.bss]
782577e000-782577f000 r--s 0001f000 fe:3b 22                             /apex/com.android.uwb/javalib/framework-ranging.jar
782577f000-7825780000 r--s 00017000 fe:27 49                             /apex/com.android.tethering/javalib/framework-tethering.jar
7825780000-7825790000 rw-p 00000000 00:00 0                              [anon:dalvik-thread local mark stack]
7825790000-7825797000 r--p 00000000 fe:1c 179390050                      /system/lib64/libcodec2_hal_common.so
7825797000-78257a4000 r-xp 00007000 fe:1c 179390050                      /system/lib64/libcodec2_hal_common.so
78257a4000-78257a5000 r--p 00014000 fe:1c 179390050                      /system/lib64/libcodec2_hal_common.so
78257a5000-78257a6000 rw-p 00000000 00:00 0                              [anon:.bss]
78257a6000-78257a7000 r--s 00084000 fe:27 47                             /apex/com.android.tethering/javalib/framework-connectivity-t.jar
78257a7000-78257a8000 r--s 0001e000 fe:27 46                             /apex/com.android.tethering/javalib/framework-connectivity-b.jar
78257a8000-78257a9000 r--s 00207000 fe:27 48                             /apex/com.android.tethering/javalib/framework-connectivity.jar
78257a9000-78257c9000 rw-p 00000000 00:00 0                              [anon:dalvik-thread local mark stack]
78257c9000-78257cd000 r--p 00000000 fe:1c 178650594                      /system/lib64/android.companion.virtual.virtualdevice_aidl-cpp.so
78257cd000-78257cf000 r-xp 00004000 fe:1c 178650594                      /system/lib64/android.companion.virtual.virtualdevice_aidl-cpp.so
78257cf000-78257d1000 r--p 00006000 fe:1c 178650594                      /system/lib64/android.companion.virtual.virtualdevice_aidl-cpp.so
78257d1000-78257d2000 rw-p 00008000 fe:1c 178650594                      /system/lib64/android.companion.virtual.virtualdevice_aidl-cpp.so
78257d2000-7825806000 rw-p 00000000 00:00 0                              [anon:dalvik-thread local mark stack]
7825806000-782581c000 r--p 00000000 fe:1c 209742726                      /system/lib64/libvulkan.so
782581c000-7825838000 r-xp 00016000 fe:1c 209742726                      /system/lib64/libvulkan.so
7825838000-782583b000 r--p 00032000 fe:1c 209742726                      /system/lib64/libvulkan.so
782583b000-782583c000 rw-p 00035000 fe:1c 209742726                      /system/lib64/libvulkan.so
782583c000-782583d000 r--s 00001000 07:a8 23                             /apex/com.android.sdkext/javalib/framework-sdkextensions.jar
782583d000-782583e000 r--s 00003000 fe:29 18                             /apex/com.android.scheduling/javalib/framework-scheduling.jar
782583e000-7825872000 rw-p 00000000 00:00 0                              [anon:dalvik-thread local mark stack]
7825872000-78258a9000 r--p 00000000 fe:1c 176820716                      /system/lib64/android.hardware.media.c2@1.0.so
78258a9000-7825915000 r-xp 00037000 fe:1c 176820716                      /system/lib64/android.hardware.media.c2@1.0.so
7825915000-7825921000 r--p 000a3000 fe:1c 176820716                      /system/lib64/android.hardware.media.c2@1.0.so
7825921000-7825922000 rw-p 000af000 fe:1c 176820716                      /system/lib64/android.hardware.media.c2@1.0.so
7825922000-7825923000 r--s 0000a000 fe:42 24                             /apex/com.android.profiling/javalib/framework-profiling.jar
7825923000-7825924000 r--s 00045000 fe:3d 27                             /apex/com.android.permission/javalib/framework-permission-s.jar
7825924000-7825925000 r--s 00000000 fe:3d 28                             /apex/com.android.permission/javalib/framework-permission.jar
7825925000-7825939000 rw-p 00000000 00:00 0                              [anon:dalvik-thread local mark stack]
7825939000-7825999000 rw-p 00000000 00:00 0                              [anon:linker_alloc]
7825999000-782599d000 r--p 00000000 fe:1c 209740052                      /system/lib64/libnetd_client.so
782599d000-78259a3000 r-xp 00004000 fe:1c 209740052                      /system/lib64/libnetd_client.so
78259a3000-78259a4000 r--p 0000a000 fe:1c 209740052                      /system/lib64/libnetd_client.so
78259a4000-78259a5000 rw-p 0000b000 fe:1c 209740052                      /system/lib64/libnetd_client.so
78259a5000-78259c1000 rw-p 00000000 00:00 0                              [anon:dalvik-thread local mark stack]
78259c1000-78259c4000 r--p 00000000 fe:1c 209737979                      /system/lib64/libhardware_legacy.so
78259c4000-78259c7000 r-xp 00003000 fe:1c 209737979                      /system/lib64/libhardware_legacy.so
78259c7000-78259c8000 r--p 00006000 fe:1c 209737979                      /system/lib64/libhardware_legacy.so
78259c8000-78259c9000 rw-p 00007000 fe:1c 209737979                      /system/lib64/libhardware_legacy.so
78259c9000-78259ca000 r--s 00019000 07:88 26                             /apex/com.android.os.statsd/javalib/framework-statsd.jar
78259ca000-78259cb000 r--s 0004a000 fe:2b 26                             /apex/com.android.ondevicepersonalization/javalib/framework-ondevicepersonalization.jar
78259cb000-78259cc000 r--s 0000f000 fe:30 33                             /apex/com.android.mediaprovider/javalib/framework-photopicker.jar
78259cc000-7825a00000 rw-p 00000000 00:00 0                              [anon:dalvik-thread local mark stack]
7825a00000-7826a00000 ---p 00000000 00:00 0 
7826a00000-7826a01000 r--s 00003000 fe:30 31                             /apex/com.android.mediaprovider/javalib/framework-pdf-v.jar
7826a01000-7826a49000 rw-p 00000000 00:00 0                              [anon:dalvik-thread local mark stack]
7826a49000-7826a4b000 r--p 00000000 fe:1c 209740544                      /system/lib64/libprocinfo.so
7826a4b000-7826a4c000 r-xp 00002000 fe:1c 209740544                      /system/lib64/libprocinfo.so
7826a4c000-7826a4d000 r--p 00003000 fe:1c 209740544                      /system/lib64/libprocinfo.so
7826a4d000-7826a4e000 r--s 0001c000 fe:30 32                             /apex/com.android.mediaprovider/javalib/framework-pdf.jar
7826a4e000-7826a9e000 rw-p 00000000 00:00 0                              [anon:dalvik-thread local mark stack]
7826a9e000-7826ab4000 r--p 00000000 fe:1c 209737319                      /system/lib64/libEGL.so
7826ab4000-7826ad5000 r-xp 00016000 fe:1c 209737319                      /system/lib64/libEGL.so
7826ad5000-7826ada000 r--p 00037000 fe:1c 209737319                      /system/lib64/libEGL.so
7826ada000-7826adb000 rw-p 0003c000 fe:1c 209737319                      /system/lib64/libEGL.so
7826adb000-7826ae3000 rw-p 00000000 00:00 0                              [anon:.bss]
7826ae3000-7826ae4000 r--s 0002a000 fe:30 30                             /apex/com.android.mediaprovider/javalib/framework-mediaprovider.jar
7826ae4000-7826ae5000 r--s 000ba000 fe:34 33                             /apex/com.android.media/javalib/updatable-media.jar
7826ae5000-7826ae6000 r--s 000b7000 fe:35 24                             /apex/com.android.ipsec/javalib/android.net.ipsec.ike.jar
7826ae6000-7826b0a000 rw-p 00000000 00:00 0                              [anon:dalvik-thread local mark stack]
7826b0a000-7826b14000 r--p 00000000 fe:1c 179244651                      /system/lib64/android.hardware.graphics.allocator@3.0.so
7826b14000-7826b21000 r-xp 0000a000 fe:1c 179244651                      /system/lib64/android.hardware.graphics.allocator@3.0.so
7826b21000-7826b23000 r--p 00017000 fe:1c 179244651                      /system/lib64/android.hardware.graphics.allocator@3.0.so
7826b23000-7826b24000 rw-p 00019000 fe:1c 179244651                      /system/lib64/android.hardware.graphics.allocator@3.0.so
7826b24000-7826b58000 rw-p 00000000 00:00 0                              [anon:dalvik-thread local mark stack]
7826b58000-7826b59000 r--p 00000000 fe:1c 201452388                      /system/lib64/android.media.audiopolicy-aconfig-cc.so
7826b59000-7826b5b000 r-xp 00001000 fe:1c 201452388                      /system/lib64/android.media.audiopolicy-aconfig-cc.so
7826b5b000-7826b5c000 r--p 00003000 fe:1c 201452388                      /system/lib64/android.media.audiopolicy-aconfig-cc.so
7826b5c000-7826b5d000 rw-p 00000000 00:00 0                              [anon:.bss]
7826b5d000-7826b5e000 r--s 000cd000 07:48 28                             /apex/com.android.healthfitness/javalib/framework-healthfitness.jar
7826b5e000-7826b8e000 rw-p 00000000 00:00 0                              [anon:dalvik-thread local mark stack]
7826b8e000-7826b9d000 r--p 00000000 fe:1c 179152504                      /system/lib64/libPlatformProperties.so
7826b9d000-7826baa000 r-xp 0000f000 fe:1c 179152504                      /system/lib64/libPlatformProperties.so
7826baa000-7826bab000 r--p 0001c000 fe:1c 179152504                      /system/lib64/libPlatformProperties.so
7826bab000-7826bac000 r--s 00008000 07:90 25                             /apex/com.android.devicelock/javalib/framework-devicelock.jar
7826bac000-7826bb8000 rw-p 00000000 00:00 0                              [anon:dalvik-thread local mark stack]
7826bb8000-7826bf8000 rw-p 00000000 00:00 0                              [anon:dalvik-mark stack]
7826bf8000-7826bf9000 r--p 00000000 fe:1c 179237214                      /system/lib64/android.hardware.common.fmq-V1-ndk.so
7826bf9000-7826bfb000 r-xp 00001000 fe:1c 179237214                      /system/lib64/android.hardware.common.fmq-V1-ndk.so
7826bfb000-7826bfc000 r--p 00003000 fe:1c 179237214                      /system/lib64/android.hardware.common.fmq-V1-ndk.so
7826bfc000-7826bfd000 rw-p 00004000 fe:1c 179237214                      /system/lib64/android.hardware.common.fmq-V1-ndk.so
7826bfd000-7826bfe000 r--s 00005000 fe:47 18                             /apex/com.android.crashrecovery/javalib/framework-crashrecovery.jar
7826bfe000-7826c06000 rw-p 00000000 00:00 0                              [anon:dalvik-thread local mark stack]
7826c06000-7826c09000 r--p 00000000 fe:1c 209741563                      /system/lib64/libstagefright_omx_utils.so
7826c09000-7826c0c000 r-xp 00003000 fe:1c 209741563                      /system/lib64/libstagefright_omx_utils.so
7826c0c000-7826c0d000 r--p 00006000 fe:1c 209741563                      /system/lib64/libstagefright_omx_utils.so
7826c0d000-7826c0e000 rw-p 00000000 00:00 0                              [anon:.bss]
7826c0e000-7826c0f000 r--s 00084000 fe:49 176                            /apex/com.android.conscrypt/javalib/conscrypt.jar
7826c0f000-7826c10000 r--s 00031000 fe:3a 30                             /apex/com.android.configinfrastructure/javalib/framework-configinfrastructure.jar
7826c10000-7826c14000 rw-p 00000000 00:00 0                              [anon:dalvik-thread local mark stack]
7826c14000-7826c64000 r--p 00000000 fe:1c 179084787                      /system/framework/vivo-coworkclient.jar
7826c64000-7826c67000 r--p 00000000 fe:1c 178650597                      /system/lib64/android.companion.virtualdevice.flags-aconfig-cc.so
7826c67000-7826c6a000 r-xp 00003000 fe:1c 178650597                      /system/lib64/android.companion.virtualdevice.flags-aconfig-cc.so
7826c6a000-7826c6b000 r--p 00006000 fe:1c 178650597                      /system/lib64/android.companion.virtualdevice.flags-aconfig-cc.so
7826c6b000-7826c6c000 rw-p 00000000 00:00 0                              [anon:.bss]
7826c6c000-7826c6d000 r--s 0016e000 07:50 41                             /apex/com.android.bt/javalib/framework-bluetooth.jar
7826c6d000-7826c6e000 r--s 00059000 fe:41 23                             /apex/com.android.appsearch/javalib/framework-appsearch.jar
7826c6e000-7826c6f000 r--s 00019000 fe:37 29                             /apex/com.android.adservices/javalib/framework-sdksandbox.jar
7826c6f000-7826c7f000 rw-p 00000000 00:00 0                              [anon:dalvik-thread local mark stack]
7826c7f000-7826c9f000 rw-p 00000000 00:00 0                              [anon:dalvik-large marked objects]
7826c9f000-7826ca4000 r--p 00000000 fe:1c 179051252                      /system/lib64/android.system.suspend-V1-ndk.so
7826ca4000-7826ca8000 r-xp 00005000 fe:1c 179051252                      /system/lib64/android.system.suspend-V1-ndk.so
7826ca8000-7826ca9000 r--p 00009000 fe:1c 179051252                      /system/lib64/android.system.suspend-V1-ndk.so
7826ca9000-7826caa000 rw-p 0000a000 fe:1c 179051252                      /system/lib64/android.system.suspend-V1-ndk.so
7826caa000-7826cab000 r--s 00085000 fe:37 28                             /apex/com.android.adservices/javalib/framework-adservices.jar
7826cab000-7826cac000 r--s 002e6000 07:d8 21                             /apex/com.android.i18n/javalib/core-icu4j.jar
7826cac000-7826cad000 r--s 0004f000 fe:1c 179084787                      /system/framework/vivo-coworkclient.jar
7826cad000-7826cc1000 rw-p 00000000 00:00 0                              [anon:dalvik-thread local mark stack]
7826cc1000-7826ccd000 r--p 00000000 fe:1c 209739118                      /system/lib64/libmedia_codeclist_capabilities.so
7826ccd000-7826cf1000 r-xp 0000c000 fe:1c 209739118                      /system/lib64/libmedia_codeclist_capabilities.so
7826cf1000-7826cf2000 r--p 00030000 fe:1c 209739118                      /system/lib64/libmedia_codeclist_capabilities.so
7826cf2000-7826cf3000 rw-p 00000000 00:00 0                              [anon:.bss]
7826cf3000-7826cf4000 r--s 00024000 fe:1c 179084795                      /system/framework/vivo-emmclient.jar
7826cf4000-7826cf6000 r--s 008d6000 fe:1c 195694188                      /system/framework/vivo-framework.jar
7826cf6000-7826d24000 r--p 00000000 07:98 48                             /apex/com.android.virt/javalib/framework-virtualization.jar
7826d24000-7826d26000 r--p 00000000 fe:3f 100                            /apex/com.android.art/lib64/libnativebridge.so
7826d26000-7826d28000 r-xp 00002000 fe:3f 100                            /apex/com.android.art/lib64/libnativebridge.so
7826d28000-7826d29000 r--p 00004000 fe:3f 100                            /apex/com.android.art/lib64/libnativebridge.so
7826d29000-7826d2a000 rw-p 00000000 00:00 0                              [anon:.bss]
7826d2a000-7826d2b000 r--s 0000a000 fe:1c 179389688                      /system/framework/vivo-vgcclient.jar
7826d2b000-7826d47000 rw-p 00000000 00:00 0                              [anon:dalvik-thread local mark stack]
7826d47000-7826d48000 rw-p 00000000 00:00 0                              [anon:dalvik-mod union bitmap]
7826d48000-7826d88000 rw-p 00000000 00:00 0 
7826d88000-7826d89000 r--s 00000000 fe:1c 176952923                      /system/framework/soc-framework.jar
7826d89000-7826d8a000 r--s 00000000 fe:1c 251185641                      /system/usr/hyphen-data/hyph-eu.hyb
7826d8a000-7826d8b000 r--s 00001000 fe:1c 195695872                      /system/framework/framework-adapter.jar
7826d8b000-7826d8f000 rw-p 00000000 00:00 0                              [anon:dalvik-thread local mark stack]
7826d8f000-7826daf000 rw-p 00000000 00:00 0                              [anon:dalvik-large live objects]
7826daf000-7826dd7000 r--p 00000000 fe:3b 23                             /apex/com.android.uwb/javalib/framework-uwb.jar
7826dd7000-7826dd8000 rw-p 00000000 00:00 0                              [anon:bionic_alloc_small_objects]
7826dd8000-7826dd9000 r--s 00179000 fe:1c 179252070                      /system/framework/vivo-media.jar
7826dd9000-7826dda000 r--s 00018000 fe:1c 187596156                      /system/framework/WfdCommon.jar
7826dda000-7826ddb000 r--s 00003000 fe:1c 179062653                      /system/framework/UxPerformance.jar
7826ddb000-7826e26000 r--p 00000000 fe:2b 26                             /apex/com.android.ondevicepersonalization/javalib/framework-ondevicepersonalization.jar
7826e26000-7826e2d000 r--p 00000000 fe:1c 187597812                      /system/lib64/libdrmframework.so
7826e2d000-7826e30000 r-xp 00007000 fe:1c 187597812                      /system/lib64/libdrmframework.so
7826e30000-7826e32000 r--p 0000a000 fe:1c 187597812                      /system/lib64/libdrmframework.so
7826e32000-7826e33000 rw-p 00000000 00:00 0                              [anon:.bss]
7826e33000-7826e34000 r--s 00007000 fe:1c 179017213                      /system/framework/QPerformance.jar
7826e34000-7826e38000 rw-p 00000000 00:00 0                              [anon:dalvik-thread local mark stack]
7826e38000-7826e58000 r--p 00000000 fe:3b 22                             /apex/com.android.uwb/javalib/framework-ranging.jar
7826e58000-7826e63000 r--p 00000000 fe:1c 179358940                      /system/lib64/android.hardware.power@1.1.so
7826e63000-7826e70000 r-xp 0000b000 fe:1c 179358940                      /system/lib64/android.hardware.power@1.1.so
7826e70000-7826e72000 r--p 00018000 fe:1c 179358940                      /system/lib64/android.hardware.power@1.1.so
7826e72000-7826e73000 rw-p 0001a000 fe:1c 179358940                      /system/lib64/android.hardware.power@1.1.so
7826e73000-7826e74000 r--s 00011000 fe:1c 179081981                      /system/framework/qcom.fmradio.jar
7826e74000-7826e75000 r--s 00007000 fe:1c 179358589                      /system/framework/telephony-ext.jar
7826e75000-7826e76000 r--s 00000000 fe:1c 187597022                      /system/framework/tcmiface.jar
7826e76000-7826ebc000 r--p 00000000 fe:3d 27                             /apex/com.android.permission/javalib/framework-permission-s.jar
7826ebc000-7826ebd000 rw-p 00000000 00:00 0                              [anon:bionic_alloc_small_objects]
7826ebd000-7826ed1000 rw-p 00000000 00:00 0                              [anon:dalvik-thread local mark stack]
7826ed1000-7826ef0000 r--p 00000000 fe:27 46                             /apex/com.android.tethering/javalib/framework-connectivity-b.jar
7826ef0000-7826ef1000 rw-p 00000000 00:00 0                              [anon:bionic_alloc_small_objects]
7826ef1000-7826ef2000 r--s 00064000 fe:1c 187591799                      /system/framework/framework-nfc.jar
7826ef2000-7826ef3000 r--s 00020000 fe:1c 187583096                      /system/framework/framework-ondeviceintelligence-platform.jar
7826ef3000-7826ef7000 rw-p 00000000 00:00 0                              [anon:dalvik-thread local mark stack]
7826ef7000-7826f0f000 r--p 00000000 fe:27 49                             /apex/com.android.tethering/javalib/framework-tethering.jar
7826f0f000-7826f2c000 r--p 00000000 fe:30 32                             /apex/com.android.mediaprovider/javalib/framework-pdf.jar
7826f2c000-782702c000 r--s 00000000 00:11 183                            /dev/__properties__/u:object_r:build_prop:s0
782702c000-782702e000 rw-p 00000000 00:00 0                              [anon:bionic_alloc_small_objects]
782702e000-782702f000 r--s 0008b000 fe:1c 179060851                      /system/framework/ims-common.jar
782702f000-7827030000 r--s 000c9000 fe:1c 179069169                      /system/framework/voip-common.jar
7827030000-7827040000 rw-p 00000000 00:00 0                              [anon:dalvik-thread local mark stack]
7827040000-78270a5000 r--p 00000000 fe:1c 187591799                      /system/framework/framework-nfc.jar
78270a5000-78270ca000 r--p 00000000 fe:1c 209740519                      /system/lib64/libpowermanager.so
78270ca000-78270f3000 r-xp 00025000 fe:1c 209740519                      /system/lib64/libpowermanager.so
78270f3000-78270fd000 r--p 0004e000 fe:1c 209740519                      /system/lib64/libpowermanager.so
78270fd000-78270fe000 rw-p 00058000 fe:1c 209740519                      /system/lib64/libpowermanager.so
78270fe000-7827101000 r--s 03187000 fe:1c 195694817                      /system/framework/framework.jar
7827101000-7827105000 rw-p 00000000 00:00 0                              [anon:dalvik-thread local mark stack]
7827105000-7827106000 rw-p 00000000 00:00 0                              [anon:bionic_alloc_small_objects]
7827106000-7827107000 r--s 0007f000 fe:1c 179023219                      /system/framework/framework-location.jar
7827107000-782710f000 rw-p 00000000 00:00 0                              [anon:dalvik-thread local mark stack]
782710f000-7827158000 r--p 00000000 fe:1c 179360474                      /system/framework/ext.jar
7827158000-7827164000 r--p 00000000 fe:1c 179358950                      /system/lib64/android.hardware.power@1.3.so
7827164000-7827172000 r-xp 0000c000 fe:1c 179358950                      /system/lib64/android.hardware.power@1.3.so
7827172000-7827175000 r--p 0001a000 fe:1c 179358950                      /system/lib64/android.hardware.power@1.3.so
7827175000-7827176000 rw-p 0001d000 fe:1c 179358950                      /system/lib64/android.hardware.power@1.3.so
7827176000-78271a1000 r--p 00000000 fe:30 30                             /apex/com.android.mediaprovider/javalib/framework-mediaprovider.jar
78271a1000-78272a1000 r--s 00000000 00:11 598                            /dev/__properties__/u:object_r:vendor_socket_hook_prop:s0
78272a1000-78272a2000 rw-p 00000000 00:00 0                              [anon:bionic_alloc_small_objects]
78272a2000-78272a3000 r--s 00000000 fe:1c 179240318                      /system/framework/framework-graphics.jar
78272a3000-78272a4000 r--s 00102000 fe:3f 46                             /apex/com.android.art/javalib/apache-xml.jar
78272a4000-78272ac000 rw-p 00000000 00:00 0                              [anon:dalvik-thread local mark stack]
78272ac000-78272b7000 r--p 00000000 fe:42 24                             /apex/com.android.profiling/javalib/framework-profiling.jar
78272b7000-78272e9000 r--p 00000000 fe:3a 30                             /apex/com.android.configinfrastructure/javalib/framework-configinfrastructure.jar
78272e9000-78272f3000 r--p 00000000 fe:1c 209743514                      /system/lib64/vendor.vivo.hardware.configstore@1.0.so
78272f3000-78272fb000 r-xp 0000a000 fe:1c 209743514                      /system/lib64/vendor.vivo.hardware.configstore@1.0.so
78272fb000-78272fd000 r--p 00012000 fe:1c 209743514                      /system/lib64/vendor.vivo.hardware.configstore@1.0.so
78272fd000-78272fe000 rw-p 00014000 fe:1c 209743514                      /system/lib64/vendor.vivo.hardware.configstore@1.0.so
78272fe000-78272ff000 r--s 000fc000 fe:3f 47                             /apex/com.android.art/javalib/bouncycastle.jar
78272ff000-7827300000 r--s 0005a000 fe:3f 50                             /apex/com.android.art/javalib/okhttp.jar
7827300000-782731a000 r--p 00000000 07:88 26                             /apex/com.android.os.statsd/javalib/framework-statsd.jar
782731a000-7827334000 r--p 00000000 fe:37 29                             /apex/com.android.adservices/javalib/framework-sdksandbox.jar
7827334000-7827339000 r--p 00000000 fe:1c 209740042                      /system/lib64/libnbaio.so
7827339000-782733e000 r-xp 00005000 fe:1c 209740042                      /system/lib64/libnbaio.so
782733e000-782733f000 r--p 0000a000 fe:1c 209740042                      /system/lib64/libnbaio.so
782733f000-7827340000 rw-p 00000000 00:00 0                              [anon:.bss]
7827340000-7827341000 r--s 00099000 fe:3f 48                             /apex/com.android.art/javalib/core-libart.jar
7827341000-7827342000 r--s 005a7000 fe:3f 49                             /apex/com.android.art/javalib/core-oj.jar
7827342000-7827367000 r--p 00000000 fe:1c 179084795                      /system/framework/vivo-emmclient.jar
7827367000-7827368000 rw-p 00000000 00:00 0                              [anon:bionic_alloc_small_objects]
7827368000-7827370000 rw-p 00000000 00:00 0                              [anon:dalvik-thread local mark stack]
7827370000-7827380000 r--p 00000000 fe:30 33                             /apex/com.android.mediaprovider/javalib/framework-photopicker.jar
7827380000-7827480000 r--s 00000000 00:11 312                            /dev/__properties__/u:object_r:heapprofd_prop:s0
7827480000-7827481000 rw-p 00000000 00:00 0                              [anon:bionic_alloc_small_objects]
7827481000-7827485000 r--p 00000000 fe:29 18                             /apex/com.android.scheduling/javalib/framework-scheduling.jar
7827485000-782749e000 r--p 00000000 fe:1c 187596156                      /system/framework/WfdCommon.jar
782749e000-782749f000 rw-p 00000000 00:00 0                              [anon:bionic_alloc_small_objects]
782749f000-78274a1000 r--p 00000000 07:a8 23                             /apex/com.android.sdkext/javalib/framework-sdkextensions.jar
78274a1000-78274aa000 r--p 00000000 07:90 25                             /apex/com.android.devicelock/javalib/framework-devicelock.jar
78274aa000-78274b0000 r--p 00000000 fe:47 18                             /apex/com.android.crashrecovery/javalib/framework-crashrecovery.jar
78274b0000-78274b6000 r--p 000d0000 fe:1c 179405552                      /system/framework/arm64/boot-framework-adservices.art
78274b6000-78275b6000 r--s 00000000 00:11 335                            /dev/__properties__/u:object_r:libc_debug_prop:s0
78275b6000-78275b7000 rw-p 00000000 00:00 0                              [anon:bionic_alloc_small_objects]
78275b7000-78275bb000 r--p 00000000 fe:30 31                             /apex/com.android.mediaprovider/javalib/framework-pdf-v.jar
78275bb000-78275c6000 r--p 00000000 fe:1c 179389688                      /system/framework/vivo-vgcclient.jar
78275c6000-78275ca000 r--p 00000000 fe:1c 179062653                      /system/framework/UxPerformance.jar
78275ca000-78275d2000 r--p 00000000 fe:1c 179017213                      /system/framework/QPerformance.jar
78275d2000-78275e4000 r--p 00000000 fe:1c 179081981                      /system/framework/qcom.fmradio.jar
78275e4000-78275ec000 r--p 00000000 fe:1c 179358589                      /system/framework/telephony-ext.jar
78275ec000-7827647000 r--p 00000000 fe:3f 50                             /apex/com.android.art/javalib/okhttp.jar
7827647000-7827747000 r--s 00000000 00:11 236                            /dev/__properties__/u:object_r:debug_prop:s0
7827747000-7827748000 rw-p 00000000 00:00 0                              [anon:bionic_alloc_small_objects]
7827748000-7827749000 rw-p 00000000 00:00 0                              [anon:dalvik-local ref table]
7827749000-782774a000 r--p 00000000 fe:3d 28                             /apex/com.android.permission/javalib/framework-permission.jar
782774a000-782776b000 r--p 00000000 fe:1c 187583096                      /system/framework/framework-ondeviceintelligence-platform.jar
782776b000-7827789000 r--p 004dc000 fe:1c 197077760                      /system/framework/arm64/boot-framework.art
7827789000-7827889000 r--s 00000000 00:11 664                            /dev/__properties__/properties_serial
7827889000-782788a000 r--p 00000000 fe:1c 176952923                      /system/framework/soc-framework.jar
782788a000-782788c000 r--p 00000000 fe:1c 195695872                      /system/framework/framework-adapter.jar
782788c000-782788d000 r--p 00000000 fe:1c 187597022                      /system/framework/tcmiface.jar
782788d000-782788e000 r--p 00000000 fe:1c 179240318                      /system/framework/framework-graphics.jar
782788e000-782788f000 rw-p 00000000 00:00 0                              [anon:dalvik-local ref table]
782788f000-7827892000 r--p 00078000 fe:1c 179370353                      /system/framework/arm64/boot-core-icu4j.art
7827892000-7827893000 r--p 00004000 fe:1c 179343481                      /system/framework/arm64/boot-vivo-coworkclient.art
7827893000-7827894000 r--p 00004000 fe:1c 187589878                      /system/framework/arm64/boot-vivo-emmclient.art
7827894000-7827895000 r--p 00004000 fe:1c 179342714                      /system/framework/arm64/boot-vivo-vgcclient.art
7827895000-7827896000 r--p 00004000 fe:1c 179053815                      /system/framework/arm64/boot-soc-framework.art
7827896000-7827897000 r--p 00004000 fe:1c 179237104                      /system/framework/arm64/boot-framework-adapter.art
7827897000-7827898000 r--p 0001c000 fe:1c 179388915                      /system/framework/arm64/boot-vivo-media.art
7827898000-782789a000 r--p 00054000 fe:1c 179347955                      /system/framework/arm64/boot-vivo-framework.art
782789a000-782789b000 r--p 00004000 fe:1c 179341041                      /system/framework/arm64/boot-WfdCommon.art
782789b000-782789c000 r--p 00004000 fe:1c 179067761                      /system/framework/arm64/boot-UxPerformance.art
782789c000-78278b1000 rw-p 00000000 00:00 0                              [anon:scudo:secondary]
78278b1000-78278b3000 r--s 00000000 fe:1c 252005120                      /system/usr/hyphen-data/hyph-da.hyb
78278b3000-78278bc000 r--s 00000000 fe:1c 251185277                      /system/usr/hyphen-data/hyph-cy.hyb
78278bc000-78278bd000 r--s 00000000 fe:1c 251185253                      /system/usr/hyphen-data/hyph-bn.hyb
78278bd000-78278be000 r--s 00000000 fe:1c 252004480                      /system/usr/hyphen-data/hyph-bg.hyb
78278be000-78278c0000 r--s 00000000 fe:1c 251184510                      /system/usr/hyphen-data/hyph-be.hyb
78278c0000-78278c1000 r--s 00000000 fe:1c 251186279                      /system/usr/hyphen-data/hyph-as.hyb
78278c1000-78278e1000 rw-p 00000000 00:00 0                              [anon:Allocate]
78278e1000-78278e2000 r--p 00004000 fe:1c 179159421                      /system/framework/arm64/boot-QPerformance.art
78278e2000-78278e3000 r--p 00004000 fe:1c 179372411                      /system/framework/arm64/boot-qcom.fmradio.art
78278e3000-78278e4000 r--p 00004000 fe:1c 179251962                      /system/framework/arm64/boot-telephony-ext.art
78278e4000-78278e5000 r--p 00004000 fe:1c 187591414                      /system/framework/arm64/boot-tcmiface.art
78278e5000-78278e6000 r--p 0000c000 fe:1c 179175674                      /system/framework/arm64/boot-framework-nfc.art
78278e6000-78278e7000 r--p 00004000 fe:1c 179354105                      /system/framework/arm64/boot-framework-ondeviceintelligence-platform.art
78278e7000-78278e9000 r--p 00028000 fe:1c 179347320                      /system/framework/arm64/boot-voip-common.art
78278e9000-78279a9000 r--p 00000000 00:00 0                              [anon:linker_alloc]
78279a9000-7827aa9000 r--s 00000000 00:11 648                            /dev/__properties__/u:object_r:vndk_prop:s0
7827aa9000-7827aad000 rw-p 00000000 00:00 0                              [anon:bionic_alloc_small_objects]
7827aad000-7827aae000 r--p 00014000 fe:1c 179368950                      /system/framework/arm64/boot-ims-common.art
7827aae000-7827aaf000 rw-p 00000000 00:00 0                              [anon:bionic_alloc_small_objects]
7827aaf000-7827ab2000 r--p 0006c000 fe:1c 179076852                      /system/framework/arm64/boot-telephony-common.art
7827ab2000-7827ab3000 rw-p 00000000 00:00 0                              [anon:bionic_alloc_small_objects]
7827ab3000-7827ab4000 r--p 00014000 fe:1c 179368700                      /system/framework/arm64/boot-ext.art
7827ab4000-7827ab5000 r--p 0000c000 fe:1c 179071353                      /system/framework/arm64/boot-framework-location.art
7827ab5000-7827ab6000 rw-p 00000000 00:00 0                              [anon:bionic_alloc_small_objects]
7827ab6000-7827ab7000 r--p 00004000 fe:1c 179388796                      /system/framework/arm64/boot-framework-graphics.art
7827ab7000-7827ab8000 r--p 0000c000 fe:1c 179086708                      /system/framework/arm64/boot-apache-xml.art
7827ab8000-7827ab9000 r--p 0001c000 fe:1c 179368823                      /system/framework/arm64/boot-bouncycastle.art
7827ab9000-7827aba000 r--p 00010000 fe:1c 179369590                      /system/framework/arm64/boot-okhttp.art
7827aba000-7827abc000 rw-p 00000000 00:00 0                              [anon:bionic_alloc_small_objects]
7827abc000-7827ac2000 r--p 000e8000 fe:1c 179367277                      /system/framework/arm64/boot.art
7827ac2000-7827ac4000 rw-p 00000000 00:00 0                              [anon:InternalMmapVector]
7827ac4000-7827aca000 rw-p 00000000 00:00 0                              [anon:System property context nodes]
7827aca000-7827aed000 r--s 00000000 00:11 143                            /dev/__properties__/property_info
7827aed000-7827aee000 ---p 00000000 00:00 0 
7827aee000-7827af2000 rw-p 00000000 00:00 0                              [anon:stack_and_tls:main]
7827af2000-7827af3000 ---p 00000000 00:00 0 
7827af3000-7827af4000 rw-p 00000000 00:00 0                              [anon:bionic_alloc_small_objects]
7827af4000-7827af5000 r--p 0001c000 fe:1c 179404403                      /system/framework/arm64/boot-core-libart.art
7827af5000-7827b00000 rw-p 00000000 00:00 0                              [anon:bionic_alloc_small_objects]
7827b00000-7827c00000 r--s 00000000 00:11 236                            /dev/__properties__/u:object_r:debug_prop:s0
7827c00000-78289b8000 ---p 00000000 00:00 0 
78289b8000-78289bc000 rw-p 00000000 00:00 0 
78289bc000-7828c00000 ---p 00000000 00:00 0 
7828c00000-7828c07000 rw-p 00000000 00:00 0                              [anon:bionic_alloc_small_objects]
7828c07000-7828c67000 r--p 00000000 00:00 0                              [anon:linker_alloc]
7828c67000-7828c68000 ---p 00000000 00:00 0 
7828c68000-7828c70000 rw-p 00000000 00:00 0 
7828c70000-7828c71000 ---p 00000000 00:00 0 
7828c71000-7828d71000 r--s 00000000 00:11 664                            /dev/__properties__/properties_serial
7828d71000-7828d77000 rw-p 00000000 00:00 0                              [anon:System property context nodes]
7828d77000-7828d9a000 r--s 00000000 00:11 143                            /dev/__properties__/property_info
7828d9a000-7828dfa000 r--p 00000000 00:00 0                              [anon:linker_alloc]
7828dfa000-7828dfb000 rw-p 00000000 00:00 0                              [anon:bionic_alloc_small_objects]
7828dfb000-7828dfc000 r--p 00000000 00:00 0                              [anon:atexit handlers]
7828dfc000-7828dfe000 rw-p 00000000 00:00 0                              [anon:bionic_alloc_small_objects]
7828dfe000-7828dff000 ---p 00000000 00:00 0 
7828dff000-7828e07000 rw-p 00000000 00:00 0                              [anon:thread signal stack]
7828e07000-7828e08000 rw-p 00000000 00:00 0                              [anon:arc4random data]
7828e08000-7828e0a000 rw-p 00000000 00:00 0                              [anon:ReadFileToBuffer]
7828e0a000-7828e0b000 rw-p 00000000 00:00 0                              [anon:arc4random data]
7828e0b000-7828e0d000 r--p 00000000 00:00 0                              [vvar]
7828e0d000-7828e0e000 r-xp 00000000 00:00 0                              [vdso]
7828e0e000-7828e5a000 r--p 00000000 07:30 16                             /apex/com.android.runtime/bin/linker64
7828e5a000-7828fa1000 r-xp 0004c000 07:30 16                             /apex/com.android.runtime/bin/linker64
7828fa1000-7828fac000 r--p 00193000 07:30 16                             /apex/com.android.runtime/bin/linker64
7828fac000-7828fae000 rw-p 0019e000 07:30 16                             /apex/com.android.runtime/bin/linker64
7828fae000-7828fb3000 rw-p 00000000 00:00 0                              [anon:.bss]
7828fb3000-7828fb4000 r--p 00000000 00:00 0                              [anon:.bss]
7828fb4000-7828fc1000 rw-p 00000000 00:00 0                              [anon:.bss]
7fc5d01000-7fc5d02000 ---p 00000000 00:00 0 
7fc5d02000-7fc6501000 rw-p 00000000 00:00 0                              [stack]
Total number of mappings: 4027

JVMTI agents:
/data/user/0/com.movtery.zalithlauncher.v2/files/components/launcher/MioLibPatcher.jar path:none, loaded, initialized, instrumentlib options:none
/data/user/0/com.movtery.zalithlauncher.v2/files/components/caciocavallo17/cacio-agent.jar path:none, loaded, initialized, instrumentlib options:none


VM Arguments:
jvm_args: -Djava.home=/data/user/0/com.movtery.zalithlauncher.v2/files/games/runtimes/Internal-25 -Djava.io.tmpdir=/data/user/0/com.movtery.zalithlauncher.v2/cache -Djna.boot.library.path=/data/user/0/com.movtery.zalithlauncher.v2/files/games/jna_dir/jna/5.17.0 -Duser.home=/storage/emulated/0/Android/data/com.movtery.zalithlauncher.v2/files/.minecraft -Duser.language=zh -Duser.country=CN -Duser.timezone=Asia/Shanghai -Dos.name=Linux -Dos.version=Android-16 -Dpojav.path.minecraft=/storage/emulated/0/Android/data/com.movtery.zalithlauncher.v2/files/.minecraft -Dpojav.path.private.account=/data/user/0/com.movtery.zalithlauncher.v2/databases -Dorg.lwjgl.vulkan.libname=libvulkan.so -Dglfwstub.windowWidth=2660 -Dglfwstub.windowHeight=1196 -Dglfwstub.initEgl=false -Dext.net.resolvPath=/data/user/0/com.movtery.zalithlauncher.v2/files/games/resolv.conf -Dlog4j2.formatMsgNoLookups=true -Djava.rmi.server.useCodebaseOnly=true -Dcom.sun.jndi.rmi.object.trustURLCodebase=false -Dcom.sun.jndi.cosnaming.object.trustURLCodebase=false -Dnet.minecraft.clientmodname=Zalith Launcher -Dfml.earlyprogresswindow=false -Dfml.ignoreInvalidMinecraftCertificates=true -Dfml.ignorePatchDiscrepancies=true -Dloader.disable_forked_guis=true -Djdk.lang.Process.launchMechanism=FORK -Dsodium.checks.issue2561=false -javaagent:/data/user/0/com.movtery.zalithlauncher.v2/files/components/launcher/MioLibPatcher.jar -Xms4096M -Xmx4096M -Dorg.lwjgl.openal.libname=/data/app/~~YuncQEj0Rruyt6y_-RebSA==/com.movtery.zalithlauncher.v2-JtRzSV7VpInkzDcyzopsqQ==/lib/arm64/libopenal.so -Dorg.lwjgl.freetype.libname=/data/app/~~YuncQEj0Rruyt6y_-RebSA==/com.movtery.zalithlauncher.v2-JtRzSV7VpInkzDcyzopsqQ==/lib/arm64/libfreetype.so -Dorg.lwjgl.spvc.libname=spirv-cross-c-shared -Dorg.lwjgl.system.allocator=system -XX:ActiveProcessorCount=8 -Dorg.lwjgl.opengl.libname=/data/app/~~QKEs1JII7EGqWaUN30S5Ew==/com.fcl.plugin.mobileglues--v6YcgpMiEwZGl3weWR_XA==/lib/arm64/libmobileglues.so -Djava.awt.headless=false -Dcacio.managed.screensize=2660x1196 -Dcacio.font.fontmanager=sun.awt.X11FontManager -Dcacio.font.fontscaler=sun.font.FreetypeFontScaler -Dswing.defaultlaf=javax.swing.plaf.nimbus.NimbusLookAndFeel -Dawt.toolkit=com.github.caciocavallosilano.cacio.ctc.CTCToolkit -Djava.awt.graphicsenv=com.github.caciocavallosilano.cacio.ctc.CTCGraphicsEnvironment -javaagent:/data/user/0/com.movtery.zalithlauncher.v2/files/components/caciocavallo17/cacio-agent.jar --add-exports=java.desktop/java.awt=ALL-UNNAMED --add-exports=java.desktop/java.awt.peer=ALL-UNNAMED --add-exports=java.desktop/sun.awt.image=ALL-UNNAMED --add-exports=java.desktop/sun.java2d=ALL-UNNAMED --add-exports=java.desktop/java.awt.dnd.peer=ALL-UNNAMED --add-exports=java.desktop/sun.awt=ALL-UNNAMED --add-exports=java.desktop/sun.awt.event=ALL-UNNAMED --add-exports=java.desktop/sun.awt.datatransfer=ALL-UNNAMED --add-exports=java.desktop/sun.font=ALL-UNNAMED --add-exports=java.base/sun.security.action=ALL-UNNAMED --add-opens=java.base/java.util=ALL-UNNAMED --add-opens=java.desktop/java.awt=ALL-UNNAMED --add-opens=java.desktop/sun.font=ALL-UNNAMED --add-opens=java.desktop/sun.java2d=ALL-UNNAMED --add-opens=java.base/java.lang.reflect=ALL-UNNAMED --add-opens=java.base/java.net=ALL-UNNAMED -Xbootclasspath/a:/data/user/0/com.movtery.zalithlauncher.v2/files/components/caciocavallo17/cacio-agent.jar:/data/user/0/com.movtery.zalithlauncher.v2/files/components/caciocavallo17/cacio-shared-1.19.1-SNAPSHOT.jar:/data/user/0/com.movtery.zalithlauncher.v2/files/components/caciocavallo17/cacio-tta-1.19.1-SNAPSHOT.jar -Dlog4j.configurationFile=/storage/emulated/0/Android/data/com.movtery.zalithlauncher.v2/files/.minecraft/versions/26.2 NeoForge 26.2.0.59/log4j2.xml -Dminecraft.client.jar=/storage/emulated/0/Android/data/com.movtery.zalithlauncher.v2/files/.minecraft/versions/26.2 NeoForge 26.2.0.59/26.2 NeoForge 26.2.0.59.jar -Dminecraft.launcher.brand=Zalith Launcher -Dminecraft.launcher.version=2.4.11 --sun-misc-unsafe-memory-access=allow --enable-native-access=ALL-UNNAMED -Djava.library.path=/data/app/~~QKEs1JII7EGqWaUN30S5Ew==/com.fcl.plugin.mobileglues--v6YcgpMiEwZGl3weWR_XA==/lib/arm64:/data/user/0/com.movtery.zalithlauncher.v2/files/games/runtimes/Internal-25/lib/jli:/data/user/0/com.movtery.zalithlauncher.v2/files/games/runtimes/Internal-25/lib/server:/system/lib64:/vendor/lib64:/vendor/lib64/hw:/system_ext/lib64:/data/user/0/com.movtery.zalithlauncher.v2/files/games/jna_dir/jna:/data/user/0/com.movtery.zalithlauncher.v2/app_runtime_mod:/data/app/~~YuncQEj0Rruyt6y_-RebSA==/com.movtery.zalithlauncher.v2-JtRzSV7VpInkzDcyzopsqQ==/lib/arm64:/data/user/0/com.movtery.zalithlauncher.v2/files/games/jna_dir/jna/5.17.0 -Djna.tmpdir=/data/user/0/com.movtery.zalithlauncher.v2/cache/jna -Dorg.lwjgl.system.SharedLibraryExtractPath=/data/user/0/com.movtery.zalithlauncher.v2/cache/lwjgl -Dio.netty.native.workdir=/data/user/0/com.movtery.zalithlauncher.v2/cache/netty -Dminecraft.launcher.brand=Zalith Launcher -Dminecraft.launcher.version=2.4.11 -Djava.net.preferIPv6Addresses=system -DlibraryDirectory=/storage/emulated/0/Android/data/com.movtery.zalithlauncher.v2/files/.minecraft/libraries --add-opens=java.base/java.lang.invoke=ALL-UNNAMED --add-exports=jdk.naming.dns/com.sun.jndi.dns=java.naming --add-exports=net.neoforged.fml.startup/net.neoforged.fml.startup=ALL-UNNAMED 
java_command: net.neoforged.fml.startup.Client --username Trail_Akivili --version 26.2 NeoForge 26.2.0.59 --gameDir /storage/emulated/0/Android/data/com.movtery.zalithlauncher.v2/files/.minecraft/versions/26.2 NeoForge 26.2.0.59 --assetsDir /storage/emulated/0/Android/data/com.movtery.zalithlauncher.v2/files/.minecraft/assets --assetIndex 32 --uuid 050f97b8d0c942c5a3fc65e7017d8894 --accessToken eyJraWQiOiIwNDkxODEiLCJhbGciOiJSUzI1NiJ9.eyJ4dWlkIjoiMjUzNTQ2NDIxMjEyMDk5NSIsImFnZyI6IkFkdWx0Iiwic3ViIjoiMDlhYjYxNWQtZmIwYi01OWI2LTg2YjgtZWFiNTYxNGZmZGEyIiwiYXV0aCI6IlhCT1giLCJucyI6ImRlZmF1bHQiLCJyb2xlcyI6W10sImlzcyI6ImF1dGhlbnRpY2F0aW9uIiwiZmxhZ3MiOlsibXVsdGlwbGF5ZXIiLCJtaW5lY3JhZnRfbmV0Il0sInByb2ZpbGVzIjp7Im1jIjoiMDUwZjk3YjgtZDBjOS00MmM1LWEzZmMtNjVlNzAxN2Q4ODk0In0sInBtaWQiOiI4ZjU2ZDE5OC1hNDk3LTViMzYtYTZlYS0wN2M3N2QwYjE5M2EiLCJwbGF0Zm9ybSI6IldFQiIsInRpZCI6IkU5OUIwIiwicGZkIjpbeyJ0eXBlIjoibWMiLCJpZCI6IjA1MGY5N2I4LWQwYzktNDJjNS1hM2ZjLTY1ZTcwMTdkODg5NCIsIm5hbWUiOiJUcmFpbF9Ba2l2aWxpIn1dLCJ4aWQiOiIyNTM1NDY0MjEyMTIwOTk1IiwibmJmIjoxNzg2ODk0MzQxLCJleHAiOjE3ODY5ODA3NDEsImlhdCI6MTc4Njg5NDM0MSwiYWlkIjoiN2Q1Yzg0M2ItZmUyNi00NWY3LTkwNzMtYjY4M2IyYWM3ZWMzIn0.DulUALbDPqlfykkE99tbb6pAUO-k9CPuPHv8c1Knwpky6Yjk-Tp0_hi-eztNidLTR839qH8W2f0tu1pP-MIcxuu1_PBbgfvus7lIDInrzM2o_SKolqAGtuSqkSzCg8r80x-2D0EWumzzYhiZiwx30ADk884b1r3nOmeMY423GVjflqUKWrhowzRht_AKGVBkyt8jek0BZub3r8_0Dl8UDmVpDlIjNjyvvsoWbsCYIk2T4wmbmwMvGidY_H3YStQtKQC13U4Q2W05436uF1mwqB7cO_uszUoApP9RNVWhXLbIEfyD8D4eU9XqA1YYF-u6keVpgWlUIaFOtdClNxPALQ --clientId ${clientid} --xuid 11443960021059368384 --versionType ZalithLauncher2.4.11 --fml.neoForgeVersion 26.2.0.59 --fml.mcVersion 26.2 --fml.neoFormVersion 2
java_class_path (initial): /data/user/0/com.movtery.zalithlauncher.v2/files/components/lwjgl3/lwjgl-glfw-classes.jar:/storage/emulated/0/Android/data/com.movtery.zalithlauncher.v2/files/.minecraft/libraries/at/yawk/lz4/lz4-java/1.10.1/lz4-java-1.10.1.jar:/storage/emulated/0/Android/data/com.movtery.zalithlauncher.v2/files/.minecraft/libraries/com/azure/azure-json/1.4.0/azure-json-1.4.0.jar:/storage/emulated/0/Android/data/com.movtery.zalithlauncher.v2/files/.minecraft/libraries/com/github/oshi/oshi-core/6.9.0/oshi-core-6.9.0.jar:/storage/emulated/0/Android/data/com.movtery.zalithlauncher.v2/files/.minecraft/libraries/com/google/code/gson/gson/2.14.0/gson-2.14.0.jar:/storage/emulated/0/Android/data/com.movtery.zalithlauncher.v2/files/.minecraft/libraries/com/google/guava/failureaccess/1.0.3/failureaccess-1.0.3.jar:/storage/emulated/0/Android/data/com.movtery.zalithlauncher.v2/files/.minecraft/libraries/com/google/guava/guava/33.6.0-jre/guava-33.6.0-jre.jar:/storage/emulated/0/Android/data/com.movtery.zalithlauncher.v2/files/.minecraft/libraries/com/ibm/icu/icu4j/78.3/icu4j-78.3.jar:/storage/emulated/0/Android/data/com.movtery.zalithlauncher.v2/files/.minecraft/libraries/com/microsoft/azure/msal4j/1.24.1/msal4j-1.24.1.jar:/storage/emulated/0/Android/data/com.movtery.zalithlauncher.v2/files/.minecraft/libraries/com/mojang/authlib/9.0.75/authlib-9.0.75.jar:/storage/emulated/0/Android/data/com.movtery.zalithlauncher.v2/files/.minecraft/libraries/com/mojang/blocklist/1.0.10/blocklist-1.0.10.jar:/storage/emulated/0/Android/data/com.movtery.zalithlauncher.v2/files/.minecraft/libraries/com/mojang/brigadier/1.3.10/brigadier-1.3.10.jar:/storage/emulated/0/Android/data/com.movtery.zalithlauncher.v2/files/.minecraft/libraries/com/mojang/datafixerupper/10.0.21/datafixerupper-10.0.21.jar:/storage/emulated/0/Android/data/com.movtery.zalithlauncher.v2/files/.minecraft/libraries/com/mojang/jtracy/1.0.37/jtracy-1.0.37.jar:/storage/emulated/0/Android/data/com.movtery.zalithlauncher.v2/files/.minecraft/libraries/com/mojang/jtracy/1.0.37/jtracy-1.0.37-natives-linux.jar:/storage/emulated/0/Android/data/com.movtery.zalithlauncher.v2/files/.minecraft/libraries/com/mojang/jtracy/1.0.37/jtracy-1.0.37-natives-windows.jar:/storage/emulated/0/Android/data/com.movtery.zalithlauncher.v2/files/.minecraft/libraries/com/mojang/logging/1.7.12/logging-1.7.12.jar:/storage/emulated/0/Android/data/com.movtery.zalithlauncher.v2/files/.minecraft/libraries/com/mojang/patchy/2.2.10/patchy-2.2.10.jar:/storage/emulated/0/Android/data/com.movtery.zalithlauncher.v2/files/.minecraft/libraries/com/mojang/text2speech/1.19.12/text2speech-1.19.12.jar:/storage/emulated/0/Android/data/com.movtery.zalithlauncher.v2/files/.minecraft/libraries/commons-codec/commons-codec/1.22.0/commons-codec-1.22.0.jar:/storage/emulated/0/Android/data/com.movtery.zalithlauncher.v2/files/.minecraft/libraries/commons-io/commons-io/2.20.0/commons-io-2.20.0.jar:/storage/emulated/0/Android/data/com.movtery.zalithlauncher.v2/files/.minecraft/libraries/io/netty/netty-buffer/4.2.15.Final/netty-buffer-4.2.15.Final.jar:/storage/emulated/0/Android/data/com.movtery.zalithlauncher.v2/files/.minecraft/libraries/io/netty/netty-codec-base/4.2.15.Final/netty-codec-base-4.2.15.Final.jar:/storage/emulated/0/Android/data/com.movtery.zalithlauncher.v2/files/.minecraft/libraries/io/netty/netty-codec-compression/4.2.15.Final/netty-codec-compression-4.2.15.Final.jar:/storage/emulated/0/Android/data/com.movtery.zalithlauncher.v2/files/.minecraft/libraries/io/netty/netty-codec-http/4.2.15.Final/netty-codec-http-4.2.15.Final.jar:/storage/emulated/0/Android/data/com.movtery.zalithlauncher.v2/files/.minecraft/libraries/io/netty/netty-common/4.2.15.Final/netty-common-4.2.15.Final.jar:/storage/emulated/0/Android/data/com.movtery.zalithlauncher.v2/files/.minecraft/libraries/io/netty/netty-handler/4.2.15.Final/netty-handler-4.2.15.Final.jar:/storage/emulated/0/Android/data/com.movtery.zalithlauncher.v2/files/.minecraft/libraries/io/netty/netty-resolver/4.2.15.Final/netty-resolver-4.2.15.Final.jar:/storage/emulated/0/Android/data/com.movtery.zalithlauncher.v2/files/.minecraft/libraries/io/netty/netty-transport-classes-epoll/4.2.15.Final/netty-transport-classes-epoll-4.2.15.Final.jar:/storage/emulated/0/Android/data/com.movtery.zalithlauncher.v2/files/.minecraft/libraries/io/netty/netty-transport-classes-kqueue/4.2.15.Final/netty-transport-classes-kqueue-4.2.15.Final.jar:/storage/emulated/0/Android/data/com.movtery.zalithlauncher.v2/files/.minecraft/libraries/io/netty/netty-transport-native-epoll/4.2.15.Final/netty-transport-native-epoll-4.2.15.Final-linux-aarch_64.jar:/storage/emulated/0/Android/data/com.movtery.zalithlauncher.v2/files/.minecraft/libraries/io/netty/netty-transport-native-epoll/4.2.15.Final/netty-transport-native-epoll-4.2.15.Final-linux-x86_64.jar:/storage/emulated/0/Android/data/com.movtery.zalithlauncher.v2/files/.minecraft/libraries/io/netty/netty-transport-native-unix-common/4.2.15.Final/netty-transport-native-unix-common-4.2.15.Final.jar:/storage/emulated/0/Android/data/com.movtery.zalithlauncher.v2/files/.minecraft/libraries/io/netty/netty-transport/4.2.15.Final/netty-transport-4.2.15.Final.jar:/storage/emulated/0/Android/data/com.movtery.zalithlauncher.v2/files/.minecraft/libraries/it/unimi/dsi/fastutil/8.5.18/fastutil-8.5.18.jar:/storage/emulated/0/Android/data/com.movtery.zalithlauncher.v2/files/.minecraft/libraries/net/java/dev/jna/jna-platform/5.17.0/jna-platform-5.17.0.jar:/storage/emulated/0/Android/data/com.movtery.zalithlauncher.v2/files/.minecraft/libraries/net/java/dev/jna/jna/5.17.0/jna-5.17.0.jar:/storage/emulated/0/Android/data/com.movtery.zalithlauncher.v2/files/.minecraft/libraries/net/sf/jopt-simple/jopt-simple/5.0.4/jopt-simple-5.0.4.jar:/storage/emulated/0/Android/data/com.movtery.zalithlauncher.v2/files/.minecraft/libraries/org/apache/commons/commons-compress/1.28.0/commons-compress-1.28.0.jar:/storage/emulated/0/Android/data/com.movtery.zalithlauncher.v2/files/.minecraft/libraries/org/apache/commons/commons-lang3/3.20.0/commons-lang3-3.20.0.jar:/storage/emulated/0/Android/data/com.movtery.zalithlauncher.v2/files/.minecraft/libraries/org/apache/logging/log4j/log4j-api/2.26.0/log4j-api-2.26.0.jar:/storage/emulated/0/Android/data/com.movtery.zalithlauncher.v2/files/.minecraft/libraries/org/apache/logging/log4j/log4j-core/2.26.0/log4j-core-2.26.0.jar:/storage/emulated/0/Android/data/com.movtery.zalithlauncher.v2/files/.minecraft/libraries/org/apache/logging/log4j/log4j-slf4j2-impl/2.26.0/log4j-slf4j2-impl-2.26.0.jar:/storage/emulated/0/Android/data/com.movtery.zalithlauncher.v2/files/.minecraft/libraries/org/jcraft/jorbis/0.0.17/jorbis-0.0.17.jar:/storage/emulated/0/Android/data/com.movtery.zalithlauncher.v2/files/.minecraft/libraries/org/joml/joml/1.10.8/joml-1.10.8.jar:/storage/emulated/0/Android/data/com.movtery.zalithlauncher.v2/files/.minecraft/libraries/org/jspecify/jspecify/1.0.0/jspecify-1.0.0.jar:/storage/emulated/0/Android/data/com.movtery.zalithlauncher.v2/files/.minecraft/libraries/org/slf4j/slf4j-api/2.0.17/slf4j-api-2.0.17.jar:/storage/emulated/0/Android/data/com.movtery.zalithlauncher.v2/files/.minecraft/libraries/net/neoforged/fancymodloader/earlydisplay/11.0.16/earlydisplay-11.0.16.jar:/storage/emulated/0/Android/data/com.movtery.zalithlauncher.v2/files/.minecraft/libraries/net/neoforged/fancymodloader/loader/11.0.16/loader-11.0.16.jar:/storage/emulated/0/Android/data/com.movtery.zalithlauncher.v2/files/.minecraft/libraries/net/neoforged/accesstransformers/11.0.2/accesstransformers-11.0.2.jar:/storage/emulated/0/Android/data/com.movtery.zalithlauncher.v2/files/.minecraft/libraries/org/ow2/asm/asm-commons/9.10.1/asm-commons-9.10.1.jar:/storage/emulated/0/Android/data/com.movtery.zalithlauncher.v2/files/.minecraft/libraries/net/neoforged/mergetool/2.0.7/mergetool-2.0.7-api.jar:/storage/emulated/0/Android/data/com.movtery.zalithlauncher.v2/files/.minecraft/libraries/org/ow2/asm/asm-util/9.10.1/asm-util-9.10.1.jar:/storage/emulated/0/Android/data/com.movtery.zalithlauncher.v2/files/.minecraft/libraries/org/ow2/asm/asm-analysis/9.10.1/asm-analysis-9.10.1.jar:/storage/emulated/0/Android/data/com.movtery.zalithlauncher.v2/files/.minecraft/libraries/org/ow2/asm/asm-tree/9.10.1/asm-tree-9.10.1.jar:/storage/emulated/0/Android/data/com.movtery.zalithlauncher.v2/files/.minecraft/libraries/net/neoforged/bus/8.0.5/bus-8.0.5.jar:/storage/emulated/0/Android/data/com.movtery.zalithlauncher.v2/files/.minecraft/libraries/org/ow2/asm/asm/9.10.1/asm-9.10.1.jar:/storage/emulated/0/Android/data/com.movtery.zalithlauncher.v2/files/.minecraft/libraries/com/electronwill/night-config/toml/3.9.0/toml-3.9.0.jar:/storage/emulated/0/Android/data/com.movtery.zalithlauncher.v2/files/.minecraft/libraries/com/electronwill/night-config/core/3.9.0/core-3.9.0.jar:/storage/emulated/0/Android/data/com.movtery.zalithlauncher.v2/files/.minecraft/libraries/net/neoforged/JarJarSelector/0.5.1/JarJarSelector-0.5.1.jar:/storage/emulated/0/Android/data/com.movtery.zalithlauncher.v2/files/.minecraft/libraries/net/neoforged/JarJarMetadata/0.5.1/JarJarMetadata-0.5.1.jar:/storage/emulated/0/Android/data/com.movtery.zalithlauncher.v2/files/.minecraft/libraries/org/apache/maven/maven-artifact/3.9.16/maven-artifact-3.9.16.jar:/storage/emulated/0/Android/data/com.movtery.zalithlauncher.v2/files/.minecraft/libraries/net/jodah/typetools/0.6.3/typetools-0.6.3.jar:/storage/emulated/0/Android/data/com.movtery.zalithlauncher.v2/files/.minecraft/libraries/net/minecrell/terminalconsoleappender/1.3.0/terminalconsoleappender-1.3.0.jar:/storage/emulated/0/Android/data/com.movtery.zalithlauncher.v2/files/.minecraft/libraries/net/fabricmc/sponge-mixin/0.17.3+mixin.0.8.7/sponge-mixin-0.17.3+mixin.0.8.7.jar:/storage/emulated/0/Android/data/com.movtery.zalithlauncher.v2/files/.minecraft/libraries/net/neoforged/accesstransformers/at-parser/11.0.2/at-parser-11.0.2.jar:/storage/emulated/0/Android/data/com.movtery.zalithlauncher.v2/files/.minecraft/libraries/net/neoforged/srgutils/1.0.10/srgutils-1.0.10.jar:/storage/emulated/0/Android/data/com.movtery.zalithlauncher.v2/files/.minecraft/libraries/org/codehaus/plexus/plexus-utils/3.6.1/plexus-utils-3.6.1.jar:/storage/emulated/0/Android/data/com.movtery.zalithlauncher.v2/files/.minecraft/libraries/org/jline/jline-reader/3.20.0/jline-reader-3.20.0.jar:/storage/emulated/0/Android/data/com.movtery.zalithlauncher.v2/files/.minecraft/libraries/com/google/guava/listenablefuture/9999.0-empty-to-avoid-conflict-with-guava/listenablefuture-9999.0-empty-to-avoid-conflict-with-guava.jar:/storage/emulated/0/Android/data/com.movtery.zalithlauncher.v2/files/.minecraft/libraries/com/google/errorprone/error_prone_annotations/2.48.0/error_prone_annotations-2.48.0.jar:/storage/emulated/0/Android/data/com.movtery.zalithlauncher.v2/files/.minecraft/libraries/com/google/j2objc/j2objc-annotations/3.1/j2objc-annotations-3.1.jar:/storage/emulated/0/Android/data/com.movtery.zalithlauncher.v2/files/.minecraft/libraries/org/jline/jline-terminal/3.20.0/jline-terminal-3.20.0.jar:/storage/emulated/0/Android/data/com.movtery.zalithlauncher.v2/files/.minecraft/versions/26.2 NeoForge 26.2.0.59/26.2 NeoForge 26.2.0.59.jar
Launcher Type: SUN_STANDARD

[Global flags]
      int ActiveProcessorCount                     = 8                                         {product} {command line}
     intx CICompilerCount                          = 4                                         {product} {ergonomic}
     uint ConcGCThreads                            = 2                                         {product} {ergonomic}
     uint G1ConcRefinementThreads                  = 8                                         {product} {ergonomic}
   size_t G1HeapRegionSize                         = 2097152                                   {product} {ergonomic}
   size_t InitialHeapSize                          = 4294967296                                {product} {command line}
   size_t MarkStackSize                            = 4194304                                   {product} {ergonomic}
   size_t MarkStackSizeMax                         = 536870912                                 {product} {ergonomic}
   size_t MaxHeapSize                              = 4294967296                                {product} {command line}
   size_t MaxNewSize                               = 2575302656                                {product} {ergonomic}
   size_t MinHeapDeltaBytes                        = 2097152                                   {product} {ergonomic}
   size_t MinHeapSize                              = 4294967296                                {product} {command line}
    uintx NonNMethodCodeHeapSize                   = 5836800                                {pd product} {ergonomic}
    uintx NonProfiledCodeHeapSize                  = 122912768                              {pd product} {ergonomic}
     bool PerfDisableSharedMem                     = true                                      {product} {ergonomic}
    uintx ProfiledCodeHeapSize                     = 122908672                              {pd product} {ergonomic}
    uintx ReservedCodeCacheSize                    = 251658240                              {pd product} {ergonomic}
     bool SegmentedCodeCache                       = true                                      {product} {ergonomic}
   size_t SoftMaxHeapSize                          = 4294967296                             {manageable} {ergonomic}
     bool UseCompressedOops                        = true                           {product lp64_product} {ergonomic}
     bool UseG1GC                                  = true                                      {product} {ergonomic}

Logging:
Log output configuration:
 #0: stdout all=warning uptime,level,tags foldmultilines=false
 #1: stderr all=off uptime,level,tags foldmultilines=false

Release file:
IMPLEMENTOR="N/A"
JAVA_RUNTIME_VERSION="25.0.3-internal-adhoc.runner.openjdk"
JAVA_VERSION="25.0.3"
JAVA_VERSION_DATE="2026-04-21"
LIBC="default"
MODULES="java.base java.compiler java.datatransfer java.xml java.prefs java.desktop java.instrument java.logging java.management java.security.sasl java.naming java.rmi java.management.rmi java.net.http java.scripting java.security.jgss java.transaction.xa java.sql java.sql.rowset java.xml.crypto java.se jdk.accessibility jdk.charsets jdk.internal.opt jdk.zipfs jdk.compiler jdk.crypto.cryptoki jdk.crypto.ec jdk.dynalink jdk.internal.ed jdk.editpad jdk.hotspot.agent jdk.httpserver jdk.incubator.vector jdk.internal.jvmstat jdk.internal.le jdk.internal.md jdk.internal.vm.ci jdk.jdwp.agent jdk.jfr jdk.jsobject jdk.localedata jdk.management jdk.management.agent jdk.management.jfr jdk.naming.dns jdk.naming.rmi jdk.net jdk.nio.mapmode jdk.sctp jdk.security.auth jdk.security.jgss jdk.unsupported jdk.xml.dom"
OS_ARCH="aarch64"
OS_NAME="Linux"
SOURCE=".:git:1bb9ea9c8857+"

Environment Variables:
JAVA_HOME=/data/user/0/com.movtery.zalithlauncher.v2/files/games/runtimes/Internal-25
PATH=/data/user/0/com.movtery.zalithlauncher.v2/files/games/runtimes/Internal-25/bin:/product/bin:/apex/com.android.runtime/bin:/apex/com.android.art/bin:/apex/com.android.virt/bin:/system_ext/bin:/system/bin:/system/xbin:/odm/bin:/vendor/bin:/vendor/xbin
LD_LIBRARY_PATH=/system/lib64:/vendor/lib64:/vendor/lib64/hw:/system_ext/lib64:/data/app/~~QKEs1JII7EGqWaUN30S5Ew==/com.fcl.plugin.mobileglues--v6YcgpMiEwZGl3weWR_XA==/lib/arm64:/data/user/0/com.movtery.zalithlauncher.v2/app_runtime_mod:/data/app/~~YuncQEj0Rruyt6y_-RebSA==/com.movtery.zalithlauncher.v2-JtRzSV7VpInkzDcyzopsqQ==/lib/arm64
TMPDIR=/data/user/0/com.movtery.zalithlauncher.v2/cache

Active Locale:
LC_ALL=C.UTF-8
LC_COLLATE=C.UTF-8
LC_CTYPE=C.UTF-8
LC_MESSAGES=C.UTF-8
LC_MONETARY=C.UTF-8
LC_NUMERIC=C.UTF-8
LC_TIME=C.UTF-8

Signal Handlers:
   SIGSEGV: 0x00000074a2593f6c in libjvm.so+17661804, mask=11100100110111111111111111111111, flags=SA_RESTART|SA_SIGINFO, unblocked
    SIGBUS: 0x00000074a2593f6c in libjvm.so+17661804, mask=11100100010111111101111111111111, flags=SA_RESTART|SA_SIGINFO, unblocked
    SIGFPE: 0x00000074a2593f6c in libjvm.so+17661804, mask=11100100010111111101111111111111, flags=SA_RESTART|SA_SIGINFO, unblocked
   SIGPIPE: 0x00000074a2454a6c in libjvm.so+16353900, mask=11100100010111111101111111111111, flags=SA_RESTART|SA_SIGINFO, blocked
   SIGXFSZ: 0x00000074a2454a6c in libjvm.so+16353900, mask=11100100010111111101111111111111, flags=SA_RESTART|SA_SIGINFO, blocked
    SIGILL: 0x00000074a2593f6c in libjvm.so+17661804, mask=11100100010111111101111111111111, flags=SA_RESTART|SA_SIGINFO, unblocked
   SIGUSR2: 0x00000074a2454674 in libjvm.so+16352884, mask=00000000010010000000000000000001, flags=SA_RESTART|SA_SIGINFO, blocked
    SIGHUP: 0x00000074a2452990 in libjvm.so+16345488, mask=11100100010111111101111111111111, flags=SA_RESTART|SA_SIGINFO, blocked
    SIGINT: 0x00000074a2452990 in libjvm.so+16345488, mask=11100100010111111101111111111111, flags=SA_RESTART|SA_SIGINFO, blocked
   SIGTERM: 0x00000074a2452990 in libjvm.so+16345488, mask=11100100010111111101111111111111, flags=SA_RESTART|SA_SIGINFO, blocked
   SIGQUIT: 0x00000074a2452990 in libjvm.so+16345488, mask=11100100010111111101111111111111, flags=SA_RESTART|SA_SIGINFO, blocked
   SIGTRAP: 0x00000074a2593f6c in libjvm.so+17661804, mask=11100100010111111101111111111111, flags=SA_RESTART|SA_SIGINFO, unblocked


Compilation memory statistics disabled.

Periodic native trim disabled

---------------  S Y S T E M  ---------------

OS:
Linux
uname: Linux 5.15.197-g824a6081fc08-dirty #1 SMP PREEMPT Wed Jul 22 07:21:54 UTC 2026 aarch64
OS uptime: 1 days 21:08 hours
libc: (null) NPTL 
rlimit (soft/hard): STACK 8192k/infinity , CORE 0k/infinity , NPROC 43418/43418 , NOFILE 32768/32768 , AS infinity/infinity , CPU infinity/infinity , DATA infinity/infinity , FSIZE infinity/infinity , MEMLOCK 65536k/65536k
load average: 10.22 10.34 12.40

/proc/meminfo:
MemTotal:       11526380 kB
MemFree:          286828 kB
MemAvailable:    3384580 kB
Buffers:            1404 kB
Cached:          3152536 kB
SwapCached:        18868 kB
Active:          1809832 kB
Inactive:        3879756 kB
Active(anon):     751680 kB
Inactive(anon):  2769908 kB
Active(file):    1826036 kB
Inactive(file):  1109848 kB
Unevictable:      147352 kB
Vital:            767884 kB
Staple:                0 kB
Mlocked:          146568 kB
SwapTotal:      12582908 kB
SwapFree:        7777012 kB
Dirty:              1532 kB
Writeback:             0 kB
AnonPages:       3446028 kB
Mapped:          1717336 kB
Shmem:             84492 kB
KReclaimable:     487636 kB
Slab:             846288 kB
SReclaimable:     242932 kB
SUnreclaim:       603356 kB
KernelStack:       75352 kB
ShadowCallStack:   47160 kB
PageTables:       286740 kB
NFS_Unstable:          0 kB
Bounce:                0 kB
WritebackTmp:          0 kB
CommitLimit:    18346096 kB
Committed_AS:   261332372 kB
VmallocTotal:   259653632 kB
VmallocUsed:      340904 kB
VmallocChunk:          0 kB
Percpu:            13408 kB
AnonHugePages:         0 kB
ShmemHugePages:        0 kB
ShmemPmdMapped:        0 kB
FileHugePages:         0 kB
FilePmdMapped:         0 kB
CmaTotal:         335872 kB
CmaFree:               0 kB

/sys/kernel/mm/transparent_hugepage/enabled: always madvise [never]
/sys/kernel/mm/transparent_hugepage/hpage_pmd_size: 2097152
/sys/kernel/mm/transparent_hugepage/shmem_enabled: always within_size advise [never] deny force
/sys/kernel/mm/transparent_hugepage/defrag (defrag/compaction efforts parameter): always defer defer+madvise [madvise] never

Process Memory:
Virtual Size: 23329024K (peak: 23330556K)
Resident Set Size: 2064444K (peak: 2064452K) (anon: 1874656K, file: 187424K, shmem: 2364K)
Swapped out: 25516K

/proc/sys/kernel/threads-max (system-wide limit on the number of threads): <Not Available>
/proc/sys/vm/max_map_count (maximum number of memory map areas a process may have): <Not Available>
/proc/sys/vm/swappiness (control to define how aggressively the kernel swaps out anonymous memory): <Not Available>
/proc/sys/kernel/pid_max (system-wide limit on number of process identifiers): <Not Available>

container information not found.

CPU: total 8 (initial active 8) 0x41:0x1:0xd4d:1(0xd46), fp, asimd, evtstrm, aes, pmull, sha1, sha256, crc32, lse, fphp, asimdhp, dcpop, sha3, sha512, paca
/proc/cpuinfo:
processor	: 0
BogoMIPS	: 38.40
Features	: fp asimd evtstrm aes pmull sha1 sha2 crc32 atomics fphp asimdhp cpuid asimdrdm jscvt fcma lrcpc dcpop sha3 sm3 sm4 asimddp sha512 asimdfhm dit uscat ilrcpc flagm sb paca pacg dcpodp flagm2 frint i8mm bf16 bti
CPU implementer	: 0x41
CPU architecture: 8
CPU variant	: 0x1
CPU part	: 0xd46
CPU revision	: 2

processor	: 1
BogoMIPS	: 38.40
Features	: fp asimd evtstrm aes pmull sha1 sha2 crc32 atomics fphp asimdhp cpuid asimdrdm jscvt fcma lrcpc dcpop sha3 sm3 sm4 asimddp sha512 asimdfhm dit uscat ilrcpc flagm sb paca pacg dcpodp flagm2 frint i8mm bf16 bti
CPU implementer	: 0x41
CPU architecture: 8
CPU variant	: 0x1
CPU part	: 0xd46
CPU revision	: 2

processor	: 2
BogoMIPS	: 38.40
Features	: fp asimd evtstrm aes pmull sha1 sha2 crc32 atomics fphp asimdhp cpuid asimdrdm jscvt fcma lrcpc dcpop sha3 sm3 sm4 asimddp sha512 asimdfhm dit uscat ilrcpc flagm sb paca pacg dcpodp flagm2 frint i8mm bf16 bti
CPU implementer	: 0x41
CPU architecture: 8
CPU variant	: 0x1
CPU part	: 0xd46
CPU revision	: 2

processor	: 3
BogoMIPS	: 38.40
Features	: fp asimd evtstrm aes pmull sha1 sha2 crc32 atomics fphp asimdhp cpuid asimdrdm jscvt fcma lrcpc dcpop sha3 sm3 sm4 asimddp sha512 asimdfhm dit uscat ilrcpc flagm sb paca pacg dcpodp flagm2 frint i8mm bf16 bti
CPU implementer	: 0x41
CPU architecture: 8
CPU variant	: 0x1
CPU part	: 0xd46
CPU revision	: 2

processor	: 4
BogoMIPS	: 38.40
Features	: fp asimd evtstrm aes pmull sha1 sha2 crc32 atomics fphp asimdhp cpuid asimdrdm jscvt fcma lrcpc dcpop sha3 sm3 sm4 asimddp sha512 asimdfhm dit uscat ilrcpc flagm sb paca pacg dcpodp flagm2 frint i8mm bf16 bti
CPU implementer	: 0x41
CPU architecture: 8
CPU variant	: 0x1
CPU part	: 0xd4d
CPU revision	: 1

processor	: 5
BogoMIPS	: 38.40
Features	: fp asimd evtstrm aes pmull sha1 sha2 crc32 atomics fphp asimdhp cpuid asimdrdm jscvt fcma lrcpc dcpop sha3 sm3 sm4 asimddp sha512 asimdfhm dit uscat ilrcpc flagm sb paca pacg dcpodp flagm2 frint i8mm bf16 bti
CPU implementer	: 0x41
CPU architecture: 8
CPU variant	: 0x1
CPU part	: 0xd4d
CPU revision	: 1

processor	: 6
BogoMIPS	: 38.40
Features	: fp asimd evtstrm aes pmull sha1 sha2 crc32 atomics fphp asimdhp cpuid asimdrdm jscvt fcma lrcpc dcpop sha3 sm3 sm4 asimddp sha512 asimdfhm dit uscat ilrcpc flagm sb paca pacg dcpodp flagm2 frint i8mm bf16 bti
CPU implementer	: 0x41
CPU architecture: 8
CPU variant	: 0x1
CPU part	: 0xd4d
CPU revision	: 1

processor	: 7
BogoMIPS	: 38.40
Features	: fp asimd evtstrm aes pmull sha1 sha2 crc32 atomics fphp asimdhp cpuid asimdrdm jscvt fcma lrcpc dcpop sha3 sm3 sm4 asimddp sha512 asimdfhm dit uscat ilrcpc flagm sb paca pacg dcpodp flagm2 frint i8mm bf16 bti
CPU implementer	: 0x41
CPU architecture: 8
CPU variant	: 0x1
CPU part	: 0xd4d
CPU revision	: 1


Online cpus: 0-7
Offline cpus: 

Memory: 4k page, physical 11526380k(3384700k free), swap 12582908k(7776756k free)
Page Sizes: 4k

vm_info: OpenJDK 64-Bit Server VM (25.0.3-internal-adhoc.runner.openjdk) for linux-aarch64 JRE (25.0.3-internal-adhoc.runner.openjdk), built on 2025-12-26T20:03:36Z with clang Android (13691557, +pgo, +bolt, +lto, +mlgo, based on r522817d) Clang 18.0.4 (https://android.googlesource.com/toolchain/llvm-project d8003a456d14a3deb8054cdaa529ffbf02d9b262)

END.
