==================== Launch Minecraft ====================
▷ Launcher version: 2.4.11 (200034)
▷ Architecture: arm64
▷ Device model: vivo, V2361A
▷ API version: 36
▷ Renderer: MobileGlues (OpenGL 4.0, 1.17+)
▷ Renderer Summary: 来自 MobileGlues 插件
▷ Selected Minecraft version: 1.21.1 NeoForge shadowpackage_test
▷ Minecraft Info: 1.21.1, NeoForge - 21.1.249
▷ Game Path: /storage/emulated/0/Android/data/com.movtery.zalithlauncher.v2/files/.minecraft/versions/1.21.1 NeoForge shadowpackage_test (Isolation: true)
▷ Custom Java arguments: NONE
▷ Java Runtime: Internal-21
▷ Account: Trail_Akivili (Microsoft)
==================== Env Map ====================
▷ ZALITH_VERSION_CODE = 200034
▷ TMPDIR = /data/user/0/com.movtery.zalithlauncher.v2/cache
▷ AWTSTUB_WIDTH = 2828
▷ POJAV_BIG_CORE_AFFINITY = 1
▷ POJAV_NATIVEDIR = /data/app/~~YuncQEj0Rruyt6y_-RebSA==/com.movtery.zalithlauncher.v2-JtRzSV7VpInkzDcyzopsqQ==/lib/arm64
▷ LIBGL_EGL = libmobileglues.so
▷ DRIVER_PATH = /data/app/~~YuncQEj0Rruyt6y_-RebSA==/com.movtery.zalithlauncher.v2-JtRzSV7VpInkzDcyzopsqQ==/lib/arm64
▷ HOME = /storage/emulated/0/Android/data/com.movtery.zalithlauncher.v2/files
▷ PATH = /data/user/0/com.movtery.zalithlauncher.v2/files/games/runtimes/Internal-21/bin:/product/bin:/apex/com.android.runtime/bin:/apex/com.android.art/bin:/apex/com.android.virt/bin:/system_ext/bin:/system/bin:/system/xbin:/odm/bin:/vendor/bin:/vendor/xbin
▷ MOD_ANDROID_RUNTIME = /data/user/0/com.movtery.zalithlauncher.v2/app_runtime_mod
▷ POJAV_ZINK_PREFER_SYSTEM_DRIVER = 1
▷ INST_NEOFORGE = 1
▷ LD_LIBRARY_PATH = /system/lib64:/vendor/lib64:/vendor/lib64/hw:/system_ext/lib64:/data/app/~~QKEs1JII7EGqWaUN30S5Ew==/com.fcl.plugin.mobileglues--v6YcgpMiEwZGl3weWR_XA==/lib/arm64:/data/user/0/com.movtery.zalithlauncher.v2/app_runtime_mod:/data/app/~~YuncQEj0Rruyt6y_-RebSA==/com.movtery.zalithlauncher.v2-JtRzSV7VpInkzDcyzopsqQ==/lib/arm64
▷ POJAV_RENDERER = opengles3
▷ LIBGL_ES = 3
▷ POJAVEXEC_EGL = libmobileglues.so
▷ JAVA_HOME = /data/user/0/com.movtery.zalithlauncher.v2/files/games/runtimes/Internal-21
▷ AWTSTUB_HEIGHT = 1272
==================== DLOPEN Java Runtime ====================
[DEBUG] DLOPEN: /data/user/0/com.movtery.zalithlauncher.v2/files/games/runtimes/Internal-21/lib/libjli.so , success
[DEBUG] DLOPEN: /data/user/0/com.movtery.zalithlauncher.v2/files/games/runtimes/Internal-21/lib/server/libjvm.so , success
[DEBUG] DLOPEN: /data/user/0/com.movtery.zalithlauncher.v2/files/games/runtimes/Internal-21/lib/libfreetype.so , success
[DEBUG] DLOPEN: /data/user/0/com.movtery.zalithlauncher.v2/files/games/runtimes/Internal-21/lib/libverify.so , success
[DEBUG] DLOPEN: /data/user/0/com.movtery.zalithlauncher.v2/files/games/runtimes/Internal-21/lib/libjava.so , success
[DEBUG] DLOPEN: /data/user/0/com.movtery.zalithlauncher.v2/files/games/runtimes/Internal-21/lib/libnet.so , success
[DEBUG] DLOPEN: /data/user/0/com.movtery.zalithlauncher.v2/files/games/runtimes/Internal-21/lib/libnio.so , success
[DEBUG] DLOPEN: /data/user/0/com.movtery.zalithlauncher.v2/files/games/runtimes/Internal-21/lib/libawt.so , success
[DEBUG] DLOPEN: /data/user/0/com.movtery.zalithlauncher.v2/files/games/runtimes/Internal-21/lib/libawt_headless.so , success
[DEBUG] DLOPEN: /data/user/0/com.movtery.zalithlauncher.v2/files/games/runtimes/Internal-21/lib/libfontmanager.so , success
[DEBUG] DLOPEN: /data/user/0/com.movtery.zalithlauncher.v2/files/games/runtimes/Internal-21/lib/libsctp.so , success
[DEBUG] DLOPEN: /data/user/0/com.movtery.zalithlauncher.v2/files/games/runtimes/Internal-21/lib/libnet.so , success
[DEBUG] DLOPEN: /data/user/0/com.movtery.zalithlauncher.v2/files/games/runtimes/Internal-21/lib/libextnet.so , success
[DEBUG] DLOPEN: /data/user/0/com.movtery.zalithlauncher.v2/files/games/runtimes/Internal-21/lib/libfreetype.so , success
[DEBUG] DLOPEN: /data/user/0/com.movtery.zalithlauncher.v2/files/games/runtimes/Internal-21/lib/libverify.so , success
[DEBUG] DLOPEN: /data/user/0/com.movtery.zalithlauncher.v2/files/games/runtimes/Internal-21/lib/libsyslookup.so , success
[DEBUG] DLOPEN: /data/user/0/com.movtery.zalithlauncher.v2/files/games/runtimes/Internal-21/lib/libjli.so , success
[DEBUG] DLOPEN: /data/user/0/com.movtery.zalithlauncher.v2/files/games/runtimes/Internal-21/lib/libjdwp.so , success
[DEBUG] DLOPEN: /data/user/0/com.movtery.zalithlauncher.v2/files/games/runtimes/Internal-21/lib/libzip.so , success
[DEBUG] DLOPEN: /data/user/0/com.movtery.zalithlauncher.v2/files/games/runtimes/Internal-21/lib/libawt.so , success
[DEBUG] DLOPEN: /data/user/0/com.movtery.zalithlauncher.v2/files/games/runtimes/Internal-21/lib/libjaas.so , success
[DEBUG] DLOPEN: /data/user/0/com.movtery.zalithlauncher.v2/files/games/runtimes/Internal-21/lib/libmanagement_agent.so , success
[DEBUG] DLOPEN: /data/user/0/com.movtery.zalithlauncher.v2/files/games/runtimes/Internal-21/lib/libjimage.so , success
[DEBUG] DLOPEN: /data/user/0/com.movtery.zalithlauncher.v2/files/games/runtimes/Internal-21/lib/liblcms.so , success
[DEBUG] DLOPEN: /data/user/0/com.movtery.zalithlauncher.v2/files/games/runtimes/Internal-21/lib/libnio.so , success
[DEBUG] DLOPEN: /data/user/0/com.movtery.zalithlauncher.v2/files/games/runtimes/Internal-21/lib/libawt_headless.so , success
[DEBUG] DLOPEN: /data/user/0/com.movtery.zalithlauncher.v2/files/games/runtimes/Internal-21/lib/libmanagement_ext.so , success
[DEBUG] DLOPEN: /data/user/0/com.movtery.zalithlauncher.v2/files/games/runtimes/Internal-21/lib/librmi.so , success
[DEBUG] DLOPEN: /data/user/0/com.movtery.zalithlauncher.v2/files/games/runtimes/Internal-21/lib/libjawt.so , success
==================== DLOPEN Renderer ====================
[DEBUG] DLOPEN: /data/user/0/com.movtery.zalithlauncher.v2/files/games/runtimes/Internal-21/lib/libmlib_image.so , success
[DEBUG] DLOPEN: /data/user/0/com.movtery.zalithlauncher.v2/files/games/runtimes/Internal-21/lib/libmanagement.so , success
[DEBUG] DLOPEN: /data/user/0/com.movtery.zalithlauncher.v2/files/games/runtimes/Internal-21/lib/libjavajpeg.so , success
[DEBUG] DLOPEN: /data/user/0/com.movtery.zalithlauncher.v2/files/games/runtimes/Internal-21/lib/libj2pkcs11.so , success
[DEBUG] DLOPEN: /data/user/0/com.movtery.zalithlauncher.v2/files/games/runtimes/Internal-21/lib/libfontmanager.so , success
[DEBUG] DLOPEN: /data/user/0/com.movtery.zalithlauncher.v2/files/games/runtimes/Internal-21/lib/libprefs.so , success
[DEBUG] DLOPEN: /data/user/0/com.movtery.zalithlauncher.v2/files/games/runtimes/Internal-21/lib/libdt_socket.so , success
[DEBUG] DLOPEN: /data/user/0/com.movtery.zalithlauncher.v2/files/games/runtimes/Internal-21/lib/libinstrument.so , success
[DEBUG] DLOPEN: /data/user/0/com.movtery.zalithlauncher.v2/files/games/runtimes/Internal-21/lib/libj2gss.so , success
[DEBUG] DLOPEN: /data/user/0/com.movtery.zalithlauncher.v2/files/games/runtimes/Internal-21/lib/libjsig.so , success
[DEBUG] DLOPEN: /data/user/0/com.movtery.zalithlauncher.v2/files/games/runtimes/Internal-21/lib/libjava.so , success
[DEBUG] DLOPEN: /data/user/0/com.movtery.zalithlauncher.v2/files/games/runtimes/Internal-21/lib/server/libjvm.so , success
[DEBUG] DLOPEN: /data/user/0/com.movtery.zalithlauncher.v2/files/games/runtimes/Internal-21/lib/server/libjsig.so , success
[DEBUG] DLOPEN: /data/user/0/com.movtery.zalithlauncher.v2/files/games/runtimes/Internal-21/lib/libawt_xawt.so , success
[DEBUG] DLOPEN: /data/app/~~YuncQEj0Rruyt6y_-RebSA==/com.movtery.zalithlauncher.v2-JtRzSV7VpInkzDcyzopsqQ==/lib/arm64/libopenal.so , success
==================== JVM Args ====================
Initializing MobileGlues ...
The Open Source License of MobileGlues: 
  GNU LGPL-2.1 License
MG_DIR_PATH = /sdcard/MG
[MobileGlues] Setting: enableAngle                 = false
[MobileGlues] Setting: ignoreError                 = 0
[MobileGlues] Setting: enableExtComputeShader      = false
[MobileGlues] Setting: enableExtTimerQuery         = true
[MobileGlues] Setting: enableExtDirectStateAccess  = false
[MobileGlues] Setting: maxGlslCacheSize            = 512
[MobileGlues] Setting: angleDepthClearFixMode      = 0
[MobileGlues] Setting: bufferCoherentAsFlush       = 1
[MobileGlues] Setting: customGLVersion             = 4.0.0
[MobileGlues] Setting: fsr1Setting                 = 0
[MobileGlues] Setting: hideMGEnvLevel              = 0
EGL initialized successfully
OpenGL ES Version: OpenGL ES 3.2 (320)
Not Detected GL_EXT_multi_draw_indirect!
[MobileGlues] Setting: multidrawMode               = Auto
multidrawMode = Auto
    -> Indirect (Auto detected)
[DEBUG] DLOPEN: /data/app/~~QKEs1JII7EGqWaUN30S5Ew==/com.fcl.plugin.mobileglues--v6YcgpMiEwZGl3weWR_XA==/lib/arm64/libmobileglues.so , success
▷ /data/user/0/com.movtery.zalithlauncher.v2/files/games/runtimes/Internal-21/bin/java
▷ -Djava.home=/data/user/0/com.movtery.zalithlauncher.v2/files/games/runtimes/Internal-21
▷ -Djava.io.tmpdir=/data/user/0/com.movtery.zalithlauncher.v2/cache
▷ -Djna.boot.library.path=/data/user/0/com.movtery.zalithlauncher.v2/files/games/jna_dir/jna/5.14.0
▷ -Duser.home=/storage/emulated/0/Android/data/com.movtery.zalithlauncher.v2/files/.minecraft
▷ -Duser.language=zh
▷ -Duser.country=CN
▷ -Duser.timezone=Asia/Shanghai
▷ -Dos.name=Linux
▷ -Dos.version=Android-16
▷ -Dpojav.path.minecraft=/storage/emulated/0/Android/data/com.movtery.zalithlauncher.v2/files/.minecraft
▷ -Dpojav.path.private.account=/data/user/0/com.movtery.zalithlauncher.v2/databases
▷ -Dorg.lwjgl.vulkan.libname=libvulkan.so
▷ -Dglfwstub.windowWidth=2828
▷ -Dglfwstub.windowHeight=1272
▷ -Dglfwstub.initEgl=false
▷ -Dext.net.resolvPath=/data/user/0/com.movtery.zalithlauncher.v2/files/games/resolv.conf
▷ -Dlog4j2.formatMsgNoLookups=true
▷ -Djava.rmi.server.useCodebaseOnly=true
▷ -Dcom.sun.jndi.rmi.object.trustURLCodebase=false
▷ -Dcom.sun.jndi.cosnaming.object.trustURLCodebase=false
▷ -Dnet.minecraft.clientmodname=Zalith Launcher
▷ -Dfml.earlyprogresswindow=false
▷ -Dfml.ignoreInvalidMinecraftCertificates=true
▷ -Dfml.ignorePatchDiscrepancies=true
▷ -Dloader.disable_forked_guis=true
▷ -Djdk.lang.Process.launchMechanism=FORK
▷ -Dsodium.checks.issue2561=false
▷ -javaagent:/data/user/0/com.movtery.zalithlauncher.v2/files/components/launcher/MioLibPatcher.jar
▷ -Xms4096M
▷ -Xmx4096M
▷ -Dorg.lwjgl.openal.libname=/data/app/~~YuncQEj0Rruyt6y_-RebSA==/com.movtery.zalithlauncher.v2-JtRzSV7VpInkzDcyzopsqQ==/lib/arm64/libopenal.so
▷ -Dorg.lwjgl.freetype.libname=/data/app/~~YuncQEj0Rruyt6y_-RebSA==/com.movtery.zalithlauncher.v2-JtRzSV7VpInkzDcyzopsqQ==/lib/arm64/libfreetype.so
▷ -Dorg.lwjgl.spvc.libname=spirv-cross-c-shared
▷ -Dorg.lwjgl.system.allocator=system
▷ -XX:ActiveProcessorCount=8
▷ -Dorg.lwjgl.opengl.libname=/data/app/~~QKEs1JII7EGqWaUN30S5Ew==/com.fcl.plugin.mobileglues--v6YcgpMiEwZGl3weWR_XA==/lib/arm64/libmobileglues.so
▷ -Djava.awt.headless=false
▷ -Dcacio.managed.screensize=2828x1272
▷ -Dcacio.font.fontmanager=sun.awt.X11FontManager
▷ -Dcacio.font.fontscaler=sun.font.FreetypeFontScaler
▷ -Dswing.defaultlaf=javax.swing.plaf.nimbus.NimbusLookAndFeel
▷ -Dawt.toolkit=com.github.caciocavallosilano.cacio.ctc.CTCToolkit
▷ -Djava.awt.graphicsenv=com.github.caciocavallosilano.cacio.ctc.CTCGraphicsEnvironment
▷ -javaagent:/data/user/0/com.movtery.zalithlauncher.v2/files/components/caciocavallo17/cacio-agent.jar
▷ --add-exports=java.desktop/java.awt=ALL-UNNAMED
▷ --add-exports=java.desktop/java.awt.peer=ALL-UNNAMED
▷ --add-exports=java.desktop/sun.awt.image=ALL-UNNAMED
▷ --add-exports=java.desktop/sun.java2d=ALL-UNNAMED
▷ --add-exports=java.desktop/java.awt.dnd.peer=ALL-UNNAMED
▷ --add-exports=java.desktop/sun.awt=ALL-UNNAMED
▷ --add-exports=java.desktop/sun.awt.event=ALL-UNNAMED
▷ --add-exports=java.desktop/sun.awt.datatransfer=ALL-UNNAMED
▷ --add-exports=java.desktop/sun.font=ALL-UNNAMED
▷ --add-exports=java.base/sun.security.action=ALL-UNNAMED
▷ --add-opens=java.base/java.util=ALL-UNNAMED
▷ --add-opens=java.desktop/java.awt=ALL-UNNAMED
▷ --add-opens=java.desktop/sun.font=ALL-UNNAMED
▷ --add-opens=java.desktop/sun.java2d=ALL-UNNAMED
▷ --add-opens=java.base/java.lang.reflect=ALL-UNNAMED
▷ --add-opens=java.base/java.net=ALL-UNNAMED
▷ -Xbootclasspath/a:/data/user/0/com.movtery.zalithlauncher.v2/files/components/caciocavallo17/cacio-agent.jar:/data/user/0/com.movtery.zalithlauncher.v2/files/components/caciocavallo17/cacio-shared-1.19.1-SNAPSHOT.jar:/data/user/0/com.movtery.zalithlauncher.v2/files/components/caciocavallo17/cacio-tta-1.19.1-SNAPSHOT.jar
▷ -Dlog4j.configurationFile=/storage/emulated/0/Android/data/com.movtery.zalithlauncher.v2/files/.minecraft/versions/1.21.1 NeoForge shadowpackage_test/log4j2.xml
▷ -Dminecraft.client.jar=/storage/emulated/0/Android/data/com.movtery.zalithlauncher.v2/files/.minecraft/versions/1.21.1 NeoForge shadowpackage_test/1.21.1 NeoForge shadowpackage_test.jar
▷ -Dminecraft.launcher.brand=Zalith Launcher
▷ -Dminecraft.launcher.version=2.4.11
▷ -Djava.library.path=/data/app/~~QKEs1JII7EGqWaUN30S5Ew==/com.fcl.plugin.mobileglues--v6YcgpMiEwZGl3weWR_XA==/lib/arm64:/data/user/0/com.movtery.zalithlauncher.v2/files/games/runtimes/Internal-21/lib/jli:/data/user/0/com.movtery.zalithlauncher.v2/files/games/runtimes/Internal-21/lib/server:/system/lib64:/vendor/lib64:/vendor/lib64/hw:/system_ext/lib64:/data/user/0/com.movtery.zalithlauncher.v2/files/games/jna_dir/jna:/data/user/0/com.movtery.zalithlauncher.v2/app_runtime_mod:/data/app/~~YuncQEj0Rruyt6y_-RebSA==/com.movtery.zalithlauncher.v2-JtRzSV7VpInkzDcyzopsqQ==/lib/arm64:/data/user/0/com.movtery.zalithlauncher.v2/files/games/jna_dir/jna/5.14.0
▷ -Djna.tmpdir=/data/user/0/com.movtery.zalithlauncher.v2/cache
▷ -Dorg.lwjgl.system.SharedLibraryExtractPath=/data/user/0/com.movtery.zalithlauncher.v2/cache
▷ -Dio.netty.native.workdir=/data/user/0/com.movtery.zalithlauncher.v2/cache
▷ -Dminecraft.launcher.brand=Zalith Launcher
▷ -Dminecraft.launcher.version=2.4.11
▷ -cp
▷ /data/user/0/com.movtery.zalithlauncher.v2/files/components/lwjgl3/lwjgl-glfw-classes.jar:/storage/emulated/0/Android/data/com.movtery.zalithlauncher.v2/files/.minecraft/libraries/com/github/oshi/oshi-core/6.4.10/oshi-core-6.4.10.jar:/storage/emulated/0/Android/data/com.movtery.zalithlauncher.v2/files/.minecraft/libraries/com/google/code/gson/gson/2.10.1/gson-2.10.1.jar:/storage/emulated/0/Android/data/com.movtery.zalithlauncher.v2/files/.minecraft/libraries/com/google/guava/failureaccess/1.0.1/failureaccess-1.0.1.jar:/storage/emulated/0/Android/data/com.movtery.zalithlauncher.v2/files/.minecraft/libraries/com/google/guava/guava/32.1.2-jre/guava-32.1.2-jre.jar:/storage/emulated/0/Android/data/com.movtery.zalithlauncher.v2/files/.minecraft/libraries/com/ibm/icu/icu4j/73.2/icu4j-73.2.jar:/storage/emulated/0/Android/data/com.movtery.zalithlauncher.v2/files/.minecraft/libraries/com/mojang/authlib/6.0.54/authlib-6.0.54.jar:/storage/emulated/0/Android/data/com.movtery.zalithlauncher.v2/files/.minecraft/libraries/com/mojang/blocklist/1.0.10/blocklist-1.0.10.jar:/storage/emulated/0/Android/data/com.movtery.zalithlauncher.v2/files/.minecraft/libraries/com/mojang/brigadier/1.3.10/brigadier-1.3.10.jar:/storage/emulated/0/Android/data/com.movtery.zalithlauncher.v2/files/.minecraft/libraries/com/mojang/datafixerupper/8.0.16/datafixerupper-8.0.16.jar:/storage/emulated/0/Android/data/com.movtery.zalithlauncher.v2/files/.minecraft/libraries/com/mojang/logging/1.2.7/logging-1.2.7.jar:/storage/emulated/0/Android/data/com.movtery.zalithlauncher.v2/files/.minecraft/libraries/com/mojang/patchy/2.2.10/patchy-2.2.10.jar:/storage/emulated/0/Android/data/com.movtery.zalithlauncher.v2/files/.minecraft/libraries/com/mojang/text2speech/1.17.9/text2speech-1.17.9.jar:/storage/emulated/0/Android/data/com.movtery.zalithlauncher.v2/files/.minecraft/libraries/commons-codec/commons-codec/1.16.0/commons-codec-1.16.0.jar:/storage/emulated/0/Android/data/com.movtery.zalithlauncher.v2/files/.minecraft/libraries/commons-io/commons-io/2.15.1/commons-io-2.15.1.jar:/storage/emulated/0/Android/data/com.movtery.zalithlauncher.v2/files/.minecraft/libraries/commons-logging/commons-logging/1.2/commons-logging-1.2.jar:/storage/emulated/0/Android/data/com.movtery.zalithlauncher.v2/files/.minecraft/libraries/io/netty/netty-buffer/4.1.97.Final/netty-buffer-4.1.97.Final.jar:/storage/emulated/0/Android/data/com.movtery.zalithlauncher.v2/files/.minecraft/libraries/io/netty/netty-codec/4.1.97.Final/netty-codec-4.1.97.Final.jar:/storage/emulated/0/Android/data/com.movtery.zalithlauncher.v2/files/.minecraft/libraries/io/netty/netty-common/4.1.97.Final/netty-common-4.1.97.Final.jar:/storage/emulated/0/Android/data/com.movtery.zalithlauncher.v2/files/.minecraft/libraries/io/netty/netty-handler/4.1.97.Final/netty-handler-4.1.97.Final.jar:/storage/emulated/0/Android/data/com.movtery.zalithlauncher.v2/files/.minecraft/libraries/io/netty/netty-resolver/4.1.97.Final/netty-resolver-4.1.97.Final.jar:/storage/emulated/0/Android/data/com.movtery.zalithlauncher.v2/files/.minecraft/libraries/io/netty/netty-transport-classes-epoll/4.1.97.Final/netty-transport-classes-epoll-4.1.97.Final.jar:/storage/emulated/0/Android/data/com.movtery.zalithlauncher.v2/files/.minecraft/libraries/io/netty/netty-transport-native-epoll/4.1.97.Final/netty-transport-native-epoll-4.1.97.Final-linux-aarch_64.jar:/storage/emulated/0/Android/data/com.movtery.zalithlauncher.v2/files/.minecraft/libraries/io/netty/netty-transport-native-epoll/4.1.97.Final/netty-transport-native-epoll-4.1.97.Final-linux-x86_64.jar:/storage/emulated/0/Android/data/com.movtery.zalithlauncher.v2/files/.minecraft/libraries/io/netty/netty-transport-native-unix-common/4.1.97.Final/netty-transport-native-unix-common-4.1.97.Final.jar:/storage/emulated/0/Android/data/com.movtery.zalithlauncher.v2/files/.minecraft/libraries/io/netty/netty-transport/4.1.97.Final/netty-transport-4.1.97.Final.jar:/storage/emulated/0/Android/data/com.movtery.zalithlauncher.v2/files/.minecraft/libraries/it/unimi/dsi/fastutil/8.5.12/fastutil-8.5.12.jar:/storage/emulated/0/Android/data/com.movtery.zalithlauncher.v2/files/.minecraft/libraries/net/java/dev/jna/jna-platform/5.14.0/jna-platform-5.14.0.jar:/storage/emulated/0/Android/data/com.movtery.zalithlauncher.v2/files/.minecraft/libraries/net/java/dev/jna/jna/5.14.0/jna-5.14.0.jar:/storage/emulated/0/Android/data/com.movtery.zalithlauncher.v2/files/.minecraft/libraries/net/sf/jopt-simple/jopt-simple/5.0.4/jopt-simple-5.0.4.jar:/storage/emulated/0/Android/data/com.movtery.zalithlauncher.v2/files/.minecraft/libraries/org/apache/commons/commons-compress/1.26.0/commons-compress-1.26.0.jar:/storage/emulated/0/Android/data/com.movtery.zalithlauncher.v2/files/.minecraft/libraries/org/apache/commons/commons-lang3/3.14.0/commons-lang3-3.14.0.jar:/storage/emulated/0/Android/data/com.movtery.zalithlauncher.v2/files/.minecraft/libraries/org/apache/httpcomponents/httpclient/4.5.13/httpclient-4.5.13.jar:/storage/emulated/0/Android/data/com.movtery.zalithlauncher.v2/files/.minecraft/libraries/org/apache/httpcomponents/httpcore/4.4.16/httpcore-4.4.16.jar:/storage/emulated/0/Android/data/com.movtery.zalithlauncher.v2/files/.minecraft/libraries/org/apache/logging/log4j/log4j-api/2.22.1/log4j-api-2.22.1.jar:/storage/emulated/0/Android/data/com.movtery.zalithlauncher.v2/files/.minecraft/libraries/org/apache/logging/log4j/log4j-core/2.22.1/log4j-core-2.22.1.jar:/storage/emulated/0/Android/data/com.movtery.zalithlauncher.v2/files/.minecraft/libraries/org/apache/logging/log4j/log4j-slf4j2-impl/2.22.1/log4j-slf4j2-impl-2.22.1.jar:/storage/emulated/0/Android/data/com.movtery.zalithlauncher.v2/files/.minecraft/libraries/org/jcraft/jorbis/0.0.17/jorbis-0.0.17.jar:/storage/emulated/0/Android/data/com.movtery.zalithlauncher.v2/files/.minecraft/libraries/org/joml/joml/1.10.5/joml-1.10.5.jar:/storage/emulated/0/Android/data/com.movtery.zalithlauncher.v2/files/.minecraft/libraries/org/lz4/lz4-java/1.8.0/lz4-java-1.8.0.jar:/storage/emulated/0/Android/data/com.movtery.zalithlauncher.v2/files/.minecraft/libraries/org/slf4j/slf4j-api/2.0.9/slf4j-api-2.0.9.jar:/storage/emulated/0/Android/data/com.movtery.zalithlauncher.v2/files/.minecraft/libraries/net/neoforged/fancymodloader/earlydisplay/4.0.44/earlydisplay-4.0.44.jar:/storage/emulated/0/Android/data/com.movtery.zalithlauncher.v2/files/.minecraft/libraries/net/neoforged/fancymodloader/loader/4.0.44/loader-4.0.44.jar:/storage/emulated/0/Android/data/com.movtery.zalithlauncher.v2/files/.minecraft/libraries/net/neoforged/accesstransformers/at-modlauncher/10.0.1/at-modlauncher-10.0.1.jar:/storage/emulated/0/Android/data/com.movtery.zalithlauncher.v2/files/.minecraft/libraries/net/neoforged/accesstransformers/10.0.1/accesstransformers-10.0.1.jar:/storage/emulated/0/Android/data/com.movtery.zalithlauncher.v2/files/.minecraft/libraries/net/neoforged/bus/8.0.5/bus-8.0.5.jar:/storage/emulated/0/Android/data/com.movtery.zalithlauncher.v2/files/.minecraft/libraries/net/neoforged/coremods/7.0.3/coremods-7.0.3.jar:/storage/emulated/0/Android/data/com.movtery.zalithlauncher.v2/files/.minecraft/libraries/cpw/mods/modlauncher/11.0.5/modlauncher-11.0.5.jar:/storage/emulated/0/Android/data/com.movtery.zalithlauncher.v2/files/.minecraft/libraries/net/neoforged/mergetool/2.0.0/mergetool-2.0.0-api.jar:/storage/emulated/0/Android/data/com.movtery.zalithlauncher.v2/files/.minecraft/libraries/com/electronwill/night-config/toml/3.8.3/toml-3.8.3.jar:/storage/emulated/0/Android/data/com.movtery.zalithlauncher.v2/files/.minecraft/libraries/com/electronwill/night-config/core/3.8.3/core-3.8.3.jar:/storage/emulated/0/Android/data/com.movtery.zalithlauncher.v2/files/.minecraft/libraries/net/neoforged/JarJarSelector/0.4.1/JarJarSelector-0.4.1.jar:/storage/emulated/0/Android/data/com.movtery.zalithlauncher.v2/files/.minecraft/libraries/net/neoforged/JarJarMetadata/0.4.1/JarJarMetadata-0.4.1.jar:/storage/emulated/0/Android/data/com.movtery.zalithlauncher.v2/files/.minecraft/libraries/org/apache/maven/maven-artifact/3.8.5/maven-artifact-3.8.5.jar:/storage/emulated/0/Android/data/com.movtery.zalithlauncher.v2/files/.minecraft/libraries/net/jodah/typetools/0.6.3/typetools-0.6.3.jar:/storage/emulated/0/Android/data/com.movtery.zalithlauncher.v2/files/.minecraft/libraries/net/minecrell/terminalconsoleappender/1.3.0/terminalconsoleappender-1.3.0.jar:/storage/emulated/0/Android/data/com.movtery.zalithlauncher.v2/files/.minecraft/libraries/net/fabricmc/sponge-mixin/0.15.2+mixin.0.8.7/sponge-mixin-0.15.2+mixin.0.8.7.jar:/storage/emulated/0/Android/data/com.movtery.zalithlauncher.v2/files/.minecraft/libraries/org/openjdk/nashorn/nashorn-core/15.4/nashorn-core-15.4.jar:/storage/emulated/0/Android/data/com.movtery.zalithlauncher.v2/files/.minecraft/libraries/cpw/mods/bootstraplauncher/2.0.2/bootstraplauncher-2.0.2.jar:/storage/emulated/0/Android/data/com.movtery.zalithlauncher.v2/files/.minecraft/libraries/cpw/mods/securejarhandler/3.0.8/securejarhandler-3.0.8.jar:/storage/emulated/0/Android/data/com.movtery.zalithlauncher.v2/files/.minecraft/libraries/org/ow2/asm/asm-commons/9.10.1/asm-commons-9.10.1.jar:/storage/emulated/0/Android/data/com.movtery.zalithlauncher.v2/files/.minecraft/libraries/org/ow2/asm/asm-util/9.10.1/asm-util-9.10.1.jar:/storage/emulated/0/Android/data/com.movtery.zalithlauncher.v2/files/.minecraft/libraries/org/ow2/asm/asm-analysis/9.10.1/asm-analysis-9.10.1.jar:/storage/emulated/0/Android/data/com.movtery.zalithlauncher.v2/files/.minecraft/libraries/org/ow2/asm/asm-tree/9.10.1/asm-tree-9.10.1.jar:/storage/emulated/0/Android/data/com.movtery.zalithlauncher.v2/files/.minecraft/libraries/org/ow2/asm/asm/9.10.1/asm-9.10.1.jar:/storage/emulated/0/Android/data/com.movtery.zalithlauncher.v2/files/.minecraft/libraries/net/neoforged/JarJarFileSystems/0.4.1/JarJarFileSystems-0.4.1.jar:/storage/emulated/0/Android/data/com.movtery.zalithlauncher.v2/files/.minecraft/libraries/org/antlr/antlr4-runtime/4.13.1/antlr4-runtime-4.13.1.jar:/storage/emulated/0/Android/data/com.movtery.zalithlauncher.v2/files/.minecraft/libraries/org/jline/jline-reader/3.20.0/jline-reader-3.20.0.jar:/storage/emulated/0/Android/data/com.movtery.zalithlauncher.v2/files/.minecraft/libraries/org/jline/jline-terminal/3.20.0/jline-terminal-3.20.0.jar:/storage/emulated/0/Android/data/com.movtery.zalithlauncher.v2/files/.minecraft/libraries/net/minecraftforge/srgutils/0.4.15/srgutils-0.4.15.jar:/storage/emulated/0/Android/data/com.movtery.zalithlauncher.v2/files/.minecraft/libraries/com/google/guava/listenablefuture/9999.0-empty-to-avoid-conflict-with-guava/listenablefuture-9999.0-empty-to-avoid-conflict-with-guava.jar:/storage/emulated/0/Android/data/com.movtery.zalithlauncher.v2/files/.minecraft/libraries/com/google/code/findbugs/jsr305/3.0.2/jsr305-3.0.2.jar:/storage/emulated/0/Android/data/com.movtery.zalithlauncher.v2/files/.minecraft/libraries/org/checkerframework/checker-qual/3.33.0/checker-qual-3.33.0.jar:/storage/emulated/0/Android/data/com.movtery.zalithlauncher.v2/files/.minecraft/libraries/com/google/errorprone/error_prone_annotations/2.18.0/error_prone_annotations-2.18.0.jar:/storage/emulated/0/Android/data/com.movtery.zalithlauncher.v2/files/.minecraft/libraries/com/google/j2objc/j2objc-annotations/2.8/j2objc-annotations-2.8.jar:/storage/emulated/0/Android/data/com.movtery.zalithlauncher.v2/files/.minecraft/libraries/org/codehaus/plexus/plexus-utils/3.3.0/plexus-utils-3.3.0.jar:/storage/emulated/0/Android/data/com.movtery.zalithlauncher.v2/files/.minecraft/libraries/com/machinezoo/noexception/noexception/1.7.1/noexception-1.7.1.jar:/storage/emulated/0/Android/data/com.movtery.zalithlauncher.v2/files/.minecraft/versions/1.21.1 NeoForge shadowpackage_test/1.21.1 NeoForge shadowpackage_test.jar
▷ -Djava.net.preferIPv6Addresses=system
▷ -DignoreList=client-extra,1.21.1 NeoForge 21.1.249.jar,${primary_jar_name},1.21.1 NeoForge shadowpackage_test.jar
▷ -DlibraryDirectory=/storage/emulated/0/Android/data/com.movtery.zalithlauncher.v2/files/.minecraft/libraries
▷ -p
▷ /storage/emulated/0/Android/data/com.movtery.zalithlauncher.v2/files/.minecraft/libraries/cpw/mods/bootstraplauncher/2.0.2/bootstraplauncher-2.0.2.jar:/storage/emulated/0/Android/data/com.movtery.zalithlauncher.v2/files/.minecraft/libraries/cpw/mods/securejarhandler/3.0.8/securejarhandler-3.0.8.jar:/storage/emulated/0/Android/data/com.movtery.zalithlauncher.v2/files/.minecraft/libraries/org/ow2/asm/asm-commons/9.10.1/asm-commons-9.10.1.jar:/storage/emulated/0/Android/data/com.movtery.zalithlauncher.v2/files/.minecraft/libraries/org/ow2/asm/asm-util/9.10.1/asm-util-9.10.1.jar:/storage/emulated/0/Android/data/com.movtery.zalithlauncher.v2/files/.minecraft/libraries/org/ow2/asm/asm-analysis/9.10.1/asm-analysis-9.10.1.jar:/storage/emulated/0/Android/data/com.movtery.zalithlauncher.v2/files/.minecraft/libraries/org/ow2/asm/asm-tree/9.10.1/asm-tree-9.10.1.jar:/storage/emulated/0/Android/data/com.movtery.zalithlauncher.v2/files/.minecraft/libraries/org/ow2/asm/asm/9.10.1/asm-9.10.1.jar:/storage/emulated/0/Android/data/com.movtery.zalithlauncher.v2/files/.minecraft/libraries/net/neoforged/JarJarFileSystems/0.4.1/JarJarFileSystems-0.4.1.jar
▷ --add-modules
▷ ALL-MODULE-PATH
▷ --add-opens
▷ java.base/java.util.jar=cpw.mods.securejarhandler
▷ --add-opens
▷ java.base/java.lang.invoke=cpw.mods.securejarhandler
▷ --add-exports
▷ java.base/sun.security.util=cpw.mods.securejarhandler
▷ --add-exports
▷ jdk.naming.dns/com.sun.jndi.dns=java.naming
▷ --add-exports
▷ cpw.mods.bootstraplauncher/cpw.mods.bootstraplauncher=ALL-UNNAMED
▷ cpw.mods.bootstraplauncher.BootstrapLauncher
▷ --username
▷ Trail_Akivili
▷ --version
▷ 1.21.1 NeoForge 21.1.249
▷ --gameDir
▷ /storage/emulated/0/Android/data/com.movtery.zalithlauncher.v2/files/.minecraft/versions/1.21.1 NeoForge shadowpackage_test
▷ --assetsDir
▷ /storage/emulated/0/Android/data/com.movtery.zalithlauncher.v2/files/.minecraft/assets
▷ --assetIndex
▷ 17
▷ --uuid
▷ 050f97b8d0c942c5a3fc65e7017d8894
▷ --accessToken
▷ ********************
▷ --clientId
▷ ${clientid}
▷ --xuid
▷ 16335687485128635159
▷ --userType
▷ msa
▷ --versionType
▷ ZalithLauncher2.4.11
▷ --fml.neoForgeVersion
▷ 21.1.249
▷ --fml.fmlVersion
▷ 4.0.44
▷ --fml.mcVersion
▷ 1.21.1
▷ --fml.neoFormVersion
▷ 20240808.144430
▷ --launchTarget
▷ forgeclient
[DEBUG] Done processing args
[DEBUG] Found JLI lib
[DEBUG] Calling JLI_Launch
[MioLibPatcher/INFO]: MioPatcher is running!
ERROR StatusConsoleListener appender Console has no parameter that matches element Policies
[00:37:09] [main/INFO]: ModLauncher running: args [--username, Trail_Akivili, --version, 1.21.1 NeoForge 21.1.249, --gameDir, /storage/emulated/0/Android/data/com.movtery.zalithlauncher.v2/files/.minecraft/versions/1.21.1 NeoForge shadowpackage_test, --assetsDir, /storage/emulated/0/Android/data/com.movtery.zalithlauncher.v2/files/.minecraft/assets, --assetIndex, 17, --uuid, 050f97b8d0c942c5a3fc65e7017d8894, --accessToken, ❄❄❄❄❄❄❄❄, --clientId, ${clientid}, --xuid, 16335687485128635159, --userType, msa, --versionType, ZalithLauncher2.4.11, --fml.neoForgeVersion, 21.1.249, --fml.fmlVersion, 4.0.44, --fml.mcVersion, 1.21.1, --fml.neoFormVersion, 20240808.144430, --launchTarget, forgeclient]
[00:37:09] [main/INFO]: JVM identified as Oracle Corporation OpenJDK 64-Bit Server VM 21.0.1-internal-adhoc.runner.openjdk
[00:37:09] [main/INFO]: ModLauncher 11.0.5+main.901c6ea8 starting: java version 21.0.1-internal by N/A; OS Linux arch aarch64 version Android-16
[00:37:09] [main/INFO]: Loading ImmediateWindowProvider fmlearlywindow
[INFO] <Native> Saving JVM environ...
Registered forkAndExec
[MioLibPatcher/INFO]: Patch target class: org/lwjgl/system/Library
[00:37:10] [main/INFO]: Trying GL version 4.6
EGLBridge: Binding to OpenGL ES
[00:37:10] [main/INFO]: Requested GL version 4.6 got version 4.0
[INFO] <NativeInput> Input ready: 1
[00:37:10] [main/INFO]: SpongePowered MIXIN Subsystem Version=0.8.7 Source=union:/storage/emulated/0/Android/data/com.movtery.zalithlauncher.v2/files/.minecraft/libraries/net/fabricmc/sponge-mixin/0.15.2+mixin.0.8.7/sponge-mixin-0.15.2+mixin.0.8.7.jar%23133!/ Service=ModLauncher Env=CLIENT
[00:37:10] [pool-2-thread-1/INFO]: GL info: Adreno (TM) 720 | OpenGL ES 3.2 GL version 4.0.0 MobileGlues 1.3.5, Swung0x48, BZLZHH, Tungsten
[00:37:11] [main/INFO]: Found mod file "client-1.21.1-20240808.144430-srg.jar" [locator: production client provider +net.neoforged:neoforge:21.1.249:client]
[00:37:11] [main/INFO]: Found mod file "neoforge-21.1.249-universal.jar" [locator: PathBasedLocator[name=neoforge, paths=[/storage/emulated/0/Android/data/com.movtery.zalithlauncher.v2/files/.minecraft/libraries/net/neoforged/neoforge/21.1.249/neoforge-21.1.249-universal.jar]], reader: mod manifest]
[00:37:11] [main/INFO]: Found mod file "embeddium-1.0.15+mc1.21.1.jar" [locator: {mods folder locator at /storage/emulated/0/Android/data/com.movtery.zalithlauncher.v2/files/.minecraft/versions/1.21.1 NeoForge shadowpackage_test/mods}, reader: mod manifest]
[00:37:11] [main/INFO]: Found mod file "neoculus-mc1.21.1-1.8.7.jar" [locator: {mods folder locator at /storage/emulated/0/Android/data/com.movtery.zalithlauncher.v2/files/.minecraft/versions/1.21.1 NeoForge shadowpackage_test/mods}, reader: mod manifest]
[00:37:11] [main/INFO]: Found 5 dependencies adding them to mods collection
[00:37:11] [main/INFO]: Found gamelibrary file "mixinextras-neoforge-0.5.3.jar" [parent: neoforge-21.1.249-universal.jar, locator: jarinjar, reader: mod manifest]
[00:37:11] [main/INFO]: Found library file "jcpp-1.4.14.jar" [parent: neoculus-mc1.21.1-1.8.7.jar, locator: jarinjar]
[00:37:11] [main/INFO]: Found library file "glsl-transformation-lib-0.2.0-20.ge3cb096.jar" [parent: neoculus-mc1.21.1-1.8.7.jar, locator: jarinjar]
[00:37:11] [main/INFO]: Found library file "net.neoforged.neoforge-coremods-21.1.249.jar" [parent: neoforge-21.1.249-universal.jar, locator: jarinjar, reader: mod manifest]
[00:37:11] [main/INFO]: Found library file "glsl-transformer-2.0.2.jar" [parent: neoculus-mc1.21.1-1.8.7.jar, locator: jarinjar]
[00:37:11] [main/INFO]: 
     Mod List:
		Name Version (Mod Id)

		Embeddium 1.0.15+mc1.21.1 (embeddium)
		Minecraft 1.21.1 (minecraft)
		NeOculus 1.8.7 (oculus)
		NeoForge 21.1.249 (neoforge)
[00:37:12] [main/INFO]: Compatibility level set to JAVA_17
[00:37:12] [main/INFO]: Launching target 'forgeclient' with arguments [--version, 1.21.1 NeoForge 21.1.249, --gameDir, /storage/emulated/0/Android/data/com.movtery.zalithlauncher.v2/files/.minecraft/versions/1.21.1 NeoForge shadowpackage_test, --assetsDir, /storage/emulated/0/Android/data/com.movtery.zalithlauncher.v2/files/.minecraft/assets, --uuid, 050f97b8d0c942c5a3fc65e7017d8894, --username, Trail_Akivili, --assetIndex, 17, --accessToken, ❄❄❄❄❄❄❄❄, --clientId, ${clientid}, --xuid, 16335687485128635159, --userType, msa, --versionType, ZalithLauncher2.4.11]
[00:37:13] [main/INFO]: Loaded configuration file for Embeddium: 50 options available, 0 override(s) found
[00:37:13] [main/INFO]: Searching for graphics cards...
[00:37:13] [main/WARN]: No graphics cards were found. Either you have no hardware devices supporting 3D acceleration, or something has gone terribly wrong!
[00:37:13] [main/WARN]: Unable to determine desktop session type because the environment variable XDG_SESSION_TYPE is not set! Your user session may not be configured correctly.
[00:37:13] [main/WARN]: Reference map 'embeddium-refmap.json' for embeddium.mixins.json could not be read. If this is a development environment you can ignore this message
[00:37:13] [main/WARN]: Error loading class: mekanism/client/render/entity/RenderFlame (java.lang.ClassNotFoundException: mekanism.client.render.entity.RenderFlame)
[00:37:13] [main/WARN]: Error loading class: mekanism/client/render/armor/MekaSuitArmor (java.lang.ClassNotFoundException: mekanism.client.render.armor.MekaSuitArmor)
[00:37:14] [main/INFO]: Initializing MixinExtras via com.llamalad7.mixinextras.service.MixinExtrasServiceImpl(version=0.5.3).
WARN StatusConsoleListener Error parsing URI /storage/emulated/0/Android/data/com.movtery.zalithlauncher.v2/files/.minecraft/versions/1.21.1 NeoForge shadowpackage_test/log4j2.xml
ERROR StatusConsoleListener appender Console has no parameter that matches element Policies
WARN StatusConsoleListener Advanced terminal features are not available in this environment
[MioLibPatcher/INFO]: Patch target class: oshi/hardware/CentralProcessor$ProcessorIdentifier
[00:37:18] [main/WARN] [os.so.os.li.LinuxOperatingSystem/]: Did not find udev library in operating system. Some features may not work.
[00:37:18] [main/WARN] [os.ut.FileUtil/]: File not found or not readable: /proc/stat
[00:37:18] [Datafixer Bootstrap/INFO] [mojang/DataFixerBuilder]: 229 Datafixer optimizations took 855 milliseconds
[MioLibPatcher/INFO]: Patch target class: io/netty/util/internal/PlatformDependent
[00:37:23] [pool-8-thread-1/INFO] [io.ne.ut.in.PlatformDependent/]: Your platform does not provide complete low-level API for accessing direct buffers reliably. Unless explicitly requested, heap buffer will always be preferred to avoid potential system instability.
[00:37:28] [Render thread/WARN] [minecraft/VanillaPackResourcesBuilder]: Assets URL 'union:/storage/emulated/0/Android/data/com.movtery.zalithlauncher.v2/files/.minecraft/libraries/net/minecraft/client/1.21.1-20240808.144430/client-1.21.1-20240808.144430-srg.jar%23148!/assets/.mcassetsroot' uses unexpected schema
[00:37:28] [Render thread/WARN] [minecraft/VanillaPackResourcesBuilder]: Assets URL 'union:/storage/emulated/0/Android/data/com.movtery.zalithlauncher.v2/files/.minecraft/libraries/net/minecraft/client/1.21.1-20240808.144430/client-1.21.1-20240808.144430-srg.jar%23148!/data/.mcassetsroot' uses unexpected schema
[00:37:28] [Render thread/INFO] [mojang/YggdrasilAuthenticationService]: Environment: Environment[sessionHost=https://sessionserver.mojang.com, servicesHost=https://api.minecraftservices.com, name=PROD]
[00:37:28] [Render thread/INFO] [minecraft/Minecraft]: Setting user: Trail_Akivili
[00:37:28] [Render thread/ERROR] [Embeddium-MixinTaintDetector/]: Mod mixin into Embeddium internals detected. This instance is now tainted. The Embeddium team does not provide any guarantee of support for issues encountered while such mods are installed.
[00:37:28] [Render thread/WARN] [Embeddium-MixinTaintDetector/]: Mod(s) [oculus] are modifying Embeddium class org.embeddedt.embeddium.impl.render.chunk.vertex.format.ChunkMeshAttribute, which may cause instability.
[00:37:28] [Render thread/WARN] [Embeddium-MixinTaintDetector/]: Mod(s) [oculus] are modifying Embeddium class org.embeddedt.embeddium.impl.gl.attribute.GlVertexFormat$Builder, which may cause instability.
[00:37:29] [Render thread/INFO] [minecraft/Minecraft]: Backend library: LWJGL version 3.3.6-snapshot
[MioLibPatcher/INFO]: Patch target class: org/embeddedt/embeddium/impl/compatibility/checks/LateDriverScanner
[00:37:29] [Render thread/INFO] [Embeddium-PostlaunchChecks/]: OpenGL Vendor: Swung0x48, BZLZHH, Tungsten
[00:37:29] [Render thread/INFO] [Embeddium-PostlaunchChecks/]: OpenGL Renderer: Adreno (TM) 720 | OpenGL ES 3.2
[00:37:29] [Render thread/INFO] [Embeddium-PostlaunchChecks/]: OpenGL Version: 4.0.0 MobileGlues 1.3.5
[00:37:29] [Render thread/INFO] [NeOculus/]: Debug functionality is disabled.
[00:37:30] [Render thread/INFO] [NeOculus/]: DSA support not detected.
[00:37:30] [Render thread/INFO] [NeOculus/]: Shaders are disabled because no valid shaderpack is selected
[00:37:30] [Render thread/INFO] [NeOculus/]: Shaders are disabled
[00:37:30] [modloading-worker-0/INFO] [ne.ne.ne.co.NeoForgeMod/NEOFORGE-MOD]: NeoForge mod loading, version 21.1.249, for MC 1.21.1
[00:37:32] [Render thread/INFO] [NeOculus/]: Hardware information:
[00:37:32] [Render thread/INFO] [NeOculus/]: CPU: 8x 
[00:37:32] [Render thread/INFO] [NeOculus/]: GPU: Adreno (TM) 720 | OpenGL ES 3.2 (Supports OpenGL 4.0.0 MobileGlues 1.3.5)
[00:37:32] [Render thread/INFO] [NeOculus/]: OS: Linux (Android-16)
[00:37:32] [Render thread/WARN] [Embeddium-MixinTaintDetector/]: Mod(s) [oculus] are modifying Embeddium class org.embeddedt.embeddium.api.vertex.attributes.CommonVertexAttribute, which may cause instability.
[00:37:32] [Render thread/WARN] [Embeddium-MixinTaintDetector/]: Mod(s) [oculus] are modifying Embeddium class org.embeddedt.embeddium.impl.render.EmbeddiumWorldRenderer, which may cause instability.
[MioLibPatcher/INFO]: Patch target class: com/mojang/text2speech/Narrator
[00:37:33] [Render thread/INFO] [minecraft/ReloadableResourceManager]: Reloading ResourceManager: vanilla, mod_resources, mod/oculus,iris, mod/embeddium, mod/neoforge
[00:37:33] [Worker-Main-3/INFO] [minecraft/UnihexProvider]: Found unifont_all_no_pua-15.1.05.hex, loading
[00:37:34] [Worker-Main-4/INFO] [minecraft/UnihexProvider]: Found unifont_jp_patch-15.1.05.hex, loading
[00:37:36] [Render thread/WARN] [minecraft/SoundEngine]: Missing sound for event: minecraft:item.goat_horn.play
[00:37:36] [Render thread/WARN] [minecraft/SoundEngine]: Missing sound for event: minecraft:entity.goat.screaming.horn_break
[00:37:36] [Render thread/INFO] [mojang/Library]: OpenAL initialized on device Oboe Default
[00:37:36] [Render thread/INFO] [minecraft/SoundEngine]: Sound engine started
[00:37:37] [Render thread/INFO] [minecraft/TextureAtlas]: Created: 1024x512x0 minecraft:textures/atlas/blocks.png-atlas
[00:37:37] [Render thread/INFO] [minecraft/TextureAtlas]: Created: 256x256x0 minecraft:textures/atlas/signs.png-atlas
[00:37:37] [Render thread/INFO] [minecraft/TextureAtlas]: Created: 512x512x0 minecraft:textures/atlas/shield_patterns.png-atlas
[00:37:37] [Render thread/INFO] [minecraft/TextureAtlas]: Created: 512x512x0 minecraft:textures/atlas/banner_patterns.png-atlas
[00:37:37] [Render thread/INFO] [minecraft/TextureAtlas]: Created: 1024x1024x0 minecraft:textures/atlas/armor_trims.png-atlas
[00:37:37] [Render thread/INFO] [minecraft/TextureAtlas]: Created: 256x256x0 minecraft:textures/atlas/chest.png-atlas
[00:37:37] [Render thread/INFO] [minecraft/TextureAtlas]: Created: 128x64x0 minecraft:textures/atlas/decorated_pot.png-atlas
[00:37:37] [Render thread/INFO] [minecraft/TextureAtlas]: Created: 512x256x0 minecraft:textures/atlas/beds.png-atlas
[00:37:37] [Render thread/INFO] [minecraft/TextureAtlas]: Created: 512x256x0 minecraft:textures/atlas/shulker_boxes.png-atlas
[00:37:37] [Render thread/INFO] [minecraft/TextureAtlas]: Created: 512x256x0 minecraft:textures/atlas/particles.png-atlas
[00:37:37] [Render thread/INFO] [minecraft/TextureAtlas]: Created: 512x256x0 minecraft:textures/atlas/paintings.png-atlas
[00:37:37] [Render thread/INFO] [minecraft/TextureAtlas]: Created: 256x128x0 minecraft:textures/atlas/mob_effects.png-atlas
[00:37:37] [Render thread/INFO] [minecraft/TextureAtlas]: Created: 64x64x0 minecraft:textures/atlas/map_decorations.png-atlas
[00:37:37] [Render thread/INFO] [minecraft/TextureAtlas]: Created: 1024x512x0 minecraft:textures/atlas/gui.png-atlas
[00:37:37] [Render thread/WARN] [minecraft/ShaderInstance]: Shader rendertype_entity_translucent_emissive could not find sampler named Sampler2 in the specified shader program.
[00:37:37] [Render thread/INFO] [ne.ne.ne.cl.en.an.js.AnimationLoader/]: Loaded 0 entity animations
[00:37:37] [Render thread/INFO] [NeOculus/]: Creating pipeline for dimension minecraft:overworld
[00:37:37] [Render thread/WARN] [Embeddium-MixinTaintDetector/]: Mod(s) [oculus] are modifying Embeddium class org.embeddedt.embeddium.impl.gl.device.GLRenderDevice$ImmediateDrawCommandList, which may cause instability.
[00:37:43] [Render thread/INFO] [minecraft/RecipeManager]: Loaded 1290 recipes
[00:37:44] [Render thread/INFO] [minecraft/AdvancementTree]: Loaded 1399 advancements
[00:37:52] [Server thread/INFO] [minecraft/IntegratedServer]: Starting integrated minecraft server version 1.21.1
[00:37:52] [Server thread/INFO] [minecraft/MinecraftServer]: Generating keypair
[00:37:59] [Server thread/INFO] [minecraft/MinecraftServer]: Preparing start region for dimension minecraft:overworld
[00:37:59] [Render thread/INFO] [minecraft/LoggerChunkProgressListener]: 准备生成区域中：2%
[00:37:59] [Render thread/INFO] [minecraft/LoggerChunkProgressListener]: 准备生成区域中：2%
[00:38:00] [Render thread/INFO] [minecraft/LoggerChunkProgressListener]: 准备生成区域中：2%
[00:38:00] [Render thread/INFO] [minecraft/LoggerChunkProgressListener]: 准备生成区域中：2%
[00:38:01] [Render thread/INFO] [minecraft/LoggerChunkProgressListener]: 准备生成区域中：2%
[00:38:01] [Render thread/INFO] [minecraft/LoggerChunkProgressListener]: 准备生成区域中：2%
[00:38:02] [Render thread/INFO] [minecraft/LoggerChunkProgressListener]: 准备生成区域中：6%
[00:38:02] [Render thread/INFO] [minecraft/LoggerChunkProgressListener]: 准备生成区域中：6%
[00:38:03] [Render thread/INFO] [minecraft/LoggerChunkProgressListener]: 准备生成区域中：18%
[00:38:03] [Render thread/INFO] [minecraft/LoggerChunkProgressListener]: 准备生成区域中：18%
[00:38:04] [Render thread/INFO] [minecraft/LoggerChunkProgressListener]: 准备生成区域中：32%
[00:38:04] [Render thread/INFO] [minecraft/LoggerChunkProgressListener]: 准备生成区域中：51%
[00:38:05] [Render thread/INFO] [minecraft/LoggerChunkProgressListener]: 准备生成区域中：51%
[00:38:05] [Render thread/INFO] [minecraft/LoggerChunkProgressListener]: 准备生成区域中：51%
[00:38:06] [Render thread/INFO] [minecraft/LoggerChunkProgressListener]: 准备生成区域中：51%
[00:38:06] [Server thread/INFO] [ne.ne.ne.se.pe.PermissionAPI/]: Successfully initialized permission handler neoforge:default_handler
[00:38:06] [Render thread/INFO] [minecraft/LoggerChunkProgressListener]: Time elapsed: 7457 ms
[00:38:06] [Server thread/INFO] [minecraft/IntegratedServer]: Changing view distance to 4, from 10
[00:38:06] [Server thread/INFO] [minecraft/IntegratedServer]: Changing simulation distance to 5, from 0
[00:38:06] [Render thread/WARN] [io.ne.ut.in.MacAddressUtil/]: Failed to find a usable hardware address from the network interfaces; using random bytes: 77:18:ab:ca:01:e4:13:e8
[00:38:08] [Server thread/INFO] [minecraft/PlayerList]: Trail_Akivili[local:E:805974c3] logged in with entity id 35 at (-22.5, 69.0, -86.5)
[00:38:08] [Server thread/INFO] [minecraft/MinecraftServer]: Trail_Akivili加入了游戏
[00:38:08] [Render thread/WARN] [Embeddium-MixinTaintDetector/]: Mod(s) [oculus] are modifying Embeddium class org.embeddedt.embeddium.impl.render.chunk.RenderSectionManager, which may cause instability.
[00:38:08] [Render thread/WARN] [Embeddium-MixinTaintDetector/]: Mod(s) [oculus] are modifying Embeddium class org.embeddedt.embeddium.impl.render.chunk.compile.tasks.ChunkBuilderMeshingTask, which may cause instability.
[00:38:08] [Render thread/WARN] [Embeddium-MixinTaintDetector/]: Mod(s) [oculus] are modifying Embeddium class org.embeddedt.embeddium.impl.render.chunk.DefaultChunkRenderer, which may cause instability.
[00:38:08] [Render thread/WARN] [Embeddium-MixinTaintDetector/]: Mod(s) [oculus] are modifying Embeddium class org.embeddedt.embeddium.impl.render.chunk.ShaderChunkRenderer, which may cause instability.
[00:38:08] [Render thread/WARN] [Embeddium-MixinTaintDetector/]: Mod(s) [oculus] are modifying Embeddium class org.embeddedt.embeddium.impl.render.chunk.compile.ChunkBuildBuffers, which may cause instability.
[00:38:08] [Render thread/WARN] [Embeddium-MixinTaintDetector/]: Mod(s) [oculus] are modifying Embeddium class org.embeddedt.embeddium.impl.render.chunk.vertex.builder.ChunkMeshBufferBuilder, which may cause instability.
[00:38:08] [Render thread/WARN] [mixin/]: Error loading class: net/fabricmc/fabric/api/blockview/v2/FabricBlockView (java.lang.ClassNotFoundException: net.fabricmc.fabric.api.blockview.v2.FabricBlockView)
[00:38:08] [Render thread/WARN] [mixin/]: Error loading class: net/fabricmc/fabric/api/rendering/data/v1/RenderAttachedBlockView (java.lang.ClassNotFoundException: net.fabricmc.fabric.api.rendering.data.v1.RenderAttachedBlockView)
[00:38:08] [Render thread/INFO] [ChunkBuilder/]: Started 2 worker threads
[00:38:09] [Render thread/INFO] [minecraft/AdvancementTree]: Loaded 2 advancements
[00:38:09] [Render thread/WARN] [Embeddium-MixinTaintDetector/]: Mod(s) [oculus] are modifying Embeddium class org.embeddedt.embeddium.impl.render.chunk.shader.ChunkShaderInterface, which may cause instability.
[00:38:09] [Render thread/WARN] [Embeddium-MixinTaintDetector/]: Mod(s) [oculus] are modifying Embeddium class org.embeddedt.embeddium.impl.render.immediate.CloudRenderer, which may cause instability.
[00:38:10] [Render thread/WARN] [Embeddium-MixinTaintDetector/]: Mod(s) [oculus] are modifying Embeddium class org.embeddedt.embeddium.impl.render.chunk.region.RenderRegion$DeviceResources, which may cause instability.
[00:38:17] [Server thread/INFO] [minecraft/IntegratedServer]: Saving and pausing game...
[00:38:17] [Server thread/INFO] [minecraft/MinecraftServer]: Saving chunks for level 'ServerLevel[新的世界]'/minecraft:overworld
[00:38:18] [Server thread/INFO] [minecraft/MinecraftServer]: Saving chunks for level 'ServerLevel[新的世界]'/minecraft:the_end
[00:38:18] [Server thread/INFO] [minecraft/MinecraftServer]: Saving chunks for level 'ServerLevel[新的世界]'/minecraft:the_nether
[00:38:29] [Render thread/INFO] [NeOculus/]: Destroying pipeline minecraft:overworld
[00:38:29] [Render thread/INFO] [NeOculus/]: Profile: HIGH (+0 options changed)
[00:38:29] [Render thread/INFO] [or.an.cp.DefaultPreprocessorListener/]: null:4729:6: warning: No newline before end of file
[00:38:29] [Render thread/INFO] [or.an.cp.DefaultPreprocessorListener/]: null:4729:6: warning: No newline before end of file
[00:38:29] [Render thread/INFO] [or.an.cp.DefaultPreprocessorListener/]: null:10848:6: warning: No newline before end of file
[00:38:29] [Render thread/INFO] [or.an.cp.DefaultPreprocessorListener/]: null:10848:6: warning: No newline before end of file
[00:38:29] [Render thread/INFO] [or.an.cp.DefaultPreprocessorListener/]: null:3641:6: warning: No newline before end of file
[00:38:29] [Render thread/INFO] [or.an.cp.DefaultPreprocessorListener/]: null:3641:6: warning: No newline before end of file
[00:38:29] [Render thread/INFO] [or.an.cp.DefaultPreprocessorListener/]: null:1878:6: warning: No newline before end of file
[00:38:29] [Render thread/INFO] [or.an.cp.DefaultPreprocessorListener/]: null:1878:6: warning: No newline before end of file
[00:38:29] [Render thread/INFO] [or.an.cp.DefaultPreprocessorListener/]: null:1916:6: warning: No newline before end of file
[00:38:29] [Render thread/INFO] [or.an.cp.DefaultPreprocessorListener/]: null:1916:6: warning: No newline before end of file
[00:38:29] [Render thread/INFO] [or.an.cp.DefaultPreprocessorListener/]: null:2086:6: warning: No newline before end of file
[00:38:29] [Render thread/INFO] [or.an.cp.DefaultPreprocessorListener/]: null:2086:6: warning: No newline before end of file
[00:38:29] [Render thread/INFO] [or.an.cp.DefaultPreprocessorListener/]: null:1977:6: warning: No newline before end of file
[00:38:29] [Render thread/INFO] [or.an.cp.DefaultPreprocessorListener/]: null:1977:6: warning: No newline before end of file
[00:38:30] [Render thread/INFO] [or.an.cp.DefaultPreprocessorListener/]: null:1894:6: warning: No newline before end of file
[00:38:30] [Render thread/INFO] [or.an.cp.DefaultPreprocessorListener/]: null:1894:6: warning: No newline before end of file
[00:38:30] [Render thread/INFO] [or.an.cp.DefaultPreprocessorListener/]: null:3552:6: warning: No newline before end of file
[00:38:30] [Render thread/INFO] [or.an.cp.DefaultPreprocessorListener/]: null:3552:6: warning: No newline before end of file
[00:38:30] [Render thread/INFO] [or.an.cp.DefaultPreprocessorListener/]: null:3620:6: warning: No newline before end of file
[00:38:30] [Render thread/INFO] [or.an.cp.DefaultPreprocessorListener/]: null:3620:6: warning: No newline before end of file
[00:38:30] [Render thread/INFO] [or.an.cp.DefaultPreprocessorListener/]: null:3621:6: warning: No newline before end of file
[00:38:30] [Render thread/INFO] [or.an.cp.DefaultPreprocessorListener/]: null:3621:6: warning: No newline before end of file
[00:38:30] [Render thread/INFO] [or.an.cp.DefaultPreprocessorListener/]: null:4563:6: warning: No newline before end of file
[00:38:30] [Render thread/INFO] [or.an.cp.DefaultPreprocessorListener/]: null:4563:6: warning: No newline before end of file
[00:38:30] [Render thread/INFO] [or.an.cp.DefaultPreprocessorListener/]: null:2428:6: warning: No newline before end of file
[00:38:30] [Render thread/INFO] [or.an.cp.DefaultPreprocessorListener/]: null:2428:6: warning: No newline before end of file
[00:38:30] [Render thread/INFO] [or.an.cp.DefaultPreprocessorListener/]: null:1933:6: warning: No newline before end of file
[00:38:30] [Render thread/INFO] [or.an.cp.DefaultPreprocessorListener/]: null:1933:6: warning: No newline before end of file
[00:38:30] [Render thread/INFO] [or.an.cp.DefaultPreprocessorListener/]: null:2071:6: warning: No newline before end of file
[00:38:30] [Render thread/INFO] [or.an.cp.DefaultPreprocessorListener/]: null:2071:6: warning: No newline before end of file
[00:38:30] [Render thread/INFO] [or.an.cp.DefaultPreprocessorListener/]: null:10333:6: warning: No newline before end of file
[00:38:30] [Render thread/INFO] [or.an.cp.DefaultPreprocessorListener/]: null:10333:6: warning: No newline before end of file
[00:38:30] [Render thread/INFO] [or.an.cp.DefaultPreprocessorListener/]: null:1754:6: warning: No newline before end of file
[00:38:30] [Render thread/INFO] [or.an.cp.DefaultPreprocessorListener/]: null:1754:6: warning: No newline before end of file
[00:38:30] [Render thread/INFO] [or.an.cp.DefaultPreprocessorListener/]: null:5919:6: warning: No newline before end of file
[00:38:30] [Render thread/INFO] [or.an.cp.DefaultPreprocessorListener/]: null:5919:6: warning: No newline before end of file
[00:38:30] [Render thread/INFO] [or.an.cp.DefaultPreprocessorListener/]: null:5920:6: warning: No newline before end of file
[00:38:30] [Render thread/INFO] [or.an.cp.DefaultPreprocessorListener/]: null:5920:6: warning: No newline before end of file
[00:38:30] [Render thread/INFO] [or.an.cp.DefaultPreprocessorListener/]: null:2797:6: warning: No newline before end of file
[00:38:30] [Render thread/INFO] [or.an.cp.DefaultPreprocessorListener/]: null:2797:6: warning: No newline before end of file
[00:38:30] [Render thread/INFO] [or.an.cp.DefaultPreprocessorListener/]: null:11403:6: warning: No newline before end of file
[00:38:30] [Render thread/INFO] [or.an.cp.DefaultPreprocessorListener/]: null:11403:6: warning: No newline before end of file
[00:38:30] [Render thread/INFO] [or.an.cp.DefaultPreprocessorListener/]: null:11404:6: warning: No newline before end of file
[00:38:30] [Render thread/INFO] [or.an.cp.DefaultPreprocessorListener/]: null:11404:6: warning: No newline before end of file
[00:38:30] [Render thread/INFO] [or.an.cp.DefaultPreprocessorListener/]: null:3558:6: warning: No newline before end of file
[00:38:30] [Render thread/INFO] [or.an.cp.DefaultPreprocessorListener/]: null:3558:6: warning: No newline before end of file
[00:38:30] [Render thread/INFO] [or.an.cp.DefaultPreprocessorListener/]: null:11404:6: warning: No newline before end of file
[00:38:30] [Render thread/INFO] [or.an.cp.DefaultPreprocessorListener/]: null:11404:6: warning: No newline before end of file
[00:38:30] [Render thread/INFO] [or.an.cp.DefaultPreprocessorListener/]: null:1766:6: warning: No newline before end of file
[00:38:30] [Render thread/INFO] [or.an.cp.DefaultPreprocessorListener/]: null:1766:6: warning: No newline before end of file
[00:38:30] [Render thread/INFO] [or.an.cp.DefaultPreprocessorListener/]: null:1753:6: warning: No newline before end of file
[00:38:30] [Render thread/INFO] [or.an.cp.DefaultPreprocessorListener/]: null:1753:6: warning: No newline before end of file
[00:38:30] [Render thread/INFO] [or.an.cp.DefaultPreprocessorListener/]: null:9443:6: warning: No newline before end of file
[00:38:30] [Render thread/INFO] [or.an.cp.DefaultPreprocessorListener/]: null:9443:6: warning: No newline before end of file
[00:38:30] [Render thread/INFO] [or.an.cp.DefaultPreprocessorListener/]: null:1906:6: warning: No newline before end of file
[00:38:30] [Render thread/INFO] [or.an.cp.DefaultPreprocessorListener/]: null:1906:6: warning: No newline before end of file
[00:38:30] [Render thread/INFO] [or.an.cp.DefaultPreprocessorListener/]: null:16829:6: warning: No newline before end of file
[00:38:30] [Render thread/INFO] [or.an.cp.DefaultPreprocessorListener/]: null:16829:6: warning: No newline before end of file
[00:38:30] [Render thread/INFO] [or.an.cp.DefaultPreprocessorListener/]: null:3696:6: warning: No newline before end of file
[00:38:30] [Render thread/INFO] [or.an.cp.DefaultPreprocessorListener/]: null:3696:6: warning: No newline before end of file
[00:38:30] [Render thread/INFO] [or.an.cp.DefaultPreprocessorListener/]: null:14239:6: warning: No newline before end of file
[00:38:30] [Render thread/INFO] [or.an.cp.DefaultPreprocessorListener/]: null:14239:6: warning: No newline before end of file
[00:38:30] [Render thread/INFO] [or.an.cp.DefaultPreprocessorListener/]: null:2538:6: warning: No newline before end of file
[00:38:30] [Render thread/INFO] [or.an.cp.DefaultPreprocessorListener/]: null:2538:6: warning: No newline before end of file
[00:38:31] [Render thread/INFO] [NeOculus/]: Using shaderpack: ComplementaryUnbound_r5.8.1.zip
[00:38:31] [Render thread/INFO] [NeOculus/]: Creating pipeline for dimension minecraft:overworld
[00:38:31] [Render thread/INFO] [NeOculus/]: Starting custom uniform resolving
[00:38:31] [Render thread/WARN] [NeOculus/]: Failed to resolve uniform inPaleGarden, reason: Unknown variable: BIOME_PALE_GARDEN ( = FunctionCall{smooth {[Number{54}, FunctionCall{if {[FunctionCall{in {[Id{biome}, Id{BIOME_PALE_GARDEN}]} }, Number{1}, Number{0}]} }, Number{15}, Number{15}]} })
java.lang.RuntimeException: Unknown variable: BIOME_PALE_GARDEN
	at TRANSFORMER/oculus@1.8.7/kroppeb.stareval.resolver.ExpressionResolver.resolveExpressionInternal(ExpressionResolver.java:220) ~[neoculus-mc1.21.1-1.8.7.jar%23151!/:?] {re:classloading}
	at TRANSFORMER/oculus@1.8.7/kroppeb.stareval.resolver.ExpressionResolver.resolveCallExpressionInternal(ExpressionResolver.java:81) ~[neoculus-mc1.21.1-1.8.7.jar%23151!/:?] {re:classloading}
	at TRANSFORMER/oculus@1.8.7/kroppeb.stareval.resolver.ExpressionResolver.resolveCallExpression(ExpressionResolver.java:140) ~[neoculus-mc1.21.1-1.8.7.jar%23151!/:?] {re:classloading}
	at TRANSFORMER/oculus@1.8.7/kroppeb.stareval.resolver.ExpressionResolver.resolveExpressionInternal(ExpressionResolver.java:194) ~[neoculus-mc1.21.1-1.8.7.jar%23151!/:?] {re:classloading}
	at TRANSFORMER/oculus@1.8.7/kroppeb.stareval.resolver.ExpressionResolver.resolveCallExpressionInternal(ExpressionResolver.java:81) ~[neoculus-mc1.21.1-1.8.7.jar%23151!/:?] {re:classloading}
	at TRANSFORMER/oculus@1.8.7/kroppeb.stareval.resolver.ExpressionResolver.resolveCallExpression(ExpressionResolver.java:140) ~[neoculus-mc1.21.1-1.8.7.jar%23151!/:?] {re:classloading}
	at TRANSFORMER/oculus@1.8.7/kroppeb.stareval.resolver.ExpressionResolver.resolveCallExpression(ExpressionResolver.java:127) ~[neoculus-mc1.21.1-1.8.7.jar%23151!/:?] {re:classloading}
	at TRANSFORMER/oculus@1.8.7/kroppeb.stareval.resolver.ExpressionResolver.resolveExpressionInternal(ExpressionResolver.java:194) ~[neoculus-mc1.21.1-1.8.7.jar%23151!/:?] {re:classloading}
	at TRANSFORMER/oculus@1.8.7/kroppeb.stareval.resolver.ExpressionResolver.resolveCallExpressionInternal(ExpressionResolver.java:81) ~[neoculus-mc1.21.1-1.8.7.jar%23151!/:?] {re:classloading}
	at TRANSFORMER/oculus@1.8.7/kroppeb.stareval.resolver.ExpressionResolver.resolveCallExpression(ExpressionResolver.java:140) ~[neoculus-mc1.21.1-1.8.7.jar%23151!/:?] {re:classloading}
	at TRANSFORMER/oculus@1.8.7/kroppeb.stareval.resolver.ExpressionResolver.resolveExpressionInternal(ExpressionResolver.java:194) ~[neoculus-mc1.21.1-1.8.7.jar%23151!/:?] {re:classloading}
	at TRANSFORMER/oculus@1.8.7/kroppeb.stareval.resolver.ExpressionResolver.resolveExpression(ExpressionResolver.java:50) ~[neoculus-mc1.21.1-1.8.7.jar%23151!/:?] {re:classloading}
	at TRANSFORMER/oculus@1.8.7/net.irisshaders.iris.uniforms.custom.CustomUniforms.<init>(CustomUniforms.java:62) ~[neoculus-mc1.21.1-1.8.7.jar%23151!/:?] {re:classloading}
	at TRANSFORMER/oculus@1.8.7/net.irisshaders.iris.uniforms.custom.CustomUniforms$Builder.build(CustomUniforms.java:334) ~[neoculus-mc1.21.1-1.8.7.jar%23151!/:?] {re:classloading}
	at TRANSFORMER/oculus@1.8.7/net.irisshaders.iris.uniforms.custom.CustomUniforms$Builder.build(CustomUniforms.java:345) ~[neoculus-mc1.21.1-1.8.7.jar%23151!/:?] {re:classloading}
	at TRANSFORMER/oculus@1.8.7/net.irisshaders.iris.pipeline.IrisRenderingPipeline.<init>(IrisRenderingPipeline.java:276) ~[neoculus-mc1.21.1-1.8.7.jar%23151!/:?] {re:mixin,re:classloading}
	at TRANSFORMER/oculus@1.8.7/net.irisshaders.iris.Iris.createPipeline(Iris.java:616) ~[neoculus-mc1.21.1-1.8.7.jar%23151!/:?] {re:mixin,re:classloading}
	at TRANSFORMER/oculus@1.8.7/net.irisshaders.iris.pipeline.PipelineManager.preparePipeline(PipelineManager.java:40) ~[neoculus-mc1.21.1-1.8.7.jar%23151!/:?] {re:mixin,re:classloading}
	at TRANSFORMER/oculus@1.8.7/net.irisshaders.iris.Iris.reload(Iris.java:567) ~[neoculus-mc1.21.1-1.8.7.jar%23151!/:?] {re:mixin,re:classloading}
	at TRANSFORMER/oculus@1.8.7/net.irisshaders.iris.apiimpl.IrisApiV0ConfigImpl.setShadersEnabledAndApply(IrisApiV0ConfigImpl.java:28) ~[neoculus-mc1.21.1-1.8.7.jar%23151!/:?] {re:classloading}
	at TRANSFORMER/oculus@1.8.7/net.irisshaders.iris.gui.screen.ShaderPackScreen.applyChanges(ShaderPackScreen.java:630) ~[neoculus-mc1.21.1-1.8.7.jar%23151!/:?] {re:classloading,re:mixin}
	at TRANSFORMER/oculus@1.8.7/net.irisshaders.iris.gui.screen.ShaderPackScreen.lambda$init$6(ShaderPackScreen.java:271) ~[neoculus-mc1.21.1-1.8.7.jar%23151!/:?] {re:classloading,re:mixin}
	at TRANSFORMER/minecraft@1.21.1/net.minecraft.client.gui.components.Button.onPress(Button.java:41) ~[client-1.21.1-20240808.144430-srg.jar%23148!/:?] {re:classloading,pl:runtimedistcleaner:A}
	at TRANSFORMER/minecraft@1.21.1/net.minecraft.client.gui.components.AbstractButton.onClick(AbstractButton.java:47) ~[client-1.21.1-20240808.144430-srg.jar%23148!/:?] {re:classloading,pl:accesstransformer:B,pl:runtimedistcleaner:A}
	at TRANSFORMER/neoforge@21.1.249/net.neoforged.neoforge.client.extensions.IAbstractWidgetExtension.onClick(IAbstractWidgetExtension.java:36) ~[neoforge-21.1.249-universal.jar%23149!/:?] {re:classloading}
	at TRANSFORMER/minecraft@1.21.1/net.minecraft.client.gui.components.AbstractWidget.mouseClicked(AbstractWidget.java:144) ~[client-1.21.1-20240808.144430-srg.jar%23148!/:?] {re:classloading,pl:accesstransformer:B,pl:runtimedistcleaner:A}
	at TRANSFORMER/minecraft@1.21.1/net.minecraft.client.gui.components.events.ContainerEventHandler.mouseClicked(ContainerEventHandler.java:38) ~[client-1.21.1-20240808.144430-srg.jar%23148!/:?] {re:mixin,re:computing_frames,re:classloading}
	at TRANSFORMER/oculus@1.8.7/net.irisshaders.iris.gui.screen.ShaderPackScreen.mouseClicked(ShaderPackScreen.java:232) ~[neoculus-mc1.21.1-1.8.7.jar%23151!/:?] {re:classloading,re:mixin}
	at TRANSFORMER/minecraft@1.21.1/net.minecraft.client.MouseHandler.lambda$onPress$0(MouseHandler.java:98) ~[client-1.21.1-20240808.144430-srg.jar%23148!/:?] {re:classloading,pl:runtimedistcleaner:A}
	at TRANSFORMER/minecraft@1.21.1/net.minecraft.client.gui.screens.Screen.wrapScreenError(Screen.java:451) ~[client-1.21.1-20240808.144430-srg.jar%23148!/:?] {re:mixin,pl:accesstransformer:B,pl:runtimedistcleaner:A,re:computing_frames,pl:accesstransformer:B,pl:runtimedistcleaner:A,re:classloading,pl:accesstransformer:B,pl:runtimedistcleaner:A}
	at TRANSFORMER/minecraft@1.21.1/net.minecraft.client.MouseHandler.onPress(MouseHandler.java:95) ~[client-1.21.1-20240808.144430-srg.jar%23148!/:?] {re:classloading,pl:runtimedistcleaner:A}
	at TRANSFORMER/minecraft@1.21.1/net.minecraft.client.MouseHandler.lambda$setup$4(MouseHandler.java:202) ~[client-1.21.1-20240808.144430-srg.jar%23148!/:?] {re:classloading,pl:runtimedistcleaner:A}
	at TRANSFORMER/minecraft@1.21.1/net.minecraft.util.thread.BlockableEventLoop.execute(BlockableEventLoop.java:98) ~[client-1.21.1-20240808.144430-srg.jar%23148!/:?] {re:mixin,pl:accesstransformer:B,re:computing_frames,pl:accesstransformer:B,re:classloading,pl:accesstransformer:B}
	at TRANSFORMER/minecraft@1.21.1/net.minecraft.client.MouseHandler.lambda$setup$5(MouseHandler.java:202) ~[client-1.21.1-20240808.144430-srg.jar%23148!/:?] {re:classloading,pl:runtimedistcleaner:A}
	at MC-BOOTSTRAP/org.lwjgl/org.lwjgl.glfw.GLFWMouseButtonCallbackI.callback(GLFWMouseButtonCallbackI.java:43) ~[lwjgl-glfw-classes.jar%2377!/:?] {}
	at MC-BOOTSTRAP/org.lwjgl/org.lwjgl.system.JNI.callJV(Native Method) ~[lwjgl-glfw-classes.jar%2377!/:?] {}
	at MC-BOOTSTRAP/org.lwjgl/org.lwjgl.glfw.GLFW.glfwPollEvents(GLFW.java:1187) ~[lwjgl-glfw-classes.jar%2377!/:?] {re:mixin}
	at TRANSFORMER/minecraft@1.21.1/com.mojang.blaze3d.systems.RenderSystem.pollEvents(RenderSystem.java:134) ~[client-1.21.1-20240808.144430-srg.jar%23148!/:?] {re:mixin,pl:runtimedistcleaner:A,re:classloading,pl:mixin:APP:mixins.oculus.json:MixinGlStateManager from mod oculus,pl:mixin:APP:mixins.oculus.json:MixinRenderSystem from mod oculus,pl:mixin:APP:mixins.oculus.json:statelisteners.MixinRenderSystem from mod oculus,pl:mixin:APP:embeddium.mixins.json:workarounds.event_loop.RenderSystemMixin from mod embeddium,pl:mixin:A,pl:runtimedistcleaner:A}
	at TRANSFORMER/minecraft@1.21.1/com.mojang.blaze3d.systems.RenderSystem.flipFrame(RenderSystem.java:147) ~[client-1.21.1-20240808.144430-srg.jar%23148!/:?] {re:mixin,pl:runtimedistcleaner:A,re:classloading,pl:mixin:APP:mixins.oculus.json:MixinGlStateManager from mod oculus,pl:mixin:APP:mixins.oculus.json:MixinRenderSystem from mod oculus,pl:mixin:APP:mixins.oculus.json:statelisteners.MixinRenderSystem from mod oculus,pl:mixin:APP:embeddium.mixins.json:workarounds.event_loop.RenderSystemMixin from mod embeddium,pl:mixin:A,pl:runtimedistcleaner:A}
	at TRANSFORMER/minecraft@1.21.1/com.mojang.blaze3d.platform.Window.updateDisplay(Window.java:292) ~[client-1.21.1-20240808.144430-srg.jar%23148!/:?] {re:mixin,pl:runtimedistcleaner:A,re:classloading,pl:mixin:APP:embeddium.mixins.json:workarounds.context_creation.WindowMixin from mod embeddium,pl:mixin:APP:mixins.oculus.json:MixinWindow from mod oculus,pl:mixin:A,pl:runtimedistcleaner:A}
	at TRANSFORMER/minecraft@1.21.1/net.minecraft.client.Minecraft.runTick(Minecraft.java:1217) ~[client-1.21.1-20240808.144430-srg.jar%23148!/:?] {re:mixin,pl:runtimedistcleaner:A,re:classloading,pl:mixin:A,pl:runtimedistcleaner:A}
	at TRANSFORMER/minecraft@1.21.1/net.minecraft.client.Minecraft.run(Minecraft.java:807) ~[client-1.21.1-20240808.144430-srg.jar%23148!/:?] {re:mixin,pl:runtimedistcleaner:A,re:classloading,pl:mixin:A,pl:runtimedistcleaner:A}
	at TRANSFORMER/minecraft@1.21.1/net.minecraft.client.main.Main.main(Main.java:230) ~[client-1.21.1-20240808.144430-srg.jar%23148!/:?] {re:classloading,pl:runtimedistcleaner:A}
	at java.base/jdk.internal.reflect.DirectMethodHandleAccessor.invoke(Unknown Source) ~[?:?] {}
	at java.base/java.lang.reflect.Method.invoke(Unknown Source) ~[?:?] {}
	at MC-BOOTSTRAP/fml_loader@4.0.44/net.neoforged.fml.loading.targets.CommonLaunchHandler.runTarget(CommonLaunchHandler.java:136) ~[loader-4.0.44.jar%23119!/:4.0] {}
	at MC-BOOTSTRAP/fml_loader@4.0.44/net.neoforged.fml.loading.targets.CommonLaunchHandler.clientService(CommonLaunchHandler.java:124) ~[loader-4.0.44.jar%23119!/:4.0] {}
	at MC-BOOTSTRAP/fml_loader@4.0.44/net.neoforged.fml.loading.targets.CommonClientLaunchHandler.runService(CommonClientLaunchHandler.java:32) ~[loader-4.0.44.jar%23119!/:4.0] {}
	at MC-BOOTSTRAP/fml_loader@4.0.44/net.neoforged.fml.loading.targets.CommonLaunchHandler.lambda$launchService$4(CommonLaunchHandler.java:118) ~[loader-4.0.44.jar%23119!/:4.0] {}
	at MC-BOOTSTRAP/cpw.mods.modlauncher@11.0.5/cpw.mods.modlauncher.LaunchServiceHandlerDecorator.launch(LaunchServiceHandlerDecorator.java:30) [modlauncher-11.0.5.jar%23124!/:?] {}
	at MC-BOOTSTRAP/cpw.mods.modlauncher@11.0.5/cpw.mods.modlauncher.LaunchServiceHandler.launch(LaunchServiceHandler.java:53) [modlauncher-11.0.5.jar%23124!/:?] {}
	at MC-BOOTSTRAP/cpw.mods.modlauncher@11.0.5/cpw.mods.modlauncher.LaunchServiceHandler.launch(LaunchServiceHandler.java:71) [modlauncher-11.0.5.jar%23124!/:?] {}
	at MC-BOOTSTRAP/cpw.mods.modlauncher@11.0.5/cpw.mods.modlauncher.Launcher.run(Launcher.java:103) [modlauncher-11.0.5.jar%23124!/:?] {}
	at MC-BOOTSTRAP/cpw.mods.modlauncher@11.0.5/cpw.mods.modlauncher.Launcher.main(Launcher.java:74) [modlauncher-11.0.5.jar%23124!/:?] {}
	at MC-BOOTSTRAP/cpw.mods.modlauncher@11.0.5/cpw.mods.modlauncher.BootstrapLaunchConsumer.accept(BootstrapLaunchConsumer.java:26) [modlauncher-11.0.5.jar%23124!/:?] {}
	at MC-BOOTSTRAP/cpw.mods.modlauncher@11.0.5/cpw.mods.modlauncher.BootstrapLaunchConsumer.accept(BootstrapLaunchConsumer.java:23) [modlauncher-11.0.5.jar%23124!/:?] {}
	at cpw.mods.bootstraplauncher@2.0.2/cpw.mods.bootstraplauncher.BootstrapLauncher.run(BootstrapLauncher.java:210) [bootstraplauncher-2.0.2.jar:?] {}
	at cpw.mods.bootstraplauncher@2.0.2/cpw.mods.bootstraplauncher.BootstrapLauncher.main(BootstrapLauncher.java:69) [bootstraplauncher-2.0.2.jar:?] {}
[00:38:31] [Render thread/WARN] [NeOculus/]: Failed to resolve uniform endFlashFactor0, reason: Unknown variable: endFlashIntensity ( = BinaryExpr{ {FunctionCall{min {[Id{endFlashIntensity}, Number{0.5}]} }} multiply{0} {Number{2.0}} })
java.lang.RuntimeException: Unknown variable: endFlashIntensity
	at TRANSFORMER/oculus@1.8.7/kroppeb.stareval.resolver.ExpressionResolver.resolveExpressionInternal(ExpressionResolver.java:220) ~[neoculus-mc1.21.1-1.8.7.jar%23151!/:?] {re:classloading}
	at TRANSFORMER/oculus@1.8.7/kroppeb.stareval.resolver.ExpressionResolver.resolveCallExpressionInternal(ExpressionResolver.java:81) ~[neoculus-mc1.21.1-1.8.7.jar%23151!/:?] {re:classloading}
	at TRANSFORMER/oculus@1.8.7/kroppeb.stareval.resolver.ExpressionResolver.resolveCallExpression(ExpressionResolver.java:111) ~[neoculus-mc1.21.1-1.8.7.jar%23151!/:?] {re:classloading}
	at TRANSFORMER/oculus@1.8.7/kroppeb.stareval.resolver.ExpressionResolver.resolveExpressionInternal(ExpressionResolver.java:194) ~[neoculus-mc1.21.1-1.8.7.jar%23151!/:?] {re:classloading}
	at TRANSFORMER/oculus@1.8.7/kroppeb.stareval.resolver.ExpressionResolver.resolveCallExpressionInternal(ExpressionResolver.java:81) ~[neoculus-mc1.21.1-1.8.7.jar%23151!/:?] {re:classloading}
	at TRANSFORMER/oculus@1.8.7/kroppeb.stareval.resolver.ExpressionResolver.resolveCallExpression(ExpressionResolver.java:111) ~[neoculus-mc1.21.1-1.8.7.jar%23151!/:?] {re:classloading}
	at TRANSFORMER/oculus@1.8.7/kroppeb.stareval.resolver.ExpressionResolver.resolveExpressionInternal(ExpressionResolver.java:191) ~[neoculus-mc1.21.1-1.8.7.jar%23151!/:?] {re:classloading}
	at TRANSFORMER/oculus@1.8.7/kroppeb.stareval.resolver.ExpressionResolver.resolveExpression(ExpressionResolver.java:50) ~[neoculus-mc1.21.1-1.8.7.jar%23151!/:?] {re:classloading}
	at TRANSFORMER/oculus@1.8.7/net.irisshaders.iris.uniforms.custom.CustomUniforms.<init>(CustomUniforms.java:62) ~[neoculus-mc1.21.1-1.8.7.jar%23151!/:?] {re:classloading}
	at TRANSFORMER/oculus@1.8.7/net.irisshaders.iris.uniforms.custom.CustomUniforms$Builder.build(CustomUniforms.java:334) ~[neoculus-mc1.21.1-1.8.7.jar%23151!/:?] {re:classloading}
	at TRANSFORMER/oculus@1.8.7/net.irisshaders.iris.uniforms.custom.CustomUniforms$Builder.build(CustomUniforms.java:345) ~[neoculus-mc1.21.1-1.8.7.jar%23151!/:?] {re:classloading}
	at TRANSFORMER/oculus@1.8.7/net.irisshaders.iris.pipeline.IrisRenderingPipeline.<init>(IrisRenderingPipeline.java:276) ~[neoculus-mc1.21.1-1.8.7.jar%23151!/:?] {re:mixin,re:classloading}
	at TRANSFORMER/oculus@1.8.7/net.irisshaders.iris.Iris.createPipeline(Iris.java:616) ~[neoculus-mc1.21.1-1.8.7.jar%23151!/:?] {re:mixin,re:classloading}
	at TRANSFORMER/oculus@1.8.7/net.irisshaders.iris.pipeline.PipelineManager.preparePipeline(PipelineManager.java:40) ~[neoculus-mc1.21.1-1.8.7.jar%23151!/:?] {re:mixin,re:classloading}
	at TRANSFORMER/oculus@1.8.7/net.irisshaders.iris.Iris.reload(Iris.java:567) ~[neoculus-mc1.21.1-1.8.7.jar%23151!/:?] {re:mixin,re:classloading}
	at TRANSFORMER/oculus@1.8.7/net.irisshaders.iris.apiimpl.IrisApiV0ConfigImpl.setShadersEnabledAndApply(IrisApiV0ConfigImpl.java:28) ~[neoculus-mc1.21.1-1.8.7.jar%23151!/:?] {re:classloading}
	at TRANSFORMER/oculus@1.8.7/net.irisshaders.iris.gui.screen.ShaderPackScreen.applyChanges(ShaderPackScreen.java:630) ~[neoculus-mc1.21.1-1.8.7.jar%23151!/:?] {re:classloading,re:mixin}
	at TRANSFORMER/oculus@1.8.7/net.irisshaders.iris.gui.screen.ShaderPackScreen.lambda$init$6(ShaderPackScreen.java:271) ~[neoculus-mc1.21.1-1.8.7.jar%23151!/:?] {re:classloading,re:mixin}
	at TRANSFORMER/minecraft@1.21.1/net.minecraft.client.gui.components.Button.onPress(Button.java:41) ~[client-1.21.1-20240808.144430-srg.jar%23148!/:?] {re:classloading,pl:runtimedistcleaner:A}
	at TRANSFORMER/minecraft@1.21.1/net.minecraft.client.gui.components.AbstractButton.onClick(AbstractButton.java:47) ~[client-1.21.1-20240808.144430-srg.jar%23148!/:?] {re:classloading,pl:accesstransformer:B,pl:runtimedistcleaner:A}
	at TRANSFORMER/neoforge@21.1.249/net.neoforged.neoforge.client.extensions.IAbstractWidgetExtension.onClick(IAbstractWidgetExtension.java:36) ~[neoforge-21.1.249-universal.jar%23149!/:?] {re:classloading}
	at TRANSFORMER/minecraft@1.21.1/net.minecraft.client.gui.components.AbstractWidget.mouseClicked(AbstractWidget.java:144) ~[client-1.21.1-20240808.144430-srg.jar%23148!/:?] {re:classloading,pl:accesstransformer:B,pl:runtimedistcleaner:A}
	at TRANSFORMER/minecraft@1.21.1/net.minecraft.client.gui.components.events.ContainerEventHandler.mouseClicked(ContainerEventHandler.java:38) ~[client-1.21.1-20240808.144430-srg.jar%23148!/:?] {re:mixin,re:computing_frames,re:classloading}
	at TRANSFORMER/oculus@1.8.7/net.irisshaders.iris.gui.screen.ShaderPackScreen.mouseClicked(ShaderPackScreen.java:232) ~[neoculus-mc1.21.1-1.8.7.jar%23151!/:?] {re:classloading,re:mixin}
	at TRANSFORMER/minecraft@1.21.1/net.minecraft.client.MouseHandler.lambda$onPress$0(MouseHandler.java:98) ~[client-1.21.1-20240808.144430-srg.jar%23148!/:?] {re:classloading,pl:runtimedistcleaner:A}
	at TRANSFORMER/minecraft@1.21.1/net.minecraft.client.gui.screens.Screen.wrapScreenError(Screen.java:451) ~[client-1.21.1-20240808.144430-srg.jar%23148!/:?] {re:mixin,pl:accesstransformer:B,pl:runtimedistcleaner:A,re:computing_frames,pl:accesstransformer:B,pl:runtimedistcleaner:A,re:classloading,pl:accesstransformer:B,pl:runtimedistcleaner:A}
	at TRANSFORMER/minecraft@1.21.1/net.minecraft.client.MouseHandler.onPress(MouseHandler.java:95) ~[client-1.21.1-20240808.144430-srg.jar%23148!/:?] {re:classloading,pl:runtimedistcleaner:A}
	at TRANSFORMER/minecraft@1.21.1/net.minecraft.client.MouseHandler.lambda$setup$4(MouseHandler.java:202) ~[client-1.21.1-20240808.144430-srg.jar%23148!/:?] {re:classloading,pl:runtimedistcleaner:A}
	at TRANSFORMER/minecraft@1.21.1/net.minecraft.util.thread.BlockableEventLoop.execute(BlockableEventLoop.java:98) ~[client-1.21.1-20240808.144430-srg.jar%23148!/:?] {re:mixin,pl:accesstransformer:B,re:computing_frames,pl:accesstransformer:B,re:classloading,pl:accesstransformer:B}
	at TRANSFORMER/minecraft@1.21.1/net.minecraft.client.MouseHandler.lambda$setup$5(MouseHandler.java:202) ~[client-1.21.1-20240808.144430-srg.jar%23148!/:?] {re:classloading,pl:runtimedistcleaner:A}
	at MC-BOOTSTRAP/org.lwjgl/org.lwjgl.glfw.GLFWMouseButtonCallbackI.callback(GLFWMouseButtonCallbackI.java:43) ~[lwjgl-glfw-classes.jar%2377!/:?] {}
	at MC-BOOTSTRAP/org.lwjgl/org.lwjgl.system.JNI.callJV(Native Method) ~[lwjgl-glfw-classes.jar%2377!/:?] {}
	at MC-BOOTSTRAP/org.lwjgl/org.lwjgl.glfw.GLFW.glfwPollEvents(GLFW.java:1187) ~[lwjgl-glfw-classes.jar%2377!/:?] {re:mixin}
	at TRANSFORMER/minecraft@1.21.1/com.mojang.blaze3d.systems.RenderSystem.pollEvents(RenderSystem.java:134) ~[client-1.21.1-20240808.144430-srg.jar%23148!/:?] {re:mixin,pl:runtimedistcleaner:A,re:classloading,pl:mixin:APP:mixins.oculus.json:MixinGlStateManager from mod oculus,pl:mixin:APP:mixins.oculus.json:MixinRenderSystem from mod oculus,pl:mixin:APP:mixins.oculus.json:statelisteners.MixinRenderSystem from mod oculus,pl:mixin:APP:embeddium.mixins.json:workarounds.event_loop.RenderSystemMixin from mod embeddium,pl:mixin:A,pl:runtimedistcleaner:A}
	at TRANSFORMER/minecraft@1.21.1/com.mojang.blaze3d.systems.RenderSystem.flipFrame(RenderSystem.java:147) ~[client-1.21.1-20240808.144430-srg.jar%23148!/:?] {re:mixin,pl:runtimedistcleaner:A,re:classloading,pl:mixin:APP:mixins.oculus.json:MixinGlStateManager from mod oculus,pl:mixin:APP:mixins.oculus.json:MixinRenderSystem from mod oculus,pl:mixin:APP:mixins.oculus.json:statelisteners.MixinRenderSystem from mod oculus,pl:mixin:APP:embeddium.mixins.json:workarounds.event_loop.RenderSystemMixin from mod embeddium,pl:mixin:A,pl:runtimedistcleaner:A}
	at TRANSFORMER/minecraft@1.21.1/com.mojang.blaze3d.platform.Window.updateDisplay(Window.java:292) ~[client-1.21.1-20240808.144430-srg.jar%23148!/:?] {re:mixin,pl:runtimedistcleaner:A,re:classloading,pl:mixin:APP:embeddium.mixins.json:workarounds.context_creation.WindowMixin from mod embeddium,pl:mixin:APP:mixins.oculus.json:MixinWindow from mod oculus,pl:mixin:A,pl:runtimedistcleaner:A}
	at TRANSFORMER/minecraft@1.21.1/net.minecraft.client.Minecraft.runTick(Minecraft.java:1217) ~[client-1.21.1-20240808.144430-srg.jar%23148!/:?] {re:mixin,pl:runtimedistcleaner:A,re:classloading,pl:mixin:A,pl:runtimedistcleaner:A}
	at TRANSFORMER/minecraft@1.21.1/net.minecraft.client.Minecraft.run(Minecraft.java:807) ~[client-1.21.1-20240808.144430-srg.jar%23148!/:?] {re:mixin,pl:runtimedistcleaner:A,re:classloading,pl:mixin:A,pl:runtimedistcleaner:A}
	at TRANSFORMER/minecraft@1.21.1/net.minecraft.client.main.Main.main(Main.java:230) ~[client-1.21.1-20240808.144430-srg.jar%23148!/:?] {re:classloading,pl:runtimedistcleaner:A}
	at java.base/jdk.internal.reflect.DirectMethodHandleAccessor.invoke(Unknown Source) ~[?:?] {}
	at java.base/java.lang.reflect.Method.invoke(Unknown Source) ~[?:?] {}
	at MC-BOOTSTRAP/fml_loader@4.0.44/net.neoforged.fml.loading.targets.CommonLaunchHandler.runTarget(CommonLaunchHandler.java:136) ~[loader-4.0.44.jar%23119!/:4.0] {}
	at MC-BOOTSTRAP/fml_loader@4.0.44/net.neoforged.fml.loading.targets.CommonLaunchHandler.clientService(CommonLaunchHandler.java:124) ~[loader-4.0.44.jar%23119!/:4.0] {}
	at MC-BOOTSTRAP/fml_loader@4.0.44/net.neoforged.fml.loading.targets.CommonClientLaunchHandler.runService(CommonClientLaunchHandler.java:32) ~[loader-4.0.44.jar%23119!/:4.0] {}
	at MC-BOOTSTRAP/fml_loader@4.0.44/net.neoforged.fml.loading.targets.CommonLaunchHandler.lambda$launchService$4(CommonLaunchHandler.java:118) ~[loader-4.0.44.jar%23119!/:4.0] {}
	at MC-BOOTSTRAP/cpw.mods.modlauncher@11.0.5/cpw.mods.modlauncher.LaunchServiceHandlerDecorator.launch(LaunchServiceHandlerDecorator.java:30) [modlauncher-11.0.5.jar%23124!/:?] {}
	at MC-BOOTSTRAP/cpw.mods.modlauncher@11.0.5/cpw.mods.modlauncher.LaunchServiceHandler.launch(LaunchServiceHandler.java:53) [modlauncher-11.0.5.jar%23124!/:?] {}
	at MC-BOOTSTRAP/cpw.mods.modlauncher@11.0.5/cpw.mods.modlauncher.LaunchServiceHandler.launch(LaunchServiceHandler.java:71) [modlauncher-11.0.5.jar%23124!/:?] {}
	at MC-BOOTSTRAP/cpw.mods.modlauncher@11.0.5/cpw.mods.modlauncher.Launcher.run(Launcher.java:103) [modlauncher-11.0.5.jar%23124!/:?] {}
	at MC-BOOTSTRAP/cpw.mods.modlauncher@11.0.5/cpw.mods.modlauncher.Launcher.main(Launcher.java:74) [modlauncher-11.0.5.jar%23124!/:?] {}
	at MC-BOOTSTRAP/cpw.mods.modlauncher@11.0.5/cpw.mods.modlauncher.BootstrapLaunchConsumer.accept(BootstrapLaunchConsumer.java:26) [modlauncher-11.0.5.jar%23124!/:?] {}
	at MC-BOOTSTRAP/cpw.mods.modlauncher@11.0.5/cpw.mods.modlauncher.BootstrapLaunchConsumer.accept(BootstrapLaunchConsumer.java:23) [modlauncher-11.0.5.jar%23124!/:?] {}
	at cpw.mods.bootstraplauncher@2.0.2/cpw.mods.bootstraplauncher.BootstrapLauncher.run(BootstrapLauncher.java:210) [bootstraplauncher-2.0.2.jar:?] {}
	at cpw.mods.bootstraplauncher@2.0.2/cpw.mods.bootstraplauncher.BootstrapLauncher.main(BootstrapLauncher.java:69) [bootstraplauncher-2.0.2.jar:?] {}
[00:38:31] [Render thread/WARN] [NeOculus/]: The following uniforms won't work, either because they are broken, or reference a broken uniform: 
endFlashIntensityM, endFlashFactor1
[00:38:32] [Render thread/INFO] [minecraft/ChatComponent]: [System] [CHAT] NeOculus encountered an issue trying to load the shader; please report this to NeOculus developers. Copy Info
[00:38:32] [Render thread/ERROR] [NeOculus/]: Failed to create shader rendering pipeline, disabling shaders!
java.lang.IllegalStateException: Unexpected error while creating framebuffer: Draw buffers [0, 1, 2] Status: 36054
	at TRANSFORMER/oculus@1.8.7/net.irisshaders.iris.targets.RenderTargets.createColorFramebuffer(RenderTargets.java:368) ~[neoculus-mc1.21.1-1.8.7.jar%23151!/:?] {re:classloading}
	at TRANSFORMER/oculus@1.8.7/net.irisshaders.iris.pipeline.CompositeRenderer.<init>(CompositeRenderer.java:133) ~[neoculus-mc1.21.1-1.8.7.jar%23151!/:?] {re:classloading}
	at TRANSFORMER/oculus@1.8.7/net.irisshaders.iris.pipeline.IrisRenderingPipeline.<init>(IrisRenderingPipeline.java:326) ~[neoculus-mc1.21.1-1.8.7.jar%23151!/:?] {re:mixin,re:classloading}
	at TRANSFORMER/oculus@1.8.7/net.irisshaders.iris.Iris.createPipeline(Iris.java:616) ~[neoculus-mc1.21.1-1.8.7.jar%23151!/:?] {re:mixin,re:classloading}
	at TRANSFORMER/oculus@1.8.7/net.irisshaders.iris.pipeline.PipelineManager.preparePipeline(PipelineManager.java:40) ~[neoculus-mc1.21.1-1.8.7.jar%23151!/:?] {re:mixin,re:classloading}
	at TRANSFORMER/oculus@1.8.7/net.irisshaders.iris.Iris.reload(Iris.java:567) ~[neoculus-mc1.21.1-1.8.7.jar%23151!/:?] {re:mixin,re:classloading}
	at TRANSFORMER/oculus@1.8.7/net.irisshaders.iris.apiimpl.IrisApiV0ConfigImpl.setShadersEnabledAndApply(IrisApiV0ConfigImpl.java:28) ~[neoculus-mc1.21.1-1.8.7.jar%23151!/:?] {re:classloading}
	at TRANSFORMER/oculus@1.8.7/net.irisshaders.iris.gui.screen.ShaderPackScreen.applyChanges(ShaderPackScreen.java:630) ~[neoculus-mc1.21.1-1.8.7.jar%23151!/:?] {re:classloading,re:mixin}
	at TRANSFORMER/oculus@1.8.7/net.irisshaders.iris.gui.screen.ShaderPackScreen.lambda$init$6(ShaderPackScreen.java:271) ~[neoculus-mc1.21.1-1.8.7.jar%23151!/:?] {re:classloading,re:mixin}
	at TRANSFORMER/minecraft@1.21.1/net.minecraft.client.gui.components.Button.onPress(Button.java:41) ~[client-1.21.1-20240808.144430-srg.jar%23148!/:?] {re:classloading,pl:runtimedistcleaner:A}
	at TRANSFORMER/minecraft@1.21.1/net.minecraft.client.gui.components.AbstractButton.onClick(AbstractButton.java:47) ~[client-1.21.1-20240808.144430-srg.jar%23148!/:?] {re:classloading,pl:accesstransformer:B,pl:runtimedistcleaner:A}
	at TRANSFORMER/neoforge@21.1.249/net.neoforged.neoforge.client.extensions.IAbstractWidgetExtension.onClick(IAbstractWidgetExtension.java:36) ~[neoforge-21.1.249-universal.jar%23149!/:?] {re:classloading}
	at TRANSFORMER/minecraft@1.21.1/net.minecraft.client.gui.components.AbstractWidget.mouseClicked(AbstractWidget.java:144) ~[client-1.21.1-20240808.144430-srg.jar%23148!/:?] {re:classloading,pl:accesstransformer:B,pl:runtimedistcleaner:A}
	at TRANSFORMER/minecraft@1.21.1/net.minecraft.client.gui.components.events.ContainerEventHandler.mouseClicked(ContainerEventHandler.java:38) ~[client-1.21.1-20240808.144430-srg.jar%23148!/:?] {re:mixin,re:computing_frames,re:classloading}
	at TRANSFORMER/oculus@1.8.7/net.irisshaders.iris.gui.screen.ShaderPackScreen.mouseClicked(ShaderPackScreen.java:232) ~[neoculus-mc1.21.1-1.8.7.jar%23151!/:?] {re:classloading,re:mixin}
	at TRANSFORMER/minecraft@1.21.1/net.minecraft.client.MouseHandler.lambda$onPress$0(MouseHandler.java:98) ~[client-1.21.1-20240808.144430-srg.jar%23148!/:?] {re:classloading,pl:runtimedistcleaner:A}
	at TRANSFORMER/minecraft@1.21.1/net.minecraft.client.gui.screens.Screen.wrapScreenError(Screen.java:451) ~[client-1.21.1-20240808.144430-srg.jar%23148!/:?] {re:mixin,pl:accesstransformer:B,pl:runtimedistcleaner:A,re:computing_frames,pl:accesstransformer:B,pl:runtimedistcleaner:A,re:classloading,pl:accesstransformer:B,pl:runtimedistcleaner:A}
	at TRANSFORMER/minecraft@1.21.1/net.minecraft.client.MouseHandler.onPress(MouseHandler.java:95) ~[client-1.21.1-20240808.144430-srg.jar%23148!/:?] {re:classloading,pl:runtimedistcleaner:A}
	at TRANSFORMER/minecraft@1.21.1/net.minecraft.client.MouseHandler.lambda$setup$4(MouseHandler.java:202) ~[client-1.21.1-20240808.144430-srg.jar%23148!/:?] {re:classloading,pl:runtimedistcleaner:A}
	at TRANSFORMER/minecraft@1.21.1/net.minecraft.util.thread.BlockableEventLoop.execute(BlockableEventLoop.java:98) ~[client-1.21.1-20240808.144430-srg.jar%23148!/:?] {re:mixin,pl:accesstransformer:B,re:computing_frames,pl:accesstransformer:B,re:classloading,pl:accesstransformer:B}
	at TRANSFORMER/minecraft@1.21.1/net.minecraft.client.MouseHandler.lambda$setup$5(MouseHandler.java:202) ~[client-1.21.1-20240808.144430-srg.jar%23148!/:?] {re:classloading,pl:runtimedistcleaner:A}
	at MC-BOOTSTRAP/org.lwjgl/org.lwjgl.glfw.GLFWMouseButtonCallbackI.callback(GLFWMouseButtonCallbackI.java:43) ~[lwjgl-glfw-classes.jar%2377!/:?] {}
	at MC-BOOTSTRAP/org.lwjgl/org.lwjgl.system.JNI.callJV(Native Method) ~[lwjgl-glfw-classes.jar%2377!/:?] {}
	at MC-BOOTSTRAP/org.lwjgl/org.lwjgl.glfw.GLFW.glfwPollEvents(GLFW.java:1187) ~[lwjgl-glfw-classes.jar%2377!/:?] {re:mixin}
	at TRANSFORMER/minecraft@1.21.1/com.mojang.blaze3d.systems.RenderSystem.pollEvents(RenderSystem.java:134) ~[client-1.21.1-20240808.144430-srg.jar%23148!/:?] {re:mixin,pl:runtimedistcleaner:A,re:classloading,pl:mixin:APP:mixins.oculus.json:MixinGlStateManager from mod oculus,pl:mixin:APP:mixins.oculus.json:MixinRenderSystem from mod oculus,pl:mixin:APP:mixins.oculus.json:statelisteners.MixinRenderSystem from mod oculus,pl:mixin:APP:embeddium.mixins.json:workarounds.event_loop.RenderSystemMixin from mod embeddium,pl:mixin:A,pl:runtimedistcleaner:A}
	at TRANSFORMER/minecraft@1.21.1/com.mojang.blaze3d.systems.RenderSystem.flipFrame(RenderSystem.java:147) ~[client-1.21.1-20240808.144430-srg.jar%23148!/:?] {re:mixin,pl:runtimedistcleaner:A,re:classloading,pl:mixin:APP:mixins.oculus.json:MixinGlStateManager from mod oculus,pl:mixin:APP:mixins.oculus.json:MixinRenderSystem from mod oculus,pl:mixin:APP:mixins.oculus.json:statelisteners.MixinRenderSystem from mod oculus,pl:mixin:APP:embeddium.mixins.json:workarounds.event_loop.RenderSystemMixin from mod embeddium,pl:mixin:A,pl:runtimedistcleaner:A}
	at TRANSFORMER/minecraft@1.21.1/com.mojang.blaze3d.platform.Window.updateDisplay(Window.java:292) ~[client-1.21.1-20240808.144430-srg.jar%23148!/:?] {re:mixin,pl:runtimedistcleaner:A,re:classloading,pl:mixin:APP:embeddium.mixins.json:workarounds.context_creation.WindowMixin from mod embeddium,pl:mixin:APP:mixins.oculus.json:MixinWindow from mod oculus,pl:mixin:A,pl:runtimedistcleaner:A}
	at TRANSFORMER/minecraft@1.21.1/net.minecraft.client.Minecraft.runTick(Minecraft.java:1217) ~[client-1.21.1-20240808.144430-srg.jar%23148!/:?] {re:mixin,pl:runtimedistcleaner:A,re:classloading,pl:mixin:A,pl:runtimedistcleaner:A}
	at TRANSFORMER/minecraft@1.21.1/net.minecraft.client.Minecraft.run(Minecraft.java:807) ~[client-1.21.1-20240808.144430-srg.jar%23148!/:?] {re:mixin,pl:runtimedistcleaner:A,re:classloading,pl:mixin:A,pl:runtimedistcleaner:A}
	at TRANSFORMER/minecraft@1.21.1/net.minecraft.client.main.Main.main(Main.java:230) ~[client-1.21.1-20240808.144430-srg.jar%23148!/:?] {re:classloading,pl:runtimedistcleaner:A}
	at java.base/jdk.internal.reflect.DirectMethodHandleAccessor.invoke(Unknown Source) ~[?:?] {}
	at java.base/java.lang.reflect.Method.invoke(Unknown Source) ~[?:?] {}
	at MC-BOOTSTRAP/fml_loader@4.0.44/net.neoforged.fml.loading.targets.CommonLaunchHandler.runTarget(CommonLaunchHandler.java:136) ~[loader-4.0.44.jar%23119!/:4.0] {}
	at MC-BOOTSTRAP/fml_loader@4.0.44/net.neoforged.fml.loading.targets.CommonLaunchHandler.clientService(CommonLaunchHandler.java:124) ~[loader-4.0.44.jar%23119!/:4.0] {}
	at MC-BOOTSTRAP/fml_loader@4.0.44/net.neoforged.fml.loading.targets.CommonClientLaunchHandler.runService(CommonClientLaunchHandler.java:32) ~[loader-4.0.44.jar%23119!/:4.0] {}
	at MC-BOOTSTRAP/fml_loader@4.0.44/net.neoforged.fml.loading.targets.CommonLaunchHandler.lambda$launchService$4(CommonLaunchHandler.java:118) ~[loader-4.0.44.jar%23119!/:4.0] {}
	at MC-BOOTSTRAP/cpw.mods.modlauncher@11.0.5/cpw.mods.modlauncher.LaunchServiceHandlerDecorator.launch(LaunchServiceHandlerDecorator.java:30) [modlauncher-11.0.5.jar%23124!/:?] {}
	at MC-BOOTSTRAP/cpw.mods.modlauncher@11.0.5/cpw.mods.modlauncher.LaunchServiceHandler.launch(LaunchServiceHandler.java:53) [modlauncher-11.0.5.jar%23124!/:?] {}
	at MC-BOOTSTRAP/cpw.mods.modlauncher@11.0.5/cpw.mods.modlauncher.LaunchServiceHandler.launch(LaunchServiceHandler.java:71) [modlauncher-11.0.5.jar%23124!/:?] {}
	at MC-BOOTSTRAP/cpw.mods.modlauncher@11.0.5/cpw.mods.modlauncher.Launcher.run(Launcher.java:103) [modlauncher-11.0.5.jar%23124!/:?] {}
	at MC-BOOTSTRAP/cpw.mods.modlauncher@11.0.5/cpw.mods.modlauncher.Launcher.main(Launcher.java:74) [modlauncher-11.0.5.jar%23124!/:?] {}
	at MC-BOOTSTRAP/cpw.mods.modlauncher@11.0.5/cpw.mods.modlauncher.BootstrapLaunchConsumer.accept(BootstrapLaunchConsumer.java:26) [modlauncher-11.0.5.jar%23124!/:?] {}
	at MC-BOOTSTRAP/cpw.mods.modlauncher@11.0.5/cpw.mods.modlauncher.BootstrapLaunchConsumer.accept(BootstrapLaunchConsumer.java:23) [modlauncher-11.0.5.jar%23124!/:?] {}
	at cpw.mods.bootstraplauncher@2.0.2/cpw.mods.bootstraplauncher.BootstrapLauncher.run(BootstrapLauncher.java:210) [bootstraplauncher-2.0.2.jar:?] {}
	at cpw.mods.bootstraplauncher@2.0.2/cpw.mods.bootstraplauncher.BootstrapLauncher.main(BootstrapLauncher.java:69) [bootstraplauncher-2.0.2.jar:?] {}
[00:38:41] [Server thread/INFO] [minecraft/IntegratedServer]: Saving and pausing game...
[00:38:41] [Server thread/INFO] [minecraft/MinecraftServer]: Saving chunks for level 'ServerLevel[新的世界]'/minecraft:overworld
[00:38:42] [Server thread/INFO] [minecraft/MinecraftServer]: Saving chunks for level 'ServerLevel[新的世界]'/minecraft:the_end
[00:38:42] [Server thread/INFO] [minecraft/MinecraftServer]: Saving chunks for level 'ServerLevel[新的世界]'/minecraft:the_nether
[00:38:43] [Server thread/INFO] [minecraft/IntegratedServer]: Saving and pausing game...
[00:38:43] [Server thread/INFO] [minecraft/MinecraftServer]: Saving chunks for level 'ServerLevel[新的世界]'/minecraft:overworld
[00:38:43] [Server thread/INFO] [minecraft/MinecraftServer]: Saving chunks for level 'ServerLevel[新的世界]'/minecraft:the_end
[00:38:43] [Server thread/INFO] [minecraft/MinecraftServer]: Saving chunks for level 'ServerLevel[新的世界]'/minecraft:the_nether
[DEBUG] Clipboard: Converting string
[DEBUG] Clipboard: Calling 2nd
[00:38:56] [Render thread/INFO] [minecraft/ChatComponent]: [System] [CHAT] [调试]： 坐标已复制到剪贴板
[DEBUG] Clipboard: Converting string
[DEBUG] Clipboard: Calling 2nd
[00:38:57] [Render thread/INFO] [minecraft/ChatComponent]: [System] [CHAT] [调试]： F3 + C已被按下。若不放开按键则会使游戏崩溃。
[00:38:58] [Render thread/INFO] [minecraft/ChatComponent]: [System] [CHAT] [调试]： 将在8秒后崩溃…
[00:38:59] [Render thread/INFO] [minecraft/ChatComponent]: [System] [CHAT] [调试]： 将在7秒后崩溃…
[00:39:00] [Render thread/INFO] [minecraft/ChatComponent]: [System] [CHAT] [调试]： 将在6秒后崩溃…
[00:39:01] [Render thread/INFO] [minecraft/ChatComponent]: [System] [CHAT] [调试]： 将在5秒后崩溃…
[00:39:02] [Render thread/INFO] [minecraft/ChatComponent]: [System] [CHAT] [调试]： 将在4秒后崩溃…
[00:39:03] [Render thread/INFO] [minecraft/ChatComponent]: [System] [CHAT] [调试]： 将在3秒后崩溃…
[00:39:04] [Render thread/INFO] [minecraft/ChatComponent]: [System] [CHAT] [调试]： 将在2秒后崩溃…
[00:39:05] [Render thread/INFO] [minecraft/ChatComponent]: [System] [CHAT] [调试]： 将在1秒后崩溃…
[00:39:08] [Render thread/ERROR] [minecraft/Minecraft]: Reported exception thrown!
net.minecraft.ReportedException: Manually triggered debug crash
	at TRANSFORMER/minecraft@1.21.1/net.minecraft.client.KeyboardHandler.tick(KeyboardHandler.java:548) ~[client-1.21.1-20240808.144430-srg.jar%23148!/:?] {re:classloading,pl:runtimedistcleaner:A}
	at TRANSFORMER/minecraft@1.21.1/net.minecraft.client.Minecraft.tick(Minecraft.java:1912) ~[client-1.21.1-20240808.144430-srg.jar%23148!/:?] {re:mixin,pl:runtimedistcleaner:A,re:classloading,pl:mixin:A,pl:runtimedistcleaner:A}
	at TRANSFORMER/minecraft@1.21.1/net.minecraft.client.Minecraft.runTick(Minecraft.java:1161) ~[client-1.21.1-20240808.144430-srg.jar%23148!/:?] {re:mixin,pl:runtimedistcleaner:A,re:classloading,pl:mixin:A,pl:runtimedistcleaner:A}
	at TRANSFORMER/minecraft@1.21.1/net.minecraft.client.Minecraft.run(Minecraft.java:807) ~[client-1.21.1-20240808.144430-srg.jar%23148!/:?] {re:mixin,pl:runtimedistcleaner:A,re:classloading,pl:mixin:A,pl:runtimedistcleaner:A}
	at TRANSFORMER/minecraft@1.21.1/net.minecraft.client.main.Main.main(Main.java:230) ~[client-1.21.1-20240808.144430-srg.jar%23148!/:?] {re:classloading,pl:runtimedistcleaner:A}
	at java.base/jdk.internal.reflect.DirectMethodHandleAccessor.invoke(Unknown Source) ~[?:?] {}
	at java.base/java.lang.reflect.Method.invoke(Unknown Source) ~[?:?] {}
	at MC-BOOTSTRAP/fml_loader@4.0.44/net.neoforged.fml.loading.targets.CommonLaunchHandler.runTarget(CommonLaunchHandler.java:136) ~[loader-4.0.44.jar%23119!/:4.0] {}
	at MC-BOOTSTRAP/fml_loader@4.0.44/net.neoforged.fml.loading.targets.CommonLaunchHandler.clientService(CommonLaunchHandler.java:124) ~[loader-4.0.44.jar%23119!/:4.0] {}
	at MC-BOOTSTRAP/fml_loader@4.0.44/net.neoforged.fml.loading.targets.CommonClientLaunchHandler.runService(CommonClientLaunchHandler.java:32) ~[loader-4.0.44.jar%23119!/:4.0] {}
	at MC-BOOTSTRAP/fml_loader@4.0.44/net.neoforged.fml.loading.targets.CommonLaunchHandler.lambda$launchService$4(CommonLaunchHandler.java:118) ~[loader-4.0.44.jar%23119!/:4.0] {}
	at MC-BOOTSTRAP/cpw.mods.modlauncher@11.0.5/cpw.mods.modlauncher.LaunchServiceHandlerDecorator.launch(LaunchServiceHandlerDecorator.java:30) [modlauncher-11.0.5.jar%23124!/:?] {}
	at MC-BOOTSTRAP/cpw.mods.modlauncher@11.0.5/cpw.mods.modlauncher.LaunchServiceHandler.launch(LaunchServiceHandler.java:53) [modlauncher-11.0.5.jar%23124!/:?] {}
	at MC-BOOTSTRAP/cpw.mods.modlauncher@11.0.5/cpw.mods.modlauncher.LaunchServiceHandler.launch(LaunchServiceHandler.java:71) [modlauncher-11.0.5.jar%23124!/:?] {}
	at MC-BOOTSTRAP/cpw.mods.modlauncher@11.0.5/cpw.mods.modlauncher.Launcher.run(Launcher.java:103) [modlauncher-11.0.5.jar%23124!/:?] {}
	at MC-BOOTSTRAP/cpw.mods.modlauncher@11.0.5/cpw.mods.modlauncher.Launcher.main(Launcher.java:74) [modlauncher-11.0.5.jar%23124!/:?] {}
	at MC-BOOTSTRAP/cpw.mods.modlauncher@11.0.5/cpw.mods.modlauncher.BootstrapLaunchConsumer.accept(BootstrapLaunchConsumer.java:26) [modlauncher-11.0.5.jar%23124!/:?] {}
	at MC-BOOTSTRAP/cpw.mods.modlauncher@11.0.5/cpw.mods.modlauncher.BootstrapLaunchConsumer.accept(BootstrapLaunchConsumer.java:23) [modlauncher-11.0.5.jar%23124!/:?] {}
	at cpw.mods.bootstraplauncher@2.0.2/cpw.mods.bootstraplauncher.BootstrapLauncher.run(BootstrapLauncher.java:210) [bootstraplauncher-2.0.2.jar:?] {}
	at cpw.mods.bootstraplauncher@2.0.2/cpw.mods.bootstraplauncher.BootstrapLauncher.main(BootstrapLauncher.java:69) [bootstraplauncher-2.0.2.jar:?] {}
Caused by: java.lang.Throwable: Manually triggered debug crash
	at TRANSFORMER/minecraft@1.21.1/net.minecraft.client.KeyboardHandler.tick(KeyboardHandler.java:545) ~[client-1.21.1-20240808.144430-srg.jar%23148!/:?] {re:classloading,pl:runtimedistcleaner:A}
	... 19 more
[00:39:08] [Server thread/INFO] [minecraft/MinecraftServer]: Stopping server
[00:39:08] [Server thread/INFO] [minecraft/MinecraftServer]: Saving players
[00:39:08] [Server thread/INFO] [minecraft/MinecraftServer]: Saving worlds
[00:39:09] [Server thread/INFO] [minecraft/MinecraftServer]: Saving chunks for level 'ServerLevel[新的世界]'/minecraft:overworld
[00:39:10] [Server thread/INFO] [minecraft/MinecraftServer]: Saving chunks for level 'ServerLevel[新的世界]'/minecraft:the_end
[00:39:10] [Server thread/INFO] [minecraft/MinecraftServer]: Saving chunks for level 'ServerLevel[新的世界]'/minecraft:the_nether
[00:39:10] [Server thread/INFO] [minecraft/MinecraftServer]: ThreadedAnvilChunkStorage (新的世界): All chunks are saved
[00:39:10] [Server thread/INFO] [minecraft/MinecraftServer]: ThreadedAnvilChunkStorage (DIM1): All chunks are saved
[00:39:10] [Server thread/INFO] [minecraft/MinecraftServer]: ThreadedAnvilChunkStorage (DIM-1): All chunks are saved
[00:39:10] [Server thread/INFO] [minecraft/MinecraftServer]: ThreadedAnvilChunkStorage: All dimensions are saved
[00:39:10] [Render thread/INFO] [ChunkBuilder/]: Stopping worker threads
[00:39:10] [Render thread/FATAL] [ne.ne.ne.co.NeoForgeMod/]: Preparing crash report with UUID 85d36985-3a52-40f1-bb1c-cb45867e2d9f
---- Minecraft Crash Report ----
// Surprise! Haha. Well, this is awkward.

Time: 2026-09-02 00:39:10
Description: Manually triggered debug crash

java.lang.Throwable: Manually triggered debug crash
	at TRANSFORMER/minecraft@1.21.1/net.minecraft.client.KeyboardHandler.tick(KeyboardHandler.java:545) ~[client-1.21.1-20240808.144430-srg.jar%23148!/:?] {re:classloading,pl:runtimedistcleaner:A}
	at TRANSFORMER/minecraft@1.21.1/net.minecraft.client.Minecraft.tick(Minecraft.java:1912) ~[client-1.21.1-20240808.144430-srg.jar%23148!/:?] {re:mixin,pl:runtimedistcleaner:A,re:classloading,pl:mixin:A,pl:runtimedistcleaner:A}
	at TRANSFORMER/minecraft@1.21.1/net.minecraft.client.Minecraft.runTick(Minecraft.java:1161) ~[client-1.21.1-20240808.144430-srg.jar%23148!/:?] {re:mixin,pl:runtimedistcleaner:A,re:classloading,pl:mixin:A,pl:runtimedistcleaner:A}
	at TRANSFORMER/minecraft@1.21.1/net.minecraft.client.Minecraft.run(Minecraft.java:807) ~[client-1.21.1-20240808.144430-srg.jar%23148!/:?] {re:mixin,pl:runtimedistcleaner:A,re:classloading,pl:mixin:A,pl:runtimedistcleaner:A}
	at TRANSFORMER/minecraft@1.21.1/net.minecraft.client.main.Main.main(Main.java:230) ~[client-1.21.1-20240808.144430-srg.jar%23148!/:?] {re:classloading,pl:runtimedistcleaner:A}
	at java.base/jdk.internal.reflect.DirectMethodHandleAccessor.invoke(Unknown Source) ~[?:?] {}
	at java.base/java.lang.reflect.Method.invoke(Unknown Source) ~[?:?] {}
	at MC-BOOTSTRAP/fml_loader@4.0.44/net.neoforged.fml.loading.targets.CommonLaunchHandler.runTarget(CommonLaunchHandler.java:136) ~[loader-4.0.44.jar%23119!/:4.0] {}
	at MC-BOOTSTRAP/fml_loader@4.0.44/net.neoforged.fml.loading.targets.CommonLaunchHandler.clientService(CommonLaunchHandler.java:124) ~[loader-4.0.44.jar%23119!/:4.0] {}
	at MC-BOOTSTRAP/fml_loader@4.0.44/net.neoforged.fml.loading.targets.CommonClientLaunchHandler.runService(CommonClientLaunchHandler.java:32) ~[loader-4.0.44.jar%23119!/:4.0] {}
	at MC-BOOTSTRAP/fml_loader@4.0.44/net.neoforged.fml.loading.targets.CommonLaunchHandler.lambda$launchService$4(CommonLaunchHandler.java:118) ~[loader-4.0.44.jar%23119!/:4.0] {}
	at MC-BOOTSTRAP/cpw.mods.modlauncher@11.0.5/cpw.mods.modlauncher.LaunchServiceHandlerDecorator.launch(LaunchServiceHandlerDecorator.java:30) [modlauncher-11.0.5.jar%23124!/:?] {}
	at MC-BOOTSTRAP/cpw.mods.modlauncher@11.0.5/cpw.mods.modlauncher.LaunchServiceHandler.launch(LaunchServiceHandler.java:53) [modlauncher-11.0.5.jar%23124!/:?] {}
	at MC-BOOTSTRAP/cpw.mods.modlauncher@11.0.5/cpw.mods.modlauncher.LaunchServiceHandler.launch(LaunchServiceHandler.java:71) [modlauncher-11.0.5.jar%23124!/:?] {}
	at MC-BOOTSTRAP/cpw.mods.modlauncher@11.0.5/cpw.mods.modlauncher.Launcher.run(Launcher.java:103) [modlauncher-11.0.5.jar%23124!/:?] {}
	at MC-BOOTSTRAP/cpw.mods.modlauncher@11.0.5/cpw.mods.modlauncher.Launcher.main(Launcher.java:74) [modlauncher-11.0.5.jar%23124!/:?] {}
	at MC-BOOTSTRAP/cpw.mods.modlauncher@11.0.5/cpw.mods.modlauncher.BootstrapLaunchConsumer.accept(BootstrapLaunchConsumer.java:26) [modlauncher-11.0.5.jar%23124!/:?] {}
	at MC-BOOTSTRAP/cpw.mods.modlauncher@11.0.5/cpw.mods.modlauncher.BootstrapLaunchConsumer.accept(BootstrapLaunchConsumer.java:23) [modlauncher-11.0.5.jar%23124!/:?] {}
	at cpw.mods.bootstraplauncher@2.0.2/cpw.mods.bootstraplauncher.BootstrapLauncher.run(BootstrapLauncher.java:210) [bootstraplauncher-2.0.2.jar:?] {}
	at cpw.mods.bootstraplauncher@2.0.2/cpw.mods.bootstraplauncher.BootstrapLauncher.main(BootstrapLauncher.java:69) [bootstraplauncher-2.0.2.jar:?] {}


A detailed walkthrough of the error, its code path and all known details is as follows:
---------------------------------------------------------------------------------------

-- Head --
Thread: Render thread
Stacktrace:
	at TRANSFORMER/minecraft@1.21.1/net.minecraft.client.KeyboardHandler.tick(KeyboardHandler.java:545) ~[client-1.21.1-20240808.144430-srg.jar%23148!/:?] {re:classloading,pl:runtimedistcleaner:A}
-- Manual crash details --
Details:
	Modules: 
Stacktrace:
	at TRANSFORMER/minecraft@1.21.1/net.minecraft.client.KeyboardHandler.tick(KeyboardHandler.java:545) ~[client-1.21.1-20240808.144430-srg.jar%23148!/:?] {re:classloading,pl:runtimedistcleaner:A}
	at TRANSFORMER/minecraft@1.21.1/net.minecraft.client.Minecraft.tick(Minecraft.java:1912) ~[client-1.21.1-20240808.144430-srg.jar%23148!/:?] {re:mixin,pl:runtimedistcleaner:A,re:classloading,pl:mixin:A,pl:runtimedistcleaner:A}
	at TRANSFORMER/minecraft@1.21.1/net.minecraft.client.Minecraft.runTick(Minecraft.java:1161) ~[client-1.21.1-20240808.144430-srg.jar%23148!/:?] {re:mixin,pl:runtimedistcleaner:A,re:classloading,pl:mixin:A,pl:runtimedistcleaner:A}
	at TRANSFORMER/minecraft@1.21.1/net.minecraft.client.Minecraft.run(Minecraft.java:807) ~[client-1.21.1-20240808.144430-srg.jar%23148!/:?] {re:mixin,pl:runtimedistcleaner:A,re:classloading,pl:mixin:A,pl:runtimedistcleaner:A}
	at TRANSFORMER/minecraft@1.21.1/net.minecraft.client.main.Main.main(Main.java:230) ~[client-1.21.1-20240808.144430-srg.jar%23148!/:?] {re:classloading,pl:runtimedistcleaner:A}
	at java.base/jdk.internal.reflect.DirectMethodHandleAccessor.invoke(Unknown Source) ~[?:?] {}
	at java.base/java.lang.reflect.Method.invoke(Unknown Source) ~[?:?] {}
	at MC-BOOTSTRAP/fml_loader@4.0.44/net.neoforged.fml.loading.targets.CommonLaunchHandler.runTarget(CommonLaunchHandler.java:136) ~[loader-4.0.44.jar%23119!/:4.0] {}
	at MC-BOOTSTRAP/fml_loader@4.0.44/net.neoforged.fml.loading.targets.CommonLaunchHandler.clientService(CommonLaunchHandler.java:124) ~[loader-4.0.44.jar%23119!/:4.0] {}
	at MC-BOOTSTRAP/fml_loader@4.0.44/net.neoforged.fml.loading.targets.CommonClientLaunchHandler.runService(CommonClientLaunchHandler.java:32) ~[loader-4.0.44.jar%23119!/:4.0] {}
	at MC-BOOTSTRAP/fml_loader@4.0.44/net.neoforged.fml.loading.targets.CommonLaunchHandler.lambda$launchService$4(CommonLaunchHandler.java:118) ~[loader-4.0.44.jar%23119!/:4.0] {}
	at MC-BOOTSTRAP/cpw.mods.modlauncher@11.0.5/cpw.mods.modlauncher.LaunchServiceHandlerDecorator.launch(LaunchServiceHandlerDecorator.java:30) [modlauncher-11.0.5.jar%23124!/:?] {}
	at MC-BOOTSTRAP/cpw.mods.modlauncher@11.0.5/cpw.mods.modlauncher.LaunchServiceHandler.launch(LaunchServiceHandler.java:53) [modlauncher-11.0.5.jar%23124!/:?] {}
	at MC-BOOTSTRAP/cpw.mods.modlauncher@11.0.5/cpw.mods.modlauncher.LaunchServiceHandler.launch(LaunchServiceHandler.java:71) [modlauncher-11.0.5.jar%23124!/:?] {}
	at MC-BOOTSTRAP/cpw.mods.modlauncher@11.0.5/cpw.mods.modlauncher.Launcher.run(Launcher.java:103) [modlauncher-11.0.5.jar%23124!/:?] {}
	at MC-BOOTSTRAP/cpw.mods.modlauncher@11.0.5/cpw.mods.modlauncher.Launcher.main(Launcher.java:74) [modlauncher-11.0.5.jar%23124!/:?] {}
	at MC-BOOTSTRAP/cpw.mods.modlauncher@11.0.5/cpw.mods.modlauncher.BootstrapLaunchConsumer.accept(BootstrapLaunchConsumer.java:26) [modlauncher-11.0.5.jar%23124!/:?] {}
	at MC-BOOTSTRAP/cpw.mods.modlauncher@11.0.5/cpw.mods.modlauncher.BootstrapLaunchConsumer.accept(BootstrapLaunchConsumer.java:23) [modlauncher-11.0.5.jar%23124!/:?] {}
	at cpw.mods.bootstraplauncher@2.0.2/cpw.mods.bootstraplauncher.BootstrapLauncher.run(BootstrapLauncher.java:210) [bootstraplauncher-2.0.2.jar:?] {}
	at cpw.mods.bootstraplauncher@2.0.2/cpw.mods.bootstraplauncher.BootstrapLauncher.main(BootstrapLauncher.java:69) [bootstraplauncher-2.0.2.jar:?] {}


-- Uptime --
Details:
	JVM uptime: 122.600s
	Wall uptime: 99.951s
	High-res time: 118.047s
	Client ticks: 1419 ticks / 70.950s
Stacktrace:
	at TRANSFORMER/minecraft@1.21.1/net.minecraft.client.Minecraft.fillReport(Minecraft.java:2395) ~[client-1.21.1-20240808.144430-srg.jar%23148!/:?] {re:mixin,pl:runtimedistcleaner:A,re:classloading,pl:mixin:A,pl:runtimedistcleaner:A}
	at TRANSFORMER/minecraft@1.21.1/net.minecraft.client.Minecraft.emergencySaveAndCrash(Minecraft.java:868) ~[client-1.21.1-20240808.144430-srg.jar%23148!/:?] {re:mixin,pl:runtimedistcleaner:A,re:classloading,pl:mixin:A,pl:runtimedistcleaner:A}
	at TRANSFORMER/minecraft@1.21.1/net.minecraft.client.Minecraft.run(Minecraft.java:825) ~[client-1.21.1-20240808.144430-srg.jar%23148!/:?] {re:mixin,pl:runtimedistcleaner:A,re:classloading,pl:mixin:A,pl:runtimedistcleaner:A}
	at TRANSFORMER/minecraft@1.21.1/net.minecraft.client.main.Main.main(Main.java:230) ~[client-1.21.1-20240808.144430-srg.jar%23148!/:?] {re:classloading,pl:runtimedistcleaner:A}
	at java.base/jdk.internal.reflect.DirectMethodHandleAccessor.invoke(Unknown Source) ~[?:?] {}
	at java.base/java.lang.reflect.Method.invoke(Unknown Source) ~[?:?] {}
	at MC-BOOTSTRAP/fml_loader@4.0.44/net.neoforged.fml.loading.targets.CommonLaunchHandler.runTarget(CommonLaunchHandler.java:136) ~[loader-4.0.44.jar%23119!/:4.0] {}
	at MC-BOOTSTRAP/fml_loader@4.0.44/net.neoforged.fml.loading.targets.CommonLaunchHandler.clientService(CommonLaunchHandler.java:124) ~[loader-4.0.44.jar%23119!/:4.0] {}
	at MC-BOOTSTRAP/fml_loader@4.0.44/net.neoforged.fml.loading.targets.CommonClientLaunchHandler.runService(CommonClientLaunchHandler.java:32) ~[loader-4.0.44.jar%23119!/:4.0] {}
	at MC-BOOTSTRAP/fml_loader@4.0.44/net.neoforged.fml.loading.targets.CommonLaunchHandler.lambda$launchService$4(CommonLaunchHandler.java:118) ~[loader-4.0.44.jar%23119!/:4.0] {}
	at MC-BOOTSTRAP/cpw.mods.modlauncher@11.0.5/cpw.mods.modlauncher.LaunchServiceHandlerDecorator.launch(LaunchServiceHandlerDecorator.java:30) [modlauncher-11.0.5.jar%23124!/:?] {}
	at MC-BOOTSTRAP/cpw.mods.modlauncher@11.0.5/cpw.mods.modlauncher.LaunchServiceHandler.launch(LaunchServiceHandler.java:53) [modlauncher-11.0.5.jar%23124!/:?] {}
	at MC-BOOTSTRAP/cpw.mods.modlauncher@11.0.5/cpw.mods.modlauncher.LaunchServiceHandler.launch(LaunchServiceHandler.java:71) [modlauncher-11.0.5.jar%23124!/:?] {}
	at MC-BOOTSTRAP/cpw.mods.modlauncher@11.0.5/cpw.mods.modlauncher.Launcher.run(Launcher.java:103) [modlauncher-11.0.5.jar%23124!/:?] {}
	at MC-BOOTSTRAP/cpw.mods.modlauncher@11.0.5/cpw.mods.modlauncher.Launcher.main(Launcher.java:74) [modlauncher-11.0.5.jar%23124!/:?] {}
	at MC-BOOTSTRAP/cpw.mods.modlauncher@11.0.5/cpw.mods.modlauncher.BootstrapLaunchConsumer.accept(BootstrapLaunchConsumer.java:26) [modlauncher-11.0.5.jar%23124!/:?] {}
	at MC-BOOTSTRAP/cpw.mods.modlauncher@11.0.5/cpw.mods.modlauncher.BootstrapLaunchConsumer.accept(BootstrapLaunchConsumer.java:23) [modlauncher-11.0.5.jar%23124!/:?] {}
	at cpw.mods.bootstraplauncher@2.0.2/cpw.mods.bootstraplauncher.BootstrapLauncher.run(BootstrapLauncher.java:210) [bootstraplauncher-2.0.2.jar:?] {}
	at cpw.mods.bootstraplauncher@2.0.2/cpw.mods.bootstraplauncher.BootstrapLauncher.main(BootstrapLauncher.java:69) [bootstraplauncher-2.0.2.jar:?] {}


-- Affected level --
Details:
	All players: 1 total; [LocalPlayer['Trail_Akivili'/35, l='ClientLevel', x=-13.23, y=78.36, z=-85.27]]
	Chunk stats: 225, 109
	Level dimension: minecraft:overworld
	Level spawn location: World: (-32,80,-80), Section: (at 0,0,0 in -2,5,-5; chunk contains blocks -32,-64,-80 to -17,319,-65), Region: (-1,-1; contains chunks -32,-32 to -1,-1, blocks -512,-64,-512 to -1,319,-1)
	Level time: 672 game time, 672 day time
	Server brand: neoforge
	Server type: Integrated singleplayer server
	Tracked entity count: 135

-- Last reload --
Details:
	Reload number: 1
	Reload reason: initial
	Finished: Yes
	Packs: vanilla, mod_resources, mod/oculus,iris, mod/embeddium, mod/neoforge

-- System Details --
Details:
	Minecraft Version: 1.21.1
	Minecraft Version ID: 1.21.1
	Operating System: Linux (aarch64) version Android-16
	Java Version: 21.0.1-internal, N/A
	Java VM Version: OpenJDK 64-Bit Server VM (mixed mode), Oracle Corporation
	Memory: 3112650752 bytes (2968 MiB) / 4294967296 bytes (4096 MiB) up to 4294967296 bytes (4096 MiB)
	CPUs: 8
	Processor Vendor: 0x41
	Processor Name: 
	Identifier: 0x41 Family 8 Model 0xd4d Stepping r1p2
	Microarchitecture: unknown
	Frequency (GHz): -0.00
	Number of physical packages: 3
	Number of physical CPUs: 8
	Number of logical CPUs: 8
	Graphics card #0 name: unknown
	Graphics card #0 vendor: unknown
	Graphics card #0 VRAM (MiB): 0.00
	Graphics card #0 deviceId: unknown
	Graphics card #0 versionInfo: unknown
	Virtual memory max (MiB): 17916.11
	Virtual memory used (MiB): 13213.13
	Swap memory total (MiB): 12288.00
	Swap memory used (MiB): 4153.61
	Space in storage for jna.tmpdir (MiB): available: 37589.04, total: 229262.58
	Space in storage for org.lwjgl.system.SharedLibraryExtractPath (MiB): available: 37589.04, total: 229262.58
	Space in storage for io.netty.native.workdir (MiB): available: 37589.04, total: 229262.58
	Space in storage for java.io.tmpdir (MiB): available: 37589.04, total: 229262.58
	Space in storage for workdir (MiB): available: 37589.04, total: 229262.58
	JVM Flags: 4 total; -Xms4096M -Xmx4096M -XX:ActiveProcessorCount=8 -Xbootclasspath/a:/data/user/0/com.movtery.zalithlauncher.v2/files/components/caciocavallo17/cacio-agent.jar:/data/user/0/com.movtery.zalithlauncher.v2/files/components/caciocavallo17/cacio-shared-1.19.1-SNAPSHOT.jar:/data/user/0/com.movtery.zalithlauncher.v2/files/components/caciocavallo17/cacio-tta-1.19.1-SNAPSHOT.jar
	Loaded Shaderpack: ComplementaryUnbound_r5.8.1.zip (fallback)
		Profile: HIGH (+0 options changed)
	Launched Version: 1.21.1 NeoForge 21.1.249
	Launcher name: Zalith Launcher
	Backend library: LWJGL version 3.3.6-snapshot
	Backend API: Adreno (TM) 720 | OpenGL ES 3.2 GL version 4.0.0 MobileGlues 1.3.5, Swung0x48, BZLZHH, Tungsten
	Window size: 2828x1272
	GFLW Platform: x11
	GL Caps: Using framebuffer using OpenGL 3.2
	GL debug messages: <disabled>
	Is Modded: Definitely; Client brand changed to 'neoforge'; Server brand changed to 'neoforge'
	Universe: 400921fb54442d18
	Type: Integrated Server (map_client.txt)
	Graphics mode: fast
	Render Distance: 4/4 chunks
	Resource Packs: vanilla, mod_resources, mod/oculus,iris (incompatible), mod/embeddium (incompatible), mod/neoforge
	Current Language: zh_cn
	Locale: zh_CN
	System encoding: UTF-8
	File encoding: UTF-8
	CPU: 8x 
	Server Running: true
	Player Count: 1 / 8; [ServerPlayer['Trail_Akivili'/35, l='ServerLevel[新的世界]', x=-13.23, y=78.36, z=-85.27]]
	Active Data Packs: vanilla, mod_data, mod/oculus,iris (incompatible), mod/embeddium (incompatible), mod/neoforge
	Available Data Packs: bundle, trade_rebalance, vanilla, mod/embeddium (incompatible), mod/neoforge, mod/oculus,iris (incompatible), mod_data
	Enabled Feature Flags: minecraft:vanilla
	World Generation: Stable
	World Seed: -8424705632336537343
	ModLauncher: 11.0.5+main.901c6ea8
	ModLauncher launch target: forgeclient
	ModLauncher services: 
		sponge-mixin-0.15.2+mixin.0.8.7.jar mixin PLUGINSERVICE 
		loader-4.0.44.jar slf4jfixer PLUGINSERVICE 
		loader-4.0.44.jar runtime_enum_extender PLUGINSERVICE 
		at-modlauncher-10.0.1.jar accesstransformer PLUGINSERVICE 
		loader-4.0.44.jar runtimedistcleaner PLUGINSERVICE 
		modlauncher-11.0.5.jar mixin TRANSFORMATIONSERVICE 
		modlauncher-11.0.5.jar fml TRANSFORMATIONSERVICE 
	FML Language Providers: 
		javafml@4.0
		lowcodefml@4.0
		minecraft@4.0
	Mod List: 
		embeddium-1.0.15+mc1.21.1.jar                     |Embeddium                     |embeddium                     |1.0.15+mc1.21.1     |Manifest: NOSIGNATURE
		client-1.21.1-20240808.144430-srg.jar             |Minecraft                     |minecraft                     |1.21.1              |Manifest: a1:d4:5e:04:4f:d3:d6:e0:7b:37:97:cf:77:b0:de:ad:4a:47:ce:8c:96:49:5f:0a:cf:8c:ae:b2:6d:4b:8a:3f
		neoculus-mc1.21.1-1.8.7.jar                       |NeOculus                      |oculus                        |1.8.7               |Manifest: NOSIGNATURE
		neoforge-21.1.249-universal.jar                   |NeoForge                      |neoforge                      |21.1.249            |Manifest: NOSIGNATURE
	Crash Report UUID: 85d36985-3a52-40f1-bb1c-cb45867e2d9f
	FML: 4.0.44
	NeoForge: 21.1.249
[00:39:10] [Render thread/FATAL] [ne.ne.ne.co.NeoForgeMod/]: Preparing crash report with UUID 3107270b-82f2-4dae-bb11-bf10fb3ec36e
#@!@# Game crashed! Crash report saved to: #@!@# /storage/emulated/0/Android/data/com.movtery.zalithlauncher.v2/files/.minecraft/versions/1.21.1 NeoForge shadowpackage_test/crash-reports/crash-2026-09-02_00.39.10-client.txt
