==================== Launch Minecraft ====================
▷ Launcher version: 2.4.11 (200034)
▷ Architecture: arm64
▷ Device model: vivo, V2361A
▷ API version: 36
▷ Renderer: MobileGlues (OpenGL 4.0, 1.17+)
▷ Renderer Summary: 来自 MobileGlues 插件
▷ Selected Minecraft version: 1.21.1 NeoForge
▷ Minecraft Info: 1.21.1, NeoForge - 21.1.244
▷ Game Path: /storage/emulated/0/Android/data/com.movtery.zalithlauncher.v2/files/.minecraft/versions/1.21.1 NeoForge (Isolation: true)
▷ Custom Java arguments: NONE
▷ Java Runtime: Internal-21
▷ Account: Trail_Akivili (Microsoft)
==================== Env Map ====================
▷ ZALITH_VERSION_CODE = 200034
▷ TMPDIR = /data/user/0/com.movtery.zalithlauncher.v2/cache
▷ AWTSTUB_WIDTH = 2828
▷ POJAV_BIG_CORE_AFFINITY = 1
▷ POJAV_NATIVEDIR = /data/app/~~YuncQEj0Rruyt6y_-RebSA==/com.movtery.zalithlauncher.v2-JtRzSV7VpInkzDcyzopsqQ==/lib/arm64
▷ LIBGL_EGL = libmobileglues.so
▷ DRIVER_PATH = /data/app/~~YuncQEj0Rruyt6y_-RebSA==/com.movtery.zalithlauncher.v2-JtRzSV7VpInkzDcyzopsqQ==/lib/arm64
▷ HOME = /storage/emulated/0/Android/data/com.movtery.zalithlauncher.v2/files
▷ PATH = /data/user/0/com.movtery.zalithlauncher.v2/files/games/runtimes/Internal-21/bin:/product/bin:/apex/com.android.runtime/bin:/apex/com.android.art/bin:/apex/com.android.virt/bin:/system_ext/bin:/system/bin:/system/xbin:/odm/bin:/vendor/bin:/vendor/xbin
▷ MOD_ANDROID_RUNTIME = /data/user/0/com.movtery.zalithlauncher.v2/app_runtime_mod
▷ POJAV_ZINK_PREFER_SYSTEM_DRIVER = 1
▷ INST_NEOFORGE = 1
▷ LD_LIBRARY_PATH = /system/lib64:/vendor/lib64:/vendor/lib64/hw:/system_ext/lib64:/data/app/~~QKEs1JII7EGqWaUN30S5Ew==/com.fcl.plugin.mobileglues--v6YcgpMiEwZGl3weWR_XA==/lib/arm64:/data/user/0/com.movtery.zalithlauncher.v2/app_runtime_mod:/data/app/~~YuncQEj0Rruyt6y_-RebSA==/com.movtery.zalithlauncher.v2-JtRzSV7VpInkzDcyzopsqQ==/lib/arm64
▷ POJAV_RENDERER = opengles3
▷ LIBGL_ES = 3
▷ POJAVEXEC_EGL = libmobileglues.so
▷ JAVA_HOME = /data/user/0/com.movtery.zalithlauncher.v2/files/games/runtimes/Internal-21
▷ AWTSTUB_HEIGHT = 1272
==================== DLOPEN Java Runtime ====================
[DEBUG] DLOPEN: /data/user/0/com.movtery.zalithlauncher.v2/files/games/runtimes/Internal-21/lib/libjli.so , success
[DEBUG] DLOPEN: /data/user/0/com.movtery.zalithlauncher.v2/files/games/runtimes/Internal-21/lib/server/libjvm.so , success
[DEBUG] DLOPEN: /data/user/0/com.movtery.zalithlauncher.v2/files/games/runtimes/Internal-21/lib/libfreetype.so , success
[DEBUG] DLOPEN: /data/user/0/com.movtery.zalithlauncher.v2/files/games/runtimes/Internal-21/lib/libverify.so , success
[DEBUG] DLOPEN: /data/user/0/com.movtery.zalithlauncher.v2/files/games/runtimes/Internal-21/lib/libjava.so , success
[DEBUG] DLOPEN: /data/user/0/com.movtery.zalithlauncher.v2/files/games/runtimes/Internal-21/lib/libnet.so , success
[DEBUG] DLOPEN: /data/user/0/com.movtery.zalithlauncher.v2/files/games/runtimes/Internal-21/lib/libnio.so , success
[DEBUG] DLOPEN: /data/user/0/com.movtery.zalithlauncher.v2/files/games/runtimes/Internal-21/lib/libawt.so , success
[DEBUG] DLOPEN: /data/user/0/com.movtery.zalithlauncher.v2/files/games/runtimes/Internal-21/lib/libawt_headless.so , success
[DEBUG] DLOPEN: /data/user/0/com.movtery.zalithlauncher.v2/files/games/runtimes/Internal-21/lib/libfontmanager.so , success
[DEBUG] DLOPEN: /data/user/0/com.movtery.zalithlauncher.v2/files/games/runtimes/Internal-21/lib/libsctp.so , success
[DEBUG] DLOPEN: /data/user/0/com.movtery.zalithlauncher.v2/files/games/runtimes/Internal-21/lib/libnet.so , success
[DEBUG] DLOPEN: /data/user/0/com.movtery.zalithlauncher.v2/files/games/runtimes/Internal-21/lib/libextnet.so , success
[DEBUG] DLOPEN: /data/user/0/com.movtery.zalithlauncher.v2/files/games/runtimes/Internal-21/lib/libfreetype.so , success
[DEBUG] DLOPEN: /data/user/0/com.movtery.zalithlauncher.v2/files/games/runtimes/Internal-21/lib/libverify.so , success
[DEBUG] DLOPEN: /data/user/0/com.movtery.zalithlauncher.v2/files/games/runtimes/Internal-21/lib/libsyslookup.so , success
[DEBUG] DLOPEN: /data/user/0/com.movtery.zalithlauncher.v2/files/games/runtimes/Internal-21/lib/libjli.so , success
[DEBUG] DLOPEN: /data/user/0/com.movtery.zalithlauncher.v2/files/games/runtimes/Internal-21/lib/libjdwp.so , success
[DEBUG] DLOPEN: /data/user/0/com.movtery.zalithlauncher.v2/files/games/runtimes/Internal-21/lib/libzip.so , success
[DEBUG] DLOPEN: /data/user/0/com.movtery.zalithlauncher.v2/files/games/runtimes/Internal-21/lib/libawt.so , success
[DEBUG] DLOPEN: /data/user/0/com.movtery.zalithlauncher.v2/files/games/runtimes/Internal-21/lib/libjaas.so , success
[DEBUG] DLOPEN: /data/user/0/com.movtery.zalithlauncher.v2/files/games/runtimes/Internal-21/lib/libmanagement_agent.so , success
[DEBUG] DLOPEN: /data/user/0/com.movtery.zalithlauncher.v2/files/games/runtimes/Internal-21/lib/libjimage.so , success
[DEBUG] DLOPEN: /data/user/0/com.movtery.zalithlauncher.v2/files/games/runtimes/Internal-21/lib/liblcms.so , success
[DEBUG] DLOPEN: /data/user/0/com.movtery.zalithlauncher.v2/files/games/runtimes/Internal-21/lib/libnio.so , success
[DEBUG] DLOPEN: /data/user/0/com.movtery.zalithlauncher.v2/files/games/runtimes/Internal-21/lib/libawt_headless.so , success
[DEBUG] DLOPEN: /data/user/0/com.movtery.zalithlauncher.v2/files/games/runtimes/Internal-21/lib/libmanagement_ext.so , success
[DEBUG] DLOPEN: /data/user/0/com.movtery.zalithlauncher.v2/files/games/runtimes/Internal-21/lib/librmi.so , success
[DEBUG] DLOPEN: /data/user/0/com.movtery.zalithlauncher.v2/files/games/runtimes/Internal-21/lib/libjawt.so , success
[DEBUG] DLOPEN: /data/user/0/com.movtery.zalithlauncher.v2/files/games/runtimes/Internal-21/lib/libmlib_image.so , success
[DEBUG] DLOPEN: /data/user/0/com.movtery.zalithlauncher.v2/files/games/runtimes/Internal-21/lib/libmanagement.so , success
[DEBUG] DLOPEN: /data/user/0/com.movtery.zalithlauncher.v2/files/games/runtimes/Internal-21/lib/libjavajpeg.so , success
[DEBUG] DLOPEN: /data/user/0/com.movtery.zalithlauncher.v2/files/games/runtimes/Internal-21/lib/libj2pkcs11.so , success
[DEBUG] DLOPEN: /data/user/0/com.movtery.zalithlauncher.v2/files/games/runtimes/Internal-21/lib/libfontmanager.so , success
[DEBUG] DLOPEN: /data/user/0/com.movtery.zalithlauncher.v2/files/games/runtimes/Internal-21/lib/libprefs.so , success
[DEBUG] DLOPEN: /data/user/0/com.movtery.zalithlauncher.v2/files/games/runtimes/Internal-21/lib/libdt_socket.so , success
[DEBUG] DLOPEN: /data/user/0/com.movtery.zalithlauncher.v2/files/games/runtimes/Internal-21/lib/libinstrument.so , success
[DEBUG] DLOPEN: /data/user/0/com.movtery.zalithlauncher.v2/files/games/runtimes/Internal-21/lib/libj2gss.so , success
[DEBUG] DLOPEN: /data/user/0/com.movtery.zalithlauncher.v2/files/games/runtimes/Internal-21/lib/libjsig.so , success
[DEBUG] DLOPEN: /data/user/0/com.movtery.zalithlauncher.v2/files/games/runtimes/Internal-21/lib/libjava.so , success
[DEBUG] DLOPEN: /data/user/0/com.movtery.zalithlauncher.v2/files/games/runtimes/Internal-21/lib/server/libjvm.so , success
[DEBUG] DLOPEN: /data/user/0/com.movtery.zalithlauncher.v2/files/games/runtimes/Internal-21/lib/server/libjsig.so , success
[DEBUG] DLOPEN: /data/user/0/com.movtery.zalithlauncher.v2/files/games/runtimes/Internal-21/lib/libawt_xawt.so , success
==================== DLOPEN Renderer ====================
[DEBUG] DLOPEN: /data/app/~~YuncQEj0Rruyt6y_-RebSA==/com.movtery.zalithlauncher.v2-JtRzSV7VpInkzDcyzopsqQ==/lib/arm64/libopenal.so , success
Initializing MobileGlues ...
The Open Source License of MobileGlues: 
  GNU LGPL-2.1 License
MG_DIR_PATH = /sdcard/MG
[MobileGlues] Setting: enableAngle                 = false
[MobileGlues] Setting: ignoreError                 = 0
[MobileGlues] Setting: enableExtComputeShader      = false
[MobileGlues] Setting: enableExtTimerQuery         = true
[MobileGlues] Setting: enableExtDirectStateAccess  = false
[MobileGlues] Setting: maxGlslCacheSize            = 512
[MobileGlues] Setting: angleDepthClearFixMode      = 0
[MobileGlues] Setting: bufferCoherentAsFlush       = 1
[MobileGlues] Setting: customGLVersion             = 4.0.0
[MobileGlues] Setting: fsr1Setting                 = 0
[MobileGlues] Setting: hideMGEnvLevel              = 0
==================== JVM Args ====================
EGL initialized successfully
OpenGL ES Version: OpenGL ES 3.2 (320)
Not Detected GL_EXT_multi_draw_indirect!
[MobileGlues] Setting: multidrawMode               = Auto
multidrawMode = Auto
    -> Indirect (Auto detected)
[DEBUG] DLOPEN: /data/app/~~QKEs1JII7EGqWaUN30S5Ew==/com.fcl.plugin.mobileglues--v6YcgpMiEwZGl3weWR_XA==/lib/arm64/libmobileglues.so , success
▷ /data/user/0/com.movtery.zalithlauncher.v2/files/games/runtimes/Internal-21/bin/java
▷ -Djava.home=/data/user/0/com.movtery.zalithlauncher.v2/files/games/runtimes/Internal-21
▷ -Djava.io.tmpdir=/data/user/0/com.movtery.zalithlauncher.v2/cache
▷ -Djna.boot.library.path=/data/user/0/com.movtery.zalithlauncher.v2/files/games/jna_dir/jna/5.14.0
▷ -Duser.home=/storage/emulated/0/Android/data/com.movtery.zalithlauncher.v2/files/.minecraft
▷ -Duser.language=zh
▷ -Duser.country=CN
▷ -Duser.timezone=Asia/Shanghai
▷ -Dos.name=Linux
▷ -Dos.version=Android-16
▷ -Dpojav.path.minecraft=/storage/emulated/0/Android/data/com.movtery.zalithlauncher.v2/files/.minecraft
▷ -Dpojav.path.private.account=/data/user/0/com.movtery.zalithlauncher.v2/databases
▷ -Dorg.lwjgl.vulkan.libname=libvulkan.so
▷ -Dglfwstub.windowWidth=2828
▷ -Dglfwstub.windowHeight=1272
▷ -Dglfwstub.initEgl=false
▷ -Dext.net.resolvPath=/data/user/0/com.movtery.zalithlauncher.v2/files/games/resolv.conf
▷ -Dlog4j2.formatMsgNoLookups=true
▷ -Djava.rmi.server.useCodebaseOnly=true
▷ -Dcom.sun.jndi.rmi.object.trustURLCodebase=false
▷ -Dcom.sun.jndi.cosnaming.object.trustURLCodebase=false
▷ -Dnet.minecraft.clientmodname=Zalith Launcher
▷ -Dfml.earlyprogresswindow=false
▷ -Dfml.ignoreInvalidMinecraftCertificates=true
▷ -Dfml.ignorePatchDiscrepancies=true
▷ -Dloader.disable_forked_guis=true
▷ -Djdk.lang.Process.launchMechanism=FORK
▷ -Dsodium.checks.issue2561=false
▷ -javaagent:/data/user/0/com.movtery.zalithlauncher.v2/files/components/launcher/MioLibPatcher.jar
▷ -Xms4096M
▷ -Xmx4096M
▷ -Dorg.lwjgl.openal.libname=/data/app/~~YuncQEj0Rruyt6y_-RebSA==/com.movtery.zalithlauncher.v2-JtRzSV7VpInkzDcyzopsqQ==/lib/arm64/libopenal.so
▷ -Dorg.lwjgl.freetype.libname=/data/app/~~YuncQEj0Rruyt6y_-RebSA==/com.movtery.zalithlauncher.v2-JtRzSV7VpInkzDcyzopsqQ==/lib/arm64/libfreetype.so
▷ -Dorg.lwjgl.spvc.libname=spirv-cross-c-shared
▷ -Dorg.lwjgl.system.allocator=system
▷ -XX:ActiveProcessorCount=8
▷ -Dorg.lwjgl.opengl.libname=/data/app/~~QKEs1JII7EGqWaUN30S5Ew==/com.fcl.plugin.mobileglues--v6YcgpMiEwZGl3weWR_XA==/lib/arm64/libmobileglues.so
▷ -Djava.awt.headless=false
▷ -Dcacio.managed.screensize=2828x1272
▷ -Dcacio.font.fontmanager=sun.awt.X11FontManager
▷ -Dcacio.font.fontscaler=sun.font.FreetypeFontScaler
▷ -Dswing.defaultlaf=javax.swing.plaf.nimbus.NimbusLookAndFeel
▷ -Dawt.toolkit=com.github.caciocavallosilano.cacio.ctc.CTCToolkit
▷ -Djava.awt.graphicsenv=com.github.caciocavallosilano.cacio.ctc.CTCGraphicsEnvironment
▷ -javaagent:/data/user/0/com.movtery.zalithlauncher.v2/files/components/caciocavallo17/cacio-agent.jar
▷ --add-exports=java.desktop/java.awt=ALL-UNNAMED
▷ --add-exports=java.desktop/java.awt.peer=ALL-UNNAMED
▷ --add-exports=java.desktop/sun.awt.image=ALL-UNNAMED
▷ --add-exports=java.desktop/sun.java2d=ALL-UNNAMED
▷ --add-exports=java.desktop/java.awt.dnd.peer=ALL-UNNAMED
▷ --add-exports=java.desktop/sun.awt=ALL-UNNAMED
▷ --add-exports=java.desktop/sun.awt.event=ALL-UNNAMED
▷ --add-exports=java.desktop/sun.awt.datatransfer=ALL-UNNAMED
▷ --add-exports=java.desktop/sun.font=ALL-UNNAMED
▷ --add-exports=java.base/sun.security.action=ALL-UNNAMED
▷ --add-opens=java.base/java.util=ALL-UNNAMED
▷ --add-opens=java.desktop/java.awt=ALL-UNNAMED
▷ --add-opens=java.desktop/sun.font=ALL-UNNAMED
▷ --add-opens=java.desktop/sun.java2d=ALL-UNNAMED
▷ --add-opens=java.base/java.lang.reflect=ALL-UNNAMED
▷ --add-opens=java.base/java.net=ALL-UNNAMED
▷ -Xbootclasspath/a:/data/user/0/com.movtery.zalithlauncher.v2/files/components/caciocavallo17/cacio-agent.jar:/data/user/0/com.movtery.zalithlauncher.v2/files/components/caciocavallo17/cacio-shared-1.19.1-SNAPSHOT.jar:/data/user/0/com.movtery.zalithlauncher.v2/files/components/caciocavallo17/cacio-tta-1.19.1-SNAPSHOT.jar
▷ -Dlog4j.configurationFile=/storage/emulated/0/Android/data/com.movtery.zalithlauncher.v2/files/.minecraft/versions/1.21.1 NeoForge/log4j2.xml
▷ -Dminecraft.client.jar=/storage/emulated/0/Android/data/com.movtery.zalithlauncher.v2/files/.minecraft/versions/1.21.1 NeoForge/1.21.1 NeoForge.jar
▷ -Dminecraft.launcher.brand=Zalith Launcher
▷ -Dminecraft.launcher.version=2.4.11
▷ -Djava.library.path=/data/app/~~QKEs1JII7EGqWaUN30S5Ew==/com.fcl.plugin.mobileglues--v6YcgpMiEwZGl3weWR_XA==/lib/arm64:/data/user/0/com.movtery.zalithlauncher.v2/files/games/runtimes/Internal-21/lib/jli:/data/user/0/com.movtery.zalithlauncher.v2/files/games/runtimes/Internal-21/lib/server:/system/lib64:/vendor/lib64:/vendor/lib64/hw:/system_ext/lib64:/data/user/0/com.movtery.zalithlauncher.v2/files/games/jna_dir/jna:/data/user/0/com.movtery.zalithlauncher.v2/app_runtime_mod:/data/app/~~YuncQEj0Rruyt6y_-RebSA==/com.movtery.zalithlauncher.v2-JtRzSV7VpInkzDcyzopsqQ==/lib/arm64:/data/user/0/com.movtery.zalithlauncher.v2/files/games/jna_dir/jna/5.14.0
▷ -Djna.tmpdir=/data/user/0/com.movtery.zalithlauncher.v2/cache
▷ -Dorg.lwjgl.system.SharedLibraryExtractPath=/data/user/0/com.movtery.zalithlauncher.v2/cache
▷ -Dio.netty.native.workdir=/data/user/0/com.movtery.zalithlauncher.v2/cache
▷ -Dminecraft.launcher.brand=Zalith Launcher
▷ -Dminecraft.launcher.version=2.4.11
▷ -cp
▷ /data/user/0/com.movtery.zalithlauncher.v2/files/components/lwjgl3/lwjgl-glfw-classes.jar:/storage/emulated/0/Android/data/com.movtery.zalithlauncher.v2/files/.minecraft/libraries/com/github/oshi/oshi-core/6.4.10/oshi-core-6.4.10.jar:/storage/emulated/0/Android/data/com.movtery.zalithlauncher.v2/files/.minecraft/libraries/com/google/code/gson/gson/2.10.1/gson-2.10.1.jar:/storage/emulated/0/Android/data/com.movtery.zalithlauncher.v2/files/.minecraft/libraries/com/google/guava/failureaccess/1.0.1/failureaccess-1.0.1.jar:/storage/emulated/0/Android/data/com.movtery.zalithlauncher.v2/files/.minecraft/libraries/com/google/guava/guava/32.1.2-jre/guava-32.1.2-jre.jar:/storage/emulated/0/Android/data/com.movtery.zalithlauncher.v2/files/.minecraft/libraries/com/ibm/icu/icu4j/73.2/icu4j-73.2.jar:/storage/emulated/0/Android/data/com.movtery.zalithlauncher.v2/files/.minecraft/libraries/com/mojang/authlib/6.0.54/authlib-6.0.54.jar:/storage/emulated/0/Android/data/com.movtery.zalithlauncher.v2/files/.minecraft/libraries/com/mojang/blocklist/1.0.10/blocklist-1.0.10.jar:/storage/emulated/0/Android/data/com.movtery.zalithlauncher.v2/files/.minecraft/libraries/com/mojang/brigadier/1.3.10/brigadier-1.3.10.jar:/storage/emulated/0/Android/data/com.movtery.zalithlauncher.v2/files/.minecraft/libraries/com/mojang/datafixerupper/8.0.16/datafixerupper-8.0.16.jar:/storage/emulated/0/Android/data/com.movtery.zalithlauncher.v2/files/.minecraft/libraries/com/mojang/logging/1.2.7/logging-1.2.7.jar:/storage/emulated/0/Android/data/com.movtery.zalithlauncher.v2/files/.minecraft/libraries/com/mojang/patchy/2.2.10/patchy-2.2.10.jar:/storage/emulated/0/Android/data/com.movtery.zalithlauncher.v2/files/.minecraft/libraries/com/mojang/text2speech/1.17.9/text2speech-1.17.9.jar:/storage/emulated/0/Android/data/com.movtery.zalithlauncher.v2/files/.minecraft/libraries/commons-codec/commons-codec/1.16.0/commons-codec-1.16.0.jar:/storage/emulated/0/Android/data/com.movtery.zalithlauncher.v2/files/.minecraft/libraries/commons-io/commons-io/2.15.1/commons-io-2.15.1.jar:/storage/emulated/0/Android/data/com.movtery.zalithlauncher.v2/files/.minecraft/libraries/commons-logging/commons-logging/1.2/commons-logging-1.2.jar:/storage/emulated/0/Android/data/com.movtery.zalithlauncher.v2/files/.minecraft/libraries/io/netty/netty-buffer/4.1.97.Final/netty-buffer-4.1.97.Final.jar:/storage/emulated/0/Android/data/com.movtery.zalithlauncher.v2/files/.minecraft/libraries/io/netty/netty-codec/4.1.97.Final/netty-codec-4.1.97.Final.jar:/storage/emulated/0/Android/data/com.movtery.zalithlauncher.v2/files/.minecraft/libraries/io/netty/netty-common/4.1.97.Final/netty-common-4.1.97.Final.jar:/storage/emulated/0/Android/data/com.movtery.zalithlauncher.v2/files/.minecraft/libraries/io/netty/netty-handler/4.1.97.Final/netty-handler-4.1.97.Final.jar:/storage/emulated/0/Android/data/com.movtery.zalithlauncher.v2/files/.minecraft/libraries/io/netty/netty-resolver/4.1.97.Final/netty-resolver-4.1.97.Final.jar:/storage/emulated/0/Android/data/com.movtery.zalithlauncher.v2/files/.minecraft/libraries/io/netty/netty-transport-classes-epoll/4.1.97.Final/netty-transport-classes-epoll-4.1.97.Final.jar:/storage/emulated/0/Android/data/com.movtery.zalithlauncher.v2/files/.minecraft/libraries/io/netty/netty-transport-native-epoll/4.1.97.Final/netty-transport-native-epoll-4.1.97.Final-linux-aarch_64.jar:/storage/emulated/0/Android/data/com.movtery.zalithlauncher.v2/files/.minecraft/libraries/io/netty/netty-transport-native-epoll/4.1.97.Final/netty-transport-native-epoll-4.1.97.Final-linux-x86_64.jar:/storage/emulated/0/Android/data/com.movtery.zalithlauncher.v2/files/.minecraft/libraries/io/netty/netty-transport-native-unix-common/4.1.97.Final/netty-transport-native-unix-common-4.1.97.Final.jar:/storage/emulated/0/Android/data/com.movtery.zalithlauncher.v2/files/.minecraft/libraries/io/netty/netty-transport/4.1.97.Final/netty-transport-4.1.97.Final.jar:/storage/emulated/0/Android/data/com.movtery.zalithlauncher.v2/files/.minecraft/libraries/it/unimi/dsi/fastutil/8.5.12/fastutil-8.5.12.jar:/storage/emulated/0/Android/data/com.movtery.zalithlauncher.v2/files/.minecraft/libraries/net/java/dev/jna/jna-platform/5.14.0/jna-platform-5.14.0.jar:/storage/emulated/0/Android/data/com.movtery.zalithlauncher.v2/files/.minecraft/libraries/net/java/dev/jna/jna/5.14.0/jna-5.14.0.jar:/storage/emulated/0/Android/data/com.movtery.zalithlauncher.v2/files/.minecraft/libraries/net/sf/jopt-simple/jopt-simple/5.0.4/jopt-simple-5.0.4.jar:/storage/emulated/0/Android/data/com.movtery.zalithlauncher.v2/files/.minecraft/libraries/org/apache/commons/commons-compress/1.26.0/commons-compress-1.26.0.jar:/storage/emulated/0/Android/data/com.movtery.zalithlauncher.v2/files/.minecraft/libraries/org/apache/commons/commons-lang3/3.14.0/commons-lang3-3.14.0.jar:/storage/emulated/0/Android/data/com.movtery.zalithlauncher.v2/files/.minecraft/libraries/org/apache/httpcomponents/httpclient/4.5.13/httpclient-4.5.13.jar:/storage/emulated/0/Android/data/com.movtery.zalithlauncher.v2/files/.minecraft/libraries/org/apache/httpcomponents/httpcore/4.4.16/httpcore-4.4.16.jar:/storage/emulated/0/Android/data/com.movtery.zalithlauncher.v2/files/.minecraft/libraries/org/apache/logging/log4j/log4j-api/2.22.1/log4j-api-2.22.1.jar:/storage/emulated/0/Android/data/com.movtery.zalithlauncher.v2/files/.minecraft/libraries/org/apache/logging/log4j/log4j-core/2.22.1/log4j-core-2.22.1.jar:/storage/emulated/0/Android/data/com.movtery.zalithlauncher.v2/files/.minecraft/libraries/org/apache/logging/log4j/log4j-slf4j2-impl/2.22.1/log4j-slf4j2-impl-2.22.1.jar:/storage/emulated/0/Android/data/com.movtery.zalithlauncher.v2/files/.minecraft/libraries/org/jcraft/jorbis/0.0.17/jorbis-0.0.17.jar:/storage/emulated/0/Android/data/com.movtery.zalithlauncher.v2/files/.minecraft/libraries/org/joml/joml/1.10.5/joml-1.10.5.jar:/storage/emulated/0/Android/data/com.movtery.zalithlauncher.v2/files/.minecraft/libraries/org/lz4/lz4-java/1.8.0/lz4-java-1.8.0.jar:/storage/emulated/0/Android/data/com.movtery.zalithlauncher.v2/files/.minecraft/libraries/org/slf4j/slf4j-api/2.0.9/slf4j-api-2.0.9.jar:/storage/emulated/0/Android/data/com.movtery.zalithlauncher.v2/files/.minecraft/libraries/net/neoforged/fancymodloader/earlydisplay/4.0.43/earlydisplay-4.0.43.jar:/storage/emulated/0/Android/data/com.movtery.zalithlauncher.v2/files/.minecraft/libraries/net/neoforged/fancymodloader/loader/4.0.43/loader-4.0.43.jar:/storage/emulated/0/Android/data/com.movtery.zalithlauncher.v2/files/.minecraft/libraries/net/neoforged/accesstransformers/at-modlauncher/10.0.1/at-modlauncher-10.0.1.jar:/storage/emulated/0/Android/data/com.movtery.zalithlauncher.v2/files/.minecraft/libraries/net/neoforged/accesstransformers/10.0.1/accesstransformers-10.0.1.jar:/storage/emulated/0/Android/data/com.movtery.zalithlauncher.v2/files/.minecraft/libraries/net/neoforged/bus/8.0.5/bus-8.0.5.jar:/storage/emulated/0/Android/data/com.movtery.zalithlauncher.v2/files/.minecraft/libraries/net/neoforged/coremods/7.0.3/coremods-7.0.3.jar:/storage/emulated/0/Android/data/com.movtery.zalithlauncher.v2/files/.minecraft/libraries/cpw/mods/modlauncher/11.0.5/modlauncher-11.0.5.jar:/storage/emulated/0/Android/data/com.movtery.zalithlauncher.v2/files/.minecraft/libraries/net/neoforged/mergetool/2.0.0/mergetool-2.0.0-api.jar:/storage/emulated/0/Android/data/com.movtery.zalithlauncher.v2/files/.minecraft/libraries/com/electronwill/night-config/toml/3.8.3/toml-3.8.3.jar:/storage/emulated/0/Android/data/com.movtery.zalithlauncher.v2/files/.minecraft/libraries/com/electronwill/night-config/core/3.8.3/core-3.8.3.jar:/storage/emulated/0/Android/data/com.movtery.zalithlauncher.v2/files/.minecraft/libraries/net/neoforged/JarJarSelector/0.4.1/JarJarSelector-0.4.1.jar:/storage/emulated/0/Android/data/com.movtery.zalithlauncher.v2/files/.minecraft/libraries/net/neoforged/JarJarMetadata/0.4.1/JarJarMetadata-0.4.1.jar:/storage/emulated/0/Android/data/com.movtery.zalithlauncher.v2/files/.minecraft/libraries/org/apache/maven/maven-artifact/3.8.5/maven-artifact-3.8.5.jar:/storage/emulated/0/Android/data/com.movtery.zalithlauncher.v2/files/.minecraft/libraries/net/jodah/typetools/0.6.3/typetools-0.6.3.jar:/storage/emulated/0/Android/data/com.movtery.zalithlauncher.v2/files/.minecraft/libraries/net/minecrell/terminalconsoleappender/1.3.0/terminalconsoleappender-1.3.0.jar:/storage/emulated/0/Android/data/com.movtery.zalithlauncher.v2/files/.minecraft/libraries/net/fabricmc/sponge-mixin/0.15.2+mixin.0.8.7/sponge-mixin-0.15.2+mixin.0.8.7.jar:/storage/emulated/0/Android/data/com.movtery.zalithlauncher.v2/files/.minecraft/libraries/org/openjdk/nashorn/nashorn-core/15.4/nashorn-core-15.4.jar:/storage/emulated/0/Android/data/com.movtery.zalithlauncher.v2/files/.minecraft/libraries/cpw/mods/bootstraplauncher/2.0.2/bootstraplauncher-2.0.2.jar:/storage/emulated/0/Android/data/com.movtery.zalithlauncher.v2/files/.minecraft/libraries/cpw/mods/securejarhandler/3.0.8/securejarhandler-3.0.8.jar:/storage/emulated/0/Android/data/com.movtery.zalithlauncher.v2/files/.minecraft/libraries/org/ow2/asm/asm-commons/9.10.1/asm-commons-9.10.1.jar:/storage/emulated/0/Android/data/com.movtery.zalithlauncher.v2/files/.minecraft/libraries/org/ow2/asm/asm-util/9.10.1/asm-util-9.10.1.jar:/storage/emulated/0/Android/data/com.movtery.zalithlauncher.v2/files/.minecraft/libraries/org/ow2/asm/asm-analysis/9.10.1/asm-analysis-9.10.1.jar:/storage/emulated/0/Android/data/com.movtery.zalithlauncher.v2/files/.minecraft/libraries/org/ow2/asm/asm-tree/9.10.1/asm-tree-9.10.1.jar:/storage/emulated/0/Android/data/com.movtery.zalithlauncher.v2/files/.minecraft/libraries/org/ow2/asm/asm/9.10.1/asm-9.10.1.jar:/storage/emulated/0/Android/data/com.movtery.zalithlauncher.v2/files/.minecraft/libraries/net/neoforged/JarJarFileSystems/0.4.1/JarJarFileSystems-0.4.1.jar:/storage/emulated/0/Android/data/com.movtery.zalithlauncher.v2/files/.minecraft/libraries/org/antlr/antlr4-runtime/4.13.1/antlr4-runtime-4.13.1.jar:/storage/emulated/0/Android/data/com.movtery.zalithlauncher.v2/files/.minecraft/libraries/org/jline/jline-reader/3.20.0/jline-reader-3.20.0.jar:/storage/emulated/0/Android/data/com.movtery.zalithlauncher.v2/files/.minecraft/libraries/org/jline/jline-terminal/3.20.0/jline-terminal-3.20.0.jar:/storage/emulated/0/Android/data/com.movtery.zalithlauncher.v2/files/.minecraft/libraries/net/minecraftforge/srgutils/0.4.15/srgutils-0.4.15.jar:/storage/emulated/0/Android/data/com.movtery.zalithlauncher.v2/files/.minecraft/libraries/com/google/guava/listenablefuture/9999.0-empty-to-avoid-conflict-with-guava/listenablefuture-9999.0-empty-to-avoid-conflict-with-guava.jar:/storage/emulated/0/Android/data/com.movtery.zalithlauncher.v2/files/.minecraft/libraries/com/google/code/findbugs/jsr305/3.0.2/jsr305-3.0.2.jar:/storage/emulated/0/Android/data/com.movtery.zalithlauncher.v2/files/.minecraft/libraries/org/checkerframework/checker-qual/3.33.0/checker-qual-3.33.0.jar:/storage/emulated/0/Android/data/com.movtery.zalithlauncher.v2/files/.minecraft/libraries/com/google/errorprone/error_prone_annotations/2.18.0/error_prone_annotations-2.18.0.jar:/storage/emulated/0/Android/data/com.movtery.zalithlauncher.v2/files/.minecraft/libraries/com/google/j2objc/j2objc-annotations/2.8/j2objc-annotations-2.8.jar:/storage/emulated/0/Android/data/com.movtery.zalithlauncher.v2/files/.minecraft/libraries/org/codehaus/plexus/plexus-utils/3.3.0/plexus-utils-3.3.0.jar:/storage/emulated/0/Android/data/com.movtery.zalithlauncher.v2/files/.minecraft/libraries/com/machinezoo/noexception/noexception/1.7.1/noexception-1.7.1.jar:/storage/emulated/0/Android/data/com.movtery.zalithlauncher.v2/files/.minecraft/versions/1.21.1 NeoForge/1.21.1 NeoForge.jar
▷ -Djava.net.preferIPv6Addresses=system
▷ -DignoreList=client-extra,1.21.1 NeoForge 21.1.244_changed.jar,${primary_jar_name},1.21.1 NeoForge.jar
▷ -DlibraryDirectory=/storage/emulated/0/Android/data/com.movtery.zalithlauncher.v2/files/.minecraft/libraries
▷ -p
▷ /storage/emulated/0/Android/data/com.movtery.zalithlauncher.v2/files/.minecraft/libraries/cpw/mods/bootstraplauncher/2.0.2/bootstraplauncher-2.0.2.jar:/storage/emulated/0/Android/data/com.movtery.zalithlauncher.v2/files/.minecraft/libraries/cpw/mods/securejarhandler/3.0.8/securejarhandler-3.0.8.jar:/storage/emulated/0/Android/data/com.movtery.zalithlauncher.v2/files/.minecraft/libraries/org/ow2/asm/asm-commons/9.10.1/asm-commons-9.10.1.jar:/storage/emulated/0/Android/data/com.movtery.zalithlauncher.v2/files/.minecraft/libraries/org/ow2/asm/asm-util/9.10.1/asm-util-9.10.1.jar:/storage/emulated/0/Android/data/com.movtery.zalithlauncher.v2/files/.minecraft/libraries/org/ow2/asm/asm-analysis/9.10.1/asm-analysis-9.10.1.jar:/storage/emulated/0/Android/data/com.movtery.zalithlauncher.v2/files/.minecraft/libraries/org/ow2/asm/asm-tree/9.10.1/asm-tree-9.10.1.jar:/storage/emulated/0/Android/data/com.movtery.zalithlauncher.v2/files/.minecraft/libraries/org/ow2/asm/asm/9.10.1/asm-9.10.1.jar:/storage/emulated/0/Android/data/com.movtery.zalithlauncher.v2/files/.minecraft/libraries/net/neoforged/JarJarFileSystems/0.4.1/JarJarFileSystems-0.4.1.jar
▷ --add-modules
▷ ALL-MODULE-PATH
▷ --add-opens
▷ java.base/java.util.jar=cpw.mods.securejarhandler
▷ --add-opens
▷ java.base/java.lang.invoke=cpw.mods.securejarhandler
▷ --add-exports
▷ java.base/sun.security.util=cpw.mods.securejarhandler
▷ --add-exports
▷ jdk.naming.dns/com.sun.jndi.dns=java.naming
▷ --add-exports
▷ cpw.mods.bootstraplauncher/cpw.mods.bootstraplauncher=ALL-UNNAMED
▷ cpw.mods.bootstraplauncher.BootstrapLauncher
▷ --username
▷ Trail_Akivili
▷ --version
▷ 1.21.1 NeoForge 21.1.244_changed
▷ --gameDir
▷ /storage/emulated/0/Android/data/com.movtery.zalithlauncher.v2/files/.minecraft/versions/1.21.1 NeoForge
▷ --assetsDir
▷ /storage/emulated/0/Android/data/com.movtery.zalithlauncher.v2/files/.minecraft/assets
▷ --assetIndex
▷ 17
▷ --uuid
▷ 050f97b8d0c942c5a3fc65e7017d8894
▷ --accessToken
▷ ********************
▷ --clientId
▷ ${clientid}
▷ --xuid
▷ 16335687485128635159
▷ --userType
▷ msa
▷ --versionType
▷ ZalithLauncher2.4.11
▷ --fml.neoForgeVersion
▷ 21.1.244
▷ --fml.fmlVersion
▷ 4.0.43
▷ --fml.mcVersion
▷ 1.21.1
▷ --fml.neoFormVersion
▷ 20240808.144430
▷ --launchTarget
▷ forgeclient
[DEBUG] Done processing args
[DEBUG] Found JLI lib
[DEBUG] Calling JLI_Launch
[MioLibPatcher/INFO]: MioPatcher is running!
ERROR StatusConsoleListener appender Console has no parameter that matches element Policies
[00:11:01] [main/INFO]: ModLauncher running: args [--username, Trail_Akivili, --version, 1.21.1 NeoForge 21.1.244_changed, --gameDir, /storage/emulated/0/Android/data/com.movtery.zalithlauncher.v2/files/.minecraft/versions/1.21.1 NeoForge, --assetsDir, /storage/emulated/0/Android/data/com.movtery.zalithlauncher.v2/files/.minecraft/assets, --assetIndex, 17, --uuid, 050f97b8d0c942c5a3fc65e7017d8894, --accessToken, ❄❄❄❄❄❄❄❄, --clientId, ${clientid}, --xuid, 16335687485128635159, --userType, msa, --versionType, ZalithLauncher2.4.11, --fml.neoForgeVersion, 21.1.244, --fml.fmlVersion, 4.0.43, --fml.mcVersion, 1.21.1, --fml.neoFormVersion, 20240808.144430, --launchTarget, forgeclient]
[00:11:01] [main/INFO]: JVM identified as Oracle Corporation OpenJDK 64-Bit Server VM 21.0.1-internal-adhoc.runner.openjdk
[00:11:01] [main/INFO]: ModLauncher 11.0.5+main.901c6ea8 starting: java version 21.0.1-internal by N/A; OS Linux arch aarch64 version Android-16
[00:11:01] [main/INFO]: Searching for graphics cards...
[00:11:01] [main/WARN]: Could not find any graphics adapters! Probably the device is not on a bus we can probe, or there are no devices supporting 3D acceleration.
[00:11:01] [main/WARN]: Sodium has applied one or more workarounds to prevent crashes or other issues on your system: [NO_ERROR_CONTEXT_UNSUPPORTED]
[00:11:01] [main/WARN]: This is not necessarily an issue, but it may result in certain features or optimizations being disabled. You can sometimes fix these issues by upgrading your graphics driver.
[00:11:01] [main/INFO]: Loading ImmediateWindowProvider fmlearlywindow
[INFO] <Native> Saving JVM environ...
Registered forkAndExec
[MioLibPatcher/INFO]: Patch target class: org/lwjgl/system/Library
[00:11:02] [main/INFO]: Trying GL version 4.6
EGLBridge: Binding to OpenGL ES
[00:11:02] [main/INFO]: Requested GL version 4.6 got version 4.0
[INFO] <NativeInput> Input ready: 1
[00:11:02] [main/INFO]: Loaded CustomSkinLoader Bootstrap transformation service with 3 other service(s)
[00:11:02] [main/INFO]: SpongePowered MIXIN Subsystem Version=0.8.7 Source=union:/storage/emulated/0/Android/data/com.movtery.zalithlauncher.v2/files/.minecraft/libraries/net/fabricmc/sponge-mixin/0.15.2+mixin.0.8.7/sponge-mixin-0.15.2+mixin.0.8.7.jar%23133!/ Service=ModLauncher Env=CLIENT
[00:11:02] [main/INFO]: Initializing CustomSkinLoader Bootstrap transformation service
[00:11:02] [main/INFO]: Initializing customskinloader-locator for official mappings in /storage/emulated/0/Android/data/com.movtery.zalithlauncher.v2/files/.minecraft/versions/1.21.1 NeoForge
[00:11:02] [main/INFO]: Releasing CustomSkinLoader Common jar to /storage/emulated/0/Android/data/com.movtery.zalithlauncher.v2/files/.minecraft/versions/1.21.1 NeoForge/CustomSkinLoader/Core/CustomSkinLoader-Common.jar
[00:11:02] [pool-2-thread-1/INFO]: GL info: Adreno (TM) 720 | OpenGL ES 3.2 GL version 4.0.0 MobileGlues 1.3.5, Swung0x48, BZLZHH, Tungsten
[00:11:03] [main/INFO]: Initialized customskinloader-locator with mod folder /storage/emulated/0/Android/data/com.movtery.zalithlauncher.v2/files/.minecraft/versions/1.21.1 NeoForge/CustomSkinLoader/Core and Common jar /storage/emulated/0/Android/data/com.movtery.zalithlauncher.v2/files/.minecraft/versions/1.21.1 NeoForge/CustomSkinLoader/Core/CustomSkinLoader-Common.jar
[00:11:03] [main/INFO]: Found mod file "client-1.21.1-20240808.144430-srg.jar" [locator: production client provider +net.neoforged:neoforge:21.1.244:client]
[00:11:03] [main/INFO]: Found mod file "neoforge-21.1.244-universal.jar" [locator: PathBasedLocator[name=neoforge, paths=[/storage/emulated/0/Android/data/com.movtery.zalithlauncher.v2/files/.minecraft/libraries/net/neoforged/neoforge/21.1.244/neoforge-21.1.244-universal.jar]], reader: mod manifest]
[00:11:03] [main/INFO]: Found mod file "net.caffeinemc.sodium-neoforge-0.8.13-beta.2+mc1.21.1-mod.jar" [locator: net.caffeinemc.mods.sodium.service.SodiumServiceModLocator@5bfc257, reader: mod manifest]
[00:11:03] [main/INFO]: Found mod file "fabric-rendering-data-attachment-v1-0.3.48+73761d2e19.jar" [locator: net.caffeinemc.mods.sodium.service.SodiumServiceModLocator@5bfc257, reader: mod manifest]
[00:11:03] [main/INFO]: Found mod file "fabric-renderer-api-v1-3.4.1+9125b6dc19.jar" [locator: net.caffeinemc.mods.sodium.service.SodiumServiceModLocator@5bfc257, reader: mod manifest]
[00:11:03] [main/INFO]: Found mod file "fabric-block-view-api-v2-1.0.10+9afaaf8c19.jar" [locator: net.caffeinemc.mods.sodium.service.SodiumServiceModLocator@5bfc257, reader: mod manifest]
[00:11:03] [main/INFO]: Found mod file "fabric-api-base-0.4.42+d1308ded19.jar" [locator: net.caffeinemc.mods.sodium.service.SodiumServiceModLocator@5bfc257, reader: mod manifest]
[00:11:03] [main/INFO]: Found mod file "CustomSkinLoader-Common.jar" [locator: {mods folder locator at /storage/emulated/0/Android/data/com.movtery.zalithlauncher.v2/files/.minecraft/versions/1.21.1 NeoForge/CustomSkinLoader/Core}, reader: mod manifest]
[00:11:03] [main/INFO]: Found mod file "appliedenergistics2-19.2.17.jar" [locator: {mods folder locator at /storage/emulated/0/Android/data/com.movtery.zalithlauncher.v2/files/.minecraft/versions/1.21.1 NeoForge/mods}, reader: mod manifest]
[00:11:03] [main/INFO]: Found mod file "colorwheel-neoforge-1.2.9+mc1.21.1.jar" [locator: {mods folder locator at /storage/emulated/0/Android/data/com.movtery.zalithlauncher.v2/files/.minecraft/versions/1.21.1 NeoForge/mods}, reader: mod manifest]
[00:11:03] [main/INFO]: Found mod file "create-1.21.1-6.0.10.jar" [locator: {mods folder locator at /storage/emulated/0/Android/data/com.movtery.zalithlauncher.v2/files/.minecraft/versions/1.21.1 NeoForge/mods}, reader: mod manifest]
[00:11:03] [main/INFO]: Found mod file "create-aeronautics-bundled-1.21.1-1.3.0.jar" [locator: {mods folder locator at /storage/emulated/0/Android/data/com.movtery.zalithlauncher.v2/files/.minecraft/versions/1.21.1 NeoForge/mods}, reader: mod manifest]
[00:11:03] [main/INFO]: Found mod file "create_connected-1.3.2-mc1.21.1.jar" [locator: {mods folder locator at /storage/emulated/0/Android/data/com.movtery.zalithlauncher.v2/files/.minecraft/versions/1.21.1 NeoForge/mods}, reader: mod manifest]
[00:11:03] [main/INFO]: Found mod file "createbetterfps-1.21.1-1.1.4.jar" [locator: {mods folder locator at /storage/emulated/0/Android/data/com.movtery.zalithlauncher.v2/files/.minecraft/versions/1.21.1 NeoForge/mods}, reader: mod manifest]
[00:11:03] [main/INFO]: Found mod file "flerovium-neoforge-1.21.1-1.1.2-all.jar" [locator: {mods folder locator at /storage/emulated/0/Android/data/com.movtery.zalithlauncher.v2/files/.minecraft/versions/1.21.1 NeoForge/mods}, reader: mod manifest]
[00:11:03] [main/INFO]: Found mod file "gl4es-stencil-fix-neoforge-1.21.1.jar" [locator: {mods folder locator at /storage/emulated/0/Android/data/com.movtery.zalithlauncher.v2/files/.minecraft/versions/1.21.1 NeoForge/mods}, reader: mod manifest]
[00:11:03] [main/INFO]: Found mod file "guideme-21.1.17.jar" [locator: {mods folder locator at /storage/emulated/0/Android/data/com.movtery.zalithlauncher.v2/files/.minecraft/versions/1.21.1 NeoForge/mods}, reader: mod manifest]
[00:11:03] [main/INFO]: Found mod file "ImmediatelyFast-NeoForge-1.6.11+1.21.1.jar" [locator: {mods folder locator at /storage/emulated/0/Android/data/com.movtery.zalithlauncher.v2/files/.minecraft/versions/1.21.1 NeoForge/mods}, reader: mod manifest]
[00:11:03] [main/INFO]: Found mod file "iris-neoforge-1.8.14-beta.1+mc1.21.1.jar" [locator: {mods folder locator at /storage/emulated/0/Android/data/com.movtery.zalithlauncher.v2/files/.minecraft/versions/1.21.1 NeoForge/mods}, reader: mod manifest]
[00:11:03] [main/INFO]: Found mod file "irisveil-0.3.0.jar" [locator: {mods folder locator at /storage/emulated/0/Android/data/com.movtery.zalithlauncher.v2/files/.minecraft/versions/1.21.1 NeoForge/mods}, reader: mod manifest]
[00:11:03] [main/INFO]: Found mod file "Jade-1.21.1-NeoForge-15.10.6.jar" [locator: {mods folder locator at /storage/emulated/0/Android/data/com.movtery.zalithlauncher.v2/files/.minecraft/versions/1.21.1 NeoForge/mods}, reader: mod manifest]
[00:11:03] [main/INFO]: Found mod file "jei-1.21.1-neoforge-19.43.0.395.jar" [locator: {mods folder locator at /storage/emulated/0/Android/data/com.movtery.zalithlauncher.v2/files/.minecraft/versions/1.21.1 NeoForge/mods}, reader: mod manifest]
[00:11:03] [main/INFO]: Found library file "KotlinLangForge-2.12.2-k2.4.10-3.0+neoforge.jar" [locator: {mods folder locator at /storage/emulated/0/Android/data/com.movtery.zalithlauncher.v2/files/.minecraft/versions/1.21.1 NeoForge/mods}, reader: mod manifest]
[00:11:03] [main/INFO]: Found mod file "lanserverproperties-1.13.2-neoforge.jar" [locator: {mods folder locator at /storage/emulated/0/Android/data/com.movtery.zalithlauncher.v2/files/.minecraft/versions/1.21.1 NeoForge/mods}, reader: mod manifest]
[00:11:03] [main/INFO]: Found mod file "Mekanism-1.21.1-10.7.19.85.jar" [locator: {mods folder locator at /storage/emulated/0/Android/data/com.movtery.zalithlauncher.v2/files/.minecraft/versions/1.21.1 NeoForge/mods}, reader: mod manifest]
[00:11:03] [main/INFO]: Found mod file "mekanism_ponders-1.0.3-1.21.1.jar" [locator: {mods folder locator at /storage/emulated/0/Android/data/com.movtery.zalithlauncher.v2/files/.minecraft/versions/1.21.1 NeoForge/mods}, reader: mod manifest]
[00:11:03] [main/INFO]: Found mod file "MekanismGenerators-1.21.1-10.7.19.85.jar" [locator: {mods folder locator at /storage/emulated/0/Android/data/com.movtery.zalithlauncher.v2/files/.minecraft/versions/1.21.1 NeoForge/mods}, reader: mod manifest]
[00:11:03] [main/INFO]: Found mod file "sable-android-patch-2.0.3.jar" [locator: {mods folder locator at /storage/emulated/0/Android/data/com.movtery.zalithlauncher.v2/files/.minecraft/versions/1.21.1 NeoForge/mods}, reader: mod manifest]
[00:11:03] [main/INFO]: Found mod file "sable-neoforge-1.21.1-2.0.3.jar" [locator: {mods folder locator at /storage/emulated/0/Android/data/com.movtery.zalithlauncher.v2/files/.minecraft/versions/1.21.1 NeoForge/mods}, reader: mod manifest]
[00:11:03] [main/INFO]: Found mod file "tree-vein-miner-2.0.0.jar" [locator: {mods folder locator at /storage/emulated/0/Android/data/com.movtery.zalithlauncher.v2/files/.minecraft/versions/1.21.1 NeoForge/mods}, reader: mod manifest]
[00:11:03] [main/INFO]: Found mod file "veinminer-neoforge-2.11.2+1.21.1.jar" [locator: {mods folder locator at /storage/emulated/0/Android/data/com.movtery.zalithlauncher.v2/files/.minecraft/versions/1.21.1 NeoForge/mods}, reader: mod manifest]
[00:11:05] [main/WARN]: Attempted to select a dependency jar for JarJar which was passed in as source: fabric_api_base. Using Mod File: 
[00:11:05] [main/WARN]: Attempted to select a dependency jar for JarJar which was passed in as source: fabric_renderer_api_v1. Using Mod File: 
[00:11:05] [main/WARN]: Attempted to select a dependency jar for JarJar which was passed in as source: fabric_block_view_api_v2. Using Mod File: 
[00:11:05] [main/WARN]: Attempted to select a dependency jar for JarJar which was passed in as source: fabric_rendering_data_attachment_v1. Using Mod File: 
[00:11:05] [main/INFO]: Found 29 dependencies adding them to mods collection
[00:11:05] [main/INFO]: Found gamelibrary file "mixinextras-neoforge-0.5.3.jar" [parent: neoforge-21.1.244-universal.jar, locator: jarinjar, reader: mod manifest]
[00:11:05] [main/INFO]: Found library file "kotlinx-datetime-jvm-0.7.1-0.6.x-compat.jar" [parent: KotlinLangForge-2.12.2-k2.4.10-3.0+neoforge.jar, locator: jarinjar]
[00:11:05] [main/INFO]: Found gamelibrary file "dev.ryanhcode.sable.sable-sable_rapier-1.21.1-2.0.3.jar" [parent: sable-neoforge-1.21.1-2.0.3.jar, locator: jarinjar, reader: mod manifest]
[00:11:05] [main/INFO]: Found library file "glsl-processor-0.2.3.jar" [parent: veil-neoforge-1.21.1-4.1.4.jar, locator: jarinjar]
[00:11:05] [main/INFO]: Found mod file "ponder-neoforge-1.0.82+mc1.21.1.jar" [parent: create-1.21.1-6.0.10.jar, locator: jarinjar, reader: mod manifest]
[00:11:05] [main/INFO]: Found library file "net.neoforged.neoforge-coremods-21.1.244.jar" [parent: neoforge-21.1.244-universal.jar, locator: jarinjar, reader: mod manifest]
[00:11:05] [main/INFO]: Found mod file "dev.eriksonn.aeronautics.aeronautics-neoforge-1.21.1-1.3.0.jar" [parent: create-aeronautics-bundled-1.21.1-1.3.0.jar, locator: jarinjar, reader: mod manifest]
[00:11:05] [main/INFO]: Found library file "jcpp-1.4.14.jar" [parent: iris-neoforge-1.8.14-beta.1+mc1.21.1.jar, locator: jarinjar]
[00:11:05] [main/INFO]: Found library file "glsl-transformer-3.0.0-pre3.jar" [parent: iris-neoforge-1.8.14-beta.1+mc1.21.1.jar, locator: jarinjar]
[00:11:05] [main/INFO]: Found library file "kotlinx-serialization-cbor-jvm-1.9.0.jar" [parent: KotlinLangForge-2.12.2-k2.4.10-3.0+neoforge.jar, locator: jarinjar]
[00:11:05] [main/INFO]: Found library file "kotlin-stdlib-2.4.10.jar" [parent: KotlinLangForge-2.12.2-k2.4.10-3.0+neoforge.jar, locator: jarinjar]
[00:11:05] [main/INFO]: Found library file "kotlin-reflect-2.4.10.jar" [parent: KotlinLangForge-2.12.2-k2.4.10-3.0+neoforge.jar, locator: jarinjar]
[00:11:05] [main/INFO]: Found mod file "flywheel-neoforge-1.21.1-1.0.6.jar" [parent: create-1.21.1-6.0.10.jar, locator: jarinjar, reader: mod manifest]
[00:11:05] [main/INFO]: Found mod file "sable-companion-common-1.21.1-1.6.0.jar" [parent: sable-neoforge-1.21.1-2.0.3.jar, locator: jarinjar, reader: mod manifest]
[00:11:05] [main/INFO]: Found library file "kotlinx-coroutines-core-jvm-1.10.2.jar" [parent: KotlinLangForge-2.12.2-k2.4.10-3.0+neoforge.jar, locator: jarinjar]
[00:11:05] [main/INFO]: Found library file "kotlinx-io-bytestring-jvm-0.8.0.jar" [parent: KotlinLangForge-2.12.2-k2.4.10-3.0+neoforge.jar, locator: jarinjar]
[00:11:05] [main/INFO]: Found mod file "veil-neoforge-1.21.1-4.1.4.jar" [parent: sable-neoforge-1.21.1-2.0.3.jar, locator: jarinjar, reader: mod manifest]
[00:11:05] [main/INFO]: Found mod file "dev.simulated_team.simulated.simulated-neoforge-1.21.1-1.3.0.jar" [parent: create-aeronautics-bundled-1.21.1-1.3.0.jar, locator: jarinjar, reader: mod manifest]
[00:11:05] [main/INFO]: Found library file "kotlinx-coroutines-jdk8-1.10.2.jar" [parent: KotlinLangForge-2.12.2-k2.4.10-3.0+neoforge.jar, locator: jarinjar]
[00:11:05] [main/INFO]: Found library file "kotlin-stdlib-jdk7-2.4.10.jar" [parent: KotlinLangForge-2.12.2-k2.4.10-3.0+neoforge.jar, locator: jarinjar]
[00:11:05] [main/INFO]: Found library file "kotlin-stdlib-jdk8-2.4.10.jar" [parent: KotlinLangForge-2.12.2-k2.4.10-3.0+neoforge.jar, locator: jarinjar]
[00:11:05] [main/INFO]: Found library file "molang-compiler-3.1.1.19.jar" [parent: veil-neoforge-1.21.1-4.1.4.jar, locator: jarinjar]
[00:11:05] [main/INFO]: Found library file "kotlinx-serialization-core-jvm-1.9.0.jar" [parent: KotlinLangForge-2.12.2-k2.4.10-3.0+neoforge.jar, locator: jarinjar]
[00:11:05] [main/INFO]: Found library file "Reflect-1.6.2.jar" [parent: ImmediatelyFast-NeoForge-1.6.11+1.21.1.jar, locator: jarinjar]
[00:11:05] [main/INFO]: Found gamelibrary file "Registrate-MC1.21-1.3.0+67.jar" [parent: create-1.21.1-6.0.10.jar, locator: jarinjar, reader: mod manifest]
[00:11:05] [main/INFO]: Found library file "kotlinx-io-core-jvm-0.8.0.jar" [parent: KotlinLangForge-2.12.2-k2.4.10-3.0+neoforge.jar, locator: jarinjar]
[00:11:05] [main/INFO]: Found library file "kotlinx-serialization-json-jvm-1.9.0.jar" [parent: KotlinLangForge-2.12.2-k2.4.10-3.0+neoforge.jar, locator: jarinjar]
[00:11:05] [main/INFO]: Found mod file "dev.ryanhcode.offroad.offroad-neoforge-1.21.1-1.3.0.jar" [parent: create-aeronautics-bundled-1.21.1-1.3.0.jar, locator: jarinjar, reader: mod manifest]
[00:11:05] [main/INFO]: Found library file "atomicfu-jvm-0.29.0.jar" [parent: KotlinLangForge-2.12.2-k2.4.10-3.0+neoforge.jar, locator: jarinjar]
[00:11:05] [main/INFO]: 
     Mod List:
		Name Version (Mod Id)

		Applied Energistics 2 19.2.17 (ae2)
		Colorwheel 1.2.9+mc1.21.1 (colorwheel)
		Create 6.0.10 (create)
		Create Aeronautics 1.3.0 (aeronautics)
		Create Aeronautics 1.3.0 (aeronautics_bundled)
		Create Offroad 1.3.0 (offroad)
		Create Simulated 1.3.0 (simulated)
		Create: Connected 1.3.2-mc1.21.1 (create_connected)
		CreateBetterFps 1.1.4 (createbetterfps)
		CustomSkinLoader 15.0.1 (customskinloader)
		Flerovium 1.1.2 (flerovium)
		Flywheel 1.0.6 (flywheel)
		Forgified Fabric API Base 0.4.42+d1308ded19 (fabric_api_base)
		Forgified Fabric BlockView API (v2) 1.0.10+9afaaf8c19 (fabric_block_view_api_v2)
		Forgified Fabric Renderer API (v1) 3.4.1+9125b6dc19 (fabric_renderer_api_v1)
		Forgified Fabric Rendering Data Attachment (v1) 0.3.48+73761d2e19 (fabric_rendering_data_attachment_v1)
		GL4ES Stencil Fix 1.0.0 (gl4esstencilfix)
		GuideME 21.1.17 (guideme)
		ImmediatelyFast 1.6.11+1.21.1 (immediatelyfast)
		Iris 1.8.14-beta.1+mc1.21.1 (iris)
		Iris Veil Compat 0.3.0 (irisveil)
		Jade 15.10.6+neoforge (jade)
		Just Enough Items 19.43.0.395 (jei)
		KotlinLangForge 2.12.2-k2.4.10-3.0+neoforge (klf)
		Lan Server Properties 1.13.2 (lanserverproperties)
		Mekanism 10.7.19 (mekanism)
		Mekanism: Generators 10.7.19 (mekanismgenerators)
		Mekanism: Ponders 1.0.3-1.21.1 (mekanism_ponders)
		Minecraft 1.21.1 (minecraft)
		NeoForge 21.1.244 (neoforge)
		Ponder 1.0.82+mc1.21.1 (ponder)
		Sable 2.0.3 (sable)
		Sable Companion 1.6.0 (sablecompanion)
		SableAndroidPatch 2.0.3 (sableandroidpatch)
		Sodium 0.8.13-beta.2+mc1.21.1 (sodium)
		Tree Vein Miner 2.0.0 (mr_tree_veinminer)
		Veil 4.1.4 (veil)
		Veinminer 2.11.2 (veinminer)
[00:11:05] [main/INFO]: Loading coremod script-engine for [gl4esstencilfix]
[00:11:08] [main/INFO]: Loaded 4 CustomSkinLoader bootstrap transformer(s) for official mappings
[00:11:08] [main/INFO]: Loading CustomSkinLoader bootstrap mappings for official
[00:11:08] [main/INFO]: Loaded 2 CustomSkinLoader bootstrap class mapping(s) for official
[00:11:08] [main/INFO]: Collected 12 CustomSkinLoader bootstrap target class(es) for official mappings
[00:11:08] [main/INFO]: Provided 12 CustomSkinLoader ModLauncher transformer(s)
[00:11:09] [main/INFO]: Compatibility level set to JAVA_21
[00:11:09] [main/INFO]: Launching target 'forgeclient' with arguments [--version, 1.21.1 NeoForge 21.1.244_changed, --gameDir, /storage/emulated/0/Android/data/com.movtery.zalithlauncher.v2/files/.minecraft/versions/1.21.1 NeoForge, --assetsDir, /storage/emulated/0/Android/data/com.movtery.zalithlauncher.v2/files/.minecraft/assets, --uuid, 050f97b8d0c942c5a3fc65e7017d8894, --username, Trail_Akivili, --assetIndex, 17, --accessToken, ❄❄❄❄❄❄❄❄, --clientId, ${clientid}, --xuid, 16335687485128635159, --userType, msa, --versionType, ZalithLauncher2.4.11]
[00:11:09] [main/WARN]: Reference map 'aeronautics.refmap.json' for aeronautics.mixins.json could not be read. If this is a development environment you can ignore this message
[00:11:09] [main/WARN]: Reference map 'iris.refmap.json' for mixins.iris.json could not be read. If this is a development environment you can ignore this message
[00:11:09] [main/WARN]: Reference map 'iris.refmap.json' for mixins.iris.fantastic.json could not be read. If this is a development environment you can ignore this message
[00:11:09] [main/WARN]: Reference map 'iris.refmap.json' for mixins.iris.vertexformat.json could not be read. If this is a development environment you can ignore this message
[00:11:09] [main/WARN]: Reference map 'iris.refmap.json' for iris-batched-entity-rendering.mixins.json could not be read. If this is a development environment you can ignore this message
[00:11:09] [main/WARN]: Reference map 'iris.refmap.json' for mixins.iris.compat.sodium.json could not be read. If this is a development environment you can ignore this message
[00:11:09] [main/WARN]: Reference map 'simulated.refmap.json' for simulated.mixins.json could not be read. If this is a development environment you can ignore this message
[00:11:09] [main/WARN]: Reference map 'lsp.refmap.json' for lsp.mixins.json could not be read. If this is a development environment you can ignore this message
[00:11:09] [main/WARN]: Reference map 'createbetterfps.refmap.json' for createbetterfps.mixins.json could not be read. If this is a development environment you can ignore this message
[00:11:09] [main/INFO]: Loaded configuration file for Sodium: 45 options available, 1 override(s) found
[00:11:09] [main/WARN]: Reference map 'ponder.refmap.json' for ponder-common.mixins.json could not be read. If this is a development environment you can ignore this message
[00:11:09] [main/INFO]: Using Sodium renderer mixins
[00:11:09] [main/INFO]: Using Sodium renderer mixins
[00:11:09] [main/WARN]: Reference map 'offroad.refmap.json' for offroad.mixins.json could not be read. If this is a development environment you can ignore this message
[00:11:09] [main/WARN]: Reference map 'create_connected.refmap.json' for create_connected.mixins.json could not be read. If this is a development environment you can ignore this message
[00:11:10] [main/WARN]: Error loading class: com/simibubi/create/foundation/ponder/PonderWorld (java.lang.ClassNotFoundException: com.simibubi.create.foundation.ponder.PonderWorld)
[GL4ESFix] SUCCESS: RenderTarget.enableStencil() -> no-op RETURN
[00:11:10] [main/INFO]: Transformed net/minecraft/client/renderer/entity/layers/CapeLayer with [customskinloader:render-patch]
[00:11:10] [main/INFO]: Transformed ModLauncher target net/minecraft/client/renderer/entity/layers/CapeLayer with [customskinloader:render-patch]
[00:11:10] [main/INFO]: Transformed net/minecraft/resources/ResourceLocation with [customskinloader:interface-patch]
[00:11:10] [main/INFO]: Transformed ModLauncher target net/minecraft/resources/ResourceLocation with [customskinloader:interface-patch]
[00:11:10] [main/WARN]: Error loading class: com/portingdeadmods/cable_facades/events/GameClientEvents$2 (java.lang.ClassNotFoundException: com.portingdeadmods.cable_facades.events.GameClientEvents$2)
[00:11:10] [main/WARN]: Error loading class: com/direwolf20/justdirethings/client/renderers/OurRenderTypes (java.lang.ClassNotFoundException: com.direwolf20.justdirethings.client.renderers.OurRenderTypes)
[00:11:10] [main/WARN]: Error loading class: blusunrize/immersiveengineering/client/utils/IEGLShaders (java.lang.ClassNotFoundException: blusunrize.immersiveengineering.client.utils.IEGLShaders)
[00:11:10] [main/INFO]: Transformed com/mojang/blaze3d/platform/NativeImage with [customskinloader:interface-patch]
[00:11:10] [main/INFO]: Transformed ModLauncher target com/mojang/blaze3d/platform/NativeImage with [customskinloader:interface-patch]
[00:11:11] [main/WARN]: Force-disabling mixin 'features.render.world.sky.ClientLevelMixin' as rule 'mixin.features.render.world.sky' (added by mods [iris]) disables it and children
[00:11:11] [main/WARN]: Force-disabling mixin 'features.render.world.sky.FogRendererMixin' as rule 'mixin.features.render.world.sky' (added by mods [iris]) disables it and children
[00:11:11] [main/WARN]: Force-disabling mixin 'features.render.world.sky.LevelRendererMixin' as rule 'mixin.features.render.world.sky' (added by mods [iris]) disables it and children
[00:11:11] [main/INFO]: Transformed net/minecraft/client/renderer/entity/player/PlayerRenderer with [customskinloader:render-patch]
[00:11:11] [main/INFO]: Transformed ModLauncher target net/minecraft/client/renderer/entity/player/PlayerRenderer with [customskinloader:render-patch]
[00:11:11] [main/WARN]: Error loading class: com/copycatsplus/copycats/content/copycat/slab/CopycatSlabBlock (java.lang.ClassNotFoundException: com.copycatsplus.copycats.content.copycat.slab.CopycatSlabBlock)
[00:11:11] [main/WARN]: @Mixin target com.copycatsplus.copycats.content.copycat.slab.CopycatSlabBlock was not found create_connected.mixins.json:compat.CopycatBlockMixin from mod create_connected
[00:11:11] [main/WARN]: Error loading class: com/copycatsplus/copycats/content/copycat/board/CopycatBoardBlock (java.lang.ClassNotFoundException: com.copycatsplus.copycats.content.copycat.board.CopycatBoardBlock)
[00:11:11] [main/WARN]: @Mixin target com.copycatsplus.copycats.content.copycat.board.CopycatBoardBlock was not found create_connected.mixins.json:compat.CopycatBlockMixin from mod create_connected
[00:11:11] [main/WARN]: Error loading class: me/jellysquid/mods/lithium/common/ai/pathing/PathNodeDefaults (java.lang.ClassNotFoundException: me.jellysquid.mods.lithium.common.ai.pathing.PathNodeDefaults)
[00:11:12] [main/WARN]: Error loading class: org/jetbrains/annotations/ApiStatus$ScheduledForRemoval (java.lang.ClassNotFoundException: org.jetbrains.annotations.ApiStatus$ScheduledForRemoval)
[00:11:12] [main/INFO]: Initializing MixinExtras via com.llamalad7.mixinextras.service.MixinExtrasServiceImpl(version=0.5.3).
WARN StatusConsoleListener Error parsing URI /storage/emulated/0/Android/data/com.movtery.zalithlauncher.v2/files/.minecraft/versions/1.21.1 NeoForge/log4j2.xml
ERROR StatusConsoleListener appender Console has no parameter that matches element Policies
WARN StatusConsoleListener Advanced terminal features are not available in this environment
[00:11:14] [main/INFO] [CustomSkinLoader Bootstrap/]: Transformed net/minecraft/resources/ResourceLocation with [customskinloader:interface-patch]
[00:11:14] [main/INFO] [CustomSkinLoader Bootstrap/]: Transformed ModLauncher target net/minecraft/resources/ResourceLocation with [customskinloader:interface-patch]
[MioLibPatcher/INFO]: Patch target class: oshi/hardware/CentralProcessor$ProcessorIdentifier
[00:11:16] [main/WARN] [os.so.os.li.LinuxOperatingSystem/]: Did not find udev library in operating system. Some features may not work.
[00:11:17] [main/WARN] [os.ut.FileUtil/]: File not found or not readable: /proc/stat
[00:11:17] [Datafixer Bootstrap/INFO] [mojang/DataFixerBuilder]: 229 Datafixer optimizations took 1580 milliseconds
[MioLibPatcher/INFO]: Patch target class: io/netty/util/internal/PlatformDependent
[00:11:21] [pool-11-thread-1/INFO] [io.ne.ut.in.PlatformDependent/]: Your platform does not provide complete low-level API for accessing direct buffers reliably. Unless explicitly requested, heap buffer will always be preferred to avoid potential system instability.
[00:11:30] [pool-11-thread-1/INFO] [CustomSkinLoader Bootstrap/]: Transformed net/minecraft/server/packs/resources/ResourceManager with [customskinloader:interface-patch]
[00:11:30] [pool-11-thread-1/INFO] [CustomSkinLoader Bootstrap/]: Transformed ModLauncher target net/minecraft/server/packs/resources/ResourceManager with [customskinloader:interface-patch]
[GL4ESFix] SUCCESS: RenderTarget.enableStencil() -> no-op RETURN
[00:11:30] [Render thread/WARN] [minecraft/VanillaPackResourcesBuilder]: Assets URL 'union:/storage/emulated/0/Android/data/com.movtery.zalithlauncher.v2/files/.minecraft/libraries/net/minecraft/client/1.21.1-20240808.144430/client-1.21.1-20240808.144430-srg.jar%23173!/assets/.mcassetsroot' uses unexpected schema
[00:11:30] [Render thread/WARN] [minecraft/VanillaPackResourcesBuilder]: Assets URL 'union:/storage/emulated/0/Android/data/com.movtery.zalithlauncher.v2/files/.minecraft/libraries/net/minecraft/client/1.21.1-20240808.144430/client-1.21.1-20240808.144430-srg.jar%23173!/data/.mcassetsroot' uses unexpected schema
[00:11:30] [Render thread/INFO] [mojang/YggdrasilAuthenticationService]: Environment: Environment[sessionHost=https://sessionserver.mojang.com, servicesHost=https://api.minecraftservices.com, name=PROD]
[00:11:30] [Render thread/INFO] [minecraft/Minecraft]: Setting user: Trail_Akivili
[00:11:31] [Render thread/INFO] [minecraft/Minecraft]: Backend library: LWJGL version 3.3.6-snapshot
[00:11:31] [Render thread/INFO] [mojang/Window]: OpenGL Vendor: Swung0x48, BZLZHH, Tungsten
[00:11:31] [Render thread/INFO] [mojang/Window]: OpenGL Renderer: Adreno (TM) 720 | OpenGL ES 3.2
[00:11:31] [Render thread/INFO] [mojang/Window]: OpenGL Version: 4.0.0 MobileGlues 1.3.5
[MioLibPatcher/INFO]: Patch target class: net/caffeinemc/mods/sodium/client/compatibility/checks/PostLaunchChecks
[00:11:31] [Render thread/INFO] [ImmediatelyFast/]: Initializing ImmediatelyFast 1.6.11+1.21.1 on Adreno (TM) 720 | OpenGL ES 3.2 (Swung0x48, BZLZHH, Tungsten) with OpenGL 4.0.0 MobileGlues 1.3.5
[00:11:31] [Render thread/INFO] [ImmediatelyFast/]: Found Iris 1.8.14-beta.1+mc1.21.1. Enabling compatibility.
[00:11:31] [Render thread/INFO] [CustomSkinLoader Bootstrap/]: Transformed com/mojang/blaze3d/platform/NativeImage with [customskinloader:interface-patch]
[00:11:31] [Render thread/INFO] [CustomSkinLoader Bootstrap/]: Transformed ModLauncher target com/mojang/blaze3d/platform/NativeImage with [customskinloader:interface-patch]
[00:11:32] [Render thread/INFO] [Iris/]: Debug functionality is disabled.
[00:11:32] [Render thread/INFO] [Iris/]: DSA support not detected.
[00:11:33] [Render thread/INFO] [Iris/]: Profile: HIGH (+0 options changed by user)
[00:11:33] [ForkJoinPool.commonPool-worker-7/WARN] [Iris/]: [Iris Update Check] This version doesn't have an update index, skipping.
[00:11:34] [Render thread/INFO] [Iris/]: Using shaderpack: ComplementaryReimagined_r5.8.1.zip
[00:11:34] [Render thread/INFO] [colorwheel/]: Is OIT supported: true
[00:11:35] [Render thread/INFO] [CustomSkinLoader Bootstrap/]: Transformed net/minecraft/server/packs/resources/Resource with [customskinloader:interface-patch]
[00:11:35] [Render thread/INFO] [CustomSkinLoader Bootstrap/]: Transformed ModLauncher target net/minecraft/server/packs/resources/Resource with [customskinloader:interface-patch]
[00:11:35] [Render thread/INFO] [CustomSkinLoader Bootstrap/]: Transformed net/minecraft/server/packs/resources/ResourceManager with [customskinloader:interface-patch]
[00:11:35] [Render thread/INFO] [CustomSkinLoader Bootstrap/]: Transformed ModLauncher target net/minecraft/server/packs/resources/ResourceManager with [customskinloader:interface-patch]
[GL4ESFix] Mod initialized. RenderTarget.enableStencil() has been patched to a no-op.
[00:11:35] [modloading-worker-0/INFO] [Veil/]: Veil is initializing.
[00:11:35] [modloading-worker-0/INFO] [de.mi.ve.Veinminer/]: Veinminer Version: 2.11.2 (neoforge)
[SAP]
[00:11:35] [modloading-worker-0/INFO] [ne.ne.ne.co.NeoForgeMod/NEOFORGE-MOD]: NeoForge mod loading, version 21.1.244, for MC 1.21.1
[00:11:35] [modloading-worker-0/WARN] [AE2:C/]: Unable to find class com.simibubi.create.foundation.ponder.PonderWorld. Integration with PonderJS disabled.
[00:11:37] [modloading-worker-0/INFO] [me.je.li.lo.PluginCaller/]: Sending ConfigManager...
[00:11:37] [modloading-worker-0/INFO] [me.je.li.lo.PluginCaller/]: Sending ConfigManager took 33.84 milliseconds
9月 02, 2026 12:11:37 上午 guideme.internal.shaded.lucene.internal.vectorization.VectorizationProvider lookup
警告: You are running with unsupported Java 21. To make full use of the Vector API, please update Apache Lucene.
[00:11:37] [modloading-worker-0/INFO] [co.si.cr.Create/]: Create 6.0.10 initializing! Commit hash: ac0c444d9828da3453ae8cc65338e8de063286fb
[00:11:38] [DefaultDispatcher-worker-1/INFO] [de.mi.ve.Veinminer/]: veinminer is up to date
[00:11:38] [modloading-worker-0/WARN] [mixin/]: @Inject(@At("INVOKE")) Shift.BY=2 on create_connected.mixins.json:sequencedgearshift.SequencedGearshiftScreenMixin from mod create_connected::handler$dab000$create_connected$updateParamsOfRow exceeds the maximum allowed value: 0. Increase the value of maxShiftBy to suppress this warning.
[00:11:38] [modloading-worker-0/INFO] [mixin/]: mekanism_ponders.mixins.json:AccessorAttributeStateActive from mod mekanism_ponders->@Accessor[FIELD_GETTER]::mekanism_ponder$getActiveProperty()Lnet/minecraft/world/level/block/state/properties/BooleanProperty; should be static as its target is
[MioLibPatcher/INFO]: Patch target class: com/simibubi/create/compat/pojav/PojavChecker
[00:11:41] [modloading-worker-0/WARN] [co.si.cr.co.po.PojavChecker/]: [Create]: Detected presence of environment variable POJAV_LAUNCHER, which seems to indicate we are running on Android
[00:11:42] [modloading-worker-0/INFO] [de.ry.sa.Sable/]: Sable loaded!
[00:11:42] [modloading-worker-0/WARN] [de.ry.sa.Sable/]: NOTE: Sable is loaded with Flywheel. Sable contains extensive shader overrides and a full light-storage replacement. Expect this to cause compatibility issues. If issues arise, please report them to the Sable issue tracker (https://github.com/ryanhcode/sable/issues) instead of the Flywheel issue tracker.
[00:11:47] [Render thread/INFO] [CustomSkinLoader Bootstrap/]: Transformed net/minecraft/client/resources/SkinManager with [customskinloader:skin-manager-patch]
[00:11:47] [Render thread/INFO] [CustomSkinLoader Bootstrap/]: Transformed ModLauncher target net/minecraft/client/resources/SkinManager with [customskinloader:skin-manager-patch]
[00:11:47] [Render thread/INFO] [CustomSkinLoader Bootstrap/]: Transformed net/minecraft/client/resources/SkinManager$1 with [customskinloader:skin-manager-patch]
[00:11:47] [Render thread/INFO] [CustomSkinLoader Bootstrap/]: Transformed ModLauncher target net/minecraft/client/resources/SkinManager$1 with [customskinloader:skin-manager-patch]
[00:11:47] [Render thread/INFO] [CustomSkinLoader Bootstrap/]: Transformed net/minecraft/client/resources/SkinManager$TextureCache with [customskinloader:skin-manager-patch]
[00:11:47] [Render thread/INFO] [CustomSkinLoader Bootstrap/]: Transformed ModLauncher target net/minecraft/client/resources/SkinManager$TextureCache with [customskinloader:skin-manager-patch]
[00:11:47] [Render thread/INFO] [CustomSkinLoader Bootstrap/]: Transformed net/minecraft/client/renderer/texture/HttpTexture with [customskinloader:skin-texture-patch]
[00:11:47] [Render thread/INFO] [CustomSkinLoader Bootstrap/]: Transformed ModLauncher target net/minecraft/client/renderer/texture/HttpTexture with [customskinloader:skin-texture-patch]
[00:11:47] [Render thread/INFO] [Veil/]: GL Debug unsupported
[00:11:48] [Render thread/INFO] [Iris/]: Hardware information:
[00:11:48] [Render thread/INFO] [Iris/]: CPU: 8x 
[00:11:48] [Render thread/INFO] [Iris/]: GPU: Adreno (TM) 720 | OpenGL ES 3.2 (Supports OpenGL 4.0.0 MobileGlues 1.3.5)
[00:11:48] [Render thread/INFO] [Iris/]: OS: Linux (Android-16)
[00:11:48] [Render thread/INFO] [CustomSkinLoader Bootstrap/]: Transformed net/minecraft/client/gui/components/PlayerTabOverlay with [customskinloader:render-patch]
[00:11:48] [Render thread/INFO] [CustomSkinLoader Bootstrap/]: Transformed ModLauncher target net/minecraft/client/gui/components/PlayerTabOverlay with [customskinloader:render-patch]
[00:11:49] [Render thread/INFO] [CustomSkinLoader Bootstrap/]: Transformed net/minecraft/client/renderer/entity/player/PlayerRenderer with [customskinloader:render-patch]
[00:11:49] [Render thread/INFO] [CustomSkinLoader Bootstrap/]: Transformed ModLauncher target net/minecraft/client/renderer/entity/player/PlayerRenderer with [customskinloader:render-patch]
[00:11:50] [Render thread/INFO] [CustomSkinLoader Bootstrap/]: Transformed net/minecraft/server/packs/resources/Resource with [customskinloader:interface-patch]
[00:11:50] [Render thread/INFO] [CustomSkinLoader Bootstrap/]: Transformed ModLauncher target net/minecraft/server/packs/resources/Resource with [customskinloader:interface-patch]
[MioLibPatcher/INFO]: Patch target class: com/mojang/text2speech/Narrator
[00:11:50] [Render thread/INFO] [minecraft/ReloadableResourceManager]: Reloading ResourceManager: vanilla, mod_resources, mod/sodium, mod/gl4esstencilfix, mod/fabric_api_base, mod/fabric_renderer_api_v1, mod/jade, mod/customskinloader, mod/jei, mod/ae2, mod/aeronautics, mod/aeronautics_bundled, mod/flerovium, mod/mekanism, mod/sablecompanion, mod/veinminer, mod/neoforge, mod/fabric_block_view_api_v2, mod/iris, mod/veil, mod/sableandroidpatch, mod/simulated, mod/immediatelyfast, mod/guideme, mod/lanserverproperties, mod/mekanismgenerators, mod/fabric_rendering_data_attachment_v1, mod/mr_tree_veinminer, mod/createbetterfps, mod/colorwheel, mod/flywheel, mod/ponder, mod/create, mod/sable, mod/mekanism_ponders, mod/offroad, mod/create_connected, mod/irisveil
[00:11:50] [Worker-Main-1/INFO] [me.co.Mekanism/]: Version 10.7.19 initializing...
[00:11:50] [Worker-Main-1/INFO] [me.co.Mekanism/]: Initialized HolidayManager.
[00:11:51] [Worker-Main-1/INFO] [me.co.Mekanism/]: Fake player readout: UUID = 46e82cd0-d480-3d48-800a-77431ede078e, name = [Mekanism]
[00:11:51] [Worker-Main-1/INFO] [me.co.Mekanism/]: Mod loaded.
[00:11:51] [Worker-Main-1/INFO] [me.co.Mekanism/]: Loaded 'Mekanism: Generators' module.
[00:11:51] [NeoForge Version Check/INFO] [ne.ne.fm.VersionChecker/]: [mr_tree_veinminer] Starting version check at https://api.modrinth.com/updates/wEhW4ceB/forge_updates.json?neoforge=only
[00:11:51] [Worker-Main-1/INFO] [minecraft/UnihexProvider]: Found unifont_all_no_pua-15.1.05.hex, loading
[00:11:52] [Worker-Main-1/INFO] [minecraft/UnihexProvider]: Found unifont_jp_patch-15.1.05.hex, loading
[00:11:52] [NeoForge Version Check/INFO] [ne.ne.fm.VersionChecker/]: [mr_tree_veinminer] Found status: OUTDATED Current: 2.0.0 Target: 7.01R2+mod
[00:11:52] [NeoForge Version Check/INFO] [ne.ne.fm.VersionChecker/]: [create] Starting version check at https://api.modrinth.com/updates/create/forge_updates.json?neoforge=only
[00:11:53] [NeoForge Version Check/INFO] [ne.ne.fm.VersionChecker/]: [create] Found status: OUTDATED Current: 6.0.10 Target: 6.0.10+mc1.21.1
[00:11:53] [NeoForge Version Check/INFO] [ne.ne.fm.VersionChecker/]: [create_connected] Starting version check at https://raw.githubusercontent.com/hlysine/create_connected/main/update.json
[00:11:53] [Worker-Main-4/INFO] [to.le.ir.IrisVeilCompat/]: HELLO FROM CLIENT SETUP
[00:11:53] [Worker-Main-4/INFO] [to.le.ir.IrisVeilCompat/]: MINECRAFT NAME >> Trail_Akivili
[00:11:54] [NeoForge Version Check/INFO] [ne.ne.fm.VersionChecker/]: [create_connected] Found status: OUTDATED Current: 1.3.2-mc1.21.1 Target: 1.3.3-mc1.21.1
[00:12:00] [Worker-Main-1/WARN] [minecraft/ModelManager]: Missing textures in model create_connected:fan_ending_catalyst_dragons_breath#:
    minecraft:textures/atlas/blocks.png:create_dragons_plus:fluid/dragon_breath_flow
[00:12:00] [Worker-Main-1/WARN] [minecraft/ModelManager]: Missing textures in model create_connected:fan_soul_stripping_catalyst#inventory:
    minecraft:textures/atlas/blocks.png:createnetherindustry:block/soul_stripping_block
[00:12:00] [Worker-Main-1/WARN] [minecraft/ModelManager]: Missing textures in model create_connected:fan_enriched_catalyst#:
    minecraft:textures/atlas/blocks.png:createnuclear:block/enriched_soul_soil
    minecraft:textures/atlas/blocks.png:createnuclear:block/enriching/campfire/enriching_flame
[00:12:00] [Worker-Main-1/WARN] [minecraft/ModelManager]: Missing textures in model create_connected:fan_transmutation_catalyst#:
    minecraft:textures/atlas/blocks.png:create_shimmer:fluid/shimmer_flow
[00:12:00] [Worker-Main-1/WARN] [minecraft/ModelManager]: Missing textures in model create_connected:fan_ending_catalyst_dragons_breath#inventory:
    minecraft:textures/atlas/blocks.png:create_dragons_plus:fluid/dragon_breath_flow
[00:12:00] [Worker-Main-1/WARN] [minecraft/ModelManager]: Missing textures in model create_connected:fan_enriched_catalyst#inventory:
    minecraft:textures/atlas/blocks.png:createnuclear:block/enriched_soul_soil
    minecraft:textures/atlas/blocks.png:createnuclear:block/enriching/campfire/enriching_flame
[00:12:00] [Worker-Main-1/WARN] [minecraft/ModelManager]: Missing textures in model create_connected:fan_glooming_catalyst#inventory:
    minecraft:textures/atlas/blocks.png:twilightforest:block/deadrock
    minecraft:textures/atlas/blocks.png:create_shimmer:block/ominous_campfire_fire
[00:12:00] [Worker-Main-1/WARN] [minecraft/ModelManager]: Missing textures in model create_connected:fan_glooming_catalyst#:
    minecraft:textures/atlas/blocks.png:twilightforest:block/deadrock
    minecraft:textures/atlas/blocks.png:create_shimmer:block/ominous_campfire_fire
[00:12:00] [Worker-Main-1/WARN] [minecraft/ModelManager]: Missing textures in model create_connected:fan_soul_stripping_catalyst#:
    minecraft:textures/atlas/blocks.png:createnetherindustry:block/soul_stripping_block
[00:12:00] [Worker-Main-1/WARN] [minecraft/ModelManager]: Missing textures in model create_connected:fan_transmutation_catalyst#inventory:
    minecraft:textures/atlas/blocks.png:create_shimmer:fluid/shimmer_flow
[00:12:00] [Render thread/INFO] [Veil/]: Loaded 0 shader modifications
[00:12:00] [Render thread/INFO] [to.le.ir.IrisVeilCompat/]: [VeilHook] Captured vertex source for 'veil:necromancer/skinned_mesh': 4859 chars, hasGetVelocity=false, hasOffset=false
[00:12:00] [Render thread/INFO] [to.le.ir.IrisVeilCompat/]: [VeilHook] Captured fragment source for 'veil:necromancer/skinned_mesh': 1883 chars
[00:12:00] [Render thread/INFO] [to.le.ir.IrisVeilCompat/]: [VeilHook] Captured vertex source for 'veil:blit_screen': 352 chars, hasGetVelocity=false, hasOffset=false
[00:12:00] [Render thread/INFO] [to.le.ir.IrisVeilCompat/]: [VeilHook] Captured fragment source for 'veil:blit_screen': 305 chars
[00:12:00] [Render thread/INFO] [to.le.ir.IrisVeilCompat/]: [VeilHook] Captured vertex source for 'veil:blit_screen': 352 chars, hasGetVelocity=false, hasOffset=false
[00:12:00] [Render thread/INFO] [to.le.ir.IrisVeilCompat/]: [VeilHook] Captured fragment source for 'veil:blit_depth': 342 chars
[00:12:00] [Render thread/INFO] [Veil/]: Skipping shader 'veil:light/indirect_sphere' (missing required features: atomic_counter, compute)
[00:12:00] [Render thread/INFO] [to.le.ir.IrisVeilCompat/]: [VeilHook] Captured vertex source for 'veil:core/blit_screen_effect': 410 chars, hasGetVelocity=false, hasOffset=false
[00:12:00] [Render thread/INFO] [to.le.ir.IrisVeilCompat/]: [VeilHook] Captured fragment source for 'veil:core/blit_screen_effect': 353 chars
[00:12:00] [Render thread/INFO] [to.le.ir.IrisVeilCompat/]: [VeilHook] Captured vertex source for 'veil:light/area': 1512 chars, hasGetVelocity=false, hasOffset=false
[00:12:00] [Render thread/ERROR] [Veil/]: Failed to create shader veil:light/area: Failed to compile vertex shader
[00:12:00] [Render thread/WARN] [Veil/]: ERROR: Invalid #version

[00:12:00] [Render thread/INFO] [to.le.ir.IrisVeilCompat/]: [VeilHook] Captured vertex source for 'veil:blit_screen': 352 chars, hasGetVelocity=false, hasOffset=false
[00:12:00] [Render thread/INFO] [to.le.ir.IrisVeilCompat/]: [VeilHook] Captured fragment source for 'veil:debug/cubemap': 1568 chars
[00:12:00] [Render thread/INFO] [to.le.ir.IrisVeilCompat/]: [VeilHook] Captured vertex source for 'simulated:end_sea': 936 chars, hasGetVelocity=false, hasOffset=false
[00:12:00] [Render thread/ERROR] [Veil/]: Failed to create shader simulated:end_sea: Failed to compile vertex shader
[00:12:00] [Render thread/WARN] [Veil/]: ERROR: Invalid #version

[00:12:00] [Render thread/INFO] [to.le.ir.IrisVeilCompat/]: [VeilHook] Captured vertex source for 'simulated:rope/rope': 4024 chars, hasGetVelocity=false, hasOffset=false
[00:12:00] [Render thread/INFO] [to.le.ir.IrisVeilCompat/]: [VeilHook] Captured fragment source for 'simulated:rope/rope': 1758 chars
[00:12:00] [Render thread/INFO] [to.le.ir.IrisVeilCompat/]: [VeilHook] Captured vertex source for 'veil:quasar/particle_additive': 1795 chars, hasGetVelocity=false, hasOffset=false
[00:12:00] [Render thread/INFO] [to.le.ir.IrisVeilCompat/]: [VeilHook] Captured fragment source for 'veil:quasar/particle_additive': 1684 chars
[00:12:00] [Render thread/INFO] [to.le.ir.IrisVeilCompat/]: [VeilHook] Captured vertex source for 'simulated:redstone_accumulator/diode': 3880 chars, hasGetVelocity=false, hasOffset=false
[00:12:00] [Render thread/INFO] [to.le.ir.IrisVeilCompat/]: [VeilHook] Captured fragment source for 'simulated:redstone_accumulator/diode': 3598 chars
[00:12:00] [Render thread/INFO] [to.le.ir.IrisVeilCompat/]: [VeilHook] Captured vertex source for 'veil:debug/shell': 439 chars, hasGetVelocity=false, hasOffset=false
[00:12:00] [Render thread/INFO] [to.le.ir.IrisVeilCompat/]: [VeilHook] Captured fragment source for 'veil:debug/shell': 415 chars
[00:12:00] [Render thread/INFO] [to.le.ir.IrisVeilCompat/]: [VeilHook] Captured vertex source for 'veil:blit_screen': 352 chars, hasGetVelocity=false, hasOffset=false
[00:12:00] [Render thread/INFO] [to.le.ir.IrisVeilCompat/]: [VeilHook] Captured fragment source for 'veil:light/directional': 8873 chars
[00:12:00] [Render thread/ERROR] [Veil/]: Failed to create shader veil:light/directional: Failed to compile fragment shader
[00:12:00] [Render thread/WARN] [Veil/]: ERROR: Invalid #version

[00:12:00] [Render thread/INFO] [to.le.ir.IrisVeilCompat/]: [VeilHook] Captured vertex source for 'veil:quasar/particle': 1795 chars, hasGetVelocity=false, hasOffset=false
[00:12:00] [Render thread/INFO] [to.le.ir.IrisVeilCompat/]: [VeilHook] Captured fragment source for 'veil:quasar/particle': 1708 chars
[00:12:00] [Render thread/INFO] [to.le.ir.IrisVeilCompat/]: [VeilHook] Captured vertex source for 'aeronautics:levitite/levitite': 5395 chars, hasGetVelocity=true, hasOffset=true
[00:12:00] [Render thread/INFO] [to.le.ir.IrisVeilCompat/]: [VeilHook] Captured fragment source for 'aeronautics:levitite/levitite': 3466 chars
[00:12:00] [Render thread/INFO] [to.le.ir.IrisVeilCompat/]: [VeilHook] Captured vertex source for 'simulated:spring/spring': 4006 chars, hasGetVelocity=false, hasOffset=false
[00:12:00] [Render thread/INFO] [to.le.ir.IrisVeilCompat/]: [VeilHook] Captured fragment source for 'simulated:spring/spring': 1782 chars
[00:12:00] [Render thread/INFO] [to.le.ir.IrisVeilCompat/]: [VeilHook] Captured vertex source for 'veil:blit_screen': 352 chars, hasGetVelocity=false, hasOffset=false
[00:12:00] [Render thread/INFO] [to.le.ir.IrisVeilCompat/]: [VeilHook] Captured fragment source for 'veil:core/composite': 593 chars
[00:12:00] [Render thread/INFO] [to.le.ir.IrisVeilCompat/]: [VeilHook] Captured vertex source for 'aeronautics:hot_air_overlay': 977 chars, hasGetVelocity=false, hasOffset=false
[00:12:00] [Render thread/INFO] [to.le.ir.IrisVeilCompat/]: [VeilHook] Captured fragment source for 'aeronautics:hot_air_overlay': 717 chars
[00:12:00] [Render thread/INFO] [to.le.ir.IrisVeilCompat/]: [VeilHook] Captured vertex source for 'aeronautics:burner_flame': 1580 chars, hasGetVelocity=false, hasOffset=false
[00:12:00] [Render thread/INFO] [to.le.ir.IrisVeilCompat/]: [VeilHook] Captured fragment source for 'aeronautics:burner_flame': 5108 chars
[00:12:00] [Render thread/INFO] [to.le.ir.IrisVeilCompat/]: [VeilHook] Captured vertex source for 'veil:blit_screen': 352 chars, hasGetVelocity=false, hasOffset=false
[00:12:00] [Render thread/INFO] [to.le.ir.IrisVeilCompat/]: [VeilHook] Captured fragment source for 'veil:core/blur': 747 chars
[00:12:00] [Render thread/INFO] [to.le.ir.IrisVeilCompat/]: [VeilHook] Captured vertex source for 'veil:blit_screen': 352 chars, hasGetVelocity=false, hasOffset=false
[00:12:00] [Render thread/INFO] [to.le.ir.IrisVeilCompat/]: [VeilHook] Captured fragment source for 'veil:core/bloom': 2441 chars
[00:12:00] [Render thread/INFO] [to.le.ir.IrisVeilCompat/]: [VeilHook] Captured vertex source for 'veil:blit_screen': 352 chars, hasGetVelocity=false, hasOffset=false
[00:12:00] [Render thread/INFO] [to.le.ir.IrisVeilCompat/]: [VeilHook] Captured fragment source for 'aeronautics:soft_light': 918 chars
[00:12:00] [Render thread/INFO] [to.le.ir.IrisVeilCompat/]: [VeilHook] Captured vertex source for 'veil:blit_screen': 352 chars, hasGetVelocity=false, hasOffset=false
[00:12:00] [Render thread/INFO] [to.le.ir.IrisVeilCompat/]: [VeilHook] Captured fragment source for 'veil:debug/array': 349 chars
[00:12:00] [Render thread/INFO] [to.le.ir.IrisVeilCompat/]: [VeilHook] Captured vertex source for 'veil:blit_screen': 352 chars, hasGetVelocity=false, hasOffset=false
[00:12:00] [Render thread/INFO] [to.le.ir.IrisVeilCompat/]: [VeilHook] Captured fragment source for 'veil:core/unblur': 1128 chars
[00:12:00] [Render thread/INFO] [to.le.ir.IrisVeilCompat/]: [VeilHook] Captured vertex source for 'veil:light/point': 945 chars, hasGetVelocity=false, hasOffset=false
[00:12:00] [Render thread/ERROR] [Veil/]: Failed to create shader veil:light/point: Failed to compile vertex shader
[00:12:00] [Render thread/WARN] [Veil/]: ERROR: Invalid #version

[00:12:00] [Render thread/INFO] [to.le.ir.IrisVeilCompat/]: [VeilHook] Captured vertex source for 'simulated:laser_pointer/lens': 3826 chars, hasGetVelocity=false, hasOffset=false
[00:12:00] [Render thread/INFO] [to.le.ir.IrisVeilCompat/]: [VeilHook] Captured fragment source for 'simulated:laser_pointer/lens': 3858 chars
[00:12:00] [Render thread/INFO] [to.le.ir.IrisVeilCompat/]: [VeilHook] Captured vertex source for 'simulated:contraption_diagram/outline_diagram': 420 chars, hasGetVelocity=false, hasOffset=false
[00:12:00] [Render thread/INFO] [to.le.ir.IrisVeilCompat/]: [VeilHook] Captured fragment source for 'simulated:contraption_diagram/outline_diagram': 5439 chars
[00:12:00] [Render thread/INFO] [to.le.ir.IrisVeilCompat/]: [VeilHook] Captured vertex source for 'simulated:laser/laser': 584 chars, hasGetVelocity=false, hasOffset=false
[00:12:00] [Render thread/INFO] [to.le.ir.IrisVeilCompat/]: [VeilHook] Captured fragment source for 'simulated:laser/laser': 1688 chars
[00:12:00] [Render thread/INFO] [to.le.ir.IrisVeilCompat/]: [VeilHook] Captured vertex source for 'veil:blit_screen': 352 chars, hasGetVelocity=false, hasOffset=false
[00:12:00] [Render thread/INFO] [to.le.ir.IrisVeilCompat/]: [VeilHook] Captured fragment source for 'simulated:spread_end_sea': 2237 chars
[00:12:00] [Render thread/INFO] [Veil/]: Loaded 28 shaders from: pinwheel/shaders/program
[00:12:01] [Worker-Main-3/INFO] [sn.ja.Jade/]: Start loading plugin from snownee.jade.addon.vanilla.VanillaPlugin
[00:12:01] [Worker-Main-3/INFO] [sn.ja.Jade/]: Start loading plugin from snownee.jade.addon.universal.UniversalPlugin
[00:12:01] [Worker-Main-3/INFO] [sn.ja.Jade/]: Start loading plugin from snownee.jade.addon.debug.DebugPlugin
[00:12:01] [Worker-Main-3/INFO] [sn.ja.Jade/]: Start loading plugin from snownee.jade.addon.core.CorePlugin
[00:12:01] [Worker-Main-3/INFO] [sn.ja.Jade/]: Start loading plugin from snownee.jade.addon.access.AccessibilityPlugin
[00:12:01] [Worker-Main-3/INFO] [sn.ja.Jade/]: Start loading plugin from appeng.integration.modules.jade.JadeModule
[00:12:01] [Worker-Main-3/INFO] [sn.ja.Jade/]: Start loading plugin from mekanism.common.integration.lookingat.jade.MekanismJadePlugin
[00:12:01] [Worker-Main-1/INFO] [PonderIndex/]: Registering Ponder Scenes took 721.0 ms
[00:12:01] [Worker-Main-1/INFO] [PonderIndex/]: Registering Ponder Tags took 20.36 ms
[00:12:03] [Render thread/WARN] [minecraft/SoundEngine]: Missing sound for event: minecraft:item.goat_horn.play
[00:12:03] [Render thread/WARN] [minecraft/SoundEngine]: Missing sound for event: minecraft:entity.goat.screaming.horn_break
[00:12:03] [Render thread/INFO] [mojang/Library]: OpenAL initialized on device Oboe Default
[00:12:03] [Render thread/INFO] [minecraft/SoundEngine]: Sound engine started
[00:12:04] [Render thread/INFO] [minecraft/TextureAtlas]: Created: 2048x2048x1 minecraft:textures/atlas/blocks.png-atlas
[00:12:05] [Render thread/INFO] [minecraft/TextureAtlas]: Created: 256x256x1 minecraft:textures/atlas/signs.png-atlas
[00:12:05] [Render thread/INFO] [minecraft/TextureAtlas]: Created: 512x512x1 minecraft:textures/atlas/shield_patterns.png-atlas
[00:12:05] [Render thread/INFO] [minecraft/TextureAtlas]: Created: 512x512x1 minecraft:textures/atlas/banner_patterns.png-atlas
[00:12:05] [Render thread/INFO] [minecraft/TextureAtlas]: Created: 2048x1024x1 minecraft:textures/atlas/armor_trims.png-atlas
[00:12:05] [Render thread/INFO] [minecraft/TextureAtlas]: Created: 256x256x1 minecraft:textures/atlas/chest.png-atlas
[00:12:05] [Render thread/INFO] [minecraft/TextureAtlas]: Created: 128x64x1 minecraft:textures/atlas/decorated_pot.png-atlas
[00:12:05] [Render thread/INFO] [minecraft/TextureAtlas]: Created: 512x256x1 minecraft:textures/atlas/beds.png-atlas
[00:12:05] [Render thread/INFO] [minecraft/TextureAtlas]: Created: 512x256x1 minecraft:textures/atlas/shulker_boxes.png-atlas
[00:12:06] [Render thread/INFO] [CustomSkinLoader Bootstrap/]: Transformed net/minecraft/client/renderer/entity/layers/CapeLayer with [customskinloader:render-patch]
[00:12:06] [Render thread/INFO] [CustomSkinLoader Bootstrap/]: Transformed ModLauncher target net/minecraft/client/renderer/entity/layers/CapeLayer with [customskinloader:render-patch]
[00:12:06] [Render thread/INFO] [minecraft/TextureAtlas]: Created: 512x512x0 minecraft:textures/atlas/particles.png-atlas
[00:12:06] [Render thread/INFO] [minecraft/TextureAtlas]: Created: 512x256x0 minecraft:textures/atlas/paintings.png-atlas
[00:12:06] [Render thread/INFO] [minecraft/TextureAtlas]: Created: 256x128x0 minecraft:textures/atlas/mob_effects.png-atlas
[00:12:06] [Render thread/INFO] [minecraft/TextureAtlas]: Created: 64x64x0 minecraft:textures/atlas/map_decorations.png-atlas
[00:12:06] [Render thread/INFO] [minecraft/TextureAtlas]: Created: 1024x1024x0 minecraft:textures/atlas/gui.png-atlas
[00:12:06] [Render thread/WARN] [minecraft/ShaderInstance]: Shader rendertype_entity_translucent_emissive could not find sampler named Sampler2 in the specified shader program.
[00:12:06] [Render thread/INFO] [minecraft/TextureAtlas]: Created: 256x256x0 jei:textures/atlas/gui.png-atlas
[00:12:06] [Render thread/INFO] [minecraft/TextureAtlas]: Created: 512x256x0 mekanism:textures/atlas/robit.png-atlas
[00:12:06] [Render thread/INFO] [ne.ne.ne.cl.en.an.js.AnimationLoader/]: Loaded 0 entity animations
[00:12:06] [Render thread/INFO] [Veil/]: Loaded 3 framebuffers
[00:12:06] [Render thread/INFO] [Veil/]: Loaded 6 post pipelines
[00:12:06] [Render thread/INFO] [Veil/]: Loaded 4 render types
[00:12:06] [Render thread/INFO] [Veil/]: Enabled bloom pipeline
[00:12:06] [Render thread/INFO] [Veil/]: Loaded 0 quasar particles
[00:12:06] [Render thread/INFO] [Veil/]: Loaded 0 templates
[00:12:06] [Render thread/INFO] [Veil/]: Loaded 0 modules
[00:12:06] [Render thread/INFO] [gu.in.GuideReloadListener/]: Data driven guides: []
[00:12:06] [Render thread/INFO] [flywheel/backend/shaders/]: Loaded 106 shader sources in 82.848 ms
[00:12:06] [Render thread/INFO] [co.si.cr.Create/]: Loaded 58 train hat configurations.
[00:12:07] [Render thread/INFO] [Iris/]: Creating pipeline for dimension minecraft:overworld
[00:12:07] [Render thread/WARN] [Iris/]: Failed to resolve uniform inPaleGarden, reason: Unknown variable: BIOME_PALE_GARDEN ( = FunctionCall{smooth {[Number{54}, FunctionCall{if {[FunctionCall{in {[Id{biome}, Id{BIOME_PALE_GARDEN}]} }, Number{1}, Number{0}]} }, Number{15}, Number{15}]} })
java.lang.RuntimeException: Unknown variable: BIOME_PALE_GARDEN
	at TRANSFORMER/iris@1.8.14-beta.1+mc1.21.1/kroppeb.stareval.resolver.ExpressionResolver.resolveExpressionInternal(ExpressionResolver.java:225) ~[iris-neoforge-1.8.14-beta.1+mc1.21.1.jar%23191!/:?] {re:classloading}
	at TRANSFORMER/iris@1.8.14-beta.1+mc1.21.1/kroppeb.stareval.resolver.ExpressionResolver.resolveCallExpressionInternal(ExpressionResolver.java:81) ~[iris-neoforge-1.8.14-beta.1+mc1.21.1.jar%23191!/:?] {re:classloading}
	at TRANSFORMER/iris@1.8.14-beta.1+mc1.21.1/kroppeb.stareval.resolver.ExpressionResolver.resolveCallExpression(ExpressionResolver.java:140) ~[iris-neoforge-1.8.14-beta.1+mc1.21.1.jar%23191!/:?] {re:classloading}
	at TRANSFORMER/iris@1.8.14-beta.1+mc1.21.1/kroppeb.stareval.resolver.ExpressionResolver.resolveExpressionInternal(ExpressionResolver.java:196) ~[iris-neoforge-1.8.14-beta.1+mc1.21.1.jar%23191!/:?] {re:classloading}
	at TRANSFORMER/iris@1.8.14-beta.1+mc1.21.1/kroppeb.stareval.resolver.ExpressionResolver.resolveCallExpressionInternal(ExpressionResolver.java:81) ~[iris-neoforge-1.8.14-beta.1+mc1.21.1.jar%23191!/:?] {re:classloading}
	at TRANSFORMER/iris@1.8.14-beta.1+mc1.21.1/kroppeb.stareval.resolver.ExpressionResolver.resolveCallExpression(ExpressionResolver.java:140) ~[iris-neoforge-1.8.14-beta.1+mc1.21.1.jar%23191!/:?] {re:classloading}
	at TRANSFORMER/iris@1.8.14-beta.1+mc1.21.1/kroppeb.stareval.resolver.ExpressionResolver.resolveCallExpression(ExpressionResolver.java:127) ~[iris-neoforge-1.8.14-beta.1+mc1.21.1.jar%23191!/:?] {re:classloading}
	at TRANSFORMER/iris@1.8.14-beta.1+mc1.21.1/kroppeb.stareval.resolver.ExpressionResolver.resolveExpressionInternal(ExpressionResolver.java:196) ~[iris-neoforge-1.8.14-beta.1+mc1.21.1.jar%23191!/:?] {re:classloading}
	at TRANSFORMER/iris@1.8.14-beta.1+mc1.21.1/kroppeb.stareval.resolver.ExpressionResolver.resolveCallExpressionInternal(ExpressionResolver.java:81) ~[iris-neoforge-1.8.14-beta.1+mc1.21.1.jar%23191!/:?] {re:classloading}
	at TRANSFORMER/iris@1.8.14-beta.1+mc1.21.1/kroppeb.stareval.resolver.ExpressionResolver.resolveCallExpression(ExpressionResolver.java:140) ~[iris-neoforge-1.8.14-beta.1+mc1.21.1.jar%23191!/:?] {re:classloading}
	at TRANSFORMER/iris@1.8.14-beta.1+mc1.21.1/kroppeb.stareval.resolver.ExpressionResolver.resolveExpressionInternal(ExpressionResolver.java:196) ~[iris-neoforge-1.8.14-beta.1+mc1.21.1.jar%23191!/:?] {re:classloading}
	at TRANSFORMER/iris@1.8.14-beta.1+mc1.21.1/kroppeb.stareval.resolver.ExpressionResolver.resolveExpression(ExpressionResolver.java:50) ~[iris-neoforge-1.8.14-beta.1+mc1.21.1.jar%23191!/:?] {re:classloading}
	at TRANSFORMER/iris@1.8.14-beta.1+mc1.21.1/net.irisshaders.iris.uniforms.custom.CustomUniforms.<init>(CustomUniforms.java:60) ~[iris-neoforge-1.8.14-beta.1+mc1.21.1.jar%23191!/:?] {re:classloading,re:mixin}
	at TRANSFORMER/iris@1.8.14-beta.1+mc1.21.1/net.irisshaders.iris.uniforms.custom.CustomUniforms$Builder.build(CustomUniforms.java:332) ~[iris-neoforge-1.8.14-beta.1+mc1.21.1.jar%23191!/:?] {re:classloading}
	at TRANSFORMER/iris@1.8.14-beta.1+mc1.21.1/net.irisshaders.iris.uniforms.custom.CustomUniforms$Builder.build(CustomUniforms.java:343) ~[iris-neoforge-1.8.14-beta.1+mc1.21.1.jar%23191!/:?] {re:classloading}
	at TRANSFORMER/iris@1.8.14-beta.1+mc1.21.1/net.irisshaders.iris.pipeline.IrisRenderingPipeline.<init>(IrisRenderingPipeline.java:282) ~[iris-neoforge-1.8.14-beta.1+mc1.21.1.jar%23191!/:?] {re:mixin,re:classloading,pl:mixin:APP:veil.neoforge.mixins.json:compat.iris.IrisRenderingPipelineAccessor from mod veil,pl:mixin:APP:veil.neoforge.mixins.json:compat.iris.IrisRenderingPipelineMixin from mod veil,pl:mixin:APP:colorwheel.mixins.json:iris.IrisRenderingPipelineMixin from mod colorwheel,pl:mixin:APP:irisveil.mixins.iris.json:MixinIrisRenderingPipeline from mod irisveil,pl:mixin:A}
	at TRANSFORMER/iris@1.8.14-beta.1+mc1.21.1/net.irisshaders.iris.Iris.createPipeline(Iris.java:642) ~[iris-neoforge-1.8.14-beta.1+mc1.21.1.jar%23191!/:?] {re:mixin,re:classloading,pl:mixin:APP:colorwheel.mixins.json:iris.IrisMixin from mod colorwheel,pl:mixin:A}
	at TRANSFORMER/iris@1.8.14-beta.1+mc1.21.1/net.irisshaders.iris.pipeline.PipelineManager.preparePipeline(PipelineManager.java:33) ~[iris-neoforge-1.8.14-beta.1+mc1.21.1.jar%23191!/:?] {re:mixin,re:classloading,pl:mixin:APP:veil.neoforge.mixins.json:client.perspective.iris.PipelineManagerMixin from mod veil,pl:mixin:A}
	at TRANSFORMER/iris@1.8.14-beta.1+mc1.21.1/net.irisshaders.iris.Iris.onLoadingComplete(Iris.java:152) ~[iris-neoforge-1.8.14-beta.1+mc1.21.1.jar%23191!/:?] {re:mixin,re:classloading,pl:mixin:APP:colorwheel.mixins.json:iris.IrisMixin from mod colorwheel,pl:mixin:A}
	at TRANSFORMER/minecraft@1.21.1/net.minecraft.client.gui.screens.TitleScreen.handler$zfh000$iris$firstInit(TitleScreen.java:525) ~[client-1.21.1-20240808.144430-srg.jar%23173!/:?] {re:mixin,pl:runtimedistcleaner:A,re:computing_frames,pl:runtimedistcleaner:A,re:classloading,pl:mixin:APP:mixins.iris.json:MixinTitleScreen from mod iris,pl:mixin:A,pl:runtimedistcleaner:A}
	at TRANSFORMER/minecraft@1.21.1/net.minecraft.client.gui.screens.TitleScreen.init(TitleScreen.java:157) ~[client-1.21.1-20240808.144430-srg.jar%23173!/:?] {re:mixin,pl:runtimedistcleaner:A,re:computing_frames,pl:runtimedistcleaner:A,re:classloading,pl:mixin:APP:mixins.iris.json:MixinTitleScreen from mod iris,pl:mixin:A,pl:runtimedistcleaner:A}
	at TRANSFORMER/minecraft@1.21.1/net.minecraft.client.gui.screens.Screen.init(Screen.java:317) ~[client-1.21.1-20240808.144430-srg.jar%23173!/:?] {re:mixin,pl:accesstransformer:B,pl:runtimedistcleaner:A,re:computing_frames,pl:accesstransformer:B,pl:runtimedistcleaner:A,re:classloading,pl:accesstransformer:B,pl:mixin:APP:ponder-common.mixins.json:client.accessor.ScreenAccessor from mod ponder,pl:mixin:APP:ae2.mixins.json:WrappedGenericStackTooltipModIdMixin from mod ae2,pl:mixin:A,pl:runtimedistcleaner:A}
	at TRANSFORMER/minecraft@1.21.1/net.minecraft.client.Minecraft.setScreen(Minecraft.java:1057) ~[client-1.21.1-20240808.144430-srg.jar%23173!/:?] {re:mixin,pl:accesstransformer:B,pl:runtimedistcleaner:A,re:classloading,pl:accesstransformer:B,pl:mixin:APP:ae2.mixins.json:PickColorMixin from mod ae2,pl:mixin:APP:aeronautics.mixins.json:custom_situational_music.MinecraftMixin from mod aeronautics,pl:mixin:APP:mixins.iris.json:MixinMinecraft_Images from mod iris,pl:mixin:APP:mixins.iris.json:MixinMinecraft_Keybinds from mod iris,pl:mixin:APP:mixins.iris.json:MixinMinecraft_PipelineManagement from mod iris,pl:mixin:APP:veil.debug.mixins.json:client.DebugMinecraftMixin from mod veil,pl:mixin:APP:veil.pipeline.mixins.json:client.PipelineMinecraftMixin from mod veil,pl:mixin:APP:veil.neoforge.mixins.json:client.MinecraftMixin from mod veil,pl:mixin:APP:simulated.mixins.json:handle.MinecraftMixin from mod simulated,pl:mixin:APP:immediatelyfast-common.mixins.json:core.MixinMinecraftClient from mod immediatelyfast,pl:mixin:APP:sodium-common.mixins.json:core.MinecraftMixin from mod sodium,pl:mixin:APP:sodium-neoforge.mixins.json:platform.neoforge.EntrypointMixin from mod sodium,pl:mixin:APP:flywheel.impl.mixins.json:MinecraftMixin from mod flywheel,pl:mixin:APP:ponder-common.mixins.json:client.WindowResizeMixin from mod ponder,pl:mixin:APP:create.mixins.json:accessor.MinecraftAccessor from mod create,pl:mixin:APP:sable.mixins.json:camera.new_camera_types.MinecraftMixin from mod sable,pl:mixin:APP:sable.mixins.json:plot.MinecraftMixin from mod sable,pl:mixin:APP:sable.mixins.json:punching.MinecraftMixin from mod sable,pl:mixin:APP:mekanism_ponders.mixins.json:AccessorMinecraft from mod mekanism_ponders,pl:mixin:A,pl:runtimedistcleaner:A}
	at TRANSFORMER/minecraft@1.21.1/net.minecraft.client.Minecraft.lambda$buildInitialScreens$9(Minecraft.java:664) ~[client-1.21.1-20240808.144430-srg.jar%23173!/:?] {re:mixin,pl:accesstransformer:B,pl:runtimedistcleaner:A,re:classloading,pl:accesstransformer:B,pl:mixin:APP:ae2.mixins.json:PickColorMixin from mod ae2,pl:mixin:APP:aeronautics.mixins.json:custom_situational_music.MinecraftMixin from mod aeronautics,pl:mixin:APP:mixins.iris.json:MixinMinecraft_Images from mod iris,pl:mixin:APP:mixins.iris.json:MixinMinecraft_Keybinds from mod iris,pl:mixin:APP:mixins.iris.json:MixinMinecraft_PipelineManagement from mod iris,pl:mixin:APP:veil.debug.mixins.json:client.DebugMinecraftMixin from mod veil,pl:mixin:APP:veil.pipeline.mixins.json:client.PipelineMinecraftMixin from mod veil,pl:mixin:APP:veil.neoforge.mixins.json:client.MinecraftMixin from mod veil,pl:mixin:APP:simulated.mixins.json:handle.MinecraftMixin from mod simulated,pl:mixin:APP:immediatelyfast-common.mixins.json:core.MixinMinecraftClient from mod immediatelyfast,pl:mixin:APP:sodium-common.mixins.json:core.MinecraftMixin from mod sodium,pl:mixin:APP:sodium-neoforge.mixins.json:platform.neoforge.EntrypointMixin from mod sodium,pl:mixin:APP:flywheel.impl.mixins.json:MinecraftMixin from mod flywheel,pl:mixin:APP:ponder-common.mixins.json:client.WindowResizeMixin from mod ponder,pl:mixin:APP:create.mixins.json:accessor.MinecraftAccessor from mod create,pl:mixin:APP:sable.mixins.json:camera.new_camera_types.MinecraftMixin from mod sable,pl:mixin:APP:sable.mixins.json:plot.MinecraftMixin from mod sable,pl:mixin:APP:sable.mixins.json:punching.MinecraftMixin from mod sable,pl:mixin:APP:mekanism_ponders.mixins.json:AccessorMinecraft from mod mekanism_ponders,pl:mixin:A,pl:runtimedistcleaner:A}
	at TRANSFORMER/minecraft@1.21.1/net.minecraft.client.Minecraft.onGameLoadFinished(Minecraft.java:650) ~[client-1.21.1-20240808.144430-srg.jar%23173!/:?] {re:mixin,pl:accesstransformer:B,pl:runtimedistcleaner:A,re:classloading,pl:accesstransformer:B,pl:mixin:APP:ae2.mixins.json:PickColorMixin from mod ae2,pl:mixin:APP:aeronautics.mixins.json:custom_situational_music.MinecraftMixin from mod aeronautics,pl:mixin:APP:mixins.iris.json:MixinMinecraft_Images from mod iris,pl:mixin:APP:mixins.iris.json:MixinMinecraft_Keybinds from mod iris,pl:mixin:APP:mixins.iris.json:MixinMinecraft_PipelineManagement from mod iris,pl:mixin:APP:veil.debug.mixins.json:client.DebugMinecraftMixin from mod veil,pl:mixin:APP:veil.pipeline.mixins.json:client.PipelineMinecraftMixin from mod veil,pl:mixin:APP:veil.neoforge.mixins.json:client.MinecraftMixin from mod veil,pl:mixin:APP:simulated.mixins.json:handle.MinecraftMixin from mod simulated,pl:mixin:APP:immediatelyfast-common.mixins.json:core.MixinMinecraftClient from mod immediatelyfast,pl:mixin:APP:sodium-common.mixins.json:core.MinecraftMixin from mod sodium,pl:mixin:APP:sodium-neoforge.mixins.json:platform.neoforge.EntrypointMixin from mod sodium,pl:mixin:APP:flywheel.impl.mixins.json:MinecraftMixin from mod flywheel,pl:mixin:APP:ponder-common.mixins.json:client.WindowResizeMixin from mod ponder,pl:mixin:APP:create.mixins.json:accessor.MinecraftAccessor from mod create,pl:mixin:APP:sable.mixins.json:camera.new_camera_types.MinecraftMixin from mod sable,pl:mixin:APP:sable.mixins.json:plot.MinecraftMixin from mod sable,pl:mixin:APP:sable.mixins.json:punching.MinecraftMixin from mod sable,pl:mixin:APP:mekanism_ponders.mixins.json:AccessorMinecraft from mod mekanism_ponders,pl:mixin:A,pl:runtimedistcleaner:A}
	at TRANSFORMER/minecraft@1.21.1/net.minecraft.client.Minecraft.onResourceLoadFinished(Minecraft.java:641) ~[client-1.21.1-20240808.144430-srg.jar%23173!/:?] {re:mixin,pl:accesstransformer:B,pl:runtimedistcleaner:A,re:classloading,pl:accesstransformer:B,pl:mixin:APP:ae2.mixins.json:PickColorMixin from mod ae2,pl:mixin:APP:aeronautics.mixins.json:custom_situational_music.MinecraftMixin from mod aeronautics,pl:mixin:APP:mixins.iris.json:MixinMinecraft_Images from mod iris,pl:mixin:APP:mixins.iris.json:MixinMinecraft_Keybinds from mod iris,pl:mixin:APP:mixins.iris.json:MixinMinecraft_PipelineManagement from mod iris,pl:mixin:APP:veil.debug.mixins.json:client.DebugMinecraftMixin from mod veil,pl:mixin:APP:veil.pipeline.mixins.json:client.PipelineMinecraftMixin from mod veil,pl:mixin:APP:veil.neoforge.mixins.json:client.MinecraftMixin from mod veil,pl:mixin:APP:simulated.mixins.json:handle.MinecraftMixin from mod simulated,pl:mixin:APP:immediatelyfast-common.mixins.json:core.MixinMinecraftClient from mod immediatelyfast,pl:mixin:APP:sodium-common.mixins.json:core.MinecraftMixin from mod sodium,pl:mixin:APP:sodium-neoforge.mixins.json:platform.neoforge.EntrypointMixin from mod sodium,pl:mixin:APP:flywheel.impl.mixins.json:MinecraftMixin from mod flywheel,pl:mixin:APP:ponder-common.mixins.json:client.WindowResizeMixin from mod ponder,pl:mixin:APP:create.mixins.json:accessor.MinecraftAccessor from mod create,pl:mixin:APP:sable.mixins.json:camera.new_camera_types.MinecraftMixin from mod sable,pl:mixin:APP:sable.mixins.json:plot.MinecraftMixin from mod sable,pl:mixin:APP:sable.mixins.json:punching.MinecraftMixin from mod sable,pl:mixin:APP:mekanism_ponders.mixins.json:AccessorMinecraft from mod mekanism_ponders,pl:mixin:A,pl:runtimedistcleaner:A}
	at TRANSFORMER/minecraft@1.21.1/net.minecraft.client.Minecraft.lambda$new$7(Minecraft.java:629) ~[client-1.21.1-20240808.144430-srg.jar%23173!/:?] {re:mixin,pl:accesstransformer:B,pl:runtimedistcleaner:A,re:classloading,pl:accesstransformer:B,pl:mixin:APP:ae2.mixins.json:PickColorMixin from mod ae2,pl:mixin:APP:aeronautics.mixins.json:custom_situational_music.MinecraftMixin from mod aeronautics,pl:mixin:APP:mixins.iris.json:MixinMinecraft_Images from mod iris,pl:mixin:APP:mixins.iris.json:MixinMinecraft_Keybinds from mod iris,pl:mixin:APP:mixins.iris.json:MixinMinecraft_PipelineManagement from mod iris,pl:mixin:APP:veil.debug.mixins.json:client.DebugMinecraftMixin from mod veil,pl:mixin:APP:veil.pipeline.mixins.json:client.PipelineMinecraftMixin from mod veil,pl:mixin:APP:veil.neoforge.mixins.json:client.MinecraftMixin from mod veil,pl:mixin:APP:simulated.mixins.json:handle.MinecraftMixin from mod simulated,pl:mixin:APP:immediatelyfast-common.mixins.json:core.MixinMinecraftClient from mod immediatelyfast,pl:mixin:APP:sodium-common.mixins.json:core.MinecraftMixin from mod sodium,pl:mixin:APP:sodium-neoforge.mixins.json:platform.neoforge.EntrypointMixin from mod sodium,pl:mixin:APP:flywheel.impl.mixins.json:MinecraftMixin from mod flywheel,pl:mixin:APP:ponder-common.mixins.json:client.WindowResizeMixin from mod ponder,pl:mixin:APP:create.mixins.json:accessor.MinecraftAccessor from mod create,pl:mixin:APP:sable.mixins.json:camera.new_camera_types.MinecraftMixin from mod sable,pl:mixin:APP:sable.mixins.json:plot.MinecraftMixin from mod sable,pl:mixin:APP:sable.mixins.json:punching.MinecraftMixin from mod sable,pl:mixin:APP:mekanism_ponders.mixins.json:AccessorMinecraft from mod mekanism_ponders,pl:mixin:A,pl:runtimedistcleaner:A}
	at TRANSFORMER/minecraft@1.21.1/net.minecraft.Util.ifElse(Util.java:513) ~[client-1.21.1-20240808.144430-srg.jar%23173!/:?] {re:mixin,re:classloading}
	at TRANSFORMER/minecraft@1.21.1/net.minecraft.client.Minecraft.lambda$new$8(Minecraft.java:623) ~[client-1.21.1-20240808.144430-srg.jar%23173!/:?] {re:mixin,pl:accesstransformer:B,pl:runtimedistcleaner:A,re:classloading,pl:accesstransformer:B,pl:mixin:APP:ae2.mixins.json:PickColorMixin from mod ae2,pl:mixin:APP:aeronautics.mixins.json:custom_situational_music.MinecraftMixin from mod aeronautics,pl:mixin:APP:mixins.iris.json:MixinMinecraft_Images from mod iris,pl:mixin:APP:mixins.iris.json:MixinMinecraft_Keybinds from mod iris,pl:mixin:APP:mixins.iris.json:MixinMinecraft_PipelineManagement from mod iris,pl:mixin:APP:veil.debug.mixins.json:client.DebugMinecraftMixin from mod veil,pl:mixin:APP:veil.pipeline.mixins.json:client.PipelineMinecraftMixin from mod veil,pl:mixin:APP:veil.neoforge.mixins.json:client.MinecraftMixin from mod veil,pl:mixin:APP:simulated.mixins.json:handle.MinecraftMixin from mod simulated,pl:mixin:APP:immediatelyfast-common.mixins.json:core.MixinMinecraftClient from mod immediatelyfast,pl:mixin:APP:sodium-common.mixins.json:core.MinecraftMixin from mod sodium,pl:mixin:APP:sodium-neoforge.mixins.json:platform.neoforge.EntrypointMixin from mod sodium,pl:mixin:APP:flywheel.impl.mixins.json:MinecraftMixin from mod flywheel,pl:mixin:APP:ponder-common.mixins.json:client.WindowResizeMixin from mod ponder,pl:mixin:APP:create.mixins.json:accessor.MinecraftAccessor from mod create,pl:mixin:APP:sable.mixins.json:camera.new_camera_types.MinecraftMixin from mod sable,pl:mixin:APP:sable.mixins.json:plot.MinecraftMixin from mod sable,pl:mixin:APP:sable.mixins.json:punching.MinecraftMixin from mod sable,pl:mixin:APP:mekanism_ponders.mixins.json:AccessorMinecraft from mod mekanism_ponders,pl:mixin:A,pl:runtimedistcleaner:A}
	at TRANSFORMER/neoforge@21.1.244/net.neoforged.neoforge.client.loading.NeoForgeLoadingOverlay.render(NeoForgeLoadingOverlay.java:145) ~[neoforge-21.1.244-universal.jar%23174!/:?] {re:classloading}
	at TRANSFORMER/minecraft@1.21.1/net.minecraft.client.renderer.GameRenderer.render(GameRenderer.java:1081) ~[client-1.21.1-20240808.144430-srg.jar%23173!/:?] {re:mixin,pl:accesstransformer:B,pl:runtimedistcleaner:A,re:classloading,pl:accesstransformer:B,pl:mixin:APP:mixins.iris.json:GameRendererAccessor from mod iris,pl:mixin:APP:mixins.iris.json:MixinGameRenderer from mod iris,pl:mixin:APP:mixins.iris.json:MixinModelViewBobbing from mod iris,pl:mixin:APP:veil.debug.mixins.json:accessor.DebugGameRendererAccessor from mod veil,pl:mixin:APP:veil.debug.mixins.json:client.profiler.GameRendererMixin from mod veil,pl:mixin:APP:veil.perspective.mixins.json:accessor.GameRendererAccessor from mod veil,pl:mixin:APP:veil.pipeline.mixins.json:client.PipelineGameRendererMixin from mod veil,pl:mixin:APP:veil.shader.mixins.json:client.ShaderGameRendererMixin from mod veil,pl:mixin:APP:simulated.mixins.json:throttle_lever.GameRendererMixin from mod simulated,pl:mixin:APP:immediatelyfast-common.mixins.json:core.MixinGameRenderer from mod immediatelyfast,pl:mixin:APP:immediatelyfast-common.mixins.json:core.compat.MixinGameRenderer from mod immediatelyfast,pl:mixin:APP:immediatelyfast-common.mixins.json:hud_batching.MixinGameRenderer from mod immediatelyfast,pl:mixin:APP:sodium-common.mixins.json:features.gui.hooks.console.GameRendererMixin from mod sodium,pl:mixin:APP:ponder-common.mixins.json:client.accessor.GameRendererAccessor from mod ponder,pl:mixin:APP:create.mixins.json:client.GameRendererMixin from mod create,pl:mixin:APP:sable.mixins.json:camera.new_camera_types.GameRendererMixin from mod sable,pl:mixin:APP:sable.mixins.json:clip_overwrite.GameRendererMixin from mod sable,pl:mixin:APP:sable.mixins.json:config.GameRendererAccessor from mod sable,pl:mixin:APP:sable.mixins.json:entity.entities_turn_with_sub_levels.GameRendererMixin from mod sable,pl:mixin:APP:sable.mixins.json:water_occlusion.GameRendererMixin from mod sable,pl:mixin:APP:irisveil.mixins.iris.json:MixinGameRendererAccessor from mod irisveil,pl:mixin:APP:mixins.iris.json:MixinGameRenderer_NightVisionCompat from mod iris,pl:mixin:A,pl:runtimedistcleaner:A}
	at TRANSFORMER/minecraft@1.21.1/net.minecraft.client.Minecraft.runTick(Minecraft.java:1195) ~[client-1.21.1-20240808.144430-srg.jar%23173!/:?] {re:mixin,pl:accesstransformer:B,pl:runtimedistcleaner:A,re:classloading,pl:accesstransformer:B,pl:mixin:APP:ae2.mixins.json:PickColorMixin from mod ae2,pl:mixin:APP:aeronautics.mixins.json:custom_situational_music.MinecraftMixin from mod aeronautics,pl:mixin:APP:mixins.iris.json:MixinMinecraft_Images from mod iris,pl:mixin:APP:mixins.iris.json:MixinMinecraft_Keybinds from mod iris,pl:mixin:APP:mixins.iris.json:MixinMinecraft_PipelineManagement from mod iris,pl:mixin:APP:veil.debug.mixins.json:client.DebugMinecraftMixin from mod veil,pl:mixin:APP:veil.pipeline.mixins.json:client.PipelineMinecraftMixin from mod veil,pl:mixin:APP:veil.neoforge.mixins.json:client.MinecraftMixin from mod veil,pl:mixin:APP:simulated.mixins.json:handle.MinecraftMixin from mod simulated,pl:mixin:APP:immediatelyfast-common.mixins.json:core.MixinMinecraftClient from mod immediatelyfast,pl:mixin:APP:sodium-common.mixins.json:core.MinecraftMixin from mod sodium,pl:mixin:APP:sodium-neoforge.mixins.json:platform.neoforge.EntrypointMixin from mod sodium,pl:mixin:APP:flywheel.impl.mixins.json:MinecraftMixin from mod flywheel,pl:mixin:APP:ponder-common.mixins.json:client.WindowResizeMixin from mod ponder,pl:mixin:APP:create.mixins.json:accessor.MinecraftAccessor from mod create,pl:mixin:APP:sable.mixins.json:camera.new_camera_types.MinecraftMixin from mod sable,pl:mixin:APP:sable.mixins.json:plot.MinecraftMixin from mod sable,pl:mixin:APP:sable.mixins.json:punching.MinecraftMixin from mod sable,pl:mixin:APP:mekanism_ponders.mixins.json:AccessorMinecraft from mod mekanism_ponders,pl:mixin:A,pl:runtimedistcleaner:A}
	at TRANSFORMER/minecraft@1.21.1/net.minecraft.client.Minecraft.run(Minecraft.java:807) ~[client-1.21.1-20240808.144430-srg.jar%23173!/:?] {re:mixin,pl:accesstransformer:B,pl:runtimedistcleaner:A,re:classloading,pl:accesstransformer:B,pl:mixin:APP:ae2.mixins.json:PickColorMixin from mod ae2,pl:mixin:APP:aeronautics.mixins.json:custom_situational_music.MinecraftMixin from mod aeronautics,pl:mixin:APP:mixins.iris.json:MixinMinecraft_Images from mod iris,pl:mixin:APP:mixins.iris.json:MixinMinecraft_Keybinds from mod iris,pl:mixin:APP:mixins.iris.json:MixinMinecraft_PipelineManagement from mod iris,pl:mixin:APP:veil.debug.mixins.json:client.DebugMinecraftMixin from mod veil,pl:mixin:APP:veil.pipeline.mixins.json:client.PipelineMinecraftMixin from mod veil,pl:mixin:APP:veil.neoforge.mixins.json:client.MinecraftMixin from mod veil,pl:mixin:APP:simulated.mixins.json:handle.MinecraftMixin from mod simulated,pl:mixin:APP:immediatelyfast-common.mixins.json:core.MixinMinecraftClient from mod immediatelyfast,pl:mixin:APP:sodium-common.mixins.json:core.MinecraftMixin from mod sodium,pl:mixin:APP:sodium-neoforge.mixins.json:platform.neoforge.EntrypointMixin from mod sodium,pl:mixin:APP:flywheel.impl.mixins.json:MinecraftMixin from mod flywheel,pl:mixin:APP:ponder-common.mixins.json:client.WindowResizeMixin from mod ponder,pl:mixin:APP:create.mixins.json:accessor.MinecraftAccessor from mod create,pl:mixin:APP:sable.mixins.json:camera.new_camera_types.MinecraftMixin from mod sable,pl:mixin:APP:sable.mixins.json:plot.MinecraftMixin from mod sable,pl:mixin:APP:sable.mixins.json:punching.MinecraftMixin from mod sable,pl:mixin:APP:mekanism_ponders.mixins.json:AccessorMinecraft from mod mekanism_ponders,pl:mixin:A,pl:runtimedistcleaner:A}
	at TRANSFORMER/minecraft@1.21.1/net.minecraft.client.main.Main.main(Main.java:230) ~[client-1.21.1-20240808.144430-srg.jar%23173!/:?] {re:mixin,pl:runtimedistcleaner:A,re:classloading,pl:mixin:APP:veil.debug.mixins.json:client.DebugMainMixin from mod veil,pl:mixin:A,pl:runtimedistcleaner:A}
	at java.base/jdk.internal.reflect.DirectMethodHandleAccessor.invoke(Unknown Source) ~[?:?] {}
	at java.base/java.lang.reflect.Method.invoke(Unknown Source) ~[?:?] {re:mixin}
	at MC-BOOTSTRAP/fml_loader@4.0.43/net.neoforged.fml.loading.targets.CommonLaunchHandler.runTarget(CommonLaunchHandler.java:136) ~[loader-4.0.43.jar%23119!/:4.0] {}
	at MC-BOOTSTRAP/fml_loader@4.0.43/net.neoforged.fml.loading.targets.CommonLaunchHandler.clientService(CommonLaunchHandler.java:124) ~[loader-4.0.43.jar%23119!/:4.0] {}
	at MC-BOOTSTRAP/fml_loader@4.0.43/net.neoforged.fml.loading.targets.CommonClientLaunchHandler.runService(CommonClientLaunchHandler.java:32) ~[loader-4.0.43.jar%23119!/:4.0] {}
	at MC-BOOTSTRAP/fml_loader@4.0.43/net.neoforged.fml.loading.targets.CommonLaunchHandler.lambda$launchService$4(CommonLaunchHandler.java:118) ~[loader-4.0.43.jar%23119!/:4.0] {}
	at MC-BOOTSTRAP/cpw.mods.modlauncher@11.0.5/cpw.mods.modlauncher.LaunchServiceHandlerDecorator.launch(LaunchServiceHandlerDecorator.java:30) [modlauncher-11.0.5.jar%23124!/:?] {}
	at MC-BOOTSTRAP/cpw.mods.modlauncher@11.0.5/cpw.mods.modlauncher.LaunchServiceHandler.launch(LaunchServiceHandler.java:53) [modlauncher-11.0.5.jar%23124!/:?] {}
	at MC-BOOTSTRAP/cpw.mods.modlauncher@11.0.5/cpw.mods.modlauncher.LaunchServiceHandler.launch(LaunchServiceHandler.java:71) [modlauncher-11.0.5.jar%23124!/:?] {}
	at MC-BOOTSTRAP/cpw.mods.modlauncher@11.0.5/cpw.mods.modlauncher.Launcher.run(Launcher.java:103) [modlauncher-11.0.5.jar%23124!/:?] {}
	at MC-BOOTSTRAP/cpw.mods.modlauncher@11.0.5/cpw.mods.modlauncher.Launcher.main(Launcher.java:74) [modlauncher-11.0.5.jar%23124!/:?] {}
	at MC-BOOTSTRAP/cpw.mods.modlauncher@11.0.5/cpw.mods.modlauncher.BootstrapLaunchConsumer.accept(BootstrapLaunchConsumer.java:26) [modlauncher-11.0.5.jar%23124!/:?] {}
	at MC-BOOTSTRAP/cpw.mods.modlauncher@11.0.5/cpw.mods.modlauncher.BootstrapLaunchConsumer.accept(BootstrapLaunchConsumer.java:23) [modlauncher-11.0.5.jar%23124!/:?] {}
	at cpw.mods.bootstraplauncher@2.0.2/cpw.mods.bootstraplauncher.BootstrapLauncher.run(BootstrapLauncher.java:210) [bootstraplauncher-2.0.2.jar:?] {}
	at cpw.mods.bootstraplauncher@2.0.2/cpw.mods.bootstraplauncher.BootstrapLauncher.main(BootstrapLauncher.java:69) [bootstraplauncher-2.0.2.jar:?] {}
[00:12:07] [Render thread/WARN] [Iris/]: Failed to resolve uniform endFlashFactor0, reason: Unknown variable: endFlashIntensity ( = BinaryExpr{ {FunctionCall{min {[Id{endFlashIntensity}, Number{0.5}]} }} multiply{0} {Number{2.0}} })
java.lang.RuntimeException: Unknown variable: endFlashIntensity
	at TRANSFORMER/iris@1.8.14-beta.1+mc1.21.1/kroppeb.stareval.resolver.ExpressionResolver.resolveExpressionInternal(ExpressionResolver.java:225) ~[iris-neoforge-1.8.14-beta.1+mc1.21.1.jar%23191!/:?] {re:classloading}
	at TRANSFORMER/iris@1.8.14-beta.1+mc1.21.1/kroppeb.stareval.resolver.ExpressionResolver.resolveCallExpressionInternal(ExpressionResolver.java:81) ~[iris-neoforge-1.8.14-beta.1+mc1.21.1.jar%23191!/:?] {re:classloading}
	at TRANSFORMER/iris@1.8.14-beta.1+mc1.21.1/kroppeb.stareval.resolver.ExpressionResolver.resolveCallExpression(ExpressionResolver.java:111) ~[iris-neoforge-1.8.14-beta.1+mc1.21.1.jar%23191!/:?] {re:classloading}
	at TRANSFORMER/iris@1.8.14-beta.1+mc1.21.1/kroppeb.stareval.resolver.ExpressionResolver.resolveExpressionInternal(ExpressionResolver.java:196) ~[iris-neoforge-1.8.14-beta.1+mc1.21.1.jar%23191!/:?] {re:classloading}
	at TRANSFORMER/iris@1.8.14-beta.1+mc1.21.1/kroppeb.stareval.resolver.ExpressionResolver.resolveCallExpressionInternal(ExpressionResolver.java:81) ~[iris-neoforge-1.8.14-beta.1+mc1.21.1.jar%23191!/:?] {re:classloading}
	at TRANSFORMER/iris@1.8.14-beta.1+mc1.21.1/kroppeb.stareval.resolver.ExpressionResolver.resolveCallExpression(ExpressionResolver.java:111) ~[iris-neoforge-1.8.14-beta.1+mc1.21.1.jar%23191!/:?] {re:classloading}
	at TRANSFORMER/iris@1.8.14-beta.1+mc1.21.1/kroppeb.stareval.resolver.ExpressionResolver.resolveExpressionInternal(ExpressionResolver.java:192) ~[iris-neoforge-1.8.14-beta.1+mc1.21.1.jar%23191!/:?] {re:classloading}
	at TRANSFORMER/iris@1.8.14-beta.1+mc1.21.1/kroppeb.stareval.resolver.ExpressionResolver.resolveExpression(ExpressionResolver.java:50) ~[iris-neoforge-1.8.14-beta.1+mc1.21.1.jar%23191!/:?] {re:classloading}
	at TRANSFORMER/iris@1.8.14-beta.1+mc1.21.1/net.irisshaders.iris.uniforms.custom.CustomUniforms.<init>(CustomUniforms.java:60) ~[iris-neoforge-1.8.14-beta.1+mc1.21.1.jar%23191!/:?] {re:classloading,re:mixin}
	at TRANSFORMER/iris@1.8.14-beta.1+mc1.21.1/net.irisshaders.iris.uniforms.custom.CustomUniforms$Builder.build(CustomUniforms.java:332) ~[iris-neoforge-1.8.14-beta.1+mc1.21.1.jar%23191!/:?] {re:classloading}
	at TRANSFORMER/iris@1.8.14-beta.1+mc1.21.1/net.irisshaders.iris.uniforms.custom.CustomUniforms$Builder.build(CustomUniforms.java:343) ~[iris-neoforge-1.8.14-beta.1+mc1.21.1.jar%23191!/:?] {re:classloading}
	at TRANSFORMER/iris@1.8.14-beta.1+mc1.21.1/net.irisshaders.iris.pipeline.IrisRenderingPipeline.<init>(IrisRenderingPipeline.java:282) ~[iris-neoforge-1.8.14-beta.1+mc1.21.1.jar%23191!/:?] {re:mixin,re:classloading,pl:mixin:APP:veil.neoforge.mixins.json:compat.iris.IrisRenderingPipelineAccessor from mod veil,pl:mixin:APP:veil.neoforge.mixins.json:compat.iris.IrisRenderingPipelineMixin from mod veil,pl:mixin:APP:colorwheel.mixins.json:iris.IrisRenderingPipelineMixin from mod colorwheel,pl:mixin:APP:irisveil.mixins.iris.json:MixinIrisRenderingPipeline from mod irisveil,pl:mixin:A}
	at TRANSFORMER/iris@1.8.14-beta.1+mc1.21.1/net.irisshaders.iris.Iris.createPipeline(Iris.java:642) ~[iris-neoforge-1.8.14-beta.1+mc1.21.1.jar%23191!/:?] {re:mixin,re:classloading,pl:mixin:APP:colorwheel.mixins.json:iris.IrisMixin from mod colorwheel,pl:mixin:A}
	at TRANSFORMER/iris@1.8.14-beta.1+mc1.21.1/net.irisshaders.iris.pipeline.PipelineManager.preparePipeline(PipelineManager.java:33) ~[iris-neoforge-1.8.14-beta.1+mc1.21.1.jar%23191!/:?] {re:mixin,re:classloading,pl:mixin:APP:veil.neoforge.mixins.json:client.perspective.iris.PipelineManagerMixin from mod veil,pl:mixin:A}
	at TRANSFORMER/iris@1.8.14-beta.1+mc1.21.1/net.irisshaders.iris.Iris.onLoadingComplete(Iris.java:152) ~[iris-neoforge-1.8.14-beta.1+mc1.21.1.jar%23191!/:?] {re:mixin,re:classloading,pl:mixin:APP:colorwheel.mixins.json:iris.IrisMixin from mod colorwheel,pl:mixin:A}
	at TRANSFORMER/minecraft@1.21.1/net.minecraft.client.gui.screens.TitleScreen.handler$zfh000$iris$firstInit(TitleScreen.java:525) ~[client-1.21.1-20240808.144430-srg.jar%23173!/:?] {re:mixin,pl:runtimedistcleaner:A,re:computing_frames,pl:runtimedistcleaner:A,re:classloading,pl:mixin:APP:mixins.iris.json:MixinTitleScreen from mod iris,pl:mixin:A,pl:runtimedistcleaner:A}
	at TRANSFORMER/minecraft@1.21.1/net.minecraft.client.gui.screens.TitleScreen.init(TitleScreen.java:157) ~[client-1.21.1-20240808.144430-srg.jar%23173!/:?] {re:mixin,pl:runtimedistcleaner:A,re:computing_frames,pl:runtimedistcleaner:A,re:classloading,pl:mixin:APP:mixins.iris.json:MixinTitleScreen from mod iris,pl:mixin:A,pl:runtimedistcleaner:A}
	at TRANSFORMER/minecraft@1.21.1/net.minecraft.client.gui.screens.Screen.init(Screen.java:317) ~[client-1.21.1-20240808.144430-srg.jar%23173!/:?] {re:mixin,pl:accesstransformer:B,pl:runtimedistcleaner:A,re:computing_frames,pl:accesstransformer:B,pl:runtimedistcleaner:A,re:classloading,pl:accesstransformer:B,pl:mixin:APP:ponder-common.mixins.json:client.accessor.ScreenAccessor from mod ponder,pl:mixin:APP:ae2.mixins.json:WrappedGenericStackTooltipModIdMixin from mod ae2,pl:mixin:A,pl:runtimedistcleaner:A}
	at TRANSFORMER/minecraft@1.21.1/net.minecraft.client.Minecraft.setScreen(Minecraft.java:1057) ~[client-1.21.1-20240808.144430-srg.jar%23173!/:?] {re:mixin,pl:accesstransformer:B,pl:runtimedistcleaner:A,re:classloading,pl:accesstransformer:B,pl:mixin:APP:ae2.mixins.json:PickColorMixin from mod ae2,pl:mixin:APP:aeronautics.mixins.json:custom_situational_music.MinecraftMixin from mod aeronautics,pl:mixin:APP:mixins.iris.json:MixinMinecraft_Images from mod iris,pl:mixin:APP:mixins.iris.json:MixinMinecraft_Keybinds from mod iris,pl:mixin:APP:mixins.iris.json:MixinMinecraft_PipelineManagement from mod iris,pl:mixin:APP:veil.debug.mixins.json:client.DebugMinecraftMixin from mod veil,pl:mixin:APP:veil.pipeline.mixins.json:client.PipelineMinecraftMixin from mod veil,pl:mixin:APP:veil.neoforge.mixins.json:client.MinecraftMixin from mod veil,pl:mixin:APP:simulated.mixins.json:handle.MinecraftMixin from mod simulated,pl:mixin:APP:immediatelyfast-common.mixins.json:core.MixinMinecraftClient from mod immediatelyfast,pl:mixin:APP:sodium-common.mixins.json:core.MinecraftMixin from mod sodium,pl:mixin:APP:sodium-neoforge.mixins.json:platform.neoforge.EntrypointMixin from mod sodium,pl:mixin:APP:flywheel.impl.mixins.json:MinecraftMixin from mod flywheel,pl:mixin:APP:ponder-common.mixins.json:client.WindowResizeMixin from mod ponder,pl:mixin:APP:create.mixins.json:accessor.MinecraftAccessor from mod create,pl:mixin:APP:sable.mixins.json:camera.new_camera_types.MinecraftMixin from mod sable,pl:mixin:APP:sable.mixins.json:plot.MinecraftMixin from mod sable,pl:mixin:APP:sable.mixins.json:punching.MinecraftMixin from mod sable,pl:mixin:APP:mekanism_ponders.mixins.json:AccessorMinecraft from mod mekanism_ponders,pl:mixin:A,pl:runtimedistcleaner:A}
	at TRANSFORMER/minecraft@1.21.1/net.minecraft.client.Minecraft.lambda$buildInitialScreens$9(Minecraft.java:664) ~[client-1.21.1-20240808.144430-srg.jar%23173!/:?] {re:mixin,pl:accesstransformer:B,pl:runtimedistcleaner:A,re:classloading,pl:accesstransformer:B,pl:mixin:APP:ae2.mixins.json:PickColorMixin from mod ae2,pl:mixin:APP:aeronautics.mixins.json:custom_situational_music.MinecraftMixin from mod aeronautics,pl:mixin:APP:mixins.iris.json:MixinMinecraft_Images from mod iris,pl:mixin:APP:mixins.iris.json:MixinMinecraft_Keybinds from mod iris,pl:mixin:APP:mixins.iris.json:MixinMinecraft_PipelineManagement from mod iris,pl:mixin:APP:veil.debug.mixins.json:client.DebugMinecraftMixin from mod veil,pl:mixin:APP:veil.pipeline.mixins.json:client.PipelineMinecraftMixin from mod veil,pl:mixin:APP:veil.neoforge.mixins.json:client.MinecraftMixin from mod veil,pl:mixin:APP:simulated.mixins.json:handle.MinecraftMixin from mod simulated,pl:mixin:APP:immediatelyfast-common.mixins.json:core.MixinMinecraftClient from mod immediatelyfast,pl:mixin:APP:sodium-common.mixins.json:core.MinecraftMixin from mod sodium,pl:mixin:APP:sodium-neoforge.mixins.json:platform.neoforge.EntrypointMixin from mod sodium,pl:mixin:APP:flywheel.impl.mixins.json:MinecraftMixin from mod flywheel,pl:mixin:APP:ponder-common.mixins.json:client.WindowResizeMixin from mod ponder,pl:mixin:APP:create.mixins.json:accessor.MinecraftAccessor from mod create,pl:mixin:APP:sable.mixins.json:camera.new_camera_types.MinecraftMixin from mod sable,pl:mixin:APP:sable.mixins.json:plot.MinecraftMixin from mod sable,pl:mixin:APP:sable.mixins.json:punching.MinecraftMixin from mod sable,pl:mixin:APP:mekanism_ponders.mixins.json:AccessorMinecraft from mod mekanism_ponders,pl:mixin:A,pl:runtimedistcleaner:A}
	at TRANSFORMER/minecraft@1.21.1/net.minecraft.client.Minecraft.onGameLoadFinished(Minecraft.java:650) ~[client-1.21.1-20240808.144430-srg.jar%23173!/:?] {re:mixin,pl:accesstransformer:B,pl:runtimedistcleaner:A,re:classloading,pl:accesstransformer:B,pl:mixin:APP:ae2.mixins.json:PickColorMixin from mod ae2,pl:mixin:APP:aeronautics.mixins.json:custom_situational_music.MinecraftMixin from mod aeronautics,pl:mixin:APP:mixins.iris.json:MixinMinecraft_Images from mod iris,pl:mixin:APP:mixins.iris.json:MixinMinecraft_Keybinds from mod iris,pl:mixin:APP:mixins.iris.json:MixinMinecraft_PipelineManagement from mod iris,pl:mixin:APP:veil.debug.mixins.json:client.DebugMinecraftMixin from mod veil,pl:mixin:APP:veil.pipeline.mixins.json:client.PipelineMinecraftMixin from mod veil,pl:mixin:APP:veil.neoforge.mixins.json:client.MinecraftMixin from mod veil,pl:mixin:APP:simulated.mixins.json:handle.MinecraftMixin from mod simulated,pl:mixin:APP:immediatelyfast-common.mixins.json:core.MixinMinecraftClient from mod immediatelyfast,pl:mixin:APP:sodium-common.mixins.json:core.MinecraftMixin from mod sodium,pl:mixin:APP:sodium-neoforge.mixins.json:platform.neoforge.EntrypointMixin from mod sodium,pl:mixin:APP:flywheel.impl.mixins.json:MinecraftMixin from mod flywheel,pl:mixin:APP:ponder-common.mixins.json:client.WindowResizeMixin from mod ponder,pl:mixin:APP:create.mixins.json:accessor.MinecraftAccessor from mod create,pl:mixin:APP:sable.mixins.json:camera.new_camera_types.MinecraftMixin from mod sable,pl:mixin:APP:sable.mixins.json:plot.MinecraftMixin from mod sable,pl:mixin:APP:sable.mixins.json:punching.MinecraftMixin from mod sable,pl:mixin:APP:mekanism_ponders.mixins.json:AccessorMinecraft from mod mekanism_ponders,pl:mixin:A,pl:runtimedistcleaner:A}
	at TRANSFORMER/minecraft@1.21.1/net.minecraft.client.Minecraft.onResourceLoadFinished(Minecraft.java:641) ~[client-1.21.1-20240808.144430-srg.jar%23173!/:?] {re:mixin,pl:accesstransformer:B,pl:runtimedistcleaner:A,re:classloading,pl:accesstransformer:B,pl:mixin:APP:ae2.mixins.json:PickColorMixin from mod ae2,pl:mixin:APP:aeronautics.mixins.json:custom_situational_music.MinecraftMixin from mod aeronautics,pl:mixin:APP:mixins.iris.json:MixinMinecraft_Images from mod iris,pl:mixin:APP:mixins.iris.json:MixinMinecraft_Keybinds from mod iris,pl:mixin:APP:mixins.iris.json:MixinMinecraft_PipelineManagement from mod iris,pl:mixin:APP:veil.debug.mixins.json:client.DebugMinecraftMixin from mod veil,pl:mixin:APP:veil.pipeline.mixins.json:client.PipelineMinecraftMixin from mod veil,pl:mixin:APP:veil.neoforge.mixins.json:client.MinecraftMixin from mod veil,pl:mixin:APP:simulated.mixins.json:handle.MinecraftMixin from mod simulated,pl:mixin:APP:immediatelyfast-common.mixins.json:core.MixinMinecraftClient from mod immediatelyfast,pl:mixin:APP:sodium-common.mixins.json:core.MinecraftMixin from mod sodium,pl:mixin:APP:sodium-neoforge.mixins.json:platform.neoforge.EntrypointMixin from mod sodium,pl:mixin:APP:flywheel.impl.mixins.json:MinecraftMixin from mod flywheel,pl:mixin:APP:ponder-common.mixins.json:client.WindowResizeMixin from mod ponder,pl:mixin:APP:create.mixins.json:accessor.MinecraftAccessor from mod create,pl:mixin:APP:sable.mixins.json:camera.new_camera_types.MinecraftMixin from mod sable,pl:mixin:APP:sable.mixins.json:plot.MinecraftMixin from mod sable,pl:mixin:APP:sable.mixins.json:punching.MinecraftMixin from mod sable,pl:mixin:APP:mekanism_ponders.mixins.json:AccessorMinecraft from mod mekanism_ponders,pl:mixin:A,pl:runtimedistcleaner:A}
	at TRANSFORMER/minecraft@1.21.1/net.minecraft.client.Minecraft.lambda$new$7(Minecraft.java:629) ~[client-1.21.1-20240808.144430-srg.jar%23173!/:?] {re:mixin,pl:accesstransformer:B,pl:runtimedistcleaner:A,re:classloading,pl:accesstransformer:B,pl:mixin:APP:ae2.mixins.json:PickColorMixin from mod ae2,pl:mixin:APP:aeronautics.mixins.json:custom_situational_music.MinecraftMixin from mod aeronautics,pl:mixin:APP:mixins.iris.json:MixinMinecraft_Images from mod iris,pl:mixin:APP:mixins.iris.json:MixinMinecraft_Keybinds from mod iris,pl:mixin:APP:mixins.iris.json:MixinMinecraft_PipelineManagement from mod iris,pl:mixin:APP:veil.debug.mixins.json:client.DebugMinecraftMixin from mod veil,pl:mixin:APP:veil.pipeline.mixins.json:client.PipelineMinecraftMixin from mod veil,pl:mixin:APP:veil.neoforge.mixins.json:client.MinecraftMixin from mod veil,pl:mixin:APP:simulated.mixins.json:handle.MinecraftMixin from mod simulated,pl:mixin:APP:immediatelyfast-common.mixins.json:core.MixinMinecraftClient from mod immediatelyfast,pl:mixin:APP:sodium-common.mixins.json:core.MinecraftMixin from mod sodium,pl:mixin:APP:sodium-neoforge.mixins.json:platform.neoforge.EntrypointMixin from mod sodium,pl:mixin:APP:flywheel.impl.mixins.json:MinecraftMixin from mod flywheel,pl:mixin:APP:ponder-common.mixins.json:client.WindowResizeMixin from mod ponder,pl:mixin:APP:create.mixins.json:accessor.MinecraftAccessor from mod create,pl:mixin:APP:sable.mixins.json:camera.new_camera_types.MinecraftMixin from mod sable,pl:mixin:APP:sable.mixins.json:plot.MinecraftMixin from mod sable,pl:mixin:APP:sable.mixins.json:punching.MinecraftMixin from mod sable,pl:mixin:APP:mekanism_ponders.mixins.json:AccessorMinecraft from mod mekanism_ponders,pl:mixin:A,pl:runtimedistcleaner:A}
	at TRANSFORMER/minecraft@1.21.1/net.minecraft.Util.ifElse(Util.java:513) ~[client-1.21.1-20240808.144430-srg.jar%23173!/:?] {re:mixin,re:classloading}
	at TRANSFORMER/minecraft@1.21.1/net.minecraft.client.Minecraft.lambda$new$8(Minecraft.java:623) ~[client-1.21.1-20240808.144430-srg.jar%23173!/:?] {re:mixin,pl:accesstransformer:B,pl:runtimedistcleaner:A,re:classloading,pl:accesstransformer:B,pl:mixin:APP:ae2.mixins.json:PickColorMixin from mod ae2,pl:mixin:APP:aeronautics.mixins.json:custom_situational_music.MinecraftMixin from mod aeronautics,pl:mixin:APP:mixins.iris.json:MixinMinecraft_Images from mod iris,pl:mixin:APP:mixins.iris.json:MixinMinecraft_Keybinds from mod iris,pl:mixin:APP:mixins.iris.json:MixinMinecraft_PipelineManagement from mod iris,pl:mixin:APP:veil.debug.mixins.json:client.DebugMinecraftMixin from mod veil,pl:mixin:APP:veil.pipeline.mixins.json:client.PipelineMinecraftMixin from mod veil,pl:mixin:APP:veil.neoforge.mixins.json:client.MinecraftMixin from mod veil,pl:mixin:APP:simulated.mixins.json:handle.MinecraftMixin from mod simulated,pl:mixin:APP:immediatelyfast-common.mixins.json:core.MixinMinecraftClient from mod immediatelyfast,pl:mixin:APP:sodium-common.mixins.json:core.MinecraftMixin from mod sodium,pl:mixin:APP:sodium-neoforge.mixins.json:platform.neoforge.EntrypointMixin from mod sodium,pl:mixin:APP:flywheel.impl.mixins.json:MinecraftMixin from mod flywheel,pl:mixin:APP:ponder-common.mixins.json:client.WindowResizeMixin from mod ponder,pl:mixin:APP:create.mixins.json:accessor.MinecraftAccessor from mod create,pl:mixin:APP:sable.mixins.json:camera.new_camera_types.MinecraftMixin from mod sable,pl:mixin:APP:sable.mixins.json:plot.MinecraftMixin from mod sable,pl:mixin:APP:sable.mixins.json:punching.MinecraftMixin from mod sable,pl:mixin:APP:mekanism_ponders.mixins.json:AccessorMinecraft from mod mekanism_ponders,pl:mixin:A,pl:runtimedistcleaner:A}
	at TRANSFORMER/neoforge@21.1.244/net.neoforged.neoforge.client.loading.NeoForgeLoadingOverlay.render(NeoForgeLoadingOverlay.java:145) ~[neoforge-21.1.244-universal.jar%23174!/:?] {re:classloading}
	at TRANSFORMER/minecraft@1.21.1/net.minecraft.client.renderer.GameRenderer.render(GameRenderer.java:1081) ~[client-1.21.1-20240808.144430-srg.jar%23173!/:?] {re:mixin,pl:accesstransformer:B,pl:runtimedistcleaner:A,re:classloading,pl:accesstransformer:B,pl:mixin:APP:mixins.iris.json:GameRendererAccessor from mod iris,pl:mixin:APP:mixins.iris.json:MixinGameRenderer from mod iris,pl:mixin:APP:mixins.iris.json:MixinModelViewBobbing from mod iris,pl:mixin:APP:veil.debug.mixins.json:accessor.DebugGameRendererAccessor from mod veil,pl:mixin:APP:veil.debug.mixins.json:client.profiler.GameRendererMixin from mod veil,pl:mixin:APP:veil.perspective.mixins.json:accessor.GameRendererAccessor from mod veil,pl:mixin:APP:veil.pipeline.mixins.json:client.PipelineGameRendererMixin from mod veil,pl:mixin:APP:veil.shader.mixins.json:client.ShaderGameRendererMixin from mod veil,pl:mixin:APP:simulated.mixins.json:throttle_lever.GameRendererMixin from mod simulated,pl:mixin:APP:immediatelyfast-common.mixins.json:core.MixinGameRenderer from mod immediatelyfast,pl:mixin:APP:immediatelyfast-common.mixins.json:core.compat.MixinGameRenderer from mod immediatelyfast,pl:mixin:APP:immediatelyfast-common.mixins.json:hud_batching.MixinGameRenderer from mod immediatelyfast,pl:mixin:APP:sodium-common.mixins.json:features.gui.hooks.console.GameRendererMixin from mod sodium,pl:mixin:APP:ponder-common.mixins.json:client.accessor.GameRendererAccessor from mod ponder,pl:mixin:APP:create.mixins.json:client.GameRendererMixin from mod create,pl:mixin:APP:sable.mixins.json:camera.new_camera_types.GameRendererMixin from mod sable,pl:mixin:APP:sable.mixins.json:clip_overwrite.GameRendererMixin from mod sable,pl:mixin:APP:sable.mixins.json:config.GameRendererAccessor from mod sable,pl:mixin:APP:sable.mixins.json:entity.entities_turn_with_sub_levels.GameRendererMixin from mod sable,pl:mixin:APP:sable.mixins.json:water_occlusion.GameRendererMixin from mod sable,pl:mixin:APP:irisveil.mixins.iris.json:MixinGameRendererAccessor from mod irisveil,pl:mixin:APP:mixins.iris.json:MixinGameRenderer_NightVisionCompat from mod iris,pl:mixin:A,pl:runtimedistcleaner:A}
	at TRANSFORMER/minecraft@1.21.1/net.minecraft.client.Minecraft.runTick(Minecraft.java:1195) ~[client-1.21.1-20240808.144430-srg.jar%23173!/:?] {re:mixin,pl:accesstransformer:B,pl:runtimedistcleaner:A,re:classloading,pl:accesstransformer:B,pl:mixin:APP:ae2.mixins.json:PickColorMixin from mod ae2,pl:mixin:APP:aeronautics.mixins.json:custom_situational_music.MinecraftMixin from mod aeronautics,pl:mixin:APP:mixins.iris.json:MixinMinecraft_Images from mod iris,pl:mixin:APP:mixins.iris.json:MixinMinecraft_Keybinds from mod iris,pl:mixin:APP:mixins.iris.json:MixinMinecraft_PipelineManagement from mod iris,pl:mixin:APP:veil.debug.mixins.json:client.DebugMinecraftMixin from mod veil,pl:mixin:APP:veil.pipeline.mixins.json:client.PipelineMinecraftMixin from mod veil,pl:mixin:APP:veil.neoforge.mixins.json:client.MinecraftMixin from mod veil,pl:mixin:APP:simulated.mixins.json:handle.MinecraftMixin from mod simulated,pl:mixin:APP:immediatelyfast-common.mixins.json:core.MixinMinecraftClient from mod immediatelyfast,pl:mixin:APP:sodium-common.mixins.json:core.MinecraftMixin from mod sodium,pl:mixin:APP:sodium-neoforge.mixins.json:platform.neoforge.EntrypointMixin from mod sodium,pl:mixin:APP:flywheel.impl.mixins.json:MinecraftMixin from mod flywheel,pl:mixin:APP:ponder-common.mixins.json:client.WindowResizeMixin from mod ponder,pl:mixin:APP:create.mixins.json:accessor.MinecraftAccessor from mod create,pl:mixin:APP:sable.mixins.json:camera.new_camera_types.MinecraftMixin from mod sable,pl:mixin:APP:sable.mixins.json:plot.MinecraftMixin from mod sable,pl:mixin:APP:sable.mixins.json:punching.MinecraftMixin from mod sable,pl:mixin:APP:mekanism_ponders.mixins.json:AccessorMinecraft from mod mekanism_ponders,pl:mixin:A,pl:runtimedistcleaner:A}
	at TRANSFORMER/minecraft@1.21.1/net.minecraft.client.Minecraft.run(Minecraft.java:807) ~[client-1.21.1-20240808.144430-srg.jar%23173!/:?] {re:mixin,pl:accesstransformer:B,pl:runtimedistcleaner:A,re:classloading,pl:accesstransformer:B,pl:mixin:APP:ae2.mixins.json:PickColorMixin from mod ae2,pl:mixin:APP:aeronautics.mixins.json:custom_situational_music.MinecraftMixin from mod aeronautics,pl:mixin:APP:mixins.iris.json:MixinMinecraft_Images from mod iris,pl:mixin:APP:mixins.iris.json:MixinMinecraft_Keybinds from mod iris,pl:mixin:APP:mixins.iris.json:MixinMinecraft_PipelineManagement from mod iris,pl:mixin:APP:veil.debug.mixins.json:client.DebugMinecraftMixin from mod veil,pl:mixin:APP:veil.pipeline.mixins.json:client.PipelineMinecraftMixin from mod veil,pl:mixin:APP:veil.neoforge.mixins.json:client.MinecraftMixin from mod veil,pl:mixin:APP:simulated.mixins.json:handle.MinecraftMixin from mod simulated,pl:mixin:APP:immediatelyfast-common.mixins.json:core.MixinMinecraftClient from mod immediatelyfast,pl:mixin:APP:sodium-common.mixins.json:core.MinecraftMixin from mod sodium,pl:mixin:APP:sodium-neoforge.mixins.json:platform.neoforge.EntrypointMixin from mod sodium,pl:mixin:APP:flywheel.impl.mixins.json:MinecraftMixin from mod flywheel,pl:mixin:APP:ponder-common.mixins.json:client.WindowResizeMixin from mod ponder,pl:mixin:APP:create.mixins.json:accessor.MinecraftAccessor from mod create,pl:mixin:APP:sable.mixins.json:camera.new_camera_types.MinecraftMixin from mod sable,pl:mixin:APP:sable.mixins.json:plot.MinecraftMixin from mod sable,pl:mixin:APP:sable.mixins.json:punching.MinecraftMixin from mod sable,pl:mixin:APP:mekanism_ponders.mixins.json:AccessorMinecraft from mod mekanism_ponders,pl:mixin:A,pl:runtimedistcleaner:A}
	at TRANSFORMER/minecraft@1.21.1/net.minecraft.client.main.Main.main(Main.java:230) ~[client-1.21.1-20240808.144430-srg.jar%23173!/:?] {re:mixin,pl:runtimedistcleaner:A,re:classloading,pl:mixin:APP:veil.debug.mixins.json:client.DebugMainMixin from mod veil,pl:mixin:A,pl:runtimedistcleaner:A}
	at java.base/jdk.internal.reflect.DirectMethodHandleAccessor.invoke(Unknown Source) ~[?:?] {}
	at java.base/java.lang.reflect.Method.invoke(Unknown Source) ~[?:?] {re:mixin}
	at MC-BOOTSTRAP/fml_loader@4.0.43/net.neoforged.fml.loading.targets.CommonLaunchHandler.runTarget(CommonLaunchHandler.java:136) ~[loader-4.0.43.jar%23119!/:4.0] {}
	at MC-BOOTSTRAP/fml_loader@4.0.43/net.neoforged.fml.loading.targets.CommonLaunchHandler.clientService(CommonLaunchHandler.java:124) ~[loader-4.0.43.jar%23119!/:4.0] {}
	at MC-BOOTSTRAP/fml_loader@4.0.43/net.neoforged.fml.loading.targets.CommonClientLaunchHandler.runService(CommonClientLaunchHandler.java:32) ~[loader-4.0.43.jar%23119!/:4.0] {}
	at MC-BOOTSTRAP/fml_loader@4.0.43/net.neoforged.fml.loading.targets.CommonLaunchHandler.lambda$launchService$4(CommonLaunchHandler.java:118) ~[loader-4.0.43.jar%23119!/:4.0] {}
	at MC-BOOTSTRAP/cpw.mods.modlauncher@11.0.5/cpw.mods.modlauncher.LaunchServiceHandlerDecorator.launch(LaunchServiceHandlerDecorator.java:30) [modlauncher-11.0.5.jar%23124!/:?] {}
	at MC-BOOTSTRAP/cpw.mods.modlauncher@11.0.5/cpw.mods.modlauncher.LaunchServiceHandler.launch(LaunchServiceHandler.java:53) [modlauncher-11.0.5.jar%23124!/:?] {}
	at MC-BOOTSTRAP/cpw.mods.modlauncher@11.0.5/cpw.mods.modlauncher.LaunchServiceHandler.launch(LaunchServiceHandler.java:71) [modlauncher-11.0.5.jar%23124!/:?] {}
	at MC-BOOTSTRAP/cpw.mods.modlauncher@11.0.5/cpw.mods.modlauncher.Launcher.run(Launcher.java:103) [modlauncher-11.0.5.jar%23124!/:?] {}
	at MC-BOOTSTRAP/cpw.mods.modlauncher@11.0.5/cpw.mods.modlauncher.Launcher.main(Launcher.java:74) [modlauncher-11.0.5.jar%23124!/:?] {}
	at MC-BOOTSTRAP/cpw.mods.modlauncher@11.0.5/cpw.mods.modlauncher.BootstrapLaunchConsumer.accept(BootstrapLaunchConsumer.java:26) [modlauncher-11.0.5.jar%23124!/:?] {}
	at MC-BOOTSTRAP/cpw.mods.modlauncher@11.0.5/cpw.mods.modlauncher.BootstrapLaunchConsumer.accept(BootstrapLaunchConsumer.java:23) [modlauncher-11.0.5.jar%23124!/:?] {}
	at cpw.mods.bootstraplauncher@2.0.2/cpw.mods.bootstraplauncher.BootstrapLauncher.run(BootstrapLauncher.java:210) [bootstraplauncher-2.0.2.jar:?] {}
	at cpw.mods.bootstraplauncher@2.0.2/cpw.mods.bootstraplauncher.BootstrapLauncher.main(BootstrapLauncher.java:69) [bootstraplauncher-2.0.2.jar:?] {}
[00:12:07] [Render thread/WARN] [Iris/]: The following uniforms won't work, either because they are broken, or reference a broken uniform: 
endFlashFactor1, endFlashIntensityM
[00:12:08] [Render thread/ERROR] [Iris/]: Failed to create shader rendering pipeline, disabling shaders!
java.lang.IllegalStateException: Unexpected error while creating framebuffer: Draw buffers [0, 1, 2] Status: 36054
	at TRANSFORMER/iris@1.8.14-beta.1+mc1.21.1/net.irisshaders.iris.targets.RenderTargets.createColorFramebuffer(RenderTargets.java:366) ~[iris-neoforge-1.8.14-beta.1+mc1.21.1.jar%23191!/:?] {re:mixin,re:classloading}
	at TRANSFORMER/iris@1.8.14-beta.1+mc1.21.1/net.irisshaders.iris.pipeline.CompositeRenderer.<init>(CompositeRenderer.java:141) ~[iris-neoforge-1.8.14-beta.1+mc1.21.1.jar%23191!/:?] {re:classloading}
	at TRANSFORMER/iris@1.8.14-beta.1+mc1.21.1/net.irisshaders.iris.pipeline.IrisRenderingPipeline.<init>(IrisRenderingPipeline.java:332) ~[iris-neoforge-1.8.14-beta.1+mc1.21.1.jar%23191!/:?] {re:mixin,re:classloading,pl:mixin:APP:veil.neoforge.mixins.json:compat.iris.IrisRenderingPipelineAccessor from mod veil,pl:mixin:APP:veil.neoforge.mixins.json:compat.iris.IrisRenderingPipelineMixin from mod veil,pl:mixin:APP:colorwheel.mixins.json:iris.IrisRenderingPipelineMixin from mod colorwheel,pl:mixin:APP:irisveil.mixins.iris.json:MixinIrisRenderingPipeline from mod irisveil,pl:mixin:A}
	at TRANSFORMER/iris@1.8.14-beta.1+mc1.21.1/net.irisshaders.iris.Iris.createPipeline(Iris.java:642) ~[iris-neoforge-1.8.14-beta.1+mc1.21.1.jar%23191!/:?] {re:mixin,re:classloading,pl:mixin:APP:colorwheel.mixins.json:iris.IrisMixin from mod colorwheel,pl:mixin:A}
	at TRANSFORMER/iris@1.8.14-beta.1+mc1.21.1/net.irisshaders.iris.pipeline.PipelineManager.preparePipeline(PipelineManager.java:33) ~[iris-neoforge-1.8.14-beta.1+mc1.21.1.jar%23191!/:?] {re:mixin,re:classloading,pl:mixin:APP:veil.neoforge.mixins.json:client.perspective.iris.PipelineManagerMixin from mod veil,pl:mixin:A}
	at TRANSFORMER/iris@1.8.14-beta.1+mc1.21.1/net.irisshaders.iris.Iris.onLoadingComplete(Iris.java:152) ~[iris-neoforge-1.8.14-beta.1+mc1.21.1.jar%23191!/:?] {re:mixin,re:classloading,pl:mixin:APP:colorwheel.mixins.json:iris.IrisMixin from mod colorwheel,pl:mixin:A}
	at TRANSFORMER/minecraft@1.21.1/net.minecraft.client.gui.screens.TitleScreen.handler$zfh000$iris$firstInit(TitleScreen.java:525) ~[client-1.21.1-20240808.144430-srg.jar%23173!/:?] {re:mixin,pl:runtimedistcleaner:A,re:computing_frames,pl:runtimedistcleaner:A,re:classloading,pl:mixin:APP:mixins.iris.json:MixinTitleScreen from mod iris,pl:mixin:A,pl:runtimedistcleaner:A}
	at TRANSFORMER/minecraft@1.21.1/net.minecraft.client.gui.screens.TitleScreen.init(TitleScreen.java:157) ~[client-1.21.1-20240808.144430-srg.jar%23173!/:?] {re:mixin,pl:runtimedistcleaner:A,re:computing_frames,pl:runtimedistcleaner:A,re:classloading,pl:mixin:APP:mixins.iris.json:MixinTitleScreen from mod iris,pl:mixin:A,pl:runtimedistcleaner:A}
	at TRANSFORMER/minecraft@1.21.1/net.minecraft.client.gui.screens.Screen.init(Screen.java:317) ~[client-1.21.1-20240808.144430-srg.jar%23173!/:?] {re:mixin,pl:accesstransformer:B,pl:runtimedistcleaner:A,re:computing_frames,pl:accesstransformer:B,pl:runtimedistcleaner:A,re:classloading,pl:accesstransformer:B,pl:mixin:APP:ponder-common.mixins.json:client.accessor.ScreenAccessor from mod ponder,pl:mixin:APP:ae2.mixins.json:WrappedGenericStackTooltipModIdMixin from mod ae2,pl:mixin:A,pl:runtimedistcleaner:A}
	at TRANSFORMER/minecraft@1.21.1/net.minecraft.client.Minecraft.setScreen(Minecraft.java:1057) ~[client-1.21.1-20240808.144430-srg.jar%23173!/:?] {re:mixin,pl:accesstransformer:B,pl:runtimedistcleaner:A,re:classloading,pl:accesstransformer:B,pl:mixin:APP:ae2.mixins.json:PickColorMixin from mod ae2,pl:mixin:APP:aeronautics.mixins.json:custom_situational_music.MinecraftMixin from mod aeronautics,pl:mixin:APP:mixins.iris.json:MixinMinecraft_Images from mod iris,pl:mixin:APP:mixins.iris.json:MixinMinecraft_Keybinds from mod iris,pl:mixin:APP:mixins.iris.json:MixinMinecraft_PipelineManagement from mod iris,pl:mixin:APP:veil.debug.mixins.json:client.DebugMinecraftMixin from mod veil,pl:mixin:APP:veil.pipeline.mixins.json:client.PipelineMinecraftMixin from mod veil,pl:mixin:APP:veil.neoforge.mixins.json:client.MinecraftMixin from mod veil,pl:mixin:APP:simulated.mixins.json:handle.MinecraftMixin from mod simulated,pl:mixin:APP:immediatelyfast-common.mixins.json:core.MixinMinecraftClient from mod immediatelyfast,pl:mixin:APP:sodium-common.mixins.json:core.MinecraftMixin from mod sodium,pl:mixin:APP:sodium-neoforge.mixins.json:platform.neoforge.EntrypointMixin from mod sodium,pl:mixin:APP:flywheel.impl.mixins.json:MinecraftMixin from mod flywheel,pl:mixin:APP:ponder-common.mixins.json:client.WindowResizeMixin from mod ponder,pl:mixin:APP:create.mixins.json:accessor.MinecraftAccessor from mod create,pl:mixin:APP:sable.mixins.json:camera.new_camera_types.MinecraftMixin from mod sable,pl:mixin:APP:sable.mixins.json:plot.MinecraftMixin from mod sable,pl:mixin:APP:sable.mixins.json:punching.MinecraftMixin from mod sable,pl:mixin:APP:mekanism_ponders.mixins.json:AccessorMinecraft from mod mekanism_ponders,pl:mixin:A,pl:runtimedistcleaner:A}
	at TRANSFORMER/minecraft@1.21.1/net.minecraft.client.Minecraft.lambda$buildInitialScreens$9(Minecraft.java:664) ~[client-1.21.1-20240808.144430-srg.jar%23173!/:?] {re:mixin,pl:accesstransformer:B,pl:runtimedistcleaner:A,re:classloading,pl:accesstransformer:B,pl:mixin:APP:ae2.mixins.json:PickColorMixin from mod ae2,pl:mixin:APP:aeronautics.mixins.json:custom_situational_music.MinecraftMixin from mod aeronautics,pl:mixin:APP:mixins.iris.json:MixinMinecraft_Images from mod iris,pl:mixin:APP:mixins.iris.json:MixinMinecraft_Keybinds from mod iris,pl:mixin:APP:mixins.iris.json:MixinMinecraft_PipelineManagement from mod iris,pl:mixin:APP:veil.debug.mixins.json:client.DebugMinecraftMixin from mod veil,pl:mixin:APP:veil.pipeline.mixins.json:client.PipelineMinecraftMixin from mod veil,pl:mixin:APP:veil.neoforge.mixins.json:client.MinecraftMixin from mod veil,pl:mixin:APP:simulated.mixins.json:handle.MinecraftMixin from mod simulated,pl:mixin:APP:immediatelyfast-common.mixins.json:core.MixinMinecraftClient from mod immediatelyfast,pl:mixin:APP:sodium-common.mixins.json:core.MinecraftMixin from mod sodium,pl:mixin:APP:sodium-neoforge.mixins.json:platform.neoforge.EntrypointMixin from mod sodium,pl:mixin:APP:flywheel.impl.mixins.json:MinecraftMixin from mod flywheel,pl:mixin:APP:ponder-common.mixins.json:client.WindowResizeMixin from mod ponder,pl:mixin:APP:create.mixins.json:accessor.MinecraftAccessor from mod create,pl:mixin:APP:sable.mixins.json:camera.new_camera_types.MinecraftMixin from mod sable,pl:mixin:APP:sable.mixins.json:plot.MinecraftMixin from mod sable,pl:mixin:APP:sable.mixins.json:punching.MinecraftMixin from mod sable,pl:mixin:APP:mekanism_ponders.mixins.json:AccessorMinecraft from mod mekanism_ponders,pl:mixin:A,pl:runtimedistcleaner:A}
	at TRANSFORMER/minecraft@1.21.1/net.minecraft.client.Minecraft.onGameLoadFinished(Minecraft.java:650) ~[client-1.21.1-20240808.144430-srg.jar%23173!/:?] {re:mixin,pl:accesstransformer:B,pl:runtimedistcleaner:A,re:classloading,pl:accesstransformer:B,pl:mixin:APP:ae2.mixins.json:PickColorMixin from mod ae2,pl:mixin:APP:aeronautics.mixins.json:custom_situational_music.MinecraftMixin from mod aeronautics,pl:mixin:APP:mixins.iris.json:MixinMinecraft_Images from mod iris,pl:mixin:APP:mixins.iris.json:MixinMinecraft_Keybinds from mod iris,pl:mixin:APP:mixins.iris.json:MixinMinecraft_PipelineManagement from mod iris,pl:mixin:APP:veil.debug.mixins.json:client.DebugMinecraftMixin from mod veil,pl:mixin:APP:veil.pipeline.mixins.json:client.PipelineMinecraftMixin from mod veil,pl:mixin:APP:veil.neoforge.mixins.json:client.MinecraftMixin from mod veil,pl:mixin:APP:simulated.mixins.json:handle.MinecraftMixin from mod simulated,pl:mixin:APP:immediatelyfast-common.mixins.json:core.MixinMinecraftClient from mod immediatelyfast,pl:mixin:APP:sodium-common.mixins.json:core.MinecraftMixin from mod sodium,pl:mixin:APP:sodium-neoforge.mixins.json:platform.neoforge.EntrypointMixin from mod sodium,pl:mixin:APP:flywheel.impl.mixins.json:MinecraftMixin from mod flywheel,pl:mixin:APP:ponder-common.mixins.json:client.WindowResizeMixin from mod ponder,pl:mixin:APP:create.mixins.json:accessor.MinecraftAccessor from mod create,pl:mixin:APP:sable.mixins.json:camera.new_camera_types.MinecraftMixin from mod sable,pl:mixin:APP:sable.mixins.json:plot.MinecraftMixin from mod sable,pl:mixin:APP:sable.mixins.json:punching.MinecraftMixin from mod sable,pl:mixin:APP:mekanism_ponders.mixins.json:AccessorMinecraft from mod mekanism_ponders,pl:mixin:A,pl:runtimedistcleaner:A}
	at TRANSFORMER/minecraft@1.21.1/net.minecraft.client.Minecraft.onResourceLoadFinished(Minecraft.java:641) ~[client-1.21.1-20240808.144430-srg.jar%23173!/:?] {re:mixin,pl:accesstransformer:B,pl:runtimedistcleaner:A,re:classloading,pl:accesstransformer:B,pl:mixin:APP:ae2.mixins.json:PickColorMixin from mod ae2,pl:mixin:APP:aeronautics.mixins.json:custom_situational_music.MinecraftMixin from mod aeronautics,pl:mixin:APP:mixins.iris.json:MixinMinecraft_Images from mod iris,pl:mixin:APP:mixins.iris.json:MixinMinecraft_Keybinds from mod iris,pl:mixin:APP:mixins.iris.json:MixinMinecraft_PipelineManagement from mod iris,pl:mixin:APP:veil.debug.mixins.json:client.DebugMinecraftMixin from mod veil,pl:mixin:APP:veil.pipeline.mixins.json:client.PipelineMinecraftMixin from mod veil,pl:mixin:APP:veil.neoforge.mixins.json:client.MinecraftMixin from mod veil,pl:mixin:APP:simulated.mixins.json:handle.MinecraftMixin from mod simulated,pl:mixin:APP:immediatelyfast-common.mixins.json:core.MixinMinecraftClient from mod immediatelyfast,pl:mixin:APP:sodium-common.mixins.json:core.MinecraftMixin from mod sodium,pl:mixin:APP:sodium-neoforge.mixins.json:platform.neoforge.EntrypointMixin from mod sodium,pl:mixin:APP:flywheel.impl.mixins.json:MinecraftMixin from mod flywheel,pl:mixin:APP:ponder-common.mixins.json:client.WindowResizeMixin from mod ponder,pl:mixin:APP:create.mixins.json:accessor.MinecraftAccessor from mod create,pl:mixin:APP:sable.mixins.json:camera.new_camera_types.MinecraftMixin from mod sable,pl:mixin:APP:sable.mixins.json:plot.MinecraftMixin from mod sable,pl:mixin:APP:sable.mixins.json:punching.MinecraftMixin from mod sable,pl:mixin:APP:mekanism_ponders.mixins.json:AccessorMinecraft from mod mekanism_ponders,pl:mixin:A,pl:runtimedistcleaner:A}
	at TRANSFORMER/minecraft@1.21.1/net.minecraft.client.Minecraft.lambda$new$7(Minecraft.java:629) ~[client-1.21.1-20240808.144430-srg.jar%23173!/:?] {re:mixin,pl:accesstransformer:B,pl:runtimedistcleaner:A,re:classloading,pl:accesstransformer:B,pl:mixin:APP:ae2.mixins.json:PickColorMixin from mod ae2,pl:mixin:APP:aeronautics.mixins.json:custom_situational_music.MinecraftMixin from mod aeronautics,pl:mixin:APP:mixins.iris.json:MixinMinecraft_Images from mod iris,pl:mixin:APP:mixins.iris.json:MixinMinecraft_Keybinds from mod iris,pl:mixin:APP:mixins.iris.json:MixinMinecraft_PipelineManagement from mod iris,pl:mixin:APP:veil.debug.mixins.json:client.DebugMinecraftMixin from mod veil,pl:mixin:APP:veil.pipeline.mixins.json:client.PipelineMinecraftMixin from mod veil,pl:mixin:APP:veil.neoforge.mixins.json:client.MinecraftMixin from mod veil,pl:mixin:APP:simulated.mixins.json:handle.MinecraftMixin from mod simulated,pl:mixin:APP:immediatelyfast-common.mixins.json:core.MixinMinecraftClient from mod immediatelyfast,pl:mixin:APP:sodium-common.mixins.json:core.MinecraftMixin from mod sodium,pl:mixin:APP:sodium-neoforge.mixins.json:platform.neoforge.EntrypointMixin from mod sodium,pl:mixin:APP:flywheel.impl.mixins.json:MinecraftMixin from mod flywheel,pl:mixin:APP:ponder-common.mixins.json:client.WindowResizeMixin from mod ponder,pl:mixin:APP:create.mixins.json:accessor.MinecraftAccessor from mod create,pl:mixin:APP:sable.mixins.json:camera.new_camera_types.MinecraftMixin from mod sable,pl:mixin:APP:sable.mixins.json:plot.MinecraftMixin from mod sable,pl:mixin:APP:sable.mixins.json:punching.MinecraftMixin from mod sable,pl:mixin:APP:mekanism_ponders.mixins.json:AccessorMinecraft from mod mekanism_ponders,pl:mixin:A,pl:runtimedistcleaner:A}
	at TRANSFORMER/minecraft@1.21.1/net.minecraft.Util.ifElse(Util.java:513) ~[client-1.21.1-20240808.144430-srg.jar%23173!/:?] {re:mixin,re:classloading}
	at TRANSFORMER/minecraft@1.21.1/net.minecraft.client.Minecraft.lambda$new$8(Minecraft.java:623) ~[client-1.21.1-20240808.144430-srg.jar%23173!/:?] {re:mixin,pl:accesstransformer:B,pl:runtimedistcleaner:A,re:classloading,pl:accesstransformer:B,pl:mixin:APP:ae2.mixins.json:PickColorMixin from mod ae2,pl:mixin:APP:aeronautics.mixins.json:custom_situational_music.MinecraftMixin from mod aeronautics,pl:mixin:APP:mixins.iris.json:MixinMinecraft_Images from mod iris,pl:mixin:APP:mixins.iris.json:MixinMinecraft_Keybinds from mod iris,pl:mixin:APP:mixins.iris.json:MixinMinecraft_PipelineManagement from mod iris,pl:mixin:APP:veil.debug.mixins.json:client.DebugMinecraftMixin from mod veil,pl:mixin:APP:veil.pipeline.mixins.json:client.PipelineMinecraftMixin from mod veil,pl:mixin:APP:veil.neoforge.mixins.json:client.MinecraftMixin from mod veil,pl:mixin:APP:simulated.mixins.json:handle.MinecraftMixin from mod simulated,pl:mixin:APP:immediatelyfast-common.mixins.json:core.MixinMinecraftClient from mod immediatelyfast,pl:mixin:APP:sodium-common.mixins.json:core.MinecraftMixin from mod sodium,pl:mixin:APP:sodium-neoforge.mixins.json:platform.neoforge.EntrypointMixin from mod sodium,pl:mixin:APP:flywheel.impl.mixins.json:MinecraftMixin from mod flywheel,pl:mixin:APP:ponder-common.mixins.json:client.WindowResizeMixin from mod ponder,pl:mixin:APP:create.mixins.json:accessor.MinecraftAccessor from mod create,pl:mixin:APP:sable.mixins.json:camera.new_camera_types.MinecraftMixin from mod sable,pl:mixin:APP:sable.mixins.json:plot.MinecraftMixin from mod sable,pl:mixin:APP:sable.mixins.json:punching.MinecraftMixin from mod sable,pl:mixin:APP:mekanism_ponders.mixins.json:AccessorMinecraft from mod mekanism_ponders,pl:mixin:A,pl:runtimedistcleaner:A}
	at TRANSFORMER/neoforge@21.1.244/net.neoforged.neoforge.client.loading.NeoForgeLoadingOverlay.render(NeoForgeLoadingOverlay.java:145) ~[neoforge-21.1.244-universal.jar%23174!/:?] {re:classloading}
	at TRANSFORMER/minecraft@1.21.1/net.minecraft.client.renderer.GameRenderer.render(GameRenderer.java:1081) ~[client-1.21.1-20240808.144430-srg.jar%23173!/:?] {re:mixin,pl:accesstransformer:B,pl:runtimedistcleaner:A,re:classloading,pl:accesstransformer:B,pl:mixin:APP:mixins.iris.json:GameRendererAccessor from mod iris,pl:mixin:APP:mixins.iris.json:MixinGameRenderer from mod iris,pl:mixin:APP:mixins.iris.json:MixinModelViewBobbing from mod iris,pl:mixin:APP:veil.debug.mixins.json:accessor.DebugGameRendererAccessor from mod veil,pl:mixin:APP:veil.debug.mixins.json:client.profiler.GameRendererMixin from mod veil,pl:mixin:APP:veil.perspective.mixins.json:accessor.GameRendererAccessor from mod veil,pl:mixin:APP:veil.pipeline.mixins.json:client.PipelineGameRendererMixin from mod veil,pl:mixin:APP:veil.shader.mixins.json:client.ShaderGameRendererMixin from mod veil,pl:mixin:APP:simulated.mixins.json:throttle_lever.GameRendererMixin from mod simulated,pl:mixin:APP:immediatelyfast-common.mixins.json:core.MixinGameRenderer from mod immediatelyfast,pl:mixin:APP:immediatelyfast-common.mixins.json:core.compat.MixinGameRenderer from mod immediatelyfast,pl:mixin:APP:immediatelyfast-common.mixins.json:hud_batching.MixinGameRenderer from mod immediatelyfast,pl:mixin:APP:sodium-common.mixins.json:features.gui.hooks.console.GameRendererMixin from mod sodium,pl:mixin:APP:ponder-common.mixins.json:client.accessor.GameRendererAccessor from mod ponder,pl:mixin:APP:create.mixins.json:client.GameRendererMixin from mod create,pl:mixin:APP:sable.mixins.json:camera.new_camera_types.GameRendererMixin from mod sable,pl:mixin:APP:sable.mixins.json:clip_overwrite.GameRendererMixin from mod sable,pl:mixin:APP:sable.mixins.json:config.GameRendererAccessor from mod sable,pl:mixin:APP:sable.mixins.json:entity.entities_turn_with_sub_levels.GameRendererMixin from mod sable,pl:mixin:APP:sable.mixins.json:water_occlusion.GameRendererMixin from mod sable,pl:mixin:APP:irisveil.mixins.iris.json:MixinGameRendererAccessor from mod irisveil,pl:mixin:APP:mixins.iris.json:MixinGameRenderer_NightVisionCompat from mod iris,pl:mixin:A,pl:runtimedistcleaner:A}
	at TRANSFORMER/minecraft@1.21.1/net.minecraft.client.Minecraft.runTick(Minecraft.java:1195) ~[client-1.21.1-20240808.144430-srg.jar%23173!/:?] {re:mixin,pl:accesstransformer:B,pl:runtimedistcleaner:A,re:classloading,pl:accesstransformer:B,pl:mixin:APP:ae2.mixins.json:PickColorMixin from mod ae2,pl:mixin:APP:aeronautics.mixins.json:custom_situational_music.MinecraftMixin from mod aeronautics,pl:mixin:APP:mixins.iris.json:MixinMinecraft_Images from mod iris,pl:mixin:APP:mixins.iris.json:MixinMinecraft_Keybinds from mod iris,pl:mixin:APP:mixins.iris.json:MixinMinecraft_PipelineManagement from mod iris,pl:mixin:APP:veil.debug.mixins.json:client.DebugMinecraftMixin from mod veil,pl:mixin:APP:veil.pipeline.mixins.json:client.PipelineMinecraftMixin from mod veil,pl:mixin:APP:veil.neoforge.mixins.json:client.MinecraftMixin from mod veil,pl:mixin:APP:simulated.mixins.json:handle.MinecraftMixin from mod simulated,pl:mixin:APP:immediatelyfast-common.mixins.json:core.MixinMinecraftClient from mod immediatelyfast,pl:mixin:APP:sodium-common.mixins.json:core.MinecraftMixin from mod sodium,pl:mixin:APP:sodium-neoforge.mixins.json:platform.neoforge.EntrypointMixin from mod sodium,pl:mixin:APP:flywheel.impl.mixins.json:MinecraftMixin from mod flywheel,pl:mixin:APP:ponder-common.mixins.json:client.WindowResizeMixin from mod ponder,pl:mixin:APP:create.mixins.json:accessor.MinecraftAccessor from mod create,pl:mixin:APP:sable.mixins.json:camera.new_camera_types.MinecraftMixin from mod sable,pl:mixin:APP:sable.mixins.json:plot.MinecraftMixin from mod sable,pl:mixin:APP:sable.mixins.json:punching.MinecraftMixin from mod sable,pl:mixin:APP:mekanism_ponders.mixins.json:AccessorMinecraft from mod mekanism_ponders,pl:mixin:A,pl:runtimedistcleaner:A}
	at TRANSFORMER/minecraft@1.21.1/net.minecraft.client.Minecraft.run(Minecraft.java:807) ~[client-1.21.1-20240808.144430-srg.jar%23173!/:?] {re:mixin,pl:accesstransformer:B,pl:runtimedistcleaner:A,re:classloading,pl:accesstransformer:B,pl:mixin:APP:ae2.mixins.json:PickColorMixin from mod ae2,pl:mixin:APP:aeronautics.mixins.json:custom_situational_music.MinecraftMixin from mod aeronautics,pl:mixin:APP:mixins.iris.json:MixinMinecraft_Images from mod iris,pl:mixin:APP:mixins.iris.json:MixinMinecraft_Keybinds from mod iris,pl:mixin:APP:mixins.iris.json:MixinMinecraft_PipelineManagement from mod iris,pl:mixin:APP:veil.debug.mixins.json:client.DebugMinecraftMixin from mod veil,pl:mixin:APP:veil.pipeline.mixins.json:client.PipelineMinecraftMixin from mod veil,pl:mixin:APP:veil.neoforge.mixins.json:client.MinecraftMixin from mod veil,pl:mixin:APP:simulated.mixins.json:handle.MinecraftMixin from mod simulated,pl:mixin:APP:immediatelyfast-common.mixins.json:core.MixinMinecraftClient from mod immediatelyfast,pl:mixin:APP:sodium-common.mixins.json:core.MinecraftMixin from mod sodium,pl:mixin:APP:sodium-neoforge.mixins.json:platform.neoforge.EntrypointMixin from mod sodium,pl:mixin:APP:flywheel.impl.mixins.json:MinecraftMixin from mod flywheel,pl:mixin:APP:ponder-common.mixins.json:client.WindowResizeMixin from mod ponder,pl:mixin:APP:create.mixins.json:accessor.MinecraftAccessor from mod create,pl:mixin:APP:sable.mixins.json:camera.new_camera_types.MinecraftMixin from mod sable,pl:mixin:APP:sable.mixins.json:plot.MinecraftMixin from mod sable,pl:mixin:APP:sable.mixins.json:punching.MinecraftMixin from mod sable,pl:mixin:APP:mekanism_ponders.mixins.json:AccessorMinecraft from mod mekanism_ponders,pl:mixin:A,pl:runtimedistcleaner:A}
	at TRANSFORMER/minecraft@1.21.1/net.minecraft.client.main.Main.main(Main.java:230) ~[client-1.21.1-20240808.144430-srg.jar%23173!/:?] {re:mixin,pl:runtimedistcleaner:A,re:classloading,pl:mixin:APP:veil.debug.mixins.json:client.DebugMainMixin from mod veil,pl:mixin:A,pl:runtimedistcleaner:A}
	at java.base/jdk.internal.reflect.DirectMethodHandleAccessor.invoke(Unknown Source) ~[?:?] {}
	at java.base/java.lang.reflect.Method.invoke(Unknown Source) ~[?:?] {re:mixin}
	at MC-BOOTSTRAP/fml_loader@4.0.43/net.neoforged.fml.loading.targets.CommonLaunchHandler.runTarget(CommonLaunchHandler.java:136) ~[loader-4.0.43.jar%23119!/:4.0] {}
	at MC-BOOTSTRAP/fml_loader@4.0.43/net.neoforged.fml.loading.targets.CommonLaunchHandler.clientService(CommonLaunchHandler.java:124) ~[loader-4.0.43.jar%23119!/:4.0] {}
	at MC-BOOTSTRAP/fml_loader@4.0.43/net.neoforged.fml.loading.targets.CommonClientLaunchHandler.runService(CommonClientLaunchHandler.java:32) ~[loader-4.0.43.jar%23119!/:4.0] {}
	at MC-BOOTSTRAP/fml_loader@4.0.43/net.neoforged.fml.loading.targets.CommonLaunchHandler.lambda$launchService$4(CommonLaunchHandler.java:118) ~[loader-4.0.43.jar%23119!/:4.0] {}
	at MC-BOOTSTRAP/cpw.mods.modlauncher@11.0.5/cpw.mods.modlauncher.LaunchServiceHandlerDecorator.launch(LaunchServiceHandlerDecorator.java:30) [modlauncher-11.0.5.jar%23124!/:?] {}
	at MC-BOOTSTRAP/cpw.mods.modlauncher@11.0.5/cpw.mods.modlauncher.LaunchServiceHandler.launch(LaunchServiceHandler.java:53) [modlauncher-11.0.5.jar%23124!/:?] {}
	at MC-BOOTSTRAP/cpw.mods.modlauncher@11.0.5/cpw.mods.modlauncher.LaunchServiceHandler.launch(LaunchServiceHandler.java:71) [modlauncher-11.0.5.jar%23124!/:?] {}
	at MC-BOOTSTRAP/cpw.mods.modlauncher@11.0.5/cpw.mods.modlauncher.Launcher.run(Launcher.java:103) [modlauncher-11.0.5.jar%23124!/:?] {}
	at MC-BOOTSTRAP/cpw.mods.modlauncher@11.0.5/cpw.mods.modlauncher.Launcher.main(Launcher.java:74) [modlauncher-11.0.5.jar%23124!/:?] {}
	at MC-BOOTSTRAP/cpw.mods.modlauncher@11.0.5/cpw.mods.modlauncher.BootstrapLaunchConsumer.accept(BootstrapLaunchConsumer.java:26) [modlauncher-11.0.5.jar%23124!/:?] {}
	at MC-BOOTSTRAP/cpw.mods.modlauncher@11.0.5/cpw.mods.modlauncher.BootstrapLaunchConsumer.accept(BootstrapLaunchConsumer.java:23) [modlauncher-11.0.5.jar%23124!/:?] {}
	at cpw.mods.bootstraplauncher@2.0.2/cpw.mods.bootstraplauncher.BootstrapLauncher.run(BootstrapLauncher.java:210) [bootstraplauncher-2.0.2.jar:?] {}
	at cpw.mods.bootstraplauncher@2.0.2/cpw.mods.bootstraplauncher.BootstrapLauncher.main(BootstrapLauncher.java:69) [bootstraplauncher-2.0.2.jar:?] {}
[00:12:15] [Render thread/INFO] [co.si.cr.Create/]: Created 157 recipes which will be injected into the game
[00:12:15] [Render thread/INFO] [co.si.cr.Create/]: Created 0 tags which will be injected into the game
[00:12:15] [Render thread/INFO] [minecraft/MinecraftServer]: Found new data pack create:dynamic_data, loading it automatically
[00:12:18] [Worker-Main-5/ERROR] [minecraft/LootDataType]: Couldn't parse element ResourceKey[minecraft:root / minecraft:loot_table]:create_connected:blocks/dye_depot_amber_fan_dyeing_catalyst - Unknown registry key in ResourceKey[minecraft:root / minecraft:item]: create_connected:dye_depot_amber_fan_dyeing_catalyst
[00:12:18] [Worker-Main-5/ERROR] [minecraft/LootDataType]: Couldn't parse element ResourceKey[minecraft:root / minecraft:loot_table]:create_connected:blocks/dye_depot_maroon_fan_dyeing_catalyst - Unknown registry key in ResourceKey[minecraft:root / minecraft:item]: create_connected:dye_depot_maroon_fan_dyeing_catalyst
[00:12:18] [Worker-Main-5/ERROR] [minecraft/LootDataType]: Couldn't parse element ResourceKey[minecraft:root / minecraft:loot_table]:create_connected:blocks/dye_depot_mint_fan_dyeing_catalyst - Unknown registry key in ResourceKey[minecraft:root / minecraft:item]: create_connected:dye_depot_mint_fan_dyeing_catalyst
[00:12:18] [Worker-Main-5/ERROR] [minecraft/LootDataType]: Couldn't parse element ResourceKey[minecraft:root / minecraft:loot_table]:create_connected:blocks/dye_depot_coral_fan_dyeing_catalyst - Unknown registry key in ResourceKey[minecraft:root / minecraft:item]: create_connected:dye_depot_coral_fan_dyeing_catalyst
[00:12:18] [Worker-Main-5/ERROR] [minecraft/LootDataType]: Couldn't parse element ResourceKey[minecraft:root / minecraft:loot_table]:create_connected:blocks/dye_depot_forest_fan_dyeing_catalyst - Unknown registry key in ResourceKey[minecraft:root / minecraft:item]: create_connected:dye_depot_forest_fan_dyeing_catalyst
[00:12:18] [Worker-Main-5/ERROR] [minecraft/LootDataType]: Couldn't parse element ResourceKey[minecraft:root / minecraft:loot_table]:create_connected:blocks/dye_depot_olive_fan_dyeing_catalyst - Unknown registry key in ResourceKey[minecraft:root / minecraft:item]: create_connected:dye_depot_olive_fan_dyeing_catalyst
[00:12:18] [Worker-Main-5/ERROR] [minecraft/LootDataType]: Couldn't parse element ResourceKey[minecraft:root / minecraft:loot_table]:create_connected:blocks/dye_depot_verdant_fan_dyeing_catalyst - Unknown registry key in ResourceKey[minecraft:root / minecraft:item]: create_connected:dye_depot_verdant_fan_dyeing_catalyst
[00:12:18] [Worker-Main-5/ERROR] [minecraft/LootDataType]: Couldn't parse element ResourceKey[minecraft:root / minecraft:loot_table]:create_connected:blocks/dye_depot_beige_fan_dyeing_catalyst - Unknown registry key in ResourceKey[minecraft:root / minecraft:item]: create_connected:dye_depot_beige_fan_dyeing_catalyst
[00:12:18] [Worker-Main-5/ERROR] [minecraft/LootDataType]: Couldn't parse element ResourceKey[minecraft:root / minecraft:loot_table]:create_connected:blocks/dye_depot_aqua_fan_dyeing_catalyst - Unknown registry key in ResourceKey[minecraft:root / minecraft:item]: create_connected:dye_depot_aqua_fan_dyeing_catalyst
[00:12:18] [Worker-Main-5/ERROR] [minecraft/LootDataType]: Couldn't parse element ResourceKey[minecraft:root / minecraft:loot_table]:create_connected:blocks/dye_depot_slate_fan_dyeing_catalyst - Unknown registry key in ResourceKey[minecraft:root / minecraft:item]: create_connected:dye_depot_slate_fan_dyeing_catalyst
[00:12:18] [Worker-Main-5/ERROR] [minecraft/LootDataType]: Couldn't parse element ResourceKey[minecraft:root / minecraft:loot_table]:create_connected:blocks/dye_depot_teal_fan_dyeing_catalyst - Unknown registry key in ResourceKey[minecraft:root / minecraft:item]: create_connected:dye_depot_teal_fan_dyeing_catalyst
[00:12:18] [Worker-Main-5/ERROR] [minecraft/LootDataType]: Couldn't parse element ResourceKey[minecraft:root / minecraft:loot_table]:create_connected:blocks/dye_depot_ginger_fan_dyeing_catalyst - Unknown registry key in ResourceKey[minecraft:root / minecraft:item]: create_connected:dye_depot_ginger_fan_dyeing_catalyst
[00:12:18] [Worker-Main-5/ERROR] [minecraft/LootDataType]: Couldn't parse element ResourceKey[minecraft:root / minecraft:loot_table]:create_connected:blocks/dye_depot_tan_fan_dyeing_catalyst - Unknown registry key in ResourceKey[minecraft:root / minecraft:item]: create_connected:dye_depot_tan_fan_dyeing_catalyst
[00:12:18] [Worker-Main-5/ERROR] [minecraft/LootDataType]: Couldn't parse element ResourceKey[minecraft:root / minecraft:loot_table]:create_connected:blocks/dye_depot_indigo_fan_dyeing_catalyst - Unknown registry key in ResourceKey[minecraft:root / minecraft:item]: create_connected:dye_depot_indigo_fan_dyeing_catalyst
[00:12:18] [Worker-Main-5/ERROR] [minecraft/LootDataType]: Couldn't parse element ResourceKey[minecraft:root / minecraft:loot_table]:create_connected:blocks/dye_depot_rose_fan_dyeing_catalyst - Unknown registry key in ResourceKey[minecraft:root / minecraft:item]: create_connected:dye_depot_rose_fan_dyeing_catalyst
[00:12:18] [Worker-Main-5/ERROR] [minecraft/LootDataType]: Couldn't parse element ResourceKey[minecraft:root / minecraft:loot_table]:create_connected:blocks/dye_depot_navy_fan_dyeing_catalyst - Unknown registry key in ResourceKey[minecraft:root / minecraft:item]: create_connected:dye_depot_navy_fan_dyeing_catalyst
[00:12:20] [Worker-Main-5/INFO] [AE2:C/]: Scanning class appeng.server.testplots.AutoCraftingTestPlots for plots
[00:12:20] [Worker-Main-5/INFO] [AE2:C/]: Scanning class appeng.server.testplots.SpawnExtraGridTestTools for plots
[00:12:20] [Worker-Main-5/INFO] [AE2:C/]: Scanning class appeng.server.testplots.PatternProviderPlots for plots
[00:12:20] [Worker-Main-5/INFO] [AE2:C/]: Scanning class appeng.server.testplots.CrystalResonanceGeneratorTestPlots for plots
[00:12:20] [Worker-Main-5/INFO] [AE2:C/]: Scanning class appeng.server.testplots.InterfaceTestPlots for plots
[00:12:20] [Worker-Main-5/INFO] [AE2:C/]: Scanning class appeng.server.testplots.PatternProviderLockModePlots for plots
[00:12:20] [Worker-Main-5/INFO] [AE2:C/]: Scanning class appeng.server.testplots.ItemP2PTestPlots for plots
[00:12:20] [Worker-Main-5/INFO] [AE2:C/]: Scanning class appeng.server.testplots.InvalidPatternTestPlot for plots
[00:12:20] [Worker-Main-5/INFO] [AE2:C/]: Scanning class appeng.server.testplots.MemoryCardTestPlots for plots
[00:12:20] [Worker-Main-5/INFO] [AE2:C/]: Scanning class appeng.server.testplots.AnnihilationPlaneTests for plots
[00:12:20] [Worker-Main-5/INFO] [AE2:C/]: Scanning class appeng.server.testplots.InscriberTestPlots for plots
[00:12:20] [Worker-Main-5/INFO] [AE2:C/]: Scanning class appeng.server.testplots.GuidebookPlot for plots
[00:12:20] [Worker-Main-5/INFO] [AE2:C/]: Scanning class appeng.server.testplots.SubnetPlots for plots
[00:12:20] [Worker-Main-5/INFO] [AE2:C/]: Scanning class appeng.server.testplots.P2PTestPlots for plots
[00:12:20] [Worker-Main-5/INFO] [AE2:C/]: Scanning class appeng.server.testplots.QnbTestPlots for plots
[00:12:20] [Worker-Main-5/INFO] [AE2:C/]: Scanning class appeng.server.testplots.ExternalEnergyTestPlots for plots
[00:12:20] [Worker-Main-5/INFO] [AE2:C/]: Scanning class appeng.server.testplots.ChannelTests for plots
[00:12:20] [Worker-Main-5/INFO] [AE2:C/]: Scanning class appeng.server.testplots.TestPlots for plots
[00:12:20] [Worker-Main-5/INFO] [AE2:C/]: Scanning class appeng.server.testplots.SpatialTestPlots for plots
[00:12:21] [Worker-Main-3/WARN] [ne.ne.ne.re.DataMapLoader/]: Found data map file for non-existent data map type 'create_dragons_plus:fan_processing_catalysts/coloring' on registry 'minecraft:block'.
[00:12:22] [Render thread/INFO] [minecraft/RecipeManager]: Loaded 5207 recipes
[00:12:23] [Render thread/INFO] [minecraft/AdvancementTree]: Loaded 3232 advancements
[00:13:19] [Render thread/INFO] [co.si.cr.Create/]: Created 157 recipes which will be injected into the game
[00:13:19] [Render thread/INFO] [co.si.cr.Create/]: Created 0 tags which will be injected into the game
[00:13:20] [Server thread/INFO] [minecraft/IntegratedServer]: Starting integrated minecraft server version 1.21.1
[00:13:20] [Server thread/INFO] [minecraft/MinecraftServer]: Generating keypair
[00:13:20] [Server thread/INFO] [de.ry.sa.Sable/]: Creating physics pipeline for ResourceKey[minecraft:dimension / minecraft:overworld] using RapierPhysicsPipelineProvider
[MioLibPatcher/INFO]: Patch target class: dev/ryanhcode/sable/physics/impl/rapier/Rapier3D
[2026-09-01T16:13:21.099830076Z] [[32mINFO[0m] (sable_rapier) Rapier scene initialized
[00:13:23] [Server thread/INFO] [de.ry.sa.Sable/]: Creating physics pipeline for ResourceKey[minecraft:dimension / minecraft:the_end] using RapierPhysicsPipelineProvider
[2026-09-01T16:13:23.095656742Z] [[32mINFO[0m] (sable_rapier) Rapier scene initialized
[00:13:23] [Server thread/INFO] [de.ry.sa.Sable/]: Creating physics pipeline for ResourceKey[minecraft:dimension / minecraft:the_nether] using RapierPhysicsPipelineProvider
[2026-09-01T16:13:23.255685336Z] [[32mINFO[0m] (sable_rapier) Rapier scene initialized
[00:13:23] [Server thread/INFO] [de.ry.sa.Sable/]: Creating physics pipeline for ResourceKey[minecraft:dimension / ae2:spatial_storage] using RapierPhysicsPipelineProvider
[2026-09-01T16:13:23.305824867Z] [[32mINFO[0m] (sable_rapier) Rapier scene initialized
[00:13:23] [Server thread/INFO] [minecraft/MinecraftServer]: Preparing start region for dimension minecraft:overworld
[00:13:23] [Render thread/INFO] [minecraft/LoggerChunkProgressListener]: 准备生成区域中：2%
[00:13:23] [Render thread/INFO] [minecraft/LoggerChunkProgressListener]: 准备生成区域中：18%
[00:13:24] [Render thread/INFO] [minecraft/LoggerChunkProgressListener]: 准备生成区域中：51%
[00:13:24] [Render thread/INFO] [minecraft/LoggerChunkProgressListener]: Time elapsed: 1145 ms
[00:13:24] [Server thread/INFO] [ne.ne.ne.se.pe.PermissionAPI/]: Successfully initialized permission handler neoforge:default_handler
[00:13:24] [Server thread/INFO] [minecraft/IntegratedServer]: Changing view distance to 6, from 10
[00:13:25] [Server thread/INFO] [minecraft/IntegratedServer]: Changing simulation distance to 6, from 0
[00:13:25] [Render thread/WARN] [io.ne.ut.in.MacAddressUtil/]: Failed to find a usable hardware address from the network interfaces; using random bytes: 7f:e5:42:8e:1b:43:11:b8
[00:13:25] [Render thread/INFO] [de.ry.sa.Sable/]: Adding local UDP server channel future
[00:13:25] [Render thread/WARN] [io.ne.bo.Bootstrap/]: Unknown channel option 'SO_BROADCAST' for channel '[id: 0x6a442281]'
[00:13:25] [Netty Server IO #1/INFO] [de.ry.sa.Sable/]: Server UDP channel active
[00:13:25] [Render thread/INFO] [de.ry.sa.Sable/]: Starting local client UDP channel future
[00:13:25] [Netty Local Client IO #1/INFO] [de.ry.sa.Sable/]: Client UDP channel active
[00:13:26] [Render thread/INFO] [co.si.cr.Create/]: Created 157 recipes which will be injected into the game
[00:13:26] [Render thread/INFO] [co.si.cr.Create/]: Created 0 tags which will be injected into the game
[00:13:28] [Server thread/INFO] [minecraft/PlayerList]: Trail_Akivili[local:E:421da9ea] logged in with entity id 1 at (-1.5, 56.0, -2.5)
[00:13:28] [Server thread/INFO] [de.ry.sa.Sable/]: Beginning attempted authentication with player Trail_Akivili
[00:13:29] [Render thread/INFO] [Iris/]: Reloading pipeline on dimension change: minecraft:overworld => minecraft:overworld
[00:13:29] [Render thread/INFO] [Iris/]: Destroying pipeline minecraft:overworld
[00:13:29] [Render thread/INFO] [Iris/]: Creating pipeline for dimension minecraft:overworld
[00:13:29] [Render thread/WARN] [Iris/]: Failed to resolve uniform inPaleGarden, reason: Unknown variable: BIOME_PALE_GARDEN ( = FunctionCall{smooth {[Number{54}, FunctionCall{if {[FunctionCall{in {[Id{biome}, Id{BIOME_PALE_GARDEN}]} }, Number{1}, Number{0}]} }, Number{15}, Number{15}]} })
java.lang.RuntimeException: Unknown variable: BIOME_PALE_GARDEN
	at TRANSFORMER/iris@1.8.14-beta.1+mc1.21.1/kroppeb.stareval.resolver.ExpressionResolver.resolveExpressionInternal(ExpressionResolver.java:225) ~[iris-neoforge-1.8.14-beta.1+mc1.21.1.jar%23191!/:?] {re:classloading}
	at TRANSFORMER/iris@1.8.14-beta.1+mc1.21.1/kroppeb.stareval.resolver.ExpressionResolver.resolveCallExpressionInternal(ExpressionResolver.java:81) ~[iris-neoforge-1.8.14-beta.1+mc1.21.1.jar%23191!/:?] {re:classloading}
	at TRANSFORMER/iris@1.8.14-beta.1+mc1.21.1/kroppeb.stareval.resolver.ExpressionResolver.resolveCallExpression(ExpressionResolver.java:140) ~[iris-neoforge-1.8.14-beta.1+mc1.21.1.jar%23191!/:?] {re:classloading}
	at TRANSFORMER/iris@1.8.14-beta.1+mc1.21.1/kroppeb.stareval.resolver.ExpressionResolver.resolveExpressionInternal(ExpressionResolver.java:196) ~[iris-neoforge-1.8.14-beta.1+mc1.21.1.jar%23191!/:?] {re:classloading}
	at TRANSFORMER/iris@1.8.14-beta.1+mc1.21.1/kroppeb.stareval.resolver.ExpressionResolver.resolveCallExpressionInternal(ExpressionResolver.java:81) ~[iris-neoforge-1.8.14-beta.1+mc1.21.1.jar%23191!/:?] {re:classloading}
	at TRANSFORMER/iris@1.8.14-beta.1+mc1.21.1/kroppeb.stareval.resolver.ExpressionResolver.resolveCallExpression(ExpressionResolver.java:140) ~[iris-neoforge-1.8.14-beta.1+mc1.21.1.jar%23191!/:?] {re:classloading}
	at TRANSFORMER/iris@1.8.14-beta.1+mc1.21.1/kroppeb.stareval.resolver.ExpressionResolver.resolveCallExpression(ExpressionResolver.java:127) ~[iris-neoforge-1.8.14-beta.1+mc1.21.1.jar%23191!/:?] {re:classloading}
	at TRANSFORMER/iris@1.8.14-beta.1+mc1.21.1/kroppeb.stareval.resolver.ExpressionResolver.resolveExpressionInternal(ExpressionResolver.java:196) ~[iris-neoforge-1.8.14-beta.1+mc1.21.1.jar%23191!/:?] {re:classloading}
	at TRANSFORMER/iris@1.8.14-beta.1+mc1.21.1/kroppeb.stareval.resolver.ExpressionResolver.resolveCallExpressionInternal(ExpressionResolver.java:81) ~[iris-neoforge-1.8.14-beta.1+mc1.21.1.jar%23191!/:?] {re:classloading}
	at TRANSFORMER/iris@1.8.14-beta.1+mc1.21.1/kroppeb.stareval.resolver.ExpressionResolver.resolveCallExpression(ExpressionResolver.java:140) ~[iris-neoforge-1.8.14-beta.1+mc1.21.1.jar%23191!/:?] {re:classloading}
	at TRANSFORMER/iris@1.8.14-beta.1+mc1.21.1/kroppeb.stareval.resolver.ExpressionResolver.resolveExpressionInternal(ExpressionResolver.java:196) ~[iris-neoforge-1.8.14-beta.1+mc1.21.1.jar%23191!/:?] {re:classloading}
	at TRANSFORMER/iris@1.8.14-beta.1+mc1.21.1/kroppeb.stareval.resolver.ExpressionResolver.resolveExpression(ExpressionResolver.java:50) ~[iris-neoforge-1.8.14-beta.1+mc1.21.1.jar%23191!/:?] {re:classloading}
	at TRANSFORMER/iris@1.8.14-beta.1+mc1.21.1/net.irisshaders.iris.uniforms.custom.CustomUniforms.<init>(CustomUniforms.java:60) ~[iris-neoforge-1.8.14-beta.1+mc1.21.1.jar%23191!/:?] {re:classloading,re:mixin}
	at TRANSFORMER/iris@1.8.14-beta.1+mc1.21.1/net.irisshaders.iris.uniforms.custom.CustomUniforms$Builder.build(CustomUniforms.java:332) ~[iris-neoforge-1.8.14-beta.1+mc1.21.1.jar%23191!/:?] {re:classloading}
	at TRANSFORMER/iris@1.8.14-beta.1+mc1.21.1/net.irisshaders.iris.uniforms.custom.CustomUniforms$Builder.build(CustomUniforms.java:343) ~[iris-neoforge-1.8.14-beta.1+mc1.21.1.jar%23191!/:?] {re:classloading}
	at TRANSFORMER/iris@1.8.14-beta.1+mc1.21.1/net.irisshaders.iris.pipeline.IrisRenderingPipeline.<init>(IrisRenderingPipeline.java:282) ~[iris-neoforge-1.8.14-beta.1+mc1.21.1.jar%23191!/:?] {re:mixin,re:classloading,pl:mixin:APP:veil.neoforge.mixins.json:compat.iris.IrisRenderingPipelineAccessor from mod veil,pl:mixin:APP:veil.neoforge.mixins.json:compat.iris.IrisRenderingPipelineMixin from mod veil,pl:mixin:APP:colorwheel.mixins.json:iris.IrisRenderingPipelineMixin from mod colorwheel,pl:mixin:APP:irisveil.mixins.iris.json:MixinIrisRenderingPipeline from mod irisveil,pl:mixin:A}
	at TRANSFORMER/iris@1.8.14-beta.1+mc1.21.1/net.irisshaders.iris.Iris.createPipeline(Iris.java:642) ~[iris-neoforge-1.8.14-beta.1+mc1.21.1.jar%23191!/:?] {re:mixin,re:classloading,pl:mixin:APP:colorwheel.mixins.json:iris.IrisMixin from mod colorwheel,pl:mixin:A}
	at TRANSFORMER/iris@1.8.14-beta.1+mc1.21.1/net.irisshaders.iris.pipeline.PipelineManager.preparePipeline(PipelineManager.java:33) ~[iris-neoforge-1.8.14-beta.1+mc1.21.1.jar%23191!/:?] {re:mixin,re:classloading,pl:mixin:APP:veil.neoforge.mixins.json:client.perspective.iris.PipelineManagerMixin from mod veil,pl:mixin:A}
	at TRANSFORMER/minecraft@1.21.1/net.minecraft.client.Minecraft.handler$zej000$iris$resetPipeline(Minecraft.java:5043) ~[client-1.21.1-20240808.144430-srg.jar%23173!/:?] {re:mixin,pl:accesstransformer:B,pl:runtimedistcleaner:A,re:classloading,pl:accesstransformer:B,pl:mixin:APP:ae2.mixins.json:PickColorMixin from mod ae2,pl:mixin:APP:aeronautics.mixins.json:custom_situational_music.MinecraftMixin from mod aeronautics,pl:mixin:APP:mixins.iris.json:MixinMinecraft_Images from mod iris,pl:mixin:APP:mixins.iris.json:MixinMinecraft_Keybinds from mod iris,pl:mixin:APP:mixins.iris.json:MixinMinecraft_PipelineManagement from mod iris,pl:mixin:APP:veil.debug.mixins.json:client.DebugMinecraftMixin from mod veil,pl:mixin:APP:veil.pipeline.mixins.json:client.PipelineMinecraftMixin from mod veil,pl:mixin:APP:veil.neoforge.mixins.json:client.MinecraftMixin from mod veil,pl:mixin:APP:simulated.mixins.json:handle.MinecraftMixin from mod simulated,pl:mixin:APP:immediatelyfast-common.mixins.json:core.MixinMinecraftClient from mod immediatelyfast,pl:mixin:APP:sodium-common.mixins.json:core.MinecraftMixin from mod sodium,pl:mixin:APP:sodium-neoforge.mixins.json:platform.neoforge.EntrypointMixin from mod sodium,pl:mixin:APP:flywheel.impl.mixins.json:MinecraftMixin from mod flywheel,pl:mixin:APP:ponder-common.mixins.json:client.WindowResizeMixin from mod ponder,pl:mixin:APP:create.mixins.json:accessor.MinecraftAccessor from mod create,pl:mixin:APP:sable.mixins.json:camera.new_camera_types.MinecraftMixin from mod sable,pl:mixin:APP:sable.mixins.json:plot.MinecraftMixin from mod sable,pl:mixin:APP:sable.mixins.json:punching.MinecraftMixin from mod sable,pl:mixin:APP:mekanism_ponders.mixins.json:AccessorMinecraft from mod mekanism_ponders,pl:mixin:A,pl:runtimedistcleaner:A}
	at TRANSFORMER/minecraft@1.21.1/net.minecraft.client.Minecraft.updateLevelInEngines(Minecraft.java) ~[client-1.21.1-20240808.144430-srg.jar%23173!/:?] {re:mixin,pl:accesstransformer:B,pl:runtimedistcleaner:A,re:classloading,pl:accesstransformer:B,pl:mixin:APP:ae2.mixins.json:PickColorMixin from mod ae2,pl:mixin:APP:aeronautics.mixins.json:custom_situational_music.MinecraftMixin from mod aeronautics,pl:mixin:APP:mixins.iris.json:MixinMinecraft_Images from mod iris,pl:mixin:APP:mixins.iris.json:MixinMinecraft_Keybinds from mod iris,pl:mixin:APP:mixins.iris.json:MixinMinecraft_PipelineManagement from mod iris,pl:mixin:APP:veil.debug.mixins.json:client.DebugMinecraftMixin from mod veil,pl:mixin:APP:veil.pipeline.mixins.json:client.PipelineMinecraftMixin from mod veil,pl:mixin:APP:veil.neoforge.mixins.json:client.MinecraftMixin from mod veil,pl:mixin:APP:simulated.mixins.json:handle.MinecraftMixin from mod simulated,pl:mixin:APP:immediatelyfast-common.mixins.json:core.MixinMinecraftClient from mod immediatelyfast,pl:mixin:APP:sodium-common.mixins.json:core.MinecraftMixin from mod sodium,pl:mixin:APP:sodium-neoforge.mixins.json:platform.neoforge.EntrypointMixin from mod sodium,pl:mixin:APP:flywheel.impl.mixins.json:MinecraftMixin from mod flywheel,pl:mixin:APP:ponder-common.mixins.json:client.WindowResizeMixin from mod ponder,pl:mixin:APP:create.mixins.json:accessor.MinecraftAccessor from mod create,pl:mixin:APP:sable.mixins.json:camera.new_camera_types.MinecraftMixin from mod sable,pl:mixin:APP:sable.mixins.json:plot.MinecraftMixin from mod sable,pl:mixin:APP:sable.mixins.json:punching.MinecraftMixin from mod sable,pl:mixin:APP:mekanism_ponders.mixins.json:AccessorMinecraft from mod mekanism_ponders,pl:mixin:A,pl:runtimedistcleaner:A}
	at TRANSFORMER/minecraft@1.21.1/net.minecraft.client.Minecraft.setLevel(Minecraft.java:2117) ~[client-1.21.1-20240808.144430-srg.jar%23173!/:?] {re:mixin,pl:accesstransformer:B,pl:runtimedistcleaner:A,re:classloading,pl:accesstransformer:B,pl:mixin:APP:ae2.mixins.json:PickColorMixin from mod ae2,pl:mixin:APP:aeronautics.mixins.json:custom_situational_music.MinecraftMixin from mod aeronautics,pl:mixin:APP:mixins.iris.json:MixinMinecraft_Images from mod iris,pl:mixin:APP:mixins.iris.json:MixinMinecraft_Keybinds from mod iris,pl:mixin:APP:mixins.iris.json:MixinMinecraft_PipelineManagement from mod iris,pl:mixin:APP:veil.debug.mixins.json:client.DebugMinecraftMixin from mod veil,pl:mixin:APP:veil.pipeline.mixins.json:client.PipelineMinecraftMixin from mod veil,pl:mixin:APP:veil.neoforge.mixins.json:client.MinecraftMixin from mod veil,pl:mixin:APP:simulated.mixins.json:handle.MinecraftMixin from mod simulated,pl:mixin:APP:immediatelyfast-common.mixins.json:core.MixinMinecraftClient from mod immediatelyfast,pl:mixin:APP:sodium-common.mixins.json:core.MinecraftMixin from mod sodium,pl:mixin:APP:sodium-neoforge.mixins.json:platform.neoforge.EntrypointMixin from mod sodium,pl:mixin:APP:flywheel.impl.mixins.json:MinecraftMixin from mod flywheel,pl:mixin:APP:ponder-common.mixins.json:client.WindowResizeMixin from mod ponder,pl:mixin:APP:create.mixins.json:accessor.MinecraftAccessor from mod create,pl:mixin:APP:sable.mixins.json:camera.new_camera_types.MinecraftMixin from mod sable,pl:mixin:APP:sable.mixins.json:plot.MinecraftMixin from mod sable,pl:mixin:APP:sable.mixins.json:punching.MinecraftMixin from mod sable,pl:mixin:APP:mekanism_ponders.mixins.json:AccessorMinecraft from mod mekanism_ponders,pl:mixin:A,pl:runtimedistcleaner:A}
	at TRANSFORMER/minecraft@1.21.1/net.minecraft.client.multiplayer.ClientPacketListener.handleLogin(ClientPacketListener.java:421) ~[client-1.21.1-20240808.144430-srg.jar%23173!/:?] {re:mixin,pl:accesstransformer:B,pl:runtimedistcleaner:A,re:classloading,pl:accesstransformer:B,pl:mixin:APP:mixins.iris.json:MixinClientPacketListener from mod iris,pl:mixin:APP:sodium-common.mixins.json:core.world.map.ClientPacketListenerMixin from mod sodium,pl:mixin:APP:ponder-common.mixins.json:client.accessor.ClientPacketListenerAccessor from mod ponder,pl:mixin:APP:sable.mixins.json:entity.entities_stick_sublevels.ClientPacketListenerMixin from mod sable,pl:mixin:APP:sable.mixins.json:entity.entity_rotations_and_riding.ClientPacketListenerMixin from mod sable,pl:mixin:APP:sable.mixins.json:plot.lighting.ClientPacketListenerMixin from mod sable,pl:mixin:A,pl:runtimedistcleaner:A}
	at TRANSFORMER/minecraft@1.21.1/net.minecraft.network.protocol.game.ClientboundLoginPacket.handle(ClientboundLoginPacket.java:69) ~[client-1.21.1-20240808.144430-srg.jar%23173!/:?] {re:classloading,re:mixin}
	at TRANSFORMER/minecraft@1.21.1/net.minecraft.network.protocol.game.ClientboundLoginPacket.handle(ClientboundLoginPacket.java:17) ~[client-1.21.1-20240808.144430-srg.jar%23173!/:?] {re:classloading,re:mixin}
	at TRANSFORMER/minecraft@1.21.1/net.minecraft.network.protocol.PacketUtils.lambda$ensureRunningOnSameThread$0(PacketUtils.java:27) ~[client-1.21.1-20240808.144430-srg.jar%23173!/:?] {re:classloading}
	at TRANSFORMER/minecraft@1.21.1/net.minecraft.util.thread.BlockableEventLoop.doRunTask(BlockableEventLoop.java:148) ~[client-1.21.1-20240808.144430-srg.jar%23173!/:?] {re:mixin,pl:accesstransformer:B,re:computing_frames,pl:accesstransformer:B,re:classloading,pl:accesstransformer:B}
	at TRANSFORMER/minecraft@1.21.1/net.minecraft.util.thread.ReentrantBlockableEventLoop.doRunTask(ReentrantBlockableEventLoop.java:23) ~[client-1.21.1-20240808.144430-srg.jar%23173!/:?] {re:mixin,re:computing_frames,re:classloading}
	at TRANSFORMER/minecraft@1.21.1/net.minecraft.util.thread.BlockableEventLoop.pollTask(BlockableEventLoop.java:122) ~[client-1.21.1-20240808.144430-srg.jar%23173!/:?] {re:mixin,pl:accesstransformer:B,re:computing_frames,pl:accesstransformer:B,re:classloading,pl:accesstransformer:B}
	at TRANSFORMER/minecraft@1.21.1/net.minecraft.util.thread.BlockableEventLoop.runAllTasks(BlockableEventLoop.java:111) ~[client-1.21.1-20240808.144430-srg.jar%23173!/:?] {re:mixin,pl:accesstransformer:B,re:computing_frames,pl:accesstransformer:B,re:classloading,pl:accesstransformer:B}
	at TRANSFORMER/minecraft@1.21.1/net.minecraft.client.Minecraft.runTick(Minecraft.java:1155) ~[client-1.21.1-20240808.144430-srg.jar%23173!/:?] {re:mixin,pl:accesstransformer:B,pl:runtimedistcleaner:A,re:classloading,pl:accesstransformer:B,pl:mixin:APP:ae2.mixins.json:PickColorMixin from mod ae2,pl:mixin:APP:aeronautics.mixins.json:custom_situational_music.MinecraftMixin from mod aeronautics,pl:mixin:APP:mixins.iris.json:MixinMinecraft_Images from mod iris,pl:mixin:APP:mixins.iris.json:MixinMinecraft_Keybinds from mod iris,pl:mixin:APP:mixins.iris.json:MixinMinecraft_PipelineManagement from mod iris,pl:mixin:APP:veil.debug.mixins.json:client.DebugMinecraftMixin from mod veil,pl:mixin:APP:veil.pipeline.mixins.json:client.PipelineMinecraftMixin from mod veil,pl:mixin:APP:veil.neoforge.mixins.json:client.MinecraftMixin from mod veil,pl:mixin:APP:simulated.mixins.json:handle.MinecraftMixin from mod simulated,pl:mixin:APP:immediatelyfast-common.mixins.json:core.MixinMinecraftClient from mod immediatelyfast,pl:mixin:APP:sodium-common.mixins.json:core.MinecraftMixin from mod sodium,pl:mixin:APP:sodium-neoforge.mixins.json:platform.neoforge.EntrypointMixin from mod sodium,pl:mixin:APP:flywheel.impl.mixins.json:MinecraftMixin from mod flywheel,pl:mixin:APP:ponder-common.mixins.json:client.WindowResizeMixin from mod ponder,pl:mixin:APP:create.mixins.json:accessor.MinecraftAccessor from mod create,pl:mixin:APP:sable.mixins.json:camera.new_camera_types.MinecraftMixin from mod sable,pl:mixin:APP:sable.mixins.json:plot.MinecraftMixin from mod sable,pl:mixin:APP:sable.mixins.json:punching.MinecraftMixin from mod sable,pl:mixin:APP:mekanism_ponders.mixins.json:AccessorMinecraft from mod mekanism_ponders,pl:mixin:A,pl:runtimedistcleaner:A}
	at TRANSFORMER/minecraft@1.21.1/net.minecraft.client.Minecraft.run(Minecraft.java:807) ~[client-1.21.1-20240808.144430-srg.jar%23173!/:?] {re:mixin,pl:accesstransformer:B,pl:runtimedistcleaner:A,re:classloading,pl:accesstransformer:B,pl:mixin:APP:ae2.mixins.json:PickColorMixin from mod ae2,pl:mixin:APP:aeronautics.mixins.json:custom_situational_music.MinecraftMixin from mod aeronautics,pl:mixin:APP:mixins.iris.json:MixinMinecraft_Images from mod iris,pl:mixin:APP:mixins.iris.json:MixinMinecraft_Keybinds from mod iris,pl:mixin:APP:mixins.iris.json:MixinMinecraft_PipelineManagement from mod iris,pl:mixin:APP:veil.debug.mixins.json:client.DebugMinecraftMixin from mod veil,pl:mixin:APP:veil.pipeline.mixins.json:client.PipelineMinecraftMixin from mod veil,pl:mixin:APP:veil.neoforge.mixins.json:client.MinecraftMixin from mod veil,pl:mixin:APP:simulated.mixins.json:handle.MinecraftMixin from mod simulated,pl:mixin:APP:immediatelyfast-common.mixins.json:core.MixinMinecraftClient from mod immediatelyfast,pl:mixin:APP:sodium-common.mixins.json:core.MinecraftMixin from mod sodium,pl:mixin:APP:sodium-neoforge.mixins.json:platform.neoforge.EntrypointMixin from mod sodium,pl:mixin:APP:flywheel.impl.mixins.json:MinecraftMixin from mod flywheel,pl:mixin:APP:ponder-common.mixins.json:client.WindowResizeMixin from mod ponder,pl:mixin:APP:create.mixins.json:accessor.MinecraftAccessor from mod create,pl:mixin:APP:sable.mixins.json:camera.new_camera_types.MinecraftMixin from mod sable,pl:mixin:APP:sable.mixins.json:plot.MinecraftMixin from mod sable,pl:mixin:APP:sable.mixins.json:punching.MinecraftMixin from mod sable,pl:mixin:APP:mekanism_ponders.mixins.json:AccessorMinecraft from mod mekanism_ponders,pl:mixin:A,pl:runtimedistcleaner:A}
	at TRANSFORMER/minecraft@1.21.1/net.minecraft.client.main.Main.main(Main.java:230) ~[client-1.21.1-20240808.144430-srg.jar%23173!/:?] {re:mixin,pl:runtimedistcleaner:A,re:classloading,pl:mixin:APP:veil.debug.mixins.json:client.DebugMainMixin from mod veil,pl:mixin:A,pl:runtimedistcleaner:A}
	at java.base/jdk.internal.reflect.DirectMethodHandleAccessor.invoke(Unknown Source) ~[?:?] {}
	at java.base/java.lang.reflect.Method.invoke(Unknown Source) ~[?:?] {re:mixin}
	at MC-BOOTSTRAP/fml_loader@4.0.43/net.neoforged.fml.loading.targets.CommonLaunchHandler.runTarget(CommonLaunchHandler.java:136) ~[loader-4.0.43.jar%23119!/:4.0] {}
	at MC-BOOTSTRAP/fml_loader@4.0.43/net.neoforged.fml.loading.targets.CommonLaunchHandler.clientService(CommonLaunchHandler.java:124) ~[loader-4.0.43.jar%23119!/:4.0] {}
	at MC-BOOTSTRAP/fml_loader@4.0.43/net.neoforged.fml.loading.targets.CommonClientLaunchHandler.runService(CommonClientLaunchHandler.java:32) ~[loader-4.0.43.jar%23119!/:4.0] {}
	at MC-BOOTSTRAP/fml_loader@4.0.43/net.neoforged.fml.loading.targets.CommonLaunchHandler.lambda$launchService$4(CommonLaunchHandler.java:118) ~[loader-4.0.43.jar%23119!/:4.0] {}
	at MC-BOOTSTRAP/cpw.mods.modlauncher@11.0.5/cpw.mods.modlauncher.LaunchServiceHandlerDecorator.launch(LaunchServiceHandlerDecorator.java:30) [modlauncher-11.0.5.jar%23124!/:?] {}
	at MC-BOOTSTRAP/cpw.mods.modlauncher@11.0.5/cpw.mods.modlauncher.LaunchServiceHandler.launch(LaunchServiceHandler.java:53) [modlauncher-11.0.5.jar%23124!/:?] {}
	at MC-BOOTSTRAP/cpw.mods.modlauncher@11.0.5/cpw.mods.modlauncher.LaunchServiceHandler.launch(LaunchServiceHandler.java:71) [modlauncher-11.0.5.jar%23124!/:?] {}
	at MC-BOOTSTRAP/cpw.mods.modlauncher@11.0.5/cpw.mods.modlauncher.Launcher.run(Launcher.java:103) [modlauncher-11.0.5.jar%23124!/:?] {}
	at MC-BOOTSTRAP/cpw.mods.modlauncher@11.0.5/cpw.mods.modlauncher.Launcher.main(Launcher.java:74) [modlauncher-11.0.5.jar%23124!/:?] {}
	at MC-BOOTSTRAP/cpw.mods.modlauncher@11.0.5/cpw.mods.modlauncher.BootstrapLaunchConsumer.accept(BootstrapLaunchConsumer.java:26) [modlauncher-11.0.5.jar%23124!/:?] {}
	at MC-BOOTSTRAP/cpw.mods.modlauncher@11.0.5/cpw.mods.modlauncher.BootstrapLaunchConsumer.accept(BootstrapLaunchConsumer.java:23) [modlauncher-11.0.5.jar%23124!/:?] {}
	at cpw.mods.bootstraplauncher@2.0.2/cpw.mods.bootstraplauncher.BootstrapLauncher.run(BootstrapLauncher.java:210) [bootstraplauncher-2.0.2.jar:?] {}
	at cpw.mods.bootstraplauncher@2.0.2/cpw.mods.bootstraplauncher.BootstrapLauncher.main(BootstrapLauncher.java:69) [bootstraplauncher-2.0.2.jar:?] {}
[00:13:29] [Render thread/WARN] [Iris/]: Failed to resolve uniform endFlashFactor0, reason: Unknown variable: endFlashIntensity ( = BinaryExpr{ {FunctionCall{min {[Id{endFlashIntensity}, Number{0.5}]} }} multiply{0} {Number{2.0}} })
java.lang.RuntimeException: Unknown variable: endFlashIntensity
	at TRANSFORMER/iris@1.8.14-beta.1+mc1.21.1/kroppeb.stareval.resolver.ExpressionResolver.resolveExpressionInternal(ExpressionResolver.java:225) ~[iris-neoforge-1.8.14-beta.1+mc1.21.1.jar%23191!/:?] {re:classloading}
	at TRANSFORMER/iris@1.8.14-beta.1+mc1.21.1/kroppeb.stareval.resolver.ExpressionResolver.resolveCallExpressionInternal(ExpressionResolver.java:81) ~[iris-neoforge-1.8.14-beta.1+mc1.21.1.jar%23191!/:?] {re:classloading}
	at TRANSFORMER/iris@1.8.14-beta.1+mc1.21.1/kroppeb.stareval.resolver.ExpressionResolver.resolveCallExpression(ExpressionResolver.java:111) ~[iris-neoforge-1.8.14-beta.1+mc1.21.1.jar%23191!/:?] {re:classloading}
	at TRANSFORMER/iris@1.8.14-beta.1+mc1.21.1/kroppeb.stareval.resolver.ExpressionResolver.resolveExpressionInternal(ExpressionResolver.java:196) ~[iris-neoforge-1.8.14-beta.1+mc1.21.1.jar%23191!/:?] {re:classloading}
	at TRANSFORMER/iris@1.8.14-beta.1+mc1.21.1/kroppeb.stareval.resolver.ExpressionResolver.resolveCallExpressionInternal(ExpressionResolver.java:81) ~[iris-neoforge-1.8.14-beta.1+mc1.21.1.jar%23191!/:?] {re:classloading}
	at TRANSFORMER/iris@1.8.14-beta.1+mc1.21.1/kroppeb.stareval.resolver.ExpressionResolver.resolveCallExpression(ExpressionResolver.java:111) ~[iris-neoforge-1.8.14-beta.1+mc1.21.1.jar%23191!/:?] {re:classloading}
	at TRANSFORMER/iris@1.8.14-beta.1+mc1.21.1/kroppeb.stareval.resolver.ExpressionResolver.resolveExpressionInternal(ExpressionResolver.java:192) ~[iris-neoforge-1.8.14-beta.1+mc1.21.1.jar%23191!/:?] {re:classloading}
	at TRANSFORMER/iris@1.8.14-beta.1+mc1.21.1/kroppeb.stareval.resolver.ExpressionResolver.resolveExpression(ExpressionResolver.java:50) ~[iris-neoforge-1.8.14-beta.1+mc1.21.1.jar%23191!/:?] {re:classloading}
	at TRANSFORMER/iris@1.8.14-beta.1+mc1.21.1/net.irisshaders.iris.uniforms.custom.CustomUniforms.<init>(CustomUniforms.java:60) ~[iris-neoforge-1.8.14-beta.1+mc1.21.1.jar%23191!/:?] {re:classloading,re:mixin}
	at TRANSFORMER/iris@1.8.14-beta.1+mc1.21.1/net.irisshaders.iris.uniforms.custom.CustomUniforms$Builder.build(CustomUniforms.java:332) ~[iris-neoforge-1.8.14-beta.1+mc1.21.1.jar%23191!/:?] {re:classloading}
	at TRANSFORMER/iris@1.8.14-beta.1+mc1.21.1/net.irisshaders.iris.uniforms.custom.CustomUniforms$Builder.build(CustomUniforms.java:343) ~[iris-neoforge-1.8.14-beta.1+mc1.21.1.jar%23191!/:?] {re:classloading}
	at TRANSFORMER/iris@1.8.14-beta.1+mc1.21.1/net.irisshaders.iris.pipeline.IrisRenderingPipeline.<init>(IrisRenderingPipeline.java:282) ~[iris-neoforge-1.8.14-beta.1+mc1.21.1.jar%23191!/:?] {re:mixin,re:classloading,pl:mixin:APP:veil.neoforge.mixins.json:compat.iris.IrisRenderingPipelineAccessor from mod veil,pl:mixin:APP:veil.neoforge.mixins.json:compat.iris.IrisRenderingPipelineMixin from mod veil,pl:mixin:APP:colorwheel.mixins.json:iris.IrisRenderingPipelineMixin from mod colorwheel,pl:mixin:APP:irisveil.mixins.iris.json:MixinIrisRenderingPipeline from mod irisveil,pl:mixin:A}
	at TRANSFORMER/iris@1.8.14-beta.1+mc1.21.1/net.irisshaders.iris.Iris.createPipeline(Iris.java:642) ~[iris-neoforge-1.8.14-beta.1+mc1.21.1.jar%23191!/:?] {re:mixin,re:classloading,pl:mixin:APP:colorwheel.mixins.json:iris.IrisMixin from mod colorwheel,pl:mixin:A}
	at TRANSFORMER/iris@1.8.14-beta.1+mc1.21.1/net.irisshaders.iris.pipeline.PipelineManager.preparePipeline(PipelineManager.java:33) ~[iris-neoforge-1.8.14-beta.1+mc1.21.1.jar%23191!/:?] {re:mixin,re:classloading,pl:mixin:APP:veil.neoforge.mixins.json:client.perspective.iris.PipelineManagerMixin from mod veil,pl:mixin:A}
	at TRANSFORMER/minecraft@1.21.1/net.minecraft.client.Minecraft.handler$zej000$iris$resetPipeline(Minecraft.java:5043) ~[client-1.21.1-20240808.144430-srg.jar%23173!/:?] {re:mixin,pl:accesstransformer:B,pl:runtimedistcleaner:A,re:classloading,pl:accesstransformer:B,pl:mixin:APP:ae2.mixins.json:PickColorMixin from mod ae2,pl:mixin:APP:aeronautics.mixins.json:custom_situational_music.MinecraftMixin from mod aeronautics,pl:mixin:APP:mixins.iris.json:MixinMinecraft_Images from mod iris,pl:mixin:APP:mixins.iris.json:MixinMinecraft_Keybinds from mod iris,pl:mixin:APP:mixins.iris.json:MixinMinecraft_PipelineManagement from mod iris,pl:mixin:APP:veil.debug.mixins.json:client.DebugMinecraftMixin from mod veil,pl:mixin:APP:veil.pipeline.mixins.json:client.PipelineMinecraftMixin from mod veil,pl:mixin:APP:veil.neoforge.mixins.json:client.MinecraftMixin from mod veil,pl:mixin:APP:simulated.mixins.json:handle.MinecraftMixin from mod simulated,pl:mixin:APP:immediatelyfast-common.mixins.json:core.MixinMinecraftClient from mod immediatelyfast,pl:mixin:APP:sodium-common.mixins.json:core.MinecraftMixin from mod sodium,pl:mixin:APP:sodium-neoforge.mixins.json:platform.neoforge.EntrypointMixin from mod sodium,pl:mixin:APP:flywheel.impl.mixins.json:MinecraftMixin from mod flywheel,pl:mixin:APP:ponder-common.mixins.json:client.WindowResizeMixin from mod ponder,pl:mixin:APP:create.mixins.json:accessor.MinecraftAccessor from mod create,pl:mixin:APP:sable.mixins.json:camera.new_camera_types.MinecraftMixin from mod sable,pl:mixin:APP:sable.mixins.json:plot.MinecraftMixin from mod sable,pl:mixin:APP:sable.mixins.json:punching.MinecraftMixin from mod sable,pl:mixin:APP:mekanism_ponders.mixins.json:AccessorMinecraft from mod mekanism_ponders,pl:mixin:A,pl:runtimedistcleaner:A}
	at TRANSFORMER/minecraft@1.21.1/net.minecraft.client.Minecraft.updateLevelInEngines(Minecraft.java) ~[client-1.21.1-20240808.144430-srg.jar%23173!/:?] {re:mixin,pl:accesstransformer:B,pl:runtimedistcleaner:A,re:classloading,pl:accesstransformer:B,pl:mixin:APP:ae2.mixins.json:PickColorMixin from mod ae2,pl:mixin:APP:aeronautics.mixins.json:custom_situational_music.MinecraftMixin from mod aeronautics,pl:mixin:APP:mixins.iris.json:MixinMinecraft_Images from mod iris,pl:mixin:APP:mixins.iris.json:MixinMinecraft_Keybinds from mod iris,pl:mixin:APP:mixins.iris.json:MixinMinecraft_PipelineManagement from mod iris,pl:mixin:APP:veil.debug.mixins.json:client.DebugMinecraftMixin from mod veil,pl:mixin:APP:veil.pipeline.mixins.json:client.PipelineMinecraftMixin from mod veil,pl:mixin:APP:veil.neoforge.mixins.json:client.MinecraftMixin from mod veil,pl:mixin:APP:simulated.mixins.json:handle.MinecraftMixin from mod simulated,pl:mixin:APP:immediatelyfast-common.mixins.json:core.MixinMinecraftClient from mod immediatelyfast,pl:mixin:APP:sodium-common.mixins.json:core.MinecraftMixin from mod sodium,pl:mixin:APP:sodium-neoforge.mixins.json:platform.neoforge.EntrypointMixin from mod sodium,pl:mixin:APP:flywheel.impl.mixins.json:MinecraftMixin from mod flywheel,pl:mixin:APP:ponder-common.mixins.json:client.WindowResizeMixin from mod ponder,pl:mixin:APP:create.mixins.json:accessor.MinecraftAccessor from mod create,pl:mixin:APP:sable.mixins.json:camera.new_camera_types.MinecraftMixin from mod sable,pl:mixin:APP:sable.mixins.json:plot.MinecraftMixin from mod sable,pl:mixin:APP:sable.mixins.json:punching.MinecraftMixin from mod sable,pl:mixin:APP:mekanism_ponders.mixins.json:AccessorMinecraft from mod mekanism_ponders,pl:mixin:A,pl:runtimedistcleaner:A}
	at TRANSFORMER/minecraft@1.21.1/net.minecraft.client.Minecraft.setLevel(Minecraft.java:2117) ~[client-1.21.1-20240808.144430-srg.jar%23173!/:?] {re:mixin,pl:accesstransformer:B,pl:runtimedistcleaner:A,re:classloading,pl:accesstransformer:B,pl:mixin:APP:ae2.mixins.json:PickColorMixin from mod ae2,pl:mixin:APP:aeronautics.mixins.json:custom_situational_music.MinecraftMixin from mod aeronautics,pl:mixin:APP:mixins.iris.json:MixinMinecraft_Images from mod iris,pl:mixin:APP:mixins.iris.json:MixinMinecraft_Keybinds from mod iris,pl:mixin:APP:mixins.iris.json:MixinMinecraft_PipelineManagement from mod iris,pl:mixin:APP:veil.debug.mixins.json:client.DebugMinecraftMixin from mod veil,pl:mixin:APP:veil.pipeline.mixins.json:client.PipelineMinecraftMixin from mod veil,pl:mixin:APP:veil.neoforge.mixins.json:client.MinecraftMixin from mod veil,pl:mixin:APP:simulated.mixins.json:handle.MinecraftMixin from mod simulated,pl:mixin:APP:immediatelyfast-common.mixins.json:core.MixinMinecraftClient from mod immediatelyfast,pl:mixin:APP:sodium-common.mixins.json:core.MinecraftMixin from mod sodium,pl:mixin:APP:sodium-neoforge.mixins.json:platform.neoforge.EntrypointMixin from mod sodium,pl:mixin:APP:flywheel.impl.mixins.json:MinecraftMixin from mod flywheel,pl:mixin:APP:ponder-common.mixins.json:client.WindowResizeMixin from mod ponder,pl:mixin:APP:create.mixins.json:accessor.MinecraftAccessor from mod create,pl:mixin:APP:sable.mixins.json:camera.new_camera_types.MinecraftMixin from mod sable,pl:mixin:APP:sable.mixins.json:plot.MinecraftMixin from mod sable,pl:mixin:APP:sable.mixins.json:punching.MinecraftMixin from mod sable,pl:mixin:APP:mekanism_ponders.mixins.json:AccessorMinecraft from mod mekanism_ponders,pl:mixin:A,pl:runtimedistcleaner:A}
	at TRANSFORMER/minecraft@1.21.1/net.minecraft.client.multiplayer.ClientPacketListener.handleLogin(ClientPacketListener.java:421) ~[client-1.21.1-20240808.144430-srg.jar%23173!/:?] {re:mixin,pl:accesstransformer:B,pl:runtimedistcleaner:A,re:classloading,pl:accesstransformer:B,pl:mixin:APP:mixins.iris.json:MixinClientPacketListener from mod iris,pl:mixin:APP:sodium-common.mixins.json:core.world.map.ClientPacketListenerMixin from mod sodium,pl:mixin:APP:ponder-common.mixins.json:client.accessor.ClientPacketListenerAccessor from mod ponder,pl:mixin:APP:sable.mixins.json:entity.entities_stick_sublevels.ClientPacketListenerMixin from mod sable,pl:mixin:APP:sable.mixins.json:entity.entity_rotations_and_riding.ClientPacketListenerMixin from mod sable,pl:mixin:APP:sable.mixins.json:plot.lighting.ClientPacketListenerMixin from mod sable,pl:mixin:A,pl:runtimedistcleaner:A}
	at TRANSFORMER/minecraft@1.21.1/net.minecraft.network.protocol.game.ClientboundLoginPacket.handle(ClientboundLoginPacket.java:69) ~[client-1.21.1-20240808.144430-srg.jar%23173!/:?] {re:classloading,re:mixin}
	at TRANSFORMER/minecraft@1.21.1/net.minecraft.network.protocol.game.ClientboundLoginPacket.handle(ClientboundLoginPacket.java:17) ~[client-1.21.1-20240808.144430-srg.jar%23173!/:?] {re:classloading,re:mixin}
	at TRANSFORMER/minecraft@1.21.1/net.minecraft.network.protocol.PacketUtils.lambda$ensureRunningOnSameThread$0(PacketUtils.java:27) ~[client-1.21.1-20240808.144430-srg.jar%23173!/:?] {re:classloading}
	at TRANSFORMER/minecraft@1.21.1/net.minecraft.util.thread.BlockableEventLoop.doRunTask(BlockableEventLoop.java:148) ~[client-1.21.1-20240808.144430-srg.jar%23173!/:?] {re:mixin,pl:accesstransformer:B,re:computing_frames,pl:accesstransformer:B,re:classloading,pl:accesstransformer:B}
	at TRANSFORMER/minecraft@1.21.1/net.minecraft.util.thread.ReentrantBlockableEventLoop.doRunTask(ReentrantBlockableEventLoop.java:23) ~[client-1.21.1-20240808.144430-srg.jar%23173!/:?] {re:mixin,re:computing_frames,re:classloading}
	at TRANSFORMER/minecraft@1.21.1/net.minecraft.util.thread.BlockableEventLoop.pollTask(BlockableEventLoop.java:122) ~[client-1.21.1-20240808.144430-srg.jar%23173!/:?] {re:mixin,pl:accesstransformer:B,re:computing_frames,pl:accesstransformer:B,re:classloading,pl:accesstransformer:B}
	at TRANSFORMER/minecraft@1.21.1/net.minecraft.util.thread.BlockableEventLoop.runAllTasks(BlockableEventLoop.java:111) ~[client-1.21.1-20240808.144430-srg.jar%23173!/:?] {re:mixin,pl:accesstransformer:B,re:computing_frames,pl:accesstransformer:B,re:classloading,pl:accesstransformer:B}
	at TRANSFORMER/minecraft@1.21.1/net.minecraft.client.Minecraft.runTick(Minecraft.java:1155) ~[client-1.21.1-20240808.144430-srg.jar%23173!/:?] {re:mixin,pl:accesstransformer:B,pl:runtimedistcleaner:A,re:classloading,pl:accesstransformer:B,pl:mixin:APP:ae2.mixins.json:PickColorMixin from mod ae2,pl:mixin:APP:aeronautics.mixins.json:custom_situational_music.MinecraftMixin from mod aeronautics,pl:mixin:APP:mixins.iris.json:MixinMinecraft_Images from mod iris,pl:mixin:APP:mixins.iris.json:MixinMinecraft_Keybinds from mod iris,pl:mixin:APP:mixins.iris.json:MixinMinecraft_PipelineManagement from mod iris,pl:mixin:APP:veil.debug.mixins.json:client.DebugMinecraftMixin from mod veil,pl:mixin:APP:veil.pipeline.mixins.json:client.PipelineMinecraftMixin from mod veil,pl:mixin:APP:veil.neoforge.mixins.json:client.MinecraftMixin from mod veil,pl:mixin:APP:simulated.mixins.json:handle.MinecraftMixin from mod simulated,pl:mixin:APP:immediatelyfast-common.mixins.json:core.MixinMinecraftClient from mod immediatelyfast,pl:mixin:APP:sodium-common.mixins.json:core.MinecraftMixin from mod sodium,pl:mixin:APP:sodium-neoforge.mixins.json:platform.neoforge.EntrypointMixin from mod sodium,pl:mixin:APP:flywheel.impl.mixins.json:MinecraftMixin from mod flywheel,pl:mixin:APP:ponder-common.mixins.json:client.WindowResizeMixin from mod ponder,pl:mixin:APP:create.mixins.json:accessor.MinecraftAccessor from mod create,pl:mixin:APP:sable.mixins.json:camera.new_camera_types.MinecraftMixin from mod sable,pl:mixin:APP:sable.mixins.json:plot.MinecraftMixin from mod sable,pl:mixin:APP:sable.mixins.json:punching.MinecraftMixin from mod sable,pl:mixin:APP:mekanism_ponders.mixins.json:AccessorMinecraft from mod mekanism_ponders,pl:mixin:A,pl:runtimedistcleaner:A}
	at TRANSFORMER/minecraft@1.21.1/net.minecraft.client.Minecraft.run(Minecraft.java:807) ~[client-1.21.1-20240808.144430-srg.jar%23173!/:?] {re:mixin,pl:accesstransformer:B,pl:runtimedistcleaner:A,re:classloading,pl:accesstransformer:B,pl:mixin:APP:ae2.mixins.json:PickColorMixin from mod ae2,pl:mixin:APP:aeronautics.mixins.json:custom_situational_music.MinecraftMixin from mod aeronautics,pl:mixin:APP:mixins.iris.json:MixinMinecraft_Images from mod iris,pl:mixin:APP:mixins.iris.json:MixinMinecraft_Keybinds from mod iris,pl:mixin:APP:mixins.iris.json:MixinMinecraft_PipelineManagement from mod iris,pl:mixin:APP:veil.debug.mixins.json:client.DebugMinecraftMixin from mod veil,pl:mixin:APP:veil.pipeline.mixins.json:client.PipelineMinecraftMixin from mod veil,pl:mixin:APP:veil.neoforge.mixins.json:client.MinecraftMixin from mod veil,pl:mixin:APP:simulated.mixins.json:handle.MinecraftMixin from mod simulated,pl:mixin:APP:immediatelyfast-common.mixins.json:core.MixinMinecraftClient from mod immediatelyfast,pl:mixin:APP:sodium-common.mixins.json:core.MinecraftMixin from mod sodium,pl:mixin:APP:sodium-neoforge.mixins.json:platform.neoforge.EntrypointMixin from mod sodium,pl:mixin:APP:flywheel.impl.mixins.json:MinecraftMixin from mod flywheel,pl:mixin:APP:ponder-common.mixins.json:client.WindowResizeMixin from mod ponder,pl:mixin:APP:create.mixins.json:accessor.MinecraftAccessor from mod create,pl:mixin:APP:sable.mixins.json:camera.new_camera_types.MinecraftMixin from mod sable,pl:mixin:APP:sable.mixins.json:plot.MinecraftMixin from mod sable,pl:mixin:APP:sable.mixins.json:punching.MinecraftMixin from mod sable,pl:mixin:APP:mekanism_ponders.mixins.json:AccessorMinecraft from mod mekanism_ponders,pl:mixin:A,pl:runtimedistcleaner:A}
	at TRANSFORMER/minecraft@1.21.1/net.minecraft.client.main.Main.main(Main.java:230) ~[client-1.21.1-20240808.144430-srg.jar%23173!/:?] {re:mixin,pl:runtimedistcleaner:A,re:classloading,pl:mixin:APP:veil.debug.mixins.json:client.DebugMainMixin from mod veil,pl:mixin:A,pl:runtimedistcleaner:A}
	at java.base/jdk.internal.reflect.DirectMethodHandleAccessor.invoke(Unknown Source) ~[?:?] {}
	at java.base/java.lang.reflect.Method.invoke(Unknown Source) ~[?:?] {re:mixin}
	at MC-BOOTSTRAP/fml_loader@4.0.43/net.neoforged.fml.loading.targets.CommonLaunchHandler.runTarget(CommonLaunchHandler.java:136) ~[loader-4.0.43.jar%23119!/:4.0] {}
	at MC-BOOTSTRAP/fml_loader@4.0.43/net.neoforged.fml.loading.targets.CommonLaunchHandler.clientService(CommonLaunchHandler.java:124) ~[loader-4.0.43.jar%23119!/:4.0] {}
	at MC-BOOTSTRAP/fml_loader@4.0.43/net.neoforged.fml.loading.targets.CommonClientLaunchHandler.runService(CommonClientLaunchHandler.java:32) ~[loader-4.0.43.jar%23119!/:4.0] {}
	at MC-BOOTSTRAP/fml_loader@4.0.43/net.neoforged.fml.loading.targets.CommonLaunchHandler.lambda$launchService$4(CommonLaunchHandler.java:118) ~[loader-4.0.43.jar%23119!/:4.0] {}
	at MC-BOOTSTRAP/cpw.mods.modlauncher@11.0.5/cpw.mods.modlauncher.LaunchServiceHandlerDecorator.launch(LaunchServiceHandlerDecorator.java:30) [modlauncher-11.0.5.jar%23124!/:?] {}
	at MC-BOOTSTRAP/cpw.mods.modlauncher@11.0.5/cpw.mods.modlauncher.LaunchServiceHandler.launch(LaunchServiceHandler.java:53) [modlauncher-11.0.5.jar%23124!/:?] {}
	at MC-BOOTSTRAP/cpw.mods.modlauncher@11.0.5/cpw.mods.modlauncher.LaunchServiceHandler.launch(LaunchServiceHandler.java:71) [modlauncher-11.0.5.jar%23124!/:?] {}
	at MC-BOOTSTRAP/cpw.mods.modlauncher@11.0.5/cpw.mods.modlauncher.Launcher.run(Launcher.java:103) [modlauncher-11.0.5.jar%23124!/:?] {}
	at MC-BOOTSTRAP/cpw.mods.modlauncher@11.0.5/cpw.mods.modlauncher.Launcher.main(Launcher.java:74) [modlauncher-11.0.5.jar%23124!/:?] {}
	at MC-BOOTSTRAP/cpw.mods.modlauncher@11.0.5/cpw.mods.modlauncher.BootstrapLaunchConsumer.accept(BootstrapLaunchConsumer.java:26) [modlauncher-11.0.5.jar%23124!/:?] {}
	at MC-BOOTSTRAP/cpw.mods.modlauncher@11.0.5/cpw.mods.modlauncher.BootstrapLaunchConsumer.accept(BootstrapLaunchConsumer.java:23) [modlauncher-11.0.5.jar%23124!/:?] {}
	at cpw.mods.bootstraplauncher@2.0.2/cpw.mods.bootstraplauncher.BootstrapLauncher.run(BootstrapLauncher.java:210) [bootstraplauncher-2.0.2.jar:?] {}
	at cpw.mods.bootstraplauncher@2.0.2/cpw.mods.bootstraplauncher.BootstrapLauncher.main(BootstrapLauncher.java:69) [bootstraplauncher-2.0.2.jar:?] {}
[00:13:29] [Render thread/WARN] [Iris/]: The following uniforms won't work, either because they are broken, or reference a broken uniform: 
endFlashIntensityM, endFlashFactor1
[00:13:29] [Render thread/ERROR] [Iris/]: Failed to create shader rendering pipeline, disabling shaders!
java.lang.IllegalStateException: Unexpected error while creating framebuffer: Draw buffers [0, 1, 2] Status: 36054
	at TRANSFORMER/iris@1.8.14-beta.1+mc1.21.1/net.irisshaders.iris.targets.RenderTargets.createColorFramebuffer(RenderTargets.java:366) ~[iris-neoforge-1.8.14-beta.1+mc1.21.1.jar%23191!/:?] {re:mixin,re:classloading}
	at TRANSFORMER/iris@1.8.14-beta.1+mc1.21.1/net.irisshaders.iris.pipeline.CompositeRenderer.<init>(CompositeRenderer.java:141) ~[iris-neoforge-1.8.14-beta.1+mc1.21.1.jar%23191!/:?] {re:classloading}
	at TRANSFORMER/iris@1.8.14-beta.1+mc1.21.1/net.irisshaders.iris.pipeline.IrisRenderingPipeline.<init>(IrisRenderingPipeline.java:332) ~[iris-neoforge-1.8.14-beta.1+mc1.21.1.jar%23191!/:?] {re:mixin,re:classloading,pl:mixin:APP:veil.neoforge.mixins.json:compat.iris.IrisRenderingPipelineAccessor from mod veil,pl:mixin:APP:veil.neoforge.mixins.json:compat.iris.IrisRenderingPipelineMixin from mod veil,pl:mixin:APP:colorwheel.mixins.json:iris.IrisRenderingPipelineMixin from mod colorwheel,pl:mixin:APP:irisveil.mixins.iris.json:MixinIrisRenderingPipeline from mod irisveil,pl:mixin:A}
	at TRANSFORMER/iris@1.8.14-beta.1+mc1.21.1/net.irisshaders.iris.Iris.createPipeline(Iris.java:642) ~[iris-neoforge-1.8.14-beta.1+mc1.21.1.jar%23191!/:?] {re:mixin,re:classloading,pl:mixin:APP:colorwheel.mixins.json:iris.IrisMixin from mod colorwheel,pl:mixin:A}
	at TRANSFORMER/iris@1.8.14-beta.1+mc1.21.1/net.irisshaders.iris.pipeline.PipelineManager.preparePipeline(PipelineManager.java:33) ~[iris-neoforge-1.8.14-beta.1+mc1.21.1.jar%23191!/:?] {re:mixin,re:classloading,pl:mixin:APP:veil.neoforge.mixins.json:client.perspective.iris.PipelineManagerMixin from mod veil,pl:mixin:A}
	at TRANSFORMER/minecraft@1.21.1/net.minecraft.client.Minecraft.handler$zej000$iris$resetPipeline(Minecraft.java:5043) ~[client-1.21.1-20240808.144430-srg.jar%23173!/:?] {re:mixin,pl:accesstransformer:B,pl:runtimedistcleaner:A,re:classloading,pl:accesstransformer:B,pl:mixin:APP:ae2.mixins.json:PickColorMixin from mod ae2,pl:mixin:APP:aeronautics.mixins.json:custom_situational_music.MinecraftMixin from mod aeronautics,pl:mixin:APP:mixins.iris.json:MixinMinecraft_Images from mod iris,pl:mixin:APP:mixins.iris.json:MixinMinecraft_Keybinds from mod iris,pl:mixin:APP:mixins.iris.json:MixinMinecraft_PipelineManagement from mod iris,pl:mixin:APP:veil.debug.mixins.json:client.DebugMinecraftMixin from mod veil,pl:mixin:APP:veil.pipeline.mixins.json:client.PipelineMinecraftMixin from mod veil,pl:mixin:APP:veil.neoforge.mixins.json:client.MinecraftMixin from mod veil,pl:mixin:APP:simulated.mixins.json:handle.MinecraftMixin from mod simulated,pl:mixin:APP:immediatelyfast-common.mixins.json:core.MixinMinecraftClient from mod immediatelyfast,pl:mixin:APP:sodium-common.mixins.json:core.MinecraftMixin from mod sodium,pl:mixin:APP:sodium-neoforge.mixins.json:platform.neoforge.EntrypointMixin from mod sodium,pl:mixin:APP:flywheel.impl.mixins.json:MinecraftMixin from mod flywheel,pl:mixin:APP:ponder-common.mixins.json:client.WindowResizeMixin from mod ponder,pl:mixin:APP:create.mixins.json:accessor.MinecraftAccessor from mod create,pl:mixin:APP:sable.mixins.json:camera.new_camera_types.MinecraftMixin from mod sable,pl:mixin:APP:sable.mixins.json:plot.MinecraftMixin from mod sable,pl:mixin:APP:sable.mixins.json:punching.MinecraftMixin from mod sable,pl:mixin:APP:mekanism_ponders.mixins.json:AccessorMinecraft from mod mekanism_ponders,pl:mixin:A,pl:runtimedistcleaner:A}
	at TRANSFORMER/minecraft@1.21.1/net.minecraft.client.Minecraft.updateLevelInEngines(Minecraft.java) ~[client-1.21.1-20240808.144430-srg.jar%23173!/:?] {re:mixin,pl:accesstransformer:B,pl:runtimedistcleaner:A,re:classloading,pl:accesstransformer:B,pl:mixin:APP:ae2.mixins.json:PickColorMixin from mod ae2,pl:mixin:APP:aeronautics.mixins.json:custom_situational_music.MinecraftMixin from mod aeronautics,pl:mixin:APP:mixins.iris.json:MixinMinecraft_Images from mod iris,pl:mixin:APP:mixins.iris.json:MixinMinecraft_Keybinds from mod iris,pl:mixin:APP:mixins.iris.json:MixinMinecraft_PipelineManagement from mod iris,pl:mixin:APP:veil.debug.mixins.json:client.DebugMinecraftMixin from mod veil,pl:mixin:APP:veil.pipeline.mixins.json:client.PipelineMinecraftMixin from mod veil,pl:mixin:APP:veil.neoforge.mixins.json:client.MinecraftMixin from mod veil,pl:mixin:APP:simulated.mixins.json:handle.MinecraftMixin from mod simulated,pl:mixin:APP:immediatelyfast-common.mixins.json:core.MixinMinecraftClient from mod immediatelyfast,pl:mixin:APP:sodium-common.mixins.json:core.MinecraftMixin from mod sodium,pl:mixin:APP:sodium-neoforge.mixins.json:platform.neoforge.EntrypointMixin from mod sodium,pl:mixin:APP:flywheel.impl.mixins.json:MinecraftMixin from mod flywheel,pl:mixin:APP:ponder-common.mixins.json:client.WindowResizeMixin from mod ponder,pl:mixin:APP:create.mixins.json:accessor.MinecraftAccessor from mod create,pl:mixin:APP:sable.mixins.json:camera.new_camera_types.MinecraftMixin from mod sable,pl:mixin:APP:sable.mixins.json:plot.MinecraftMixin from mod sable,pl:mixin:APP:sable.mixins.json:punching.MinecraftMixin from mod sable,pl:mixin:APP:mekanism_ponders.mixins.json:AccessorMinecraft from mod mekanism_ponders,pl:mixin:A,pl:runtimedistcleaner:A}
	at TRANSFORMER/minecraft@1.21.1/net.minecraft.client.Minecraft.setLevel(Minecraft.java:2117) ~[client-1.21.1-20240808.144430-srg.jar%23173!/:?] {re:mixin,pl:accesstransformer:B,pl:runtimedistcleaner:A,re:classloading,pl:accesstransformer:B,pl:mixin:APP:ae2.mixins.json:PickColorMixin from mod ae2,pl:mixin:APP:aeronautics.mixins.json:custom_situational_music.MinecraftMixin from mod aeronautics,pl:mixin:APP:mixins.iris.json:MixinMinecraft_Images from mod iris,pl:mixin:APP:mixins.iris.json:MixinMinecraft_Keybinds from mod iris,pl:mixin:APP:mixins.iris.json:MixinMinecraft_PipelineManagement from mod iris,pl:mixin:APP:veil.debug.mixins.json:client.DebugMinecraftMixin from mod veil,pl:mixin:APP:veil.pipeline.mixins.json:client.PipelineMinecraftMixin from mod veil,pl:mixin:APP:veil.neoforge.mixins.json:client.MinecraftMixin from mod veil,pl:mixin:APP:simulated.mixins.json:handle.MinecraftMixin from mod simulated,pl:mixin:APP:immediatelyfast-common.mixins.json:core.MixinMinecraftClient from mod immediatelyfast,pl:mixin:APP:sodium-common.mixins.json:core.MinecraftMixin from mod sodium,pl:mixin:APP:sodium-neoforge.mixins.json:platform.neoforge.EntrypointMixin from mod sodium,pl:mixin:APP:flywheel.impl.mixins.json:MinecraftMixin from mod flywheel,pl:mixin:APP:ponder-common.mixins.json:client.WindowResizeMixin from mod ponder,pl:mixin:APP:create.mixins.json:accessor.MinecraftAccessor from mod create,pl:mixin:APP:sable.mixins.json:camera.new_camera_types.MinecraftMixin from mod sable,pl:mixin:APP:sable.mixins.json:plot.MinecraftMixin from mod sable,pl:mixin:APP:sable.mixins.json:punching.MinecraftMixin from mod sable,pl:mixin:APP:mekanism_ponders.mixins.json:AccessorMinecraft from mod mekanism_ponders,pl:mixin:A,pl:runtimedistcleaner:A}
	at TRANSFORMER/minecraft@1.21.1/net.minecraft.client.multiplayer.ClientPacketListener.handleLogin(ClientPacketListener.java:421) ~[client-1.21.1-20240808.144430-srg.jar%23173!/:?] {re:mixin,pl:accesstransformer:B,pl:runtimedistcleaner:A,re:classloading,pl:accesstransformer:B,pl:mixin:APP:mixins.iris.json:MixinClientPacketListener from mod iris,pl:mixin:APP:sodium-common.mixins.json:core.world.map.ClientPacketListenerMixin from mod sodium,pl:mixin:APP:ponder-common.mixins.json:client.accessor.ClientPacketListenerAccessor from mod ponder,pl:mixin:APP:sable.mixins.json:entity.entities_stick_sublevels.ClientPacketListenerMixin from mod sable,pl:mixin:APP:sable.mixins.json:entity.entity_rotations_and_riding.ClientPacketListenerMixin from mod sable,pl:mixin:APP:sable.mixins.json:plot.lighting.ClientPacketListenerMixin from mod sable,pl:mixin:A,pl:runtimedistcleaner:A}
	at TRANSFORMER/minecraft@1.21.1/net.minecraft.network.protocol.game.ClientboundLoginPacket.handle(ClientboundLoginPacket.java:69) ~[client-1.21.1-20240808.144430-srg.jar%23173!/:?] {re:classloading,re:mixin}
	at TRANSFORMER/minecraft@1.21.1/net.minecraft.network.protocol.game.ClientboundLoginPacket.handle(ClientboundLoginPacket.java:17) ~[client-1.21.1-20240808.144430-srg.jar%23173!/:?] {re:classloading,re:mixin}
	at TRANSFORMER/minecraft@1.21.1/net.minecraft.network.protocol.PacketUtils.lambda$ensureRunningOnSameThread$0(PacketUtils.java:27) ~[client-1.21.1-20240808.144430-srg.jar%23173!/:?] {re:classloading}
	at TRANSFORMER/minecraft@1.21.1/net.minecraft.util.thread.BlockableEventLoop.doRunTask(BlockableEventLoop.java:148) ~[client-1.21.1-20240808.144430-srg.jar%23173!/:?] {re:mixin,pl:accesstransformer:B,re:computing_frames,pl:accesstransformer:B,re:classloading,pl:accesstransformer:B}
	at TRANSFORMER/minecraft@1.21.1/net.minecraft.util.thread.ReentrantBlockableEventLoop.doRunTask(ReentrantBlockableEventLoop.java:23) ~[client-1.21.1-20240808.144430-srg.jar%23173!/:?] {re:mixin,re:computing_frames,re:classloading}
	at TRANSFORMER/minecraft@1.21.1/net.minecraft.util.thread.BlockableEventLoop.pollTask(BlockableEventLoop.java:122) ~[client-1.21.1-20240808.144430-srg.jar%23173!/:?] {re:mixin,pl:accesstransformer:B,re:computing_frames,pl:accesstransformer:B,re:classloading,pl:accesstransformer:B}
	at TRANSFORMER/minecraft@1.21.1/net.minecraft.util.thread.BlockableEventLoop.runAllTasks(BlockableEventLoop.java:111) ~[client-1.21.1-20240808.144430-srg.jar%23173!/:?] {re:mixin,pl:accesstransformer:B,re:computing_frames,pl:accesstransformer:B,re:classloading,pl:accesstransformer:B}
	at TRANSFORMER/minecraft@1.21.1/net.minecraft.client.Minecraft.runTick(Minecraft.java:1155) ~[client-1.21.1-20240808.144430-srg.jar%23173!/:?] {re:mixin,pl:accesstransformer:B,pl:runtimedistcleaner:A,re:classloading,pl:accesstransformer:B,pl:mixin:APP:ae2.mixins.json:PickColorMixin from mod ae2,pl:mixin:APP:aeronautics.mixins.json:custom_situational_music.MinecraftMixin from mod aeronautics,pl:mixin:APP:mixins.iris.json:MixinMinecraft_Images from mod iris,pl:mixin:APP:mixins.iris.json:MixinMinecraft_Keybinds from mod iris,pl:mixin:APP:mixins.iris.json:MixinMinecraft_PipelineManagement from mod iris,pl:mixin:APP:veil.debug.mixins.json:client.DebugMinecraftMixin from mod veil,pl:mixin:APP:veil.pipeline.mixins.json:client.PipelineMinecraftMixin from mod veil,pl:mixin:APP:veil.neoforge.mixins.json:client.MinecraftMixin from mod veil,pl:mixin:APP:simulated.mixins.json:handle.MinecraftMixin from mod simulated,pl:mixin:APP:immediatelyfast-common.mixins.json:core.MixinMinecraftClient from mod immediatelyfast,pl:mixin:APP:sodium-common.mixins.json:core.MinecraftMixin from mod sodium,pl:mixin:APP:sodium-neoforge.mixins.json:platform.neoforge.EntrypointMixin from mod sodium,pl:mixin:APP:flywheel.impl.mixins.json:MinecraftMixin from mod flywheel,pl:mixin:APP:ponder-common.mixins.json:client.WindowResizeMixin from mod ponder,pl:mixin:APP:create.mixins.json:accessor.MinecraftAccessor from mod create,pl:mixin:APP:sable.mixins.json:camera.new_camera_types.MinecraftMixin from mod sable,pl:mixin:APP:sable.mixins.json:plot.MinecraftMixin from mod sable,pl:mixin:APP:sable.mixins.json:punching.MinecraftMixin from mod sable,pl:mixin:APP:mekanism_ponders.mixins.json:AccessorMinecraft from mod mekanism_ponders,pl:mixin:A,pl:runtimedistcleaner:A}
	at TRANSFORMER/minecraft@1.21.1/net.minecraft.client.Minecraft.run(Minecraft.java:807) ~[client-1.21.1-20240808.144430-srg.jar%23173!/:?] {re:mixin,pl:accesstransformer:B,pl:runtimedistcleaner:A,re:classloading,pl:accesstransformer:B,pl:mixin:APP:ae2.mixins.json:PickColorMixin from mod ae2,pl:mixin:APP:aeronautics.mixins.json:custom_situational_music.MinecraftMixin from mod aeronautics,pl:mixin:APP:mixins.iris.json:MixinMinecraft_Images from mod iris,pl:mixin:APP:mixins.iris.json:MixinMinecraft_Keybinds from mod iris,pl:mixin:APP:mixins.iris.json:MixinMinecraft_PipelineManagement from mod iris,pl:mixin:APP:veil.debug.mixins.json:client.DebugMinecraftMixin from mod veil,pl:mixin:APP:veil.pipeline.mixins.json:client.PipelineMinecraftMixin from mod veil,pl:mixin:APP:veil.neoforge.mixins.json:client.MinecraftMixin from mod veil,pl:mixin:APP:simulated.mixins.json:handle.MinecraftMixin from mod simulated,pl:mixin:APP:immediatelyfast-common.mixins.json:core.MixinMinecraftClient from mod immediatelyfast,pl:mixin:APP:sodium-common.mixins.json:core.MinecraftMixin from mod sodium,pl:mixin:APP:sodium-neoforge.mixins.json:platform.neoforge.EntrypointMixin from mod sodium,pl:mixin:APP:flywheel.impl.mixins.json:MinecraftMixin from mod flywheel,pl:mixin:APP:ponder-common.mixins.json:client.WindowResizeMixin from mod ponder,pl:mixin:APP:create.mixins.json:accessor.MinecraftAccessor from mod create,pl:mixin:APP:sable.mixins.json:camera.new_camera_types.MinecraftMixin from mod sable,pl:mixin:APP:sable.mixins.json:plot.MinecraftMixin from mod sable,pl:mixin:APP:sable.mixins.json:punching.MinecraftMixin from mod sable,pl:mixin:APP:mekanism_ponders.mixins.json:AccessorMinecraft from mod mekanism_ponders,pl:mixin:A,pl:runtimedistcleaner:A}
	at TRANSFORMER/minecraft@1.21.1/net.minecraft.client.main.Main.main(Main.java:230) ~[client-1.21.1-20240808.144430-srg.jar%23173!/:?] {re:mixin,pl:runtimedistcleaner:A,re:classloading,pl:mixin:APP:veil.debug.mixins.json:client.DebugMainMixin from mod veil,pl:mixin:A,pl:runtimedistcleaner:A}
	at java.base/jdk.internal.reflect.DirectMethodHandleAccessor.invoke(Unknown Source) ~[?:?] {}
	at java.base/java.lang.reflect.Method.invoke(Unknown Source) ~[?:?] {re:mixin}
	at MC-BOOTSTRAP/fml_loader@4.0.43/net.neoforged.fml.loading.targets.CommonLaunchHandler.runTarget(CommonLaunchHandler.java:136) ~[loader-4.0.43.jar%23119!/:4.0] {}
	at MC-BOOTSTRAP/fml_loader@4.0.43/net.neoforged.fml.loading.targets.CommonLaunchHandler.clientService(CommonLaunchHandler.java:124) ~[loader-4.0.43.jar%23119!/:4.0] {}
	at MC-BOOTSTRAP/fml_loader@4.0.43/net.neoforged.fml.loading.targets.CommonClientLaunchHandler.runService(CommonClientLaunchHandler.java:32) ~[loader-4.0.43.jar%23119!/:4.0] {}
	at MC-BOOTSTRAP/fml_loader@4.0.43/net.neoforged.fml.loading.targets.CommonLaunchHandler.lambda$launchService$4(CommonLaunchHandler.java:118) ~[loader-4.0.43.jar%23119!/:4.0] {}
	at MC-BOOTSTRAP/cpw.mods.modlauncher@11.0.5/cpw.mods.modlauncher.LaunchServiceHandlerDecorator.launch(LaunchServiceHandlerDecorator.java:30) [modlauncher-11.0.5.jar%23124!/:?] {}
	at MC-BOOTSTRAP/cpw.mods.modlauncher@11.0.5/cpw.mods.modlauncher.LaunchServiceHandler.launch(LaunchServiceHandler.java:53) [modlauncher-11.0.5.jar%23124!/:?] {}
	at MC-BOOTSTRAP/cpw.mods.modlauncher@11.0.5/cpw.mods.modlauncher.LaunchServiceHandler.launch(LaunchServiceHandler.java:71) [modlauncher-11.0.5.jar%23124!/:?] {}
	at MC-BOOTSTRAP/cpw.mods.modlauncher@11.0.5/cpw.mods.modlauncher.Launcher.run(Launcher.java:103) [modlauncher-11.0.5.jar%23124!/:?] {}
	at MC-BOOTSTRAP/cpw.mods.modlauncher@11.0.5/cpw.mods.modlauncher.Launcher.main(Launcher.java:74) [modlauncher-11.0.5.jar%23124!/:?] {}
	at MC-BOOTSTRAP/cpw.mods.modlauncher@11.0.5/cpw.mods.modlauncher.BootstrapLaunchConsumer.accept(BootstrapLaunchConsumer.java:26) [modlauncher-11.0.5.jar%23124!/:?] {}
	at MC-BOOTSTRAP/cpw.mods.modlauncher@11.0.5/cpw.mods.modlauncher.BootstrapLaunchConsumer.accept(BootstrapLaunchConsumer.java:23) [modlauncher-11.0.5.jar%23124!/:?] {}
	at cpw.mods.bootstraplauncher@2.0.2/cpw.mods.bootstraplauncher.BootstrapLauncher.run(BootstrapLauncher.java:210) [bootstraplauncher-2.0.2.jar:?] {}
	at cpw.mods.bootstraplauncher@2.0.2/cpw.mods.bootstraplauncher.BootstrapLauncher.main(BootstrapLauncher.java:69) [bootstraplauncher-2.0.2.jar:?] {}
[00:13:29] [Server thread/INFO] [minecraft/MinecraftServer]: Trail_Akivili加入了游戏
[00:13:29] [Render thread/INFO] [ChunkBuilder/]: Started 2 worker threads
[00:13:29] [Render thread/INFO] [minecraft/ChatComponent]: [System] [CHAT] Iris encountered an issue trying to load the shader; please report this to Iris developers. Copy Info
[00:13:30] [Render thread/INFO] [me.je.co.ut.LoggedTimer/]: Starting JEI...
[00:13:30] [Render thread/INFO] [me.je.li.lo.PluginCaller/]: Configuring JEI...
[00:13:30] [Render thread/INFO] [me.je.li.lo.PluginCaller/]: Configuring JEI took 3.563 milliseconds
[00:13:30] [Render thread/INFO] [me.je.li.lo.PluginCaller/]: Registering item subtypes...
[00:13:30] [Render thread/INFO] [me.je.li.lo.PluginCallerTimerRunnable/]: Registering item subtypes: jei:minecraft took 15.24 milliseconds
[00:13:30] [Render thread/INFO] [me.je.li.lo.PluginCaller/]: Registering item subtypes took 20.67 milliseconds
[00:13:30] [Render thread/INFO] [me.je.li.lo.PluginCaller/]: Registering fluid subtypes...
[00:13:30] [Render thread/INFO] [me.je.li.lo.PluginCaller/]: Registering fluid subtypes took 23.62 milliseconds
[00:13:30] [Render thread/INFO] [me.je.li.lo.PluginCaller/]: Registering ingredients...
[00:13:30] [Render thread/INFO] [me.je.li.lo.PluginCallerTimerRunnable/]: Registering ingredients: jei:minecraft took 576.9 milliseconds
[00:13:30] [Render thread/INFO] [me.je.li.lo.PluginCaller/]: Registering ingredients took 584.9 milliseconds
[00:13:30] [Render thread/INFO] [me.je.li.lo.PluginCaller/]: Registering extra ingredients...
[00:13:30] [Render thread/INFO] [me.je.li.lo.PluginCallerTimerRunnable/]: Registering extra ingredients: create:jei_plugin took 11.18 milliseconds
[00:13:30] [Render thread/INFO] [me.je.li.lo.PluginCaller/]: Registering extra ingredients took 13.23 milliseconds
[00:13:30] [Render thread/INFO] [me.je.li.lo.PluginCaller/]: Registering search ingredient aliases...
[00:13:30] [Render thread/INFO] [me.je.li.lo.PluginCallerTimerRunnable/]: Registering search ingredient aliases: mekanism:jei_plugin took 47.44 milliseconds
[00:13:30] [Render thread/INFO] [me.je.li.lo.PluginCaller/]: Registering search ingredient aliases took 60.67 milliseconds
[00:13:30] [Render thread/INFO] [me.je.li.lo.PluginCaller/]: Registering Mod Info...
[00:13:30] [Render thread/INFO] [me.je.li.lo.PluginCaller/]: Registering Mod Info took 4.452 milliseconds
[00:13:30] [Render thread/INFO] [me.je.li.lo.PluginCaller/]: Registering advanced search...
[00:13:30] [Render thread/INFO] [me.je.li.lo.PluginCaller/]: Registering advanced search took 1.250 milliseconds
[00:13:30] [Render thread/INFO] [me.je.li.lo.PluginCaller/]: Registering categories...
[00:13:30] [Render thread/INFO] [me.je.li.lo.PluginCallerTimerRunnable/]: Registering categories: jei:minecraft took 31.26 milliseconds
[00:13:31] [Render thread/INFO] [me.je.li.lo.PluginCallerTimerRunnable/]: Registering categories: mekanism:jei_plugin took 123.7 milliseconds
[00:13:31] [Render thread/INFO] [me.je.li.lo.PluginCallerTimerRunnable/]: Registering categories: create:jei_plugin took 135.3 milliseconds
[00:13:31] [Render thread/INFO] [me.je.li.lo.PluginCaller/]: Registering categories took 299.3 milliseconds
[00:13:31] [Render thread/INFO] [me.je.li.lo.PluginCaller/]: Registering vanilla category extensions...
[00:13:31] [Render thread/INFO] [me.je.li.lo.PluginCaller/]: Registering vanilla category extensions took 6.123 milliseconds
[00:13:31] [Render thread/INFO] [me.je.li.lo.PluginCaller/]: Registering recipe catalysts...
[00:13:31] [Render thread/INFO] [me.je.li.lo.PluginCaller/]: Registering recipe catalysts took 8.640 milliseconds
[00:13:31] [Render thread/INFO] [me.je.co.ut.LoggedTimer/]: Building recipe registry...
[00:13:31] [Render thread/INFO] [me.je.co.ut.LoggedTimer/]: Building recipe registry took 24.23 milliseconds
[00:13:31] [Render thread/INFO] [me.je.li.lo.PluginCaller/]: Registering advanced plugins...
[00:13:31] [Render thread/INFO] [me.je.li.lo.PluginCaller/]: Registering advanced plugins took 2.993 milliseconds
[00:13:31] [Render thread/INFO] [me.je.li.lo.PluginCaller/]: Registering recipes...
[00:13:32] [Render thread/INFO] [me.je.li.lo.PluginCallerTimerRunnable/]: Registering recipes: jei:minecraft took 853.4 milliseconds
[00:13:32] [Render thread/INFO] [me.je.li.lo.PluginCallerTimerRunnable/]: Registering recipes: mekanism:jei_plugin took 140.2 milliseconds
[00:13:32] [Render thread/INFO] [me.je.li.lo.PluginCallerTimerRunnable/]: Registering recipes: create:jei_plugin took 355.9 milliseconds
[00:13:32] [Render thread/INFO] [me.je.li.lo.PluginCaller/]: Registering recipes took 1.371 seconds
[00:13:32] [Render thread/INFO] [me.je.li.lo.PluginCaller/]: Registering recipes transfer handlers...
[00:13:32] [Render thread/INFO] [me.je.li.lo.PluginCaller/]: Registering recipes transfer handlers took 14.44 milliseconds
[00:13:32] [Render thread/INFO] [me.je.co.ut.LoggedTimer/]: Building runtime...
[00:13:32] [Render thread/INFO] [me.je.li.lo.PluginCaller/]: Registering gui handlers...
[00:13:32] [Render thread/INFO] [me.je.li.lo.PluginCallerTimerRunnable/]: Registering gui handlers: jei:gui took 17.91 milliseconds
[00:13:32] [Render thread/INFO] [me.je.li.lo.PluginCaller/]: Registering gui handlers took 30.94 milliseconds
[00:13:32] [Render thread/INFO] [me.je.li.lo.PluginCaller/]: Registering Runtime...
[00:13:32] [Render thread/INFO] [me.je.gu.st.JeiGuiStarter/]: Starting JEI GUI
[00:13:32] [Render thread/INFO] [me.je.co.ut.LoggedTimer/]: Building ingredient list...
[00:13:32] [Render thread/INFO] [me.je.co.ut.LoggedTimer/]: Building ingredient list took 79.08 milliseconds
[00:13:32] [Render thread/INFO] [me.je.co.ut.LoggedTimer/]: Building ingredient filter...
[00:13:33] [Render thread/INFO] [me.je.gu.in.IngredientFilter/]: Adding 3526 ingredients
[00:13:33] [Render thread/INFO] [me.je.gu.in.IngredientFilter/]: Added 3526 ingredients
[00:13:33] [Render thread/INFO] [me.je.co.ut.LoggedTimer/]: Building ingredient filter took 796.8 milliseconds
[00:13:33] [Render thread/INFO] [me.je.li.lo.PluginCallerTimerRunnable/]: Registering Runtime: jei:neoforge_gui took 1.154 seconds
[00:13:33] [Render thread/INFO] [me.je.li.lo.PluginCaller/]: Registering Runtime took 1.157 seconds
[00:13:33] [Render thread/INFO] [me.je.co.ut.LoggedTimer/]: Building runtime took 1.218 seconds
[00:13:33] [Render thread/INFO] [me.je.li.lo.PluginCaller/]: Sending Runtime...
[00:13:33] [Render thread/INFO] [me.je.li.lo.PluginCaller/]: Sending Runtime took 3.369 milliseconds
[00:13:33] [Render thread/INFO] [me.je.co.ut.LoggedTimer/]: Starting JEI took 3.887 seconds
[00:13:33] [Render thread/INFO] [sn.ja.Jade/]: Received config from the server: 
[00:13:33] [Render thread/INFO] [minecraft/AdvancementTree]: Loaded 7 advancements
[00:13:34] [Render thread/INFO] [CustomSkinLoader Bootstrap/]: Transformed net/minecraft/client/resources/SkinManager$CacheKey with [customskinloader:skin-manager-patch]
[00:13:34] [Render thread/INFO] [CustomSkinLoader Bootstrap/]: Transformed ModLauncher target net/minecraft/client/resources/SkinManager$CacheKey with [customskinloader:skin-manager-patch]
[00:13:35] [Render thread/INFO] [Veil/]: Multi-Bind supported, using core
[00:14:08] [Render thread/INFO] [minecraft/ChatComponent]: [System] [CHAT] [调试]： 坐标已复制到剪贴板
[DEBUG] Clipboard: Converting string
[DEBUG] Clipboard: Calling 2nd
[00:14:09] [Render thread/INFO] [minecraft/ChatComponent]: [System] [CHAT] [调试]： F3 + C已被按下。若不放开按键则会使游戏崩溃。
[00:14:10] [Render thread/INFO] [minecraft/ChatComponent]: [System] [CHAT] [调试]： 将在8秒后崩溃…
[00:14:11] [Render thread/INFO] [minecraft/ChatComponent]: [System] [CHAT] [调试]： 将在7秒后崩溃…
[00:14:12] [Render thread/INFO] [minecraft/ChatComponent]: [System] [CHAT] [调试]： 将在6秒后崩溃…
[00:14:13] [Render thread/INFO] [minecraft/ChatComponent]: [System] [CHAT] [调试]： 将在5秒后崩溃…
[00:14:14] [Render thread/INFO] [minecraft/ChatComponent]: [System] [CHAT] [调试]： 将在4秒后崩溃…
[00:14:15] [Render thread/INFO] [minecraft/ChatComponent]: [System] [CHAT] [调试]： 将在3秒后崩溃…
[DEBUG] Clipboard: Converting string
[DEBUG] Clipboard: Calling 2nd
[DEBUG] Clipboard: Converting string
[DEBUG] Clipboard: Calling 2nd
[DEBUG] Clipboard: Converting string
[DEBUG] Clipboard: Calling 2nd
[DEBUG] Clipboard: Converting string
[DEBUG] Clipboard: Calling 2nd
[DEBUG] Clipboard: Converting string
[DEBUG] Clipboard: Calling 2nd
[DEBUG] Clipboard: Converting string
[DEBUG] Clipboard: Calling 2nd
[00:14:28] [Render thread/INFO] [minecraft/ChatComponent]: [System] [CHAT] [调试]： 坐标已复制到剪贴板
[DEBUG] Clipboard: Converting string
[DEBUG] Clipboard: Calling 2nd
[00:14:29] [Render thread/INFO] [minecraft/ChatComponent]: [System] [CHAT] [调试]： F3 + C已被按下。若不放开按键则会使游戏崩溃。
[00:14:30] [Render thread/INFO] [minecraft/ChatComponent]: [System] [CHAT] [调试]： 将在8秒后崩溃…
[00:14:31] [Render thread/INFO] [minecraft/ChatComponent]: [System] [CHAT] [调试]： 将在7秒后崩溃…
[00:14:32] [Render thread/INFO] [minecraft/ChatComponent]: [System] [CHAT] [调试]： 将在6秒后崩溃…
[00:14:33] [Render thread/INFO] [minecraft/ChatComponent]: [System] [CHAT] [调试]： 将在5秒后崩溃…
[00:14:34] [Render thread/INFO] [minecraft/ChatComponent]: [System] [CHAT] [调试]： 将在4秒后崩溃…
[00:14:35] [Render thread/INFO] [minecraft/ChatComponent]: [System] [CHAT] [调试]： 将在3秒后崩溃…
[00:14:36] [Render thread/INFO] [minecraft/ChatComponent]: [System] [CHAT] [调试]： 将在2秒后崩溃…
[00:14:37] [Render thread/INFO] [minecraft/ChatComponent]: [System] [CHAT] [调试]： 将在1秒后崩溃…
[00:14:41] [Render thread/ERROR] [minecraft/Minecraft]: Reported exception thrown!
net.minecraft.ReportedException: Manually triggered debug crash
	at TRANSFORMER/minecraft@1.21.1/net.minecraft.client.KeyboardHandler.tick(KeyboardHandler.java:548) ~[client-1.21.1-20240808.144430-srg.jar%23173!/:?] {re:mixin,pl:runtimedistcleaner:A,re:classloading,pl:mixin:APP:veil.debug.mixins.json:client.DebugKeyboardHandlerMixin from mod veil,pl:mixin:APP:simulated.mixins.json:hold_interaction.KeyboardHandlerMixin from mod simulated,pl:mixin:A,pl:runtimedistcleaner:A}
	at TRANSFORMER/minecraft@1.21.1/net.minecraft.client.Minecraft.tick(Minecraft.java:1912) ~[client-1.21.1-20240808.144430-srg.jar%23173!/:?] {re:mixin,pl:accesstransformer:B,pl:runtimedistcleaner:A,re:classloading,pl:accesstransformer:B,pl:mixin:APP:ae2.mixins.json:PickColorMixin from mod ae2,pl:mixin:APP:aeronautics.mixins.json:custom_situational_music.MinecraftMixin from mod aeronautics,pl:mixin:APP:mixins.iris.json:MixinMinecraft_Images from mod iris,pl:mixin:APP:mixins.iris.json:MixinMinecraft_Keybinds from mod iris,pl:mixin:APP:mixins.iris.json:MixinMinecraft_PipelineManagement from mod iris,pl:mixin:APP:veil.debug.mixins.json:client.DebugMinecraftMixin from mod veil,pl:mixin:APP:veil.pipeline.mixins.json:client.PipelineMinecraftMixin from mod veil,pl:mixin:APP:veil.neoforge.mixins.json:client.MinecraftMixin from mod veil,pl:mixin:APP:simulated.mixins.json:handle.MinecraftMixin from mod simulated,pl:mixin:APP:immediatelyfast-common.mixins.json:core.MixinMinecraftClient from mod immediatelyfast,pl:mixin:APP:sodium-common.mixins.json:core.MinecraftMixin from mod sodium,pl:mixin:APP:sodium-neoforge.mixins.json:platform.neoforge.EntrypointMixin from mod sodium,pl:mixin:APP:flywheel.impl.mixins.json:MinecraftMixin from mod flywheel,pl:mixin:APP:ponder-common.mixins.json:client.WindowResizeMixin from mod ponder,pl:mixin:APP:create.mixins.json:accessor.MinecraftAccessor from mod create,pl:mixin:APP:sable.mixins.json:camera.new_camera_types.MinecraftMixin from mod sable,pl:mixin:APP:sable.mixins.json:plot.MinecraftMixin from mod sable,pl:mixin:APP:sable.mixins.json:punching.MinecraftMixin from mod sable,pl:mixin:APP:mekanism_ponders.mixins.json:AccessorMinecraft from mod mekanism_ponders,pl:mixin:A,pl:runtimedistcleaner:A}
	at TRANSFORMER/minecraft@1.21.1/net.minecraft.client.Minecraft.runTick(Minecraft.java:1161) ~[client-1.21.1-20240808.144430-srg.jar%23173!/:?] {re:mixin,pl:accesstransformer:B,pl:runtimedistcleaner:A,re:classloading,pl:accesstransformer:B,pl:mixin:APP:ae2.mixins.json:PickColorMixin from mod ae2,pl:mixin:APP:aeronautics.mixins.json:custom_situational_music.MinecraftMixin from mod aeronautics,pl:mixin:APP:mixins.iris.json:MixinMinecraft_Images from mod iris,pl:mixin:APP:mixins.iris.json:MixinMinecraft_Keybinds from mod iris,pl:mixin:APP:mixins.iris.json:MixinMinecraft_PipelineManagement from mod iris,pl:mixin:APP:veil.debug.mixins.json:client.DebugMinecraftMixin from mod veil,pl:mixin:APP:veil.pipeline.mixins.json:client.PipelineMinecraftMixin from mod veil,pl:mixin:APP:veil.neoforge.mixins.json:client.MinecraftMixin from mod veil,pl:mixin:APP:simulated.mixins.json:handle.MinecraftMixin from mod simulated,pl:mixin:APP:immediatelyfast-common.mixins.json:core.MixinMinecraftClient from mod immediatelyfast,pl:mixin:APP:sodium-common.mixins.json:core.MinecraftMixin from mod sodium,pl:mixin:APP:sodium-neoforge.mixins.json:platform.neoforge.EntrypointMixin from mod sodium,pl:mixin:APP:flywheel.impl.mixins.json:MinecraftMixin from mod flywheel,pl:mixin:APP:ponder-common.mixins.json:client.WindowResizeMixin from mod ponder,pl:mixin:APP:create.mixins.json:accessor.MinecraftAccessor from mod create,pl:mixin:APP:sable.mixins.json:camera.new_camera_types.MinecraftMixin from mod sable,pl:mixin:APP:sable.mixins.json:plot.MinecraftMixin from mod sable,pl:mixin:APP:sable.mixins.json:punching.MinecraftMixin from mod sable,pl:mixin:APP:mekanism_ponders.mixins.json:AccessorMinecraft from mod mekanism_ponders,pl:mixin:A,pl:runtimedistcleaner:A}
	at TRANSFORMER/minecraft@1.21.1/net.minecraft.client.Minecraft.run(Minecraft.java:807) ~[client-1.21.1-20240808.144430-srg.jar%23173!/:?] {re:mixin,pl:accesstransformer:B,pl:runtimedistcleaner:A,re:classloading,pl:accesstransformer:B,pl:mixin:APP:ae2.mixins.json:PickColorMixin from mod ae2,pl:mixin:APP:aeronautics.mixins.json:custom_situational_music.MinecraftMixin from mod aeronautics,pl:mixin:APP:mixins.iris.json:MixinMinecraft_Images from mod iris,pl:mixin:APP:mixins.iris.json:MixinMinecraft_Keybinds from mod iris,pl:mixin:APP:mixins.iris.json:MixinMinecraft_PipelineManagement from mod iris,pl:mixin:APP:veil.debug.mixins.json:client.DebugMinecraftMixin from mod veil,pl:mixin:APP:veil.pipeline.mixins.json:client.PipelineMinecraftMixin from mod veil,pl:mixin:APP:veil.neoforge.mixins.json:client.MinecraftMixin from mod veil,pl:mixin:APP:simulated.mixins.json:handle.MinecraftMixin from mod simulated,pl:mixin:APP:immediatelyfast-common.mixins.json:core.MixinMinecraftClient from mod immediatelyfast,pl:mixin:APP:sodium-common.mixins.json:core.MinecraftMixin from mod sodium,pl:mixin:APP:sodium-neoforge.mixins.json:platform.neoforge.EntrypointMixin from mod sodium,pl:mixin:APP:flywheel.impl.mixins.json:MinecraftMixin from mod flywheel,pl:mixin:APP:ponder-common.mixins.json:client.WindowResizeMixin from mod ponder,pl:mixin:APP:create.mixins.json:accessor.MinecraftAccessor from mod create,pl:mixin:APP:sable.mixins.json:camera.new_camera_types.MinecraftMixin from mod sable,pl:mixin:APP:sable.mixins.json:plot.MinecraftMixin from mod sable,pl:mixin:APP:sable.mixins.json:punching.MinecraftMixin from mod sable,pl:mixin:APP:mekanism_ponders.mixins.json:AccessorMinecraft from mod mekanism_ponders,pl:mixin:A,pl:runtimedistcleaner:A}
	at TRANSFORMER/minecraft@1.21.1/net.minecraft.client.main.Main.main(Main.java:230) ~[client-1.21.1-20240808.144430-srg.jar%23173!/:?] {re:mixin,pl:runtimedistcleaner:A,re:classloading,pl:mixin:APP:veil.debug.mixins.json:client.DebugMainMixin from mod veil,pl:mixin:A,pl:runtimedistcleaner:A}
	at java.base/jdk.internal.reflect.DirectMethodHandleAccessor.invoke(Unknown Source) ~[?:?] {}
	at java.base/java.lang.reflect.Method.invoke(Unknown Source) ~[?:?] {re:mixin}
	at MC-BOOTSTRAP/fml_loader@4.0.43/net.neoforged.fml.loading.targets.CommonLaunchHandler.runTarget(CommonLaunchHandler.java:136) ~[loader-4.0.43.jar%23119!/:4.0] {}
	at MC-BOOTSTRAP/fml_loader@4.0.43/net.neoforged.fml.loading.targets.CommonLaunchHandler.clientService(CommonLaunchHandler.java:124) ~[loader-4.0.43.jar%23119!/:4.0] {}
	at MC-BOOTSTRAP/fml_loader@4.0.43/net.neoforged.fml.loading.targets.CommonClientLaunchHandler.runService(CommonClientLaunchHandler.java:32) ~[loader-4.0.43.jar%23119!/:4.0] {}
	at MC-BOOTSTRAP/fml_loader@4.0.43/net.neoforged.fml.loading.targets.CommonLaunchHandler.lambda$launchService$4(CommonLaunchHandler.java:118) ~[loader-4.0.43.jar%23119!/:4.0] {}
	at MC-BOOTSTRAP/cpw.mods.modlauncher@11.0.5/cpw.mods.modlauncher.LaunchServiceHandlerDecorator.launch(LaunchServiceHandlerDecorator.java:30) [modlauncher-11.0.5.jar%23124!/:?] {}
	at MC-BOOTSTRAP/cpw.mods.modlauncher@11.0.5/cpw.mods.modlauncher.LaunchServiceHandler.launch(LaunchServiceHandler.java:53) [modlauncher-11.0.5.jar%23124!/:?] {}
	at MC-BOOTSTRAP/cpw.mods.modlauncher@11.0.5/cpw.mods.modlauncher.LaunchServiceHandler.launch(LaunchServiceHandler.java:71) [modlauncher-11.0.5.jar%23124!/:?] {}
	at MC-BOOTSTRAP/cpw.mods.modlauncher@11.0.5/cpw.mods.modlauncher.Launcher.run(Launcher.java:103) [modlauncher-11.0.5.jar%23124!/:?] {}
	at MC-BOOTSTRAP/cpw.mods.modlauncher@11.0.5/cpw.mods.modlauncher.Launcher.main(Launcher.java:74) [modlauncher-11.0.5.jar%23124!/:?] {}
	at MC-BOOTSTRAP/cpw.mods.modlauncher@11.0.5/cpw.mods.modlauncher.BootstrapLaunchConsumer.accept(BootstrapLaunchConsumer.java:26) [modlauncher-11.0.5.jar%23124!/:?] {}
	at MC-BOOTSTRAP/cpw.mods.modlauncher@11.0.5/cpw.mods.modlauncher.BootstrapLaunchConsumer.accept(BootstrapLaunchConsumer.java:23) [modlauncher-11.0.5.jar%23124!/:?] {}
	at cpw.mods.bootstraplauncher@2.0.2/cpw.mods.bootstraplauncher.BootstrapLauncher.run(BootstrapLauncher.java:210) [bootstraplauncher-2.0.2.jar:?] {}
	at cpw.mods.bootstraplauncher@2.0.2/cpw.mods.bootstraplauncher.BootstrapLauncher.main(BootstrapLauncher.java:69) [bootstraplauncher-2.0.2.jar:?] {}
Caused by: java.lang.Throwable: Manually triggered debug crash
	at TRANSFORMER/minecraft@1.21.1/net.minecraft.client.KeyboardHandler.tick(KeyboardHandler.java:545) ~[client-1.21.1-20240808.144430-srg.jar%23173!/:?] {re:mixin,pl:runtimedistcleaner:A,re:classloading,pl:mixin:APP:veil.debug.mixins.json:client.DebugKeyboardHandlerMixin from mod veil,pl:mixin:APP:simulated.mixins.json:hold_interaction.KeyboardHandlerMixin from mod simulated,pl:mixin:A,pl:runtimedistcleaner:A}
	... 19 more
[00:14:44] [Server thread/WARN] [minecraft/MinecraftServer]: Can't keep up! Is the server overloaded? Running 2590ms or 51 ticks behind
[00:14:44] [Server thread/INFO] [minecraft/MinecraftServer]: Stopping server
[00:14:44] [Server thread/INFO] [minecraft/MinecraftServer]: Saving players
[00:14:44] [Server thread/INFO] [minecraft/MinecraftServer]: Saving worlds
[00:14:44] [Netty Local Client IO #1/INFO] [de.ry.sa.Sable/]: Client UDP channel inactive
[00:14:44] [Netty Local Client IO #1/INFO] [de.ry.sa.Sable/]: Closed UDP channel!
[00:14:46] [Server thread/INFO] [minecraft/MinecraftServer]: Saving chunks for level 'ServerLevel[新的世界]'/minecraft:overworld
[00:14:46] [Server thread/INFO] [de.ry.sa.Sable/]: Saving sub-levels for level 'ServerLevel[新的世界]'/minecraft:overworld
[00:14:46] [Server thread/INFO] [minecraft/MinecraftServer]: Saving chunks for level 'ServerLevel[新的世界]'/minecraft:the_end
[00:14:46] [Server thread/INFO] [de.ry.sa.Sable/]: Saving sub-levels for level 'ServerLevel[新的世界]'/minecraft:the_end
[00:14:46] [Server thread/INFO] [minecraft/MinecraftServer]: Saving chunks for level 'ServerLevel[新的世界]'/minecraft:the_nether
[00:14:46] [Server thread/INFO] [de.ry.sa.Sable/]: Saving sub-levels for level 'ServerLevel[新的世界]'/minecraft:the_nether
[00:14:46] [Server thread/INFO] [minecraft/MinecraftServer]: Saving chunks for level 'ServerLevel[新的世界]'/ae2:spatial_storage
[00:14:46] [Server thread/INFO] [de.ry.sa.Sable/]: Saving sub-levels for level 'ServerLevel[新的世界]'/ae2:spatial_storage
[00:14:46] [Server thread/INFO] [minecraft/MinecraftServer]: ThreadedAnvilChunkStorage (新的世界 (6)): All chunks are saved
[00:14:46] [Server thread/INFO] [minecraft/MinecraftServer]: ThreadedAnvilChunkStorage (DIM1): All chunks are saved
[00:14:46] [Server thread/INFO] [minecraft/MinecraftServer]: ThreadedAnvilChunkStorage (DIM-1): All chunks are saved
[00:14:46] [Server thread/INFO] [minecraft/MinecraftServer]: ThreadedAnvilChunkStorage (spatial_storage): All chunks are saved
[00:14:46] [Server thread/INFO] [minecraft/MinecraftServer]: ThreadedAnvilChunkStorage: All dimensions are saved
[00:14:46] [Render thread/INFO] [me.je.li.st.JeiStarter/]: Stopping JEI
[00:14:46] [Render thread/INFO] [me.je.li.lo.PluginCaller/]: Sending Runtime Unavailable...
[00:14:46] [Render thread/INFO] [me.je.ne.pl.ne.NeoForgeGuiPlugin/]: Stopping JEI GUI
[00:14:46] [Render thread/INFO] [me.je.li.lo.PluginCaller/]: Sending Runtime Unavailable took 11.31 milliseconds
[00:14:46] [Render thread/INFO] [ChunkBuilder/]: Stopping worker threads
[00:14:47] [Render thread/FATAL] [ne.ne.ne.co.NeoForgeMod/]: Preparing crash report with UUID df8fbada-f1db-42f2-ae2d-897448c0fede
---- Minecraft Crash Report ----

// someone please advice devs that pancakes are serve
Please make sure this issue is not caused by Sable before reporting it to other mod authors.
If you cannot reproduce it without Sable, file a report on the issue tracker
https://github.com/ryanhcode/sable/issues

// Everything's going to plan. No, really, that was supposed to happen.

Time: 2026-09-02 00:14:47
Description: Manually triggered debug crash

java.lang.Throwable: Manually triggered debug crash
	at TRANSFORMER/minecraft@1.21.1/net.minecraft.client.KeyboardHandler.tick(KeyboardHandler.java:545) ~[client-1.21.1-20240808.144430-srg.jar%23173!/:?] {re:mixin,pl:runtimedistcleaner:A,re:classloading,pl:mixin:APP:veil.debug.mixins.json:client.DebugKeyboardHandlerMixin from mod veil,pl:mixin:APP:simulated.mixins.json:hold_interaction.KeyboardHandlerMixin from mod simulated,pl:mixin:A,pl:runtimedistcleaner:A}
	at TRANSFORMER/minecraft@1.21.1/net.minecraft.client.Minecraft.tick(Minecraft.java:1912) ~[client-1.21.1-20240808.144430-srg.jar%23173!/:?] {re:mixin,pl:accesstransformer:B,pl:runtimedistcleaner:A,re:classloading,pl:accesstransformer:B,pl:mixin:APP:ae2.mixins.json:PickColorMixin from mod ae2,pl:mixin:APP:aeronautics.mixins.json:custom_situational_music.MinecraftMixin from mod aeronautics,pl:mixin:APP:mixins.iris.json:MixinMinecraft_Images from mod iris,pl:mixin:APP:mixins.iris.json:MixinMinecraft_Keybinds from mod iris,pl:mixin:APP:mixins.iris.json:MixinMinecraft_PipelineManagement from mod iris,pl:mixin:APP:veil.debug.mixins.json:client.DebugMinecraftMixin from mod veil,pl:mixin:APP:veil.pipeline.mixins.json:client.PipelineMinecraftMixin from mod veil,pl:mixin:APP:veil.neoforge.mixins.json:client.MinecraftMixin from mod veil,pl:mixin:APP:simulated.mixins.json:handle.MinecraftMixin from mod simulated,pl:mixin:APP:immediatelyfast-common.mixins.json:core.MixinMinecraftClient from mod immediatelyfast,pl:mixin:APP:sodium-common.mixins.json:core.MinecraftMixin from mod sodium,pl:mixin:APP:sodium-neoforge.mixins.json:platform.neoforge.EntrypointMixin from mod sodium,pl:mixin:APP:flywheel.impl.mixins.json:MinecraftMixin from mod flywheel,pl:mixin:APP:ponder-common.mixins.json:client.WindowResizeMixin from mod ponder,pl:mixin:APP:create.mixins.json:accessor.MinecraftAccessor from mod create,pl:mixin:APP:sable.mixins.json:camera.new_camera_types.MinecraftMixin from mod sable,pl:mixin:APP:sable.mixins.json:plot.MinecraftMixin from mod sable,pl:mixin:APP:sable.mixins.json:punching.MinecraftMixin from mod sable,pl:mixin:APP:mekanism_ponders.mixins.json:AccessorMinecraft from mod mekanism_ponders,pl:mixin:A,pl:runtimedistcleaner:A}
	at TRANSFORMER/minecraft@1.21.1/net.minecraft.client.Minecraft.runTick(Minecraft.java:1161) ~[client-1.21.1-20240808.144430-srg.jar%23173!/:?] {re:mixin,pl:accesstransformer:B,pl:runtimedistcleaner:A,re:classloading,pl:accesstransformer:B,pl:mixin:APP:ae2.mixins.json:PickColorMixin from mod ae2,pl:mixin:APP:aeronautics.mixins.json:custom_situational_music.MinecraftMixin from mod aeronautics,pl:mixin:APP:mixins.iris.json:MixinMinecraft_Images from mod iris,pl:mixin:APP:mixins.iris.json:MixinMinecraft_Keybinds from mod iris,pl:mixin:APP:mixins.iris.json:MixinMinecraft_PipelineManagement from mod iris,pl:mixin:APP:veil.debug.mixins.json:client.DebugMinecraftMixin from mod veil,pl:mixin:APP:veil.pipeline.mixins.json:client.PipelineMinecraftMixin from mod veil,pl:mixin:APP:veil.neoforge.mixins.json:client.MinecraftMixin from mod veil,pl:mixin:APP:simulated.mixins.json:handle.MinecraftMixin from mod simulated,pl:mixin:APP:immediatelyfast-common.mixins.json:core.MixinMinecraftClient from mod immediatelyfast,pl:mixin:APP:sodium-common.mixins.json:core.MinecraftMixin from mod sodium,pl:mixin:APP:sodium-neoforge.mixins.json:platform.neoforge.EntrypointMixin from mod sodium,pl:mixin:APP:flywheel.impl.mixins.json:MinecraftMixin from mod flywheel,pl:mixin:APP:ponder-common.mixins.json:client.WindowResizeMixin from mod ponder,pl:mixin:APP:create.mixins.json:accessor.MinecraftAccessor from mod create,pl:mixin:APP:sable.mixins.json:camera.new_camera_types.MinecraftMixin from mod sable,pl:mixin:APP:sable.mixins.json:plot.MinecraftMixin from mod sable,pl:mixin:APP:sable.mixins.json:punching.MinecraftMixin from mod sable,pl:mixin:APP:mekanism_ponders.mixins.json:AccessorMinecraft from mod mekanism_ponders,pl:mixin:A,pl:runtimedistcleaner:A}
	at TRANSFORMER/minecraft@1.21.1/net.minecraft.client.Minecraft.run(Minecraft.java:807) ~[client-1.21.1-20240808.144430-srg.jar%23173!/:?] {re:mixin,pl:accesstransformer:B,pl:runtimedistcleaner:A,re:classloading,pl:accesstransformer:B,pl:mixin:APP:ae2.mixins.json:PickColorMixin from mod ae2,pl:mixin:APP:aeronautics.mixins.json:custom_situational_music.MinecraftMixin from mod aeronautics,pl:mixin:APP:mixins.iris.json:MixinMinecraft_Images from mod iris,pl:mixin:APP:mixins.iris.json:MixinMinecraft_Keybinds from mod iris,pl:mixin:APP:mixins.iris.json:MixinMinecraft_PipelineManagement from mod iris,pl:mixin:APP:veil.debug.mixins.json:client.DebugMinecraftMixin from mod veil,pl:mixin:APP:veil.pipeline.mixins.json:client.PipelineMinecraftMixin from mod veil,pl:mixin:APP:veil.neoforge.mixins.json:client.MinecraftMixin from mod veil,pl:mixin:APP:simulated.mixins.json:handle.MinecraftMixin from mod simulated,pl:mixin:APP:immediatelyfast-common.mixins.json:core.MixinMinecraftClient from mod immediatelyfast,pl:mixin:APP:sodium-common.mixins.json:core.MinecraftMixin from mod sodium,pl:mixin:APP:sodium-neoforge.mixins.json:platform.neoforge.EntrypointMixin from mod sodium,pl:mixin:APP:flywheel.impl.mixins.json:MinecraftMixin from mod flywheel,pl:mixin:APP:ponder-common.mixins.json:client.WindowResizeMixin from mod ponder,pl:mixin:APP:create.mixins.json:accessor.MinecraftAccessor from mod create,pl:mixin:APP:sable.mixins.json:camera.new_camera_types.MinecraftMixin from mod sable,pl:mixin:APP:sable.mixins.json:plot.MinecraftMixin from mod sable,pl:mixin:APP:sable.mixins.json:punching.MinecraftMixin from mod sable,pl:mixin:APP:mekanism_ponders.mixins.json:AccessorMinecraft from mod mekanism_ponders,pl:mixin:A,pl:runtimedistcleaner:A}
	at TRANSFORMER/minecraft@1.21.1/net.minecraft.client.main.Main.main(Main.java:230) ~[client-1.21.1-20240808.144430-srg.jar%23173!/:?] {re:mixin,pl:runtimedistcleaner:A,re:classloading,pl:mixin:APP:veil.debug.mixins.json:client.DebugMainMixin from mod veil,pl:mixin:A,pl:runtimedistcleaner:A}
	at java.base/jdk.internal.reflect.DirectMethodHandleAccessor.invoke(Unknown Source) ~[?:?] {}
	at java.base/java.lang.reflect.Method.invoke(Unknown Source) ~[?:?] {re:mixin}
	at MC-BOOTSTRAP/fml_loader@4.0.43/net.neoforged.fml.loading.targets.CommonLaunchHandler.runTarget(CommonLaunchHandler.java:136) ~[loader-4.0.43.jar%23119!/:4.0] {}
	at MC-BOOTSTRAP/fml_loader@4.0.43/net.neoforged.fml.loading.targets.CommonLaunchHandler.clientService(CommonLaunchHandler.java:124) ~[loader-4.0.43.jar%23119!/:4.0] {}
	at MC-BOOTSTRAP/fml_loader@4.0.43/net.neoforged.fml.loading.targets.CommonClientLaunchHandler.runService(CommonClientLaunchHandler.java:32) ~[loader-4.0.43.jar%23119!/:4.0] {}
	at MC-BOOTSTRAP/fml_loader@4.0.43/net.neoforged.fml.loading.targets.CommonLaunchHandler.lambda$launchService$4(CommonLaunchHandler.java:118) ~[loader-4.0.43.jar%23119!/:4.0] {}
	at MC-BOOTSTRAP/cpw.mods.modlauncher@11.0.5/cpw.mods.modlauncher.LaunchServiceHandlerDecorator.launch(LaunchServiceHandlerDecorator.java:30) [modlauncher-11.0.5.jar%23124!/:?] {}
	at MC-BOOTSTRAP/cpw.mods.modlauncher@11.0.5/cpw.mods.modlauncher.LaunchServiceHandler.launch(LaunchServiceHandler.java:53) [modlauncher-11.0.5.jar%23124!/:?] {}
	at MC-BOOTSTRAP/cpw.mods.modlauncher@11.0.5/cpw.mods.modlauncher.LaunchServiceHandler.launch(LaunchServiceHandler.java:71) [modlauncher-11.0.5.jar%23124!/:?] {}
	at MC-BOOTSTRAP/cpw.mods.modlauncher@11.0.5/cpw.mods.modlauncher.Launcher.run(Launcher.java:103) [modlauncher-11.0.5.jar%23124!/:?] {}
	at MC-BOOTSTRAP/cpw.mods.modlauncher@11.0.5/cpw.mods.modlauncher.Launcher.main(Launcher.java:74) [modlauncher-11.0.5.jar%23124!/:?] {}
	at MC-BOOTSTRAP/cpw.mods.modlauncher@11.0.5/cpw.mods.modlauncher.BootstrapLaunchConsumer.accept(BootstrapLaunchConsumer.java:26) [modlauncher-11.0.5.jar%23124!/:?] {}
	at MC-BOOTSTRAP/cpw.mods.modlauncher@11.0.5/cpw.mods.modlauncher.BootstrapLaunchConsumer.accept(BootstrapLaunchConsumer.java:23) [modlauncher-11.0.5.jar%23124!/:?] {}
	at cpw.mods.bootstraplauncher@2.0.2/cpw.mods.bootstraplauncher.BootstrapLauncher.run(BootstrapLauncher.java:210) [bootstraplauncher-2.0.2.jar:?] {}
	at cpw.mods.bootstraplauncher@2.0.2/cpw.mods.bootstraplauncher.BootstrapLauncher.main(BootstrapLauncher.java:69) [bootstraplauncher-2.0.2.jar:?] {}


A detailed walkthrough of the error, its code path and all known details is as follows:
---------------------------------------------------------------------------------------

-- Head --
Thread: Render thread
Stacktrace:
	at TRANSFORMER/minecraft@1.21.1/net.minecraft.client.KeyboardHandler.tick(KeyboardHandler.java:545) ~[client-1.21.1-20240808.144430-srg.jar%23173!/:?] {re:mixin,pl:runtimedistcleaner:A,re:classloading,pl:mixin:APP:veil.debug.mixins.json:client.DebugKeyboardHandlerMixin from mod veil,pl:mixin:APP:simulated.mixins.json:hold_interaction.KeyboardHandlerMixin from mod simulated,pl:mixin:A,pl:runtimedistcleaner:A}
-- Manual crash details --
Details:
	Modules: 
Stacktrace:
	at TRANSFORMER/minecraft@1.21.1/net.minecraft.client.KeyboardHandler.tick(KeyboardHandler.java:545) ~[client-1.21.1-20240808.144430-srg.jar%23173!/:?] {re:mixin,pl:runtimedistcleaner:A,re:classloading,pl:mixin:APP:veil.debug.mixins.json:client.DebugKeyboardHandlerMixin from mod veil,pl:mixin:APP:simulated.mixins.json:hold_interaction.KeyboardHandlerMixin from mod simulated,pl:mixin:A,pl:runtimedistcleaner:A}
	at TRANSFORMER/minecraft@1.21.1/net.minecraft.client.Minecraft.tick(Minecraft.java:1912) ~[client-1.21.1-20240808.144430-srg.jar%23173!/:?] {re:mixin,pl:accesstransformer:B,pl:runtimedistcleaner:A,re:classloading,pl:accesstransformer:B,pl:mixin:APP:ae2.mixins.json:PickColorMixin from mod ae2,pl:mixin:APP:aeronautics.mixins.json:custom_situational_music.MinecraftMixin from mod aeronautics,pl:mixin:APP:mixins.iris.json:MixinMinecraft_Images from mod iris,pl:mixin:APP:mixins.iris.json:MixinMinecraft_Keybinds from mod iris,pl:mixin:APP:mixins.iris.json:MixinMinecraft_PipelineManagement from mod iris,pl:mixin:APP:veil.debug.mixins.json:client.DebugMinecraftMixin from mod veil,pl:mixin:APP:veil.pipeline.mixins.json:client.PipelineMinecraftMixin from mod veil,pl:mixin:APP:veil.neoforge.mixins.json:client.MinecraftMixin from mod veil,pl:mixin:APP:simulated.mixins.json:handle.MinecraftMixin from mod simulated,pl:mixin:APP:immediatelyfast-common.mixins.json:core.MixinMinecraftClient from mod immediatelyfast,pl:mixin:APP:sodium-common.mixins.json:core.MinecraftMixin from mod sodium,pl:mixin:APP:sodium-neoforge.mixins.json:platform.neoforge.EntrypointMixin from mod sodium,pl:mixin:APP:flywheel.impl.mixins.json:MinecraftMixin from mod flywheel,pl:mixin:APP:ponder-common.mixins.json:client.WindowResizeMixin from mod ponder,pl:mixin:APP:create.mixins.json:accessor.MinecraftAccessor from mod create,pl:mixin:APP:sable.mixins.json:camera.new_camera_types.MinecraftMixin from mod sable,pl:mixin:APP:sable.mixins.json:plot.MinecraftMixin from mod sable,pl:mixin:APP:sable.mixins.json:punching.MinecraftMixin from mod sable,pl:mixin:APP:mekanism_ponders.mixins.json:AccessorMinecraft from mod mekanism_ponders,pl:mixin:A,pl:runtimedistcleaner:A}
	at TRANSFORMER/minecraft@1.21.1/net.minecraft.client.Minecraft.runTick(Minecraft.java:1161) ~[client-1.21.1-20240808.144430-srg.jar%23173!/:?] {re:mixin,pl:accesstransformer:B,pl:runtimedistcleaner:A,re:classloading,pl:accesstransformer:B,pl:mixin:APP:ae2.mixins.json:PickColorMixin from mod ae2,pl:mixin:APP:aeronautics.mixins.json:custom_situational_music.MinecraftMixin from mod aeronautics,pl:mixin:APP:mixins.iris.json:MixinMinecraft_Images from mod iris,pl:mixin:APP:mixins.iris.json:MixinMinecraft_Keybinds from mod iris,pl:mixin:APP:mixins.iris.json:MixinMinecraft_PipelineManagement from mod iris,pl:mixin:APP:veil.debug.mixins.json:client.DebugMinecraftMixin from mod veil,pl:mixin:APP:veil.pipeline.mixins.json:client.PipelineMinecraftMixin from mod veil,pl:mixin:APP:veil.neoforge.mixins.json:client.MinecraftMixin from mod veil,pl:mixin:APP:simulated.mixins.json:handle.MinecraftMixin from mod simulated,pl:mixin:APP:immediatelyfast-common.mixins.json:core.MixinMinecraftClient from mod immediatelyfast,pl:mixin:APP:sodium-common.mixins.json:core.MinecraftMixin from mod sodium,pl:mixin:APP:sodium-neoforge.mixins.json:platform.neoforge.EntrypointMixin from mod sodium,pl:mixin:APP:flywheel.impl.mixins.json:MinecraftMixin from mod flywheel,pl:mixin:APP:ponder-common.mixins.json:client.WindowResizeMixin from mod ponder,pl:mixin:APP:create.mixins.json:accessor.MinecraftAccessor from mod create,pl:mixin:APP:sable.mixins.json:camera.new_camera_types.MinecraftMixin from mod sable,pl:mixin:APP:sable.mixins.json:plot.MinecraftMixin from mod sable,pl:mixin:APP:sable.mixins.json:punching.MinecraftMixin from mod sable,pl:mixin:APP:mekanism_ponders.mixins.json:AccessorMinecraft from mod mekanism_ponders,pl:mixin:A,pl:runtimedistcleaner:A}
	at TRANSFORMER/minecraft@1.21.1/net.minecraft.client.Minecraft.run(Minecraft.java:807) ~[client-1.21.1-20240808.144430-srg.jar%23173!/:?] {re:mixin,pl:accesstransformer:B,pl:runtimedistcleaner:A,re:classloading,pl:accesstransformer:B,pl:mixin:APP:ae2.mixins.json:PickColorMixin from mod ae2,pl:mixin:APP:aeronautics.mixins.json:custom_situational_music.MinecraftMixin from mod aeronautics,pl:mixin:APP:mixins.iris.json:MixinMinecraft_Images from mod iris,pl:mixin:APP:mixins.iris.json:MixinMinecraft_Keybinds from mod iris,pl:mixin:APP:mixins.iris.json:MixinMinecraft_PipelineManagement from mod iris,pl:mixin:APP:veil.debug.mixins.json:client.DebugMinecraftMixin from mod veil,pl:mixin:APP:veil.pipeline.mixins.json:client.PipelineMinecraftMixin from mod veil,pl:mixin:APP:veil.neoforge.mixins.json:client.MinecraftMixin from mod veil,pl:mixin:APP:simulated.mixins.json:handle.MinecraftMixin from mod simulated,pl:mixin:APP:immediatelyfast-common.mixins.json:core.MixinMinecraftClient from mod immediatelyfast,pl:mixin:APP:sodium-common.mixins.json:core.MinecraftMixin from mod sodium,pl:mixin:APP:sodium-neoforge.mixins.json:platform.neoforge.EntrypointMixin from mod sodium,pl:mixin:APP:flywheel.impl.mixins.json:MinecraftMixin from mod flywheel,pl:mixin:APP:ponder-common.mixins.json:client.WindowResizeMixin from mod ponder,pl:mixin:APP:create.mixins.json:accessor.MinecraftAccessor from mod create,pl:mixin:APP:sable.mixins.json:camera.new_camera_types.MinecraftMixin from mod sable,pl:mixin:APP:sable.mixins.json:plot.MinecraftMixin from mod sable,pl:mixin:APP:sable.mixins.json:punching.MinecraftMixin from mod sable,pl:mixin:APP:mekanism_ponders.mixins.json:AccessorMinecraft from mod mekanism_ponders,pl:mixin:A,pl:runtimedistcleaner:A}
	at TRANSFORMER/minecraft@1.21.1/net.minecraft.client.main.Main.main(Main.java:230) ~[client-1.21.1-20240808.144430-srg.jar%23173!/:?] {re:mixin,pl:runtimedistcleaner:A,re:classloading,pl:mixin:APP:veil.debug.mixins.json:client.DebugMainMixin from mod veil,pl:mixin:A,pl:runtimedistcleaner:A}
	at java.base/jdk.internal.reflect.DirectMethodHandleAccessor.invoke(Unknown Source) ~[?:?] {}
	at java.base/java.lang.reflect.Method.invoke(Unknown Source) ~[?:?] {re:mixin}
	at MC-BOOTSTRAP/fml_loader@4.0.43/net.neoforged.fml.loading.targets.CommonLaunchHandler.runTarget(CommonLaunchHandler.java:136) ~[loader-4.0.43.jar%23119!/:4.0] {}
	at MC-BOOTSTRAP/fml_loader@4.0.43/net.neoforged.fml.loading.targets.CommonLaunchHandler.clientService(CommonLaunchHandler.java:124) ~[loader-4.0.43.jar%23119!/:4.0] {}
	at MC-BOOTSTRAP/fml_loader@4.0.43/net.neoforged.fml.loading.targets.CommonClientLaunchHandler.runService(CommonClientLaunchHandler.java:32) ~[loader-4.0.43.jar%23119!/:4.0] {}
	at MC-BOOTSTRAP/fml_loader@4.0.43/net.neoforged.fml.loading.targets.CommonLaunchHandler.lambda$launchService$4(CommonLaunchHandler.java:118) ~[loader-4.0.43.jar%23119!/:4.0] {}
	at MC-BOOTSTRAP/cpw.mods.modlauncher@11.0.5/cpw.mods.modlauncher.LaunchServiceHandlerDecorator.launch(LaunchServiceHandlerDecorator.java:30) [modlauncher-11.0.5.jar%23124!/:?] {}
	at MC-BOOTSTRAP/cpw.mods.modlauncher@11.0.5/cpw.mods.modlauncher.LaunchServiceHandler.launch(LaunchServiceHandler.java:53) [modlauncher-11.0.5.jar%23124!/:?] {}
	at MC-BOOTSTRAP/cpw.mods.modlauncher@11.0.5/cpw.mods.modlauncher.LaunchServiceHandler.launch(LaunchServiceHandler.java:71) [modlauncher-11.0.5.jar%23124!/:?] {}
	at MC-BOOTSTRAP/cpw.mods.modlauncher@11.0.5/cpw.mods.modlauncher.Launcher.run(Launcher.java:103) [modlauncher-11.0.5.jar%23124!/:?] {}
	at MC-BOOTSTRAP/cpw.mods.modlauncher@11.0.5/cpw.mods.modlauncher.Launcher.main(Launcher.java:74) [modlauncher-11.0.5.jar%23124!/:?] {}
	at MC-BOOTSTRAP/cpw.mods.modlauncher@11.0.5/cpw.mods.modlauncher.BootstrapLaunchConsumer.accept(BootstrapLaunchConsumer.java:26) [modlauncher-11.0.5.jar%23124!/:?] {}
	at MC-BOOTSTRAP/cpw.mods.modlauncher@11.0.5/cpw.mods.modlauncher.BootstrapLaunchConsumer.accept(BootstrapLaunchConsumer.java:23) [modlauncher-11.0.5.jar%23124!/:?] {}
	at cpw.mods.bootstraplauncher@2.0.2/cpw.mods.bootstraplauncher.BootstrapLauncher.run(BootstrapLauncher.java:210) [bootstraplauncher-2.0.2.jar:?] {}
	at cpw.mods.bootstraplauncher@2.0.2/cpw.mods.bootstraplauncher.BootstrapLauncher.main(BootstrapLauncher.java:69) [bootstraplauncher-2.0.2.jar:?] {}


-- Uptime --
Details:
	JVM uptime: 224.338s
	Wall uptime: 190.959s
	High-res time: 219.333s
	Client ticks: 2727 ticks / 136.350s
Stacktrace:
	at TRANSFORMER/minecraft@1.21.1/net.minecraft.client.Minecraft.fillReport(Minecraft.java:2395) ~[client-1.21.1-20240808.144430-srg.jar%23173!/:?] {re:mixin,pl:accesstransformer:B,pl:runtimedistcleaner:A,re:classloading,pl:accesstransformer:B,pl:mixin:APP:ae2.mixins.json:PickColorMixin from mod ae2,pl:mixin:APP:aeronautics.mixins.json:custom_situational_music.MinecraftMixin from mod aeronautics,pl:mixin:APP:mixins.iris.json:MixinMinecraft_Images from mod iris,pl:mixin:APP:mixins.iris.json:MixinMinecraft_Keybinds from mod iris,pl:mixin:APP:mixins.iris.json:MixinMinecraft_PipelineManagement from mod iris,pl:mixin:APP:veil.debug.mixins.json:client.DebugMinecraftMixin from mod veil,pl:mixin:APP:veil.pipeline.mixins.json:client.PipelineMinecraftMixin from mod veil,pl:mixin:APP:veil.neoforge.mixins.json:client.MinecraftMixin from mod veil,pl:mixin:APP:simulated.mixins.json:handle.MinecraftMixin from mod simulated,pl:mixin:APP:immediatelyfast-common.mixins.json:core.MixinMinecraftClient from mod immediatelyfast,pl:mixin:APP:sodium-common.mixins.json:core.MinecraftMixin from mod sodium,pl:mixin:APP:sodium-neoforge.mixins.json:platform.neoforge.EntrypointMixin from mod sodium,pl:mixin:APP:flywheel.impl.mixins.json:MinecraftMixin from mod flywheel,pl:mixin:APP:ponder-common.mixins.json:client.WindowResizeMixin from mod ponder,pl:mixin:APP:create.mixins.json:accessor.MinecraftAccessor from mod create,pl:mixin:APP:sable.mixins.json:camera.new_camera_types.MinecraftMixin from mod sable,pl:mixin:APP:sable.mixins.json:plot.MinecraftMixin from mod sable,pl:mixin:APP:sable.mixins.json:punching.MinecraftMixin from mod sable,pl:mixin:APP:mekanism_ponders.mixins.json:AccessorMinecraft from mod mekanism_ponders,pl:mixin:A,pl:runtimedistcleaner:A}
	at TRANSFORMER/minecraft@1.21.1/net.minecraft.client.Minecraft.emergencySaveAndCrash(Minecraft.java:868) ~[client-1.21.1-20240808.144430-srg.jar%23173!/:?] {re:mixin,pl:accesstransformer:B,pl:runtimedistcleaner:A,re:classloading,pl:accesstransformer:B,pl:mixin:APP:ae2.mixins.json:PickColorMixin from mod ae2,pl:mixin:APP:aeronautics.mixins.json:custom_situational_music.MinecraftMixin from mod aeronautics,pl:mixin:APP:mixins.iris.json:MixinMinecraft_Images from mod iris,pl:mixin:APP:mixins.iris.json:MixinMinecraft_Keybinds from mod iris,pl:mixin:APP:mixins.iris.json:MixinMinecraft_PipelineManagement from mod iris,pl:mixin:APP:veil.debug.mixins.json:client.DebugMinecraftMixin from mod veil,pl:mixin:APP:veil.pipeline.mixins.json:client.PipelineMinecraftMixin from mod veil,pl:mixin:APP:veil.neoforge.mixins.json:client.MinecraftMixin from mod veil,pl:mixin:APP:simulated.mixins.json:handle.MinecraftMixin from mod simulated,pl:mixin:APP:immediatelyfast-common.mixins.json:core.MixinMinecraftClient from mod immediatelyfast,pl:mixin:APP:sodium-common.mixins.json:core.MinecraftMixin from mod sodium,pl:mixin:APP:sodium-neoforge.mixins.json:platform.neoforge.EntrypointMixin from mod sodium,pl:mixin:APP:flywheel.impl.mixins.json:MinecraftMixin from mod flywheel,pl:mixin:APP:ponder-common.mixins.json:client.WindowResizeMixin from mod ponder,pl:mixin:APP:create.mixins.json:accessor.MinecraftAccessor from mod create,pl:mixin:APP:sable.mixins.json:camera.new_camera_types.MinecraftMixin from mod sable,pl:mixin:APP:sable.mixins.json:plot.MinecraftMixin from mod sable,pl:mixin:APP:sable.mixins.json:punching.MinecraftMixin from mod sable,pl:mixin:APP:mekanism_ponders.mixins.json:AccessorMinecraft from mod mekanism_ponders,pl:mixin:A,pl:runtimedistcleaner:A}
	at TRANSFORMER/minecraft@1.21.1/net.minecraft.client.Minecraft.run(Minecraft.java:825) ~[client-1.21.1-20240808.144430-srg.jar%23173!/:?] {re:mixin,pl:accesstransformer:B,pl:runtimedistcleaner:A,re:classloading,pl:accesstransformer:B,pl:mixin:APP:ae2.mixins.json:PickColorMixin from mod ae2,pl:mixin:APP:aeronautics.mixins.json:custom_situational_music.MinecraftMixin from mod aeronautics,pl:mixin:APP:mixins.iris.json:MixinMinecraft_Images from mod iris,pl:mixin:APP:mixins.iris.json:MixinMinecraft_Keybinds from mod iris,pl:mixin:APP:mixins.iris.json:MixinMinecraft_PipelineManagement from mod iris,pl:mixin:APP:veil.debug.mixins.json:client.DebugMinecraftMixin from mod veil,pl:mixin:APP:veil.pipeline.mixins.json:client.PipelineMinecraftMixin from mod veil,pl:mixin:APP:veil.neoforge.mixins.json:client.MinecraftMixin from mod veil,pl:mixin:APP:simulated.mixins.json:handle.MinecraftMixin from mod simulated,pl:mixin:APP:immediatelyfast-common.mixins.json:core.MixinMinecraftClient from mod immediatelyfast,pl:mixin:APP:sodium-common.mixins.json:core.MinecraftMixin from mod sodium,pl:mixin:APP:sodium-neoforge.mixins.json:platform.neoforge.EntrypointMixin from mod sodium,pl:mixin:APP:flywheel.impl.mixins.json:MinecraftMixin from mod flywheel,pl:mixin:APP:ponder-common.mixins.json:client.WindowResizeMixin from mod ponder,pl:mixin:APP:create.mixins.json:accessor.MinecraftAccessor from mod create,pl:mixin:APP:sable.mixins.json:camera.new_camera_types.MinecraftMixin from mod sable,pl:mixin:APP:sable.mixins.json:plot.MinecraftMixin from mod sable,pl:mixin:APP:sable.mixins.json:punching.MinecraftMixin from mod sable,pl:mixin:APP:mekanism_ponders.mixins.json:AccessorMinecraft from mod mekanism_ponders,pl:mixin:A,pl:runtimedistcleaner:A}
	at TRANSFORMER/minecraft@1.21.1/net.minecraft.client.main.Main.main(Main.java:230) ~[client-1.21.1-20240808.144430-srg.jar%23173!/:?] {re:mixin,pl:runtimedistcleaner:A,re:classloading,pl:mixin:APP:veil.debug.mixins.json:client.DebugMainMixin from mod veil,pl:mixin:A,pl:runtimedistcleaner:A}
	at java.base/jdk.internal.reflect.DirectMethodHandleAccessor.invoke(Unknown Source) ~[?:?] {}
	at java.base/java.lang.reflect.Method.invoke(Unknown Source) ~[?:?] {re:mixin}
	at MC-BOOTSTRAP/fml_loader@4.0.43/net.neoforged.fml.loading.targets.CommonLaunchHandler.runTarget(CommonLaunchHandler.java:136) ~[loader-4.0.43.jar%23119!/:4.0] {}
	at MC-BOOTSTRAP/fml_loader@4.0.43/net.neoforged.fml.loading.targets.CommonLaunchHandler.clientService(CommonLaunchHandler.java:124) ~[loader-4.0.43.jar%23119!/:4.0] {}
	at MC-BOOTSTRAP/fml_loader@4.0.43/net.neoforged.fml.loading.targets.CommonClientLaunchHandler.runService(CommonClientLaunchHandler.java:32) ~[loader-4.0.43.jar%23119!/:4.0] {}
	at MC-BOOTSTRAP/fml_loader@4.0.43/net.neoforged.fml.loading.targets.CommonLaunchHandler.lambda$launchService$4(CommonLaunchHandler.java:118) ~[loader-4.0.43.jar%23119!/:4.0] {}
	at MC-BOOTSTRAP/cpw.mods.modlauncher@11.0.5/cpw.mods.modlauncher.LaunchServiceHandlerDecorator.launch(LaunchServiceHandlerDecorator.java:30) [modlauncher-11.0.5.jar%23124!/:?] {}
	at MC-BOOTSTRAP/cpw.mods.modlauncher@11.0.5/cpw.mods.modlauncher.LaunchServiceHandler.launch(LaunchServiceHandler.java:53) [modlauncher-11.0.5.jar%23124!/:?] {}
	at MC-BOOTSTRAP/cpw.mods.modlauncher@11.0.5/cpw.mods.modlauncher.LaunchServiceHandler.launch(LaunchServiceHandler.java:71) [modlauncher-11.0.5.jar%23124!/:?] {}
	at MC-BOOTSTRAP/cpw.mods.modlauncher@11.0.5/cpw.mods.modlauncher.Launcher.run(Launcher.java:103) [modlauncher-11.0.5.jar%23124!/:?] {}
	at MC-BOOTSTRAP/cpw.mods.modlauncher@11.0.5/cpw.mods.modlauncher.Launcher.main(Launcher.java:74) [modlauncher-11.0.5.jar%23124!/:?] {}
	at MC-BOOTSTRAP/cpw.mods.modlauncher@11.0.5/cpw.mods.modlauncher.BootstrapLaunchConsumer.accept(BootstrapLaunchConsumer.java:26) [modlauncher-11.0.5.jar%23124!/:?] {}
	at MC-BOOTSTRAP/cpw.mods.modlauncher@11.0.5/cpw.mods.modlauncher.BootstrapLaunchConsumer.accept(BootstrapLaunchConsumer.java:23) [modlauncher-11.0.5.jar%23124!/:?] {}
	at cpw.mods.bootstraplauncher@2.0.2/cpw.mods.bootstraplauncher.BootstrapLauncher.run(BootstrapLauncher.java:210) [bootstraplauncher-2.0.2.jar:?] {}
	at cpw.mods.bootstraplauncher@2.0.2/cpw.mods.bootstraplauncher.BootstrapLauncher.main(BootstrapLauncher.java:69) [bootstraplauncher-2.0.2.jar:?] {}


-- Affected level --
Details:
	All players: 1 total; [LocalPlayer['Trail_Akivili'/1, l='ClientLevel', x=27.19, y=56.00, z=-2.15]]
	Chunk stats: 361, 201
	Level dimension: minecraft:overworld
	Level spawn location: World: (0,56,0), Section: (at 0,8,0 in 0,3,0; chunk contains blocks 0,-64,0 to 15,319,15), Region: (0,0; contains chunks 0,0 to 31,31, blocks 0,-64,0 to 511,319,511)
	Level time: 1455 game time, 1455 day time
	Server brand: neoforge
	Server type: Integrated singleplayer server
	Tracked entity count: 1

-- Last reload --
Details:
	Reload number: 1
	Reload reason: initial
	Finished: Yes
	Packs: vanilla, mod_resources, mod/sodium, mod/gl4esstencilfix, mod/fabric_api_base, mod/fabric_renderer_api_v1, mod/jade, mod/customskinloader, mod/jei, mod/ae2, mod/aeronautics, mod/aeronautics_bundled, mod/flerovium, mod/mekanism, mod/sablecompanion, mod/veinminer, mod/neoforge, mod/fabric_block_view_api_v2, mod/iris, mod/veil, mod/sableandroidpatch, mod/simulated, mod/immediatelyfast, mod/guideme, mod/lanserverproperties, mod/mekanismgenerators, mod/fabric_rendering_data_attachment_v1, mod/mr_tree_veinminer, mod/createbetterfps, mod/colorwheel, mod/flywheel, mod/ponder, mod/create, mod/sable, mod/mekanism_ponders, mod/offroad, mod/create_connected, mod/irisveil

-- System Details --
Details:
	Minecraft Version: 1.21.1
	Minecraft Version ID: 1.21.1
	Operating System: Linux (aarch64) version Android-16
	Java Version: 21.0.1-internal, N/A
	Java VM Version: OpenJDK 64-Bit Server VM (mixed mode), Oracle Corporation
	Memory: 2720006144 bytes (2594 MiB) / 4294967296 bytes (4096 MiB) up to 4294967296 bytes (4096 MiB)
	CPUs: 8
	Processor Vendor: 0x41
	Processor Name: 
	Identifier: 0x41 Family 8 Model 0xd4d Stepping r1p2
	Microarchitecture: unknown
	Frequency (GHz): -0.00
	Number of physical packages: 3
	Number of physical CPUs: 8
	Number of logical CPUs: 8
	Graphics card #0 name: unknown
	Graphics card #0 vendor: unknown
	Graphics card #0 VRAM (MiB): 0.00
	Graphics card #0 deviceId: unknown
	Graphics card #0 versionInfo: unknown
	Virtual memory max (MiB): 17916.11
	Virtual memory used (MiB): 17594.08
	Swap memory total (MiB): 12288.00
	Swap memory used (MiB): 8110.48
	Space in storage for jna.tmpdir (MiB): available: 37597.19, total: 229262.58
	Space in storage for org.lwjgl.system.SharedLibraryExtractPath (MiB): available: 37597.19, total: 229262.58
	Space in storage for io.netty.native.workdir (MiB): available: 37597.19, total: 229262.58
	Space in storage for java.io.tmpdir (MiB): available: 37597.19, total: 229262.58
	Space in storage for workdir (MiB): available: 37597.19, total: 229262.58
	JVM Flags: 4 total; -Xms4096M -Xmx4096M -XX:ActiveProcessorCount=8 -Xbootclasspath/a:/data/user/0/com.movtery.zalithlauncher.v2/files/components/caciocavallo17/cacio-agent.jar:/data/user/0/com.movtery.zalithlauncher.v2/files/components/caciocavallo17/cacio-shared-1.19.1-SNAPSHOT.jar:/data/user/0/com.movtery.zalithlauncher.v2/files/components/caciocavallo17/cacio-tta-1.19.1-SNAPSHOT.jar
	Loaded Shaderpack: ComplementaryReimagined_r5.8.1.zip (fallback)
		Profile: HIGH (+0 options changed by user)
	Launched Version: 1.21.1 NeoForge 21.1.244_changed
	Launcher name: Zalith Launcher
	Backend library: LWJGL version 3.3.6-snapshot
	Backend API: Adreno (TM) 720 | OpenGL ES 3.2 GL version 4.0.0 MobileGlues 1.3.5, Swung0x48, BZLZHH, Tungsten
	Window size: 2828x1272
	GFLW Platform: x11
	GL Caps: Using framebuffer using OpenGL 3.2
	GL debug messages: <disabled>
	Is Modded: Definitely; Client brand changed to 'neoforge'; Server brand changed to 'neoforge'
	Universe: 400921fb54442d18
	Type: Integrated Server (map_client.txt)
	Graphics mode: fast
	Render Distance: 6/6 chunks
	Resource Packs: vanilla, mod_resources, mod/sodium, mod/gl4esstencilfix, mod/fabric_api_base, mod/fabric_renderer_api_v1, mod/jade (incompatible), mod/customskinloader (incompatible), mod/jei, mod/ae2 (incompatible), mod/aeronautics (incompatible), mod/aeronautics_bundled, mod/flerovium (incompatible), mod/mekanism, mod/sablecompanion, mod/veinminer, mod/neoforge, mod/fabric_block_view_api_v2, mod/iris, mod/veil (incompatible), mod/sableandroidpatch, mod/simulated (incompatible), mod/immediatelyfast (incompatible), mod/guideme, mod/lanserverproperties, mod/mekanismgenerators, mod/fabric_rendering_data_attachment_v1, mod/mr_tree_veinminer (incompatible), mod/createbetterfps (incompatible), mod/colorwheel, mod/flywheel, mod/ponder (incompatible), mod/create (incompatible), mod/sable, mod/mekanism_ponders, mod/offroad (incompatible), mod/create_connected (incompatible), mod/irisveil
	Current Language: zh_cn
	Locale: zh_CN
	System encoding: UTF-8
	File encoding: UTF-8
	CPU: 8x 
	Server Running: true
	Player Count: 1 / 8; [ServerPlayer['Trail_Akivili'/1, l='ServerLevel[新的世界]', x=27.19, y=56.00, z=-2.15]]
	Active Data Packs: create:dynamic_data, vanilla, mod_data, mod/sodium, mod/gl4esstencilfix (incompatible), mod/fabric_api_base, mod/fabric_renderer_api_v1, mod/jade (incompatible), mod/customskinloader (incompatible), mod/jei (incompatible), mod/ae2 (incompatible), mod/aeronautics (incompatible), mod/aeronautics_bundled, mod/flerovium (incompatible), mod/mekanism, mod/sablecompanion, mod/veinminer, mod/neoforge, mod/fabric_block_view_api_v2, mod/iris, mod/veil (incompatible), mod/sableandroidpatch, mod/simulated (incompatible), mod/immediatelyfast (incompatible), mod/guideme, mod/lanserverproperties, mod/mekanismgenerators, mod/fabric_rendering_data_attachment_v1, mod/mr_tree_veinminer, mod/createbetterfps (incompatible), mod/colorwheel, mod/flywheel (incompatible), mod/ponder (incompatible), mod/create (incompatible), mod/sable, mod/mekanism_ponders, mod/offroad (incompatible), mod/create_connected (incompatible), mod/irisveil
	Available Data Packs: bundle, trade_rebalance, vanilla, mod/ae2 (incompatible), mod/aeronautics (incompatible), mod/aeronautics_bundled, mod/colorwheel, mod/create (incompatible), mod/create_connected (incompatible), mod/createbetterfps (incompatible), mod/customskinloader (incompatible), mod/fabric_api_base, mod/fabric_block_view_api_v2, mod/fabric_renderer_api_v1, mod/fabric_rendering_data_attachment_v1, mod/flerovium (incompatible), mod/flywheel (incompatible), mod/gl4esstencilfix (incompatible), mod/guideme, mod/immediatelyfast (incompatible), mod/iris, mod/irisveil, mod/jade (incompatible), mod/jei (incompatible), mod/lanserverproperties, mod/mekanism, mod/mekanism_ponders, mod/mekanismgenerators, mod/mr_tree_veinminer, mod/neoforge, mod/offroad (incompatible), mod/ponder (incompatible), mod/sable, mod/sableandroidpatch, mod/sablecompanion, mod/simulated (incompatible), mod/sodium, mod/veil (incompatible), mod/veinminer, mod_data, create:dynamic_data
	Enabled Feature Flags: minecraft:vanilla
	World Generation: Stable
	World Seed: -28556021751943923
	ModLauncher: 11.0.5+main.901c6ea8
	ModLauncher launch target: forgeclient
	ModLauncher services: 
		sponge-mixin-0.15.2+mixin.0.8.7.jar mixin PLUGINSERVICE 
		loader-4.0.43.jar slf4jfixer PLUGINSERVICE 
		loader-4.0.43.jar runtime_enum_extender PLUGINSERVICE 
		at-modlauncher-10.0.1.jar accesstransformer PLUGINSERVICE 
		loader-4.0.43.jar runtimedistcleaner PLUGINSERVICE 
		modlauncher-11.0.5.jar mixin TRANSFORMATIONSERVICE 
		modlauncher-11.0.5.jar fml TRANSFORMATIONSERVICE 
		modlauncher-11.0.5.jar customskinloader-bootstrap TRANSFORMATIONSERVICE 
	FML Language Providers: 
		klf@2.12.2
		javafml@4.0
		lowcodefml@4.0
		minecraft@4.0
	Mod List: 
		appliedenergistics2-19.2.17.jar                   |Applied Energistics 2         |ae2                           |19.2.17             |Manifest: NOSIGNATURE
		colorwheel-neoforge-1.2.9+mc1.21.1.jar            |Colorwheel                    |colorwheel                    |1.2.9+mc1.21.1      |Manifest: NOSIGNATURE
		create-1.21.1-6.0.10.jar                          |Create                        |create                        |6.0.10              |Manifest: NOSIGNATURE
		dev.eriksonn.aeronautics.aeronautics-neoforge-1.21|Create Aeronautics            |aeronautics                   |1.3.0               |Manifest: NOSIGNATURE
		create-aeronautics-bundled-1.21.1-1.3.0.jar       |Create Aeronautics            |aeronautics_bundled           |1.3.0               |Manifest: NOSIGNATURE
		dev.ryanhcode.offroad.offroad-neoforge-1.21.1-1.3.|Create Offroad                |offroad                       |1.3.0               |Manifest: NOSIGNATURE
		dev.simulated_team.simulated.simulated-neoforge-1.|Create Simulated              |simulated                     |1.3.0               |Manifest: NOSIGNATURE
		create_connected-1.3.2-mc1.21.1.jar               |Create: Connected             |create_connected              |1.3.2-mc1.21.1      |Manifest: NOSIGNATURE
		createbetterfps-1.21.1-1.1.4.jar                  |CreateBetterFps               |createbetterfps               |1.1.4               |Manifest: NOSIGNATURE
		CustomSkinLoader-Common.jar                       |CustomSkinLoader              |customskinloader              |15.0.1              |Manifest: NOSIGNATURE
		flerovium-neoforge-1.21.1-1.1.2-all.jar           |Flerovium                     |flerovium                     |1.1.2               |Manifest: NOSIGNATURE
		flywheel-neoforge-1.21.1-1.0.6.jar                |Flywheel                      |flywheel                      |1.0.6               |Manifest: NOSIGNATURE
		fabric-api-base-0.4.42+d1308ded19.jar             |Forgified Fabric API Base     |fabric_api_base               |0.4.42+d1308ded19   |Manifest: NOSIGNATURE
		fabric-block-view-api-v2-1.0.10+9afaaf8c19.jar    |Forgified Fabric BlockView API|fabric_block_view_api_v2      |1.0.10+9afaaf8c19   |Manifest: NOSIGNATURE
		fabric-renderer-api-v1-3.4.1+9125b6dc19.jar       |Forgified Fabric Renderer API |fabric_renderer_api_v1        |3.4.1+9125b6dc19    |Manifest: NOSIGNATURE
		fabric-rendering-data-attachment-v1-0.3.48+73761d2|Forgified Fabric Rendering Dat|fabric_rendering_data_attachme|0.3.48+73761d2e19   |Manifest: NOSIGNATURE
		gl4es-stencil-fix-neoforge-1.21.1.jar             |GL4ES Stencil Fix             |gl4esstencilfix               |1.0.0               |Manifest: NOSIGNATURE
		guideme-21.1.17.jar                               |GuideME                       |guideme                       |21.1.17             |Manifest: NOSIGNATURE
		ImmediatelyFast-NeoForge-1.6.11+1.21.1.jar        |ImmediatelyFast               |immediatelyfast               |1.6.11+1.21.1       |Manifest: NOSIGNATURE
		iris-neoforge-1.8.14-beta.1+mc1.21.1.jar          |Iris                          |iris                          |1.8.14-beta.1+mc1.21|Manifest: NOSIGNATURE
		irisveil-0.3.0.jar                                |Iris Veil Compat              |irisveil                      |0.3.0               |Manifest: NOSIGNATURE
		Jade-1.21.1-NeoForge-15.10.6.jar                  |Jade                          |jade                          |15.10.6+neoforge    |Manifest: NOSIGNATURE
		jei-1.21.1-neoforge-19.43.0.395.jar               |Just Enough Items             |jei                           |19.43.0.395         |Manifest: NOSIGNATURE
		lanserverproperties-1.13.2-neoforge.jar           |Lan Server Properties         |lanserverproperties           |1.13.2              |Manifest: NOSIGNATURE
		Mekanism-1.21.1-10.7.19.85.jar                    |Mekanism                      |mekanism                      |10.7.19             |Manifest: NOSIGNATURE
		MekanismGenerators-1.21.1-10.7.19.85.jar          |Mekanism: Generators          |mekanismgenerators            |10.7.19             |Manifest: NOSIGNATURE
		mekanism_ponders-1.0.3-1.21.1.jar                 |Mekanism: Ponders             |mekanism_ponders              |1.0.3-1.21.1        |Manifest: NOSIGNATURE
		client-1.21.1-20240808.144430-srg.jar             |Minecraft                     |minecraft                     |1.21.1              |Manifest: a1:d4:5e:04:4f:d3:d6:e0:7b:37:97:cf:77:b0:de:ad:4a:47:ce:8c:96:49:5f:0a:cf:8c:ae:b2:6d:4b:8a:3f
		neoforge-21.1.244-universal.jar                   |NeoForge                      |neoforge                      |21.1.244            |Manifest: NOSIGNATURE
		ponder-neoforge-1.0.82+mc1.21.1.jar               |Ponder                        |ponder                        |1.0.82+mc1.21.1     |Manifest: NOSIGNATURE
		sable-neoforge-1.21.1-2.0.3.jar                   |Sable                         |sable                         |2.0.3               |Manifest: NOSIGNATURE
		sable-companion-common-1.21.1-1.6.0.jar           |Sable Companion               |sablecompanion                |1.6.0               |Manifest: NOSIGNATURE
		sable-android-patch-2.0.3.jar                     |SableAndroidPatch             |sableandroidpatch             |2.0.3               |Manifest: NOSIGNATURE
		net.caffeinemc.sodium-neoforge-0.8.13-beta.2+mc1.2|Sodium                        |sodium                        |0.8.13-beta.2+mc1.21|Manifest: NOSIGNATURE
		tree-vein-miner-2.0.0.jar                         |Tree Vein Miner               |mr_tree_veinminer             |2.0.0               |Manifest: NOSIGNATURE
		veil-neoforge-1.21.1-4.1.4.jar                    |Veil                          |veil                          |4.1.4               |Manifest: NOSIGNATURE
		veinminer-neoforge-2.11.2+1.21.1.jar              |Veinminer                     |veinminer                     |2.11.2              |Manifest: NOSIGNATURE
	Crash Report UUID: df8fbada-f1db-42f2-ae2d-897448c0fede
	FML: 4.0.43
	NeoForge: 21.1.244
	Flywheel Backend: flywheel:off
[00:14:47] [Render thread/FATAL] [ne.ne.ne.co.NeoForgeMod/]: Preparing crash report with UUID fb6c9c6c-ae6b-4253-a148-ecb33b4f49a8
#@!@# Game crashed! Crash report saved to: #@!@# /storage/emulated/0/Android/data/com.movtery.zalithlauncher.v2/files/.minecraft/versions/1.21.1 NeoForge/crash-reports/crash-2026-09-02_00.14.47-client.txt
