#
# A fatal error has been detected by the Java Runtime Environment:
#
#  SIGSEGV (0xb) at pc=0x0000007cee765690, pid=13569, tid=13672
#
# JRE version: OpenJDK Runtime Environment (25.0.3) (build 25.0.3-internal-adhoc.runner.openjdk)
# Java VM: OpenJDK 64-Bit Server VM (25.0.3-internal-adhoc.runner.openjdk, mixed mode, tiered, compressed oops, compressed class ptrs, g1 gc, linux-aarch64)
# Problematic frame:
# C  0x0000007cee765690
#
# Core dump will be written. Default location: core.13569 (may not exist)
#
# If you would like to submit a bug report, please visit:
#   https://bugreport.java.com/bugreport/crash.jsp
# The crash happened outside the Java Virtual Machine in native code.
# See problematic frame for where to report the bug.
#

---------------  S U M M A R Y ------------

Command Line: -Djava.home=/data/user/0/com.movtery.zalithlauncher.v2/files/games/runtimes/Internal-25 -Djava.io.tmpdir=/data/user/0/com.movtery.zalithlauncher.v2/cache -Djna.boot.library.path=/data/user/0/com.movtery.zalithlauncher.v2/files/games/jna_dir/jna/5.17.0 -Duser.home=/storage/emulated/0/Android/data/com.movtery.zalithlauncher.v2/files/.minecraft -Duser.language=zh -Duser.country=CN -Duser.timezone=Asia/Shanghai -Dos.name=Linux -Dos.version=Android-16 -Dpojav.path.minecraft=/storage/emulated/0/Android/data/com.movtery.zalithlauncher.v2/files/.minecraft -Dpojav.path.private.account=/data/user/0/com.movtery.zalithlauncher.v2/databases -Dorg.lwjgl.vulkan.libname=libvulkan.so -Dglfwstub.windowWidth=2828 -Dglfwstub.windowHeight=1272 -Dglfwstub.initEgl=false -Dext.net.resolvPath=/data/user/0/com.movtery.zalithlauncher.v2/files/games/resolv.conf -Dlog4j2.formatMsgNoLookups=true -Djava.rmi.server.useCodebaseOnly=true -Dcom.sun.jndi.rmi.object.trustURLCodebase=false -Dcom.sun.jndi.cosnaming.object.trustURLCodebase=false -Dnet.minecraft.clientmodname=Zalith Launcher -Dfml.earlyprogresswindow=false -Dfml.ignoreInvalidMinecraftCertificates=true -Dfml.ignorePatchDiscrepancies=true -Dloader.disable_forked_guis=true -Djdk.lang.Process.launchMechanism=FORK -Dsodium.checks.issue2561=false -javaagent:/data/user/0/com.movtery.zalithlauncher.v2/files/components/launcher/MioLibPatcher.jar -Xms4096M -Xmx4096M -Dorg.lwjgl.openal.libname=/data/app/~~YuncQEj0Rruyt6y_-RebSA==/com.movtery.zalithlauncher.v2-JtRzSV7VpInkzDcyzopsqQ==/lib/arm64/libopenal.so -Dorg.lwjgl.freetype.libname=/data/app/~~YuncQEj0Rruyt6y_-RebSA==/com.movtery.zalithlauncher.v2-JtRzSV7VpInkzDcyzopsqQ==/lib/arm64/libfreetype.so -Dorg.lwjgl.spvc.libname=spirv-cross-c-shared -Dorg.lwjgl.system.allocator=system -XX:ActiveProcessorCount=8 -Dorg.lwjgl.opengl.libname=/data/app/~~QKEs1JII7EGqWaUN30S5Ew==/com.fcl.plugin.mobileglues--v6YcgpMiEwZGl3weWR_XA==/lib/arm64/libmobileglues.so -Djava.awt.headless=false -Dcacio.managed.screensize=2828x1272 -Dcacio.font.fontmanager=sun.awt.X11FontManager -Dcacio.font.fontscaler=sun.font.FreetypeFontScaler -Dswing.defaultlaf=javax.swing.plaf.nimbus.NimbusLookAndFeel -Dawt.toolkit=com.github.caciocavallosilano.cacio.ctc.CTCToolkit -Djava.awt.graphicsenv=com.github.caciocavallosilano.cacio.ctc.CTCGraphicsEnvironment -javaagent:/data/user/0/com.movtery.zalithlauncher.v2/files/components/caciocavallo17/cacio-agent.jar --add-exports=java.desktop/java.awt=ALL-UNNAMED --add-exports=java.desktop/java.awt.peer=ALL-UNNAMED --add-exports=java.desktop/sun.awt.image=ALL-UNNAMED --add-exports=java.desktop/sun.java2d=ALL-UNNAMED --add-exports=java.desktop/java.awt.dnd.peer=ALL-UNNAMED --add-exports=java.desktop/sun.awt=ALL-UNNAMED --add-exports=java.desktop/sun.awt.event=ALL-UNNAMED --add-exports=java.desktop/sun.awt.datatransfer=ALL-UNNAMED --add-exports=java.desktop/sun.font=ALL-UNNAMED --add-exports=java.base/sun.security.action=ALL-UNNAMED --add-opens=java.base/java.util=ALL-UNNAMED --add-opens=java.desktop/java.awt=ALL-UNNAMED --add-opens=java.desktop/sun.font=ALL-UNNAMED --add-opens=java.desktop/sun.java2d=ALL-UNNAMED --add-opens=java.base/java.lang.reflect=ALL-UNNAMED --add-opens=java.base/java.net=ALL-UNNAMED -Xbootclasspath/a:/data/user/0/com.movtery.zalithlauncher.v2/files/components/caciocavallo17/cacio-agent.jar:/data/user/0/com.movtery.zalithlauncher.v2/files/components/caciocavallo17/cacio-shared-1.19.1-SNAPSHOT.jar:/data/user/0/com.movtery.zalithlauncher.v2/files/components/caciocavallo17/cacio-tta-1.19.1-SNAPSHOT.jar -Dlog4j.configurationFile=/storage/emulated/0/Android/data/com.movtery.zalithlauncher.v2/files/.minecraft/versions/26.2 NeoForge 26.2.0.59/log4j2.xml -Dminecraft.client.jar=/storage/emulated/0/Android/data/com.movtery.zalithlauncher.v2/files/.minecraft/versions/26.2 NeoForge 26.2.0.59/26.2 NeoForge 26.2.0.59.jar -Dminecraft.launcher.brand=Zalith Launcher -Dminecraft.launcher.version=2.4.11 --sun-misc-unsafe-memory-access=allow --enable-native-access=ALL-UNNAMED -Djava.library.path=/data/app/~~QKEs1JII7EGqWaUN30S5Ew==/com.fcl.plugin.mobileglues--v6YcgpMiEwZGl3weWR_XA==/lib/arm64:/data/user/0/com.movtery.zalithlauncher.v2/files/games/runtimes/Internal-25/lib/jli:/data/user/0/com.movtery.zalithlauncher.v2/files/games/runtimes/Internal-25/lib/server:/system/lib64:/vendor/lib64:/vendor/lib64/hw:/system_ext/lib64:/data/user/0/com.movtery.zalithlauncher.v2/files/games/jna_dir/jna:/data/user/0/com.movtery.zalithlauncher.v2/app_runtime_mod:/data/app/~~YuncQEj0Rruyt6y_-RebSA==/com.movtery.zalithlauncher.v2-JtRzSV7VpInkzDcyzopsqQ==/lib/arm64:/data/user/0/com.movtery.zalithlauncher.v2/files/games/jna_dir/jna/5.17.0 -Djna.tmpdir=/data/user/0/com.movtery.zalithlauncher.v2/cache/jna -Dorg.lwjgl.system.SharedLibraryExtractPath=/data/user/0/com.movtery.zalithlauncher.v2/cache/lwjgl -Dio.netty.native.workdir=/data/user/0/com.movtery.zalithlauncher.v2/cache/netty -Dminecraft.launcher.brand=Zalith Launcher -Dminecraft.launcher.version=2.4.11 -Djava.net.preferIPv6Addresses=system -DlibraryDirectory=/storage/emulated/0/Android/data/com.movtery.zalithlauncher.v2/files/.minecraft/libraries --add-opens=java.base/java.lang.invoke=ALL-UNNAMED --add-exports=jdk.naming.dns/com.sun.jndi.dns=java.naming --add-exports=net.neoforged.fml.startup/net.neoforged.fml.startup=ALL-UNNAMED net.neoforged.fml.startup.Client --username Trail_Akivili --version 26.2 NeoForge 26.2.0.59 --gameDir /storage/emulated/0/Android/data/com.movtery.zalithlauncher.v2/files/.minecraft/versions/26.2 NeoForge 26.2.0.59 --assetsDir /storage/emulated/0/Android/data/com.movtery.zalithlauncher.v2/files/.minecraft/assets --assetIndex 32 --uuid 050f97b8d0c942c5a3fc65e7017d8894 --accessToken eyJraWQiOiIwNDkxODEiLCJhbGciOiJSUzI1NiJ9.eyJ4dWlkIjoiMjUzNTQ2NDIxMjEyMDk5NSIsImFnZyI6IkFkdWx0Iiwic3ViIjoiMDlhYjYxNWQtZmIwYi01OWI2LTg2YjgtZWFiNTYxNGZmZGEyIiwiYXV0aCI6IlhCT1giLCJucyI6ImRlZmF1bHQiLCJyb2xlcyI6W10sImlzcyI6ImF1dGhlbnRpY2F0aW9uIiwiZmxhZ3MiOlsibXVsdGlwbGF5ZXIiXSwicHJvZmlsZXMiOnsibWMiOiIwNTBmOTdiOC1kMGM5LTQyYzUtYTNmYy02NWU3MDE3ZDg4OTQifSwicG1pZCI6ImE4MjdjMTY5LWQ0MjgtNTYzMy04YTM1LWRhMjE2Yzc4ZjQyZCIsInBsYXRmb3JtIjoiUENfTEFVTkNIRVIiLCJ0aWQiOiJFOTlCMCIsInBmZCI6W3sidHlwZSI6Im1jIiwiaWQiOiIwNTBmOTdiOC1kMGM5LTQyYzUtYTNmYy02NWU3MDE3ZDg4OTQiLCJuYW1lIjoiVHJhaWxfQWtpdmlsaSJ9XSwieGlkIjoiMjUzNTQ2NDIxMjEyMDk5NSIsIm5iZiI6MTc4NzMzNzU0MSwiZXhwIjoxNzg3NDIzOTQxLCJpYXQiOjE3ODczMzc1NDEsImFpZCI6Ijc0Y2I1MzY2LWRlNmMtNGUyMy1hZDJkLTU0ZjUyZTNmNTAwYiJ9.KvMqIw6XzABI0hB6AE3ahIZ5lrikVKaSrUJ4O72xKFYyBWZ83H8fxGECUk3TJeYCIb1QyNhggdV1EouH7O03Gba-TdEmphvW5BfWrw24NPtD5V-LcalgzDtbjXLReB0qVlzZcT9viascUVF-Of0xz0cyF8WmuGgaG3zZwQFkJTUgfCjTqEO2mwBaEZ1lI2M0dGgjfYY5SAtaPS5iJvOcr10EWkkZvhy9dW4UF2CaurtqyEHl_4hOslGdqIUAy6soXrj4NAdfrogHA34iVo9Fswfgj-2oqrTT-c5MeBq56N7gCpfiUKPpA_SIDM6L9rbqOozttNo-NzxOVINqDyG4_Q --clientId ${clientid} --xuid 18028097409732173647 --versionType ZalithLauncher2.4.11 --fml.neoForgeVersion 26.2.0.59 --fml.mcVersion 26.2 --fml.neoFormVersion 2

Host: AArch64, 8 cores, 10G, Linux
Time: Sat Aug 22 02:40:09 2026 CST elapsed time: 18.435801 seconds (0d 0h 0m 18s)

---------------  T H R E A D  ---------------

Current thread (0x0000007c1e63d490):  JavaThread "Render thread"        [_thread_in_native, id=13672, stack(0x0000007a51a00000,0x0000007a51bfe3c0) (2040K)]

Stack: [0x0000007a51a00000,0x0000007a51bfe3c0],  sp=0x0000007a51bfd3b0,  free space=2036k
Native frames: (J=compiled Java code, j=interpreted, Vv=VM code, C=native code)
C  0x0000007cee765690
j  org.lwjgl.system.JNI.callPPPPI(JJJJJ)I+0
j  org.lwjgl.vulkan.KHRAndroidSurface.nvkCreateAndroidSurfaceKHR(Lorg/lwjgl/vulkan/VkInstance;JJJ)I+31
j  org.lwjgl.vulkan.KHRAndroidSurface.vkCreateAndroidSurfaceKHR(Lorg/lwjgl/vulkan/VkInstance;Lorg/lwjgl/vulkan/VkAndroidSurfaceCreateInfoKHR;Lorg/lwjgl/vulkan/VkAllocationCallbacks;Ljava/nio/LongBuffer;)I+24
j  org.lwjgl.glfw.GLFWVulkan.glfwCreateWindowSurface(Lorg/lwjgl/vulkan/VkInstance;JLorg/lwjgl/vulkan/VkAllocationCallbacks;Ljava/nio/LongBuffer;)I+78
j  com.mojang.blaze3d.vulkan.VulkanGpuSurface.<init>(Lcom/mojang/blaze3d/vulkan/VulkanDevice;J)V+88 minecraft@26.2
j  com.mojang.blaze3d.vulkan.VulkanDevice.createSurface(J)Lcom/mojang/blaze3d/systems/GpuSurfaceBackend;+6 minecraft@26.2
j  com.mojang.blaze3d.systems.GpuDevice.createSurface(J)Lcom/mojang/blaze3d/systems/GpuSurface;+9 minecraft@26.2
j  net.minecraft.client.Minecraft.<init>(Lnet/minecraft/client/main/GameConfig;)V+1396 minecraft@26.2
j  net.minecraft.client.main.Main.main([Ljava/lang/String;)V+1615 minecraft@26.2
j  java.lang.invoke.LambdaForm$DMH+0x0000000055115c00.invokeStatic(Ljava/lang/Object;Ljava/lang/Object;)V+10 java.base@25.0.3-internal
j  java.lang.invoke.LambdaForm$MH+0x0000000055101c00.invokeExact_MT(Ljava/lang/Object;Ljava/lang/Object;Ljava/lang/Object;)V+19 java.base@25.0.3-internal
j  net.neoforged.fml.startup.Client.main([Ljava/lang/String;)V+28
v  ~StubRoutines::call_stub 0x0000007a41537154
V  [libjvm.so+0xa948d4]
V  [libjvm.so+0xb13ecc]
V  [libjvm.so+0xb17258]
C  [libjli.so+0x93cc]
C  [libjli.so+0xba88]
C  [libc.so+0xc9df4]  __pthread_start(void*)+0xbc
C  [libc.so+0xbc4c0]  __start_thread+0x48
Java frames: (J=compiled Java code, j=interpreted, Vv=VM code)
j  org.lwjgl.system.JNI.callPPPPI(JJJJJ)I+0
j  org.lwjgl.vulkan.KHRAndroidSurface.nvkCreateAndroidSurfaceKHR(Lorg/lwjgl/vulkan/VkInstance;JJJ)I+31
j  org.lwjgl.vulkan.KHRAndroidSurface.vkCreateAndroidSurfaceKHR(Lorg/lwjgl/vulkan/VkInstance;Lorg/lwjgl/vulkan/VkAndroidSurfaceCreateInfoKHR;Lorg/lwjgl/vulkan/VkAllocationCallbacks;Ljava/nio/LongBuffer;)I+24
j  org.lwjgl.glfw.GLFWVulkan.glfwCreateWindowSurface(Lorg/lwjgl/vulkan/VkInstance;JLorg/lwjgl/vulkan/VkAllocationCallbacks;Ljava/nio/LongBuffer;)I+78
j  com.mojang.blaze3d.vulkan.VulkanGpuSurface.<init>(Lcom/mojang/blaze3d/vulkan/VulkanDevice;J)V+88 minecraft@26.2
j  com.mojang.blaze3d.vulkan.VulkanDevice.createSurface(J)Lcom/mojang/blaze3d/systems/GpuSurfaceBackend;+6 minecraft@26.2
j  com.mojang.blaze3d.systems.GpuDevice.createSurface(J)Lcom/mojang/blaze3d/systems/GpuSurface;+9 minecraft@26.2
j  net.minecraft.client.Minecraft.<init>(Lnet/minecraft/client/main/GameConfig;)V+1396 minecraft@26.2
j  net.minecraft.client.main.Main.main([Ljava/lang/String;)V+1615 minecraft@26.2
j  java.lang.invoke.LambdaForm$DMH+0x0000000055115c00.invokeStatic(Ljava/lang/Object;Ljava/lang/Object;)V+10 java.base@25.0.3-internal
j  java.lang.invoke.LambdaForm$MH+0x0000000055101c00.invokeExact_MT(Ljava/lang/Object;Ljava/lang/Object;Ljava/lang/Object;)V+19 java.base@25.0.3-internal
j  net.neoforged.fml.startup.Client.main([Ljava/lang/String;)V+28
v  ~StubRoutines::call_stub 0x0000007a41537154

siginfo: si_signo: 11 (SIGSEGV), si_code: 2 (SEGV_ACCERR), si_addr: 0x0000007cee765690

Registers:
R0=0x0000007c5e6f7f70
R1=0x0000007dbc9b4ac4
R2=0x0000007dbc9b4ac4
R3=0x0000000000000008
R4=0x0000000000000000
R5=0x0000007c0e6f2090
R6=0x0000007dbf9ad5d8
R7=0x0000007c1e63d490
R8=0x0000007cee765690
R9=0x066c77c050b54009
R10=0x066c77c050b54009
R11=0x0200007b2e9b24e0
R12=0x0000007a28b51938
R13=0x0000000000000000
R14=0x0000007a28b51938
R15=0x00000000ffffff00
R16=0x0000000000000001
R17=0x0000007dbc8de954
R18=0x00000000e04e0cc1
R19=0x0000007bfe870988
R20=0x0000007b2e9b24e0
R21=0x0000007c0e6f2090
R22=0x0000007b4e71d5f0
R23=0x0000007c5e6f7f70
R24=0x0000000000000000
R25=0x0000000000000001
R26=0x0000007a28b7af28
R27=0x00000007034333fc
R28=0x0000007c1e63d490
R29=0x0000007a51bfd3b0
R30=0x0000007dbf9ad64c


Register to memory mapping:

R0 =0x0000007c5e6f7f70 points into unknown readable memory: 0x0000000000000000 | 00 00 00 00 00 00 00 00
R1 =0x0000007dbc9b4ac4: <offset 0x000000000013eac4> in /apex/com.android.runtime/lib64/bionic/libc.so at 0x0000007dbc876000
R2 =0x0000007dbc9b4ac4: <offset 0x000000000013eac4> in /apex/com.android.runtime/lib64/bionic/libc.so at 0x0000007dbc876000
R3 =0x0000000000000008 is an unknown value
R4 =0x0 is null
R5 =0x0000007c0e6f2090 points into unknown readable memory: 0x0000000000000000 | 00 00 00 00 00 00 00 00
R6 =0x0000007dbf9ad5d8: <offset 0x000000000002a5d8> in /system/lib64/libvulkan.so at 0x0000007dbf983000
R7 =0x0000007c1e63d490 is a thread
R8 =0x0000007cee765690 points into unknown readable memory: 0x0000007dd0c83068 | 68 30 c8 d0 7d 00 00 00
R9 =0x066c77c050b54009 is an unknown value
R10=0x066c77c050b54009 is an unknown value
R11=0x0200007b2e9b24e0 points into unknown readable memory: 0x0000000000000000 | 00 00 00 00 00 00 00 00
R12={method} {0x0000007a28b51938} 'callPPPPI' '(JJJJJ)I' in 'org/lwjgl/system/JNI'
R13=0x0 is null
R14={method} {0x0000007a28b51938} 'callPPPPI' '(JJJJJ)I' in 'org/lwjgl/system/JNI'
R15=0x00000000ffffff00 is an unknown value
R16=0x0000000000000001 is an unknown value
R17=0x0000007dbc8de954: posix_memalign+0x0000000000000000 in /apex/com.android.runtime/lib64/bionic/libc.so at 0x0000007dbc876000
R18=3763211457 is a compressed pointer to object: java.lang.Module 
{0x0000000702706608} - klass: 'java/lang/Module' - flags: 

 - ---- fields (total size 7 words):
 - private 'enableNativeAccess' 'Z' @12  false (0x00)
 - injected 'module_entry' 'J' @16  528790996912 (0x0000007b1e6647b0)
 - private final 'layer' 'Ljava/lang/ModuleLayer;' @24  null (0x00000000)
 - private final 'name' 'Ljava/lang/String;' @28  null (0x00000000)
 - private final 'loader' 'Ljava/lang/ClassLoader;' @32  a 'jdk/internal/loader/ClassLoaders$AppClassLoader'{0x0000000702600000} (0xe04c0000)
 - private final 'descriptor' 'Ljava/lang/module/ModuleDescriptor;' @36  null (0x00000000)
 - private volatile 'reads' 'Ljava/util/Set;' @40  null (0x00000000)
 - private volatile 'openPackages' 'Ljava/util/Map;' @44  null (0x00000000)
 - private volatile 'exportedPackages' 'Ljava/util/Map;' @48  null (0x00000000)
 - private volatile 'moduleInfoClass' 'Ljava/lang/Class;' @52  null (0x00000000)
R19=0x0000007bfe870988 points into unknown readable memory: 0x0000000000000000 | 00 00 00 00 00 00 00 00
R20=0x0000007b2e9b24e0 points into unknown readable memory: 0x0000000000000000 | 00 00 00 00 00 00 00 00
R21=0x0000007c0e6f2090 points into unknown readable memory: 0x0000000000000000 | 00 00 00 00 00 00 00 00
R22=0x0000007b4e71d5f0 points into unknown readable memory: 0x0000007bfe870870 | 70 08 87 fe 7b 00 00 00
R23=0x0000007c5e6f7f70 points into unknown readable memory: 0x0000000000000000 | 00 00 00 00 00 00 00 00
R24=0x0 is null
R25=0x0000000000000001 is an unknown value
R26=0x0000007a28b7af28 is pointing into metadata
R27=0x00000007034333fc is pointing into object: java.util.concurrent.ConcurrentHashMap 
{0x00000007034333e8} - klass: 'java/util/concurrent/ConcurrentHashMap' - flags: 

 - ---- fields (total size 8 words):
 - transient 'keySet' 'Ljava/util/Set;' @12  null (0x00000000)
 - transient 'values' 'Ljava/util/Collection;' @16  null (0x00000000)
 - volatile transient 'table' '[Ljava/util/concurrent/ConcurrentHashMap$Node;' @20  a 'java/util/concurrent/ConcurrentHashMap$Node'[128] {0x00000007f48b9098} (0xfe917213)
 - private volatile transient 'nextTable' '[Ljava/util/concurrent/ConcurrentHashMap$Node;' @24  null (0x00000000)
 - private volatile transient 'counterCells' '[Ljava/util/concurrent/ConcurrentHashMap$CounterCell;' @28  null (0x00000000)
 - private transient 'keySet' 'Ljava/util/concurrent/ConcurrentHashMap$KeySetView;' @32  null (0x00000000)
 - private transient 'values' 'Ljava/util/concurrent/ConcurrentHashMap$ValuesView;' @36  null (0x00000000)
 - private transient 'entrySet' 'Ljava/util/concurrent/ConcurrentHashMap$EntrySetView;' @40  null (0x00000000)
 - private volatile transient 'sizeCtl' 'I' @44  96 (0x00000060)
 - private volatile transient 'baseCount' 'J' @48  12 (0x000000000000000c)
 - private volatile transient 'transferIndex' 'I' @56  0 (0x00000000)
 - private volatile transient 'cellsBusy' 'I' @60  0 (0x00000000)
R28=0x0000007c1e63d490 is a thread
R29=0x0000007a51bfd3b0 is pointing into the stack for thread: 0x0000007c1e63d490
R30=0x0000007dbf9ad64c: <offset 0x000000000002a64c> in /system/lib64/libvulkan.so at 0x0000007dbf983000

Top of Stack: (sp=0x0000007a51bfd3b0)
0x0000007a51bfd3b0:   0000007a51bfd490 000ba5fa4153f830   ...Qz...0.SA....
0x0000007a51bfd3c0:   0000007a51bfd4f8 0000000000000000   ...Qz...........
0x0000007a51bfd3d0:   0000000000000000 0000007a6bfcd368   ........h..kz...
0x0000007a51bfd3e0:   0000007a51bfd3f0 0000007a4153d464   ...Qz...d.SAz...
0x0000007a51bfd3f0:   0000000000000000 0000000000000000   ................
0x0000007a51bfd400:   0000007a51bfd460 0000007a6b7638e8   `..Qz....8vkz...
0x0000007a51bfd410:   0000007c1e63d490 00000007034333fc   ..c.|....3C.....
0x0000007a51bfd420:   00000079e0b45e90 0000000000000001   .^..y...........
0x0000007a51bfd430:   0000007a51bfd5a8 0000000000000000   ...Qz...........
0x0000007a51bfd440:   fffffffffffffff6 0000000000000000   ................
0x0000007a51bfd450:   000000000000000d 0000007a28b7af28   ........(..(z...
0x0000007a51bfd460:   000000070312d638 fffffffffffffff4   8...............
0x0000007a51bfd470:   0000000000000000 0000007a28b51938   ........8..(z...
0x0000007a51bfd480:   0000000000000000 0000007a51bfd490   ...........Qz...
0x0000007a51bfd490:   0000007a51bfd550 0000007a4153b904   P..Qz.....SAz...
0x0000007a51bfd4a0:   000000070312d638 0000007a4153d464   8.......d.SAz...
0x0000007a51bfd4b0:   0000007dbf9ad5d8 0000000000000000   ....}...........
0x0000007a51bfd4c0:   0000007c0e6f2090 0000000000000000   . o.|...........
0x0000007a51bfd4d0:   0000000000000000 0000000000000000   ................
0x0000007a51bfd4e0:   0000007b2e9b2e10 0000000000000000   ....{...........
0x0000007a51bfd4f0:   0000007b4e71d5f0 0000000000000000   ..qN{...........
0x0000007a51bfd500:   fffffffffffffff6 00000079e0b45947   ........GY..y...
0x0000007a51bfd510:   000000000000000b 00000079e0b45e90   .........^..y...
0x0000007a51bfd520:   00000007f3b168c0 ffffffffffffffe8   .h..............
0x0000007a51bfd530:   0000000000000000 00000079e0b45990   .........Y..y...
0x0000007a51bfd540:   ffffffffffffffec 0000007a51bfd560   ........`..Qz...
0x0000007a51bfd550:   0000007a51bfd600 0000007a4153b904   ...Qz.....SAz...
0x0000007a51bfd560:   0000000000000000 0000007dbf9ad5d8   ............}...
0x0000007a51bfd570:   0000000000000000 0000007c0e6f2090   ......... o.|...
0x0000007a51bfd580:   0000000000000000 0000000000000000   ................
0x0000007a51bfd590:   0000000000000000 0000007b2e9b2e10   ............{...
0x0000007a51bfd5a0:   0000000000000000 00000007f4786358   ........Xcx.....

Instructions: (pc=0x0000007cee765690)
  0x0000007cee765590:   65 72 3b 29 4c 6e 65 74 2f 6e 65 6f 66 6f 72 67
  0x0000007cee7655a0:   65 64 2f 66 6d 6c 2f 6a 61 72 63 6f 6e 74 65 6e
  0x0000007cee7655b0:   74 73 2f 4a 61 72 43 6f 6e 74 65 6e 74 73 3b 00
  0x0000007cee7655c0:   00 00 00 00 00 00 00 00 b5 09 00 00 00 00 00 00
  0x0000007cee7655d0:   08 01 09 00 00 00 89 36 00 00 00 00 00 00 00 00
  0x0000007cee7655e0:   d0 23 9c 0e 7c 00 00 00 c0 ab 65 6e 7c 00 00 00
  0x0000007cee7655f0:   08 00 00 00 00 00 00 00 00 00 00 00 00 00 00 00
  0x0000007cee765600:   00 00 00 00 00 00 00 00 00 00 00 00 00 00 00 00
  0x0000007cee765610:   10 20 6f ce 7c 00 00 00 80 66 9b df 7a 00 00 00
  0x0000007cee765620:   00 00 00 00 00 00 00 00 00 00 00 00 00 00 00 00
  0x0000007cee765630:   00 00 00 00 00 00 00 00 00 00 00 00 00 00 00 00
  0x0000007cee765640:   00 00 00 00 00 00 00 00 00 00 00 00 00 00 00 00
  0x0000007cee765650:   00 00 00 00 00 00 00 00 00 00 00 00 00 00 00 00
  0x0000007cee765660:   00 00 00 00 00 00 00 00 10 00 00 00 00 00 00 00
  0x0000007cee765670:   00 00 00 00 00 00 00 00 00 00 00 00 00 00 00 00
  0x0000007cee765680:   08 81 08 00 00 00 65 5f 00 00 00 00 00 00 00 00
=>0x0000007cee765690:   68 30 c8 d0 7d 00 00 00 f0 f6 64 2e 7c 00 00 b4
  0x0000007cee7656a0:   01 00 00 00 00 00 00 00 70 07 65 2e 7c 00 00 b4
  0x0000007cee7656b0:   b0 9b 77 5e 7b 00 00 00 a0 01 65 2e 7b 00 00 00
  0x0000007cee7656c0:   00 00 00 00 00 00 00 00 00 00 00 00 00 00 00 00
  0x0000007cee7656d0:   a8 81 c8 d0 7d 00 00 00 01 00 00 00 7b 00 00 00
  0x0000007cee7656e0:   d1 0c 00 00 00 00 00 00 c8 0c 00 00 00 00 00 00
  0x0000007cee7656f0:   50 60 91 be 7b 00 00 00 10 13 30 8f 7b 00 00 00
  0x0000007cee765700:   08 1e 30 8f 7b 00 00 00 10 1f 30 8f 7b 00 00 00
  0x0000007cee765710:   00 00 00 00 00 00 00 00 00 00 00 00 00 00 00 00
  0x0000007cee765720:   00 00 00 00 00 00 00 00 c6 00 00 00 00 00 00 00
  0x0000007cee765730:   08 01 0a 00 00 00 0b 75 00 00 00 00 00 00 00 00
  0x0000007cee765740:   09 30 01 78 06 60 01 78 09 60 02 78 06 60 01 78
  0x0000007cee765750:   09 08 02 78 07 60 02 78 0a 60 01 78 0b 60 02 78
  0x0000007cee765760:   0a 08 05 58 01 78 04 60 03 78 06 60 03 78 09 08
  0x0000007cee765770:   03 78 04 60 25 58 04 78 04 60 06 30 05 78 02 60
  0x0000007cee765780:   06 30 50 78 02 40 02 30 06 78 01 60 06 30 1f 78


Stack slot to memory mapping:

stack at sp + 0 slots: 0x0000007a51bfd490 is pointing into the stack for thread: 0x0000007c1e63d490
stack at sp + 1 slots: 0x000ba5fa4153f830 is an unknown value
stack at sp + 2 slots: 0x0000007a51bfd4f8 is pointing into the stack for thread: 0x0000007c1e63d490
stack at sp + 3 slots: 0x0 is null
stack at sp + 4 slots: 0x0 is null
stack at sp + 5 slots: 0x0000007a6bfcd368: <offset 0x00000000012f5368> in /data/data/com.movtery.zalithlauncher.v2/files/games/runtimes/Internal-25/lib/server/libjvm.so at 0x0000007a6acd8000
stack at sp + 6 slots: 0x0000007a51bfd3f0 is pointing into the stack for thread: 0x0000007c1e63d490
stack at sp + 7 slots: 0x0000007a4153d464 is at code_begin+36 in an Interpreter codelet
result handlers for native calls  [0x0000007a4153d440, 0x0000007a4153d488]  72 bytes

Lock stack of current Java thread (top to bottom):


---------------  P R O C E S S  ---------------

Threads class SMR info:
_java_thread_list=0x0000007b2eb6c110, length=30, elements={
0x0000007c1e63d490, 0x0000007c1e63f2c0, 0x0000007c1e638e20, 0x0000007c1e639830,
0x0000007c1e638410, 0x0000007c1e6406e0, 0x0000007c1e642f20, 0x0000007c1e63dea0,
0x0000007c1e632980, 0x0000007c1e655d00, 0x0000007c1e656710, 0x0000007c1e6d2f70,
0x0000007c1e6d8a00, 0x0000007c1e6d9e20, 0x0000007c1e6dc660, 0x0000007c1e6e3510,
0x0000007c1e6b1010, 0x0000007c1e63fcd0, 0x0000007c1e6dd070, 0x0000007c1e6be360,
0x0000007c1e7ca200, 0x0000007c1e65ad80, 0x0000007c1e896850, 0x0000007c1e84c4f0,
0x0000007c1e8c28b0, 0x0000007c1e8cbfa0, 0x0000007c1e8aa040, 0x0000007c1e8cf1f0,
0x0000007c1e8d4c80, 0x0000007c1e8d6ab0
}

Java Threads: ( => current thread )
=>0x0000007c1e63d490 JavaThread "Render thread"                     [_thread_in_native, id=13672, stack(0x0000007a51a00000,0x0000007a51bfe3c0) (2040K)]
  0x0000007c1e63f2c0 JavaThread "Reference Handler"          daemon [_thread_blocked, id=13685, stack(0x0000007a25c00000,0x0000007a25dfe3c0) (2040K)]
  0x0000007c1e638e20 JavaThread "Finalizer"                  daemon [_thread_blocked, id=13686, stack(0x0000007a24800000,0x0000007a249fe3c0) (2040K)]
  0x0000007c1e639830 JavaThread "Signal Dispatcher"          daemon [_thread_blocked, id=13687, stack(0x0000007a23400000,0x0000007a235fe3c0) (2040K)]
  0x0000007c1e638410 JavaThread "Service Thread"             daemon [_thread_blocked, id=13689, stack(0x0000007a22000000,0x0000007a221fe3c0) (2040K)]
  0x0000007c1e6406e0 JavaThread "Monitor Deflation Thread"   daemon [_thread_blocked, id=13690, stack(0x0000007a20c00000,0x0000007a20dfe3c0) (2040K)]
  0x0000007c1e642f20 JavaThread "C2 CompilerThread0"         daemon [_thread_in_native, id=13691, stack(0x0000007a1f800000,0x0000007a1f9fe3c0) (2040K)]
  0x0000007c1e63dea0 JavaThread "C1 CompilerThread0"         daemon [_thread_in_native, id=13692, stack(0x0000007a1e400000,0x0000007a1e5fe3c0) (2040K)]
  0x0000007c1e632980 JavaThread "Common-Cleaner"             daemon [_thread_blocked, id=13693, stack(0x0000007a1d000000,0x0000007a1d1fe3c0) (2040K)]
  0x0000007c1e655d00 JavaThread "CacioEventPump"             daemon [_thread_blocked, id=13700, stack(0x0000007a14200000,0x0000007a143fe3c0) (2040K)]
  0x0000007c1e656710 JavaThread "Notification Thread"        daemon [_thread_blocked, id=13702, stack(0x0000007a11a00000,0x0000007a11bfe3c0) (2040K)]
  0x0000007c1e6d2f70 JavaThread "ForkJoinPool.commonPool-worker-1" daemon [_thread_blocked, id=13717, stack(0x0000007a12a00000,0x0000007a12bfe3c0) (2040K)]
  0x0000007c1e6d8a00 JavaThread "ForkJoinPool.commonPool-worker-2" daemon [_thread_blocked, id=13718, stack(0x0000007a12600000,0x0000007a127fe3c0) (2040K)]
  0x0000007c1e6d9e20 JavaThread "ForkJoinPool.commonPool-worker-3" daemon [_thread_blocked, id=13719, stack(0x0000007a12200000,0x0000007a123fe3c0) (2040K)]
  0x0000007c1e6dc660 JavaThread "ForkJoinPool.commonPool-worker-4" daemon [_thread_blocked, id=13720, stack(0x0000007a11e00000,0x0000007a11ffe3c0) (2040K)]
  0x0000007c1e6e3510 JavaThread "ForkJoinPool.commonPool-worker-5" daemon [_thread_blocked, id=13722, stack(0x00000079ff800000,0x00000079ff9fe3c0) (2040K)]
  0x0000007c1e6b1010 JavaThread "ForkJoinPool.commonPool-worker-6" daemon [_thread_blocked, id=13724, stack(0x00000079fe400000,0x00000079fe5fe3c0) (2040K)]
  0x0000007c1e63fcd0 JavaThread "ForkJoinPool.commonPool-worker-7" daemon [_thread_blocked, id=13725, stack(0x00000079fd000000,0x00000079fd1fe3c0) (2040K)]
  0x0000007c1e6dd070 JavaThread "fml-loadingscreen"          daemon [_thread_blocked, id=13726, stack(0x00000079fbc00000,0x00000079fbdfe3c0) (2040K)]
  0x0000007c1e6be360 JavaThread "JNA Cleaner"                daemon [_thread_blocked, id=13740, stack(0x0000007a03e00000,0x0000007a03ffe3c0) (2040K)]
  0x0000007c1e7ca200 JavaThread "process reaper"             daemon [_thread_blocked, id=13743, stack(0x0000007dc9f60000,0x0000007dc9f8a3c0) (168K)]
  0x0000007c1e65ad80 JavaThread "modloading-worker-0"        daemon [_thread_blocked, id=13794, stack(0x0000007a54c00000,0x0000007a54dfe3c0) (2040K)]
  0x0000007c1e896850 JavaThread "modloading-worker-0"        daemon [_thread_blocked, id=13797, stack(0x0000007a54600000,0x0000007a547fe3c0) (2040K)]
  0x0000007c1e84c4f0 JavaThread "modloading-sync-worker"     daemon [_thread_blocked, id=13804, stack(0x0000007a54000000,0x0000007a541fe3c0) (2040K)]
  0x0000007c1e8c28b0 JavaThread "FileSystemWatchService"     daemon [_thread_in_native, id=13815, stack(0x0000007a12e00000,0x0000007a12ffe3c0) (2040K)]
  0x0000007c1e8cbfa0 JavaThread "config-file-watcher-0-0"    daemon [_thread_blocked, id=13819, stack(0x0000007a0e600000,0x0000007a0e7fe3c0) (2040K)]
  0x0000007c1e8aa040 JavaThread "Timer hack thread"          daemon [_thread_blocked, id=13821, stack(0x0000007a0e200000,0x0000007a0e3fe3c0) (2040K)]
  0x0000007c1e8cf1f0 JavaThread "Yggdrasil Key Fetcher"      daemon [_thread_blocked, id=13828, stack(0x00000079f4800000,0x00000079f49fe3c0) (2040K)]
  0x0000007c1e8d4c80 JavaThread "Download-1"                 daemon [_thread_in_vm, id=13829, stack(0x00000079f3400000,0x00000079f35fe3c0) (2040K)]
  0x0000007c1e8d6ab0 JavaThread "Download-2"                 daemon [_thread_blocked, id=13834, stack(0x00000079eb400000,0x00000079eb5fe3c0) (2040K)]
Total: 30

Other Threads:
  0x0000007cde62ca40 VMThread "VM Thread"                           [id=13684, stack(0x0000007a2b201000,0x0000007a2b4003c0) (2044K)]
  0x0000007cde6289e0 WatcherThread "VM Periodic Task Thread"        [id=13683, stack(0x0000007a2c601000,0x0000007a2c8003c0) (2044K)]
  0x0000007cdea56da0 WorkerThread "GC Thread#0"                     [id=13673, stack(0x0000007a34c01000,0x0000007a34e003c0) (2044K)]
  0x0000007cde6e8f00 WorkerThread "GC Thread#1"                     [id=13705, stack(0x0000007a0de01000,0x0000007a0e0003c0) (2044K)]
  0x0000007cde6e41c0 WorkerThread "GC Thread#2"                     [id=13706, stack(0x0000007a0ca01000,0x0000007a0cc003c0) (2044K)]
  0x0000007cde6ea250 WorkerThread "GC Thread#3"                     [id=13707, stack(0x0000007a0b601000,0x0000007a0b8003c0) (2044K)]
  0x0000007cde6e8890 WorkerThread "GC Thread#4"                     [id=13708, stack(0x0000007a0a201000,0x0000007a0a4003c0) (2044K)]
  0x0000007cde6e4830 WorkerThread "GC Thread#5"                     [id=13710, stack(0x0000007a08e01000,0x0000007a090003c0) (2044K)]
  0x0000007cde6e8220 WorkerThread "GC Thread#6"                     [id=13712, stack(0x0000007a07a01000,0x0000007a07c003c0) (2044K)]
  0x0000007cde6e9be0 WorkerThread "GC Thread#7"                     [id=13713, stack(0x0000007a06601000,0x0000007a068003c0) (2044K)]
  0x0000007cde61e8f0 ConcurrentGCThread "G1 Main Marker"            [id=13674, stack(0x0000007a33801000,0x0000007a33a003c0) (2044K)]
  0x0000007cde61e280 WorkerThread "G1 Conc#0"                       [id=13675, stack(0x0000007a32401000,0x0000007a326003c0) (2044K)]
  0x0000007cde625cd0 WorkerThread "G1 Conc#1"                       [id=13714, stack(0x0000007a05201000,0x0000007a054003c0) (2044K)]
  0x0000007cde623630 ConcurrentGCThread "G1 Refine#0"               [id=13676, stack(0x0000007a2ee01000,0x0000007a2f0003c0) (2044K)]
  0x0000007cde622fc0 ConcurrentGCThread "G1 Service"                [id=13681, stack(0x0000007a2da01000,0x0000007a2dc003c0) (2044K)]
Total: 15

Threads with active compile tasks:
C1 CompilerThread0  18443 9473       3       java.lang.Math::unsignedMultiplyHigh (32 bytes)
Total: 1

VM state: not at safepoint (normal execution)

VM Mutex/Monitor currently owned by a thread: None

Heap address: 0x0000000700000000, size: 4096 MB, Compressed Oops mode: Zero based, Oop shift amount: 3

CDS archive(s) not mapped
Compressed class space mapped at: 0x0000000055000000-0x0000000095000000, reserved size: 1073741824
UseCompressedClassPointers 1, UseCompactObjectHeaders 0
Narrow klass pointer bits 32, Max shift 3
Narrow klass base: 0x0000000000000000, Narrow klass shift: 0
Encoding Range: [0x0000000000000000 - 0x0000000100000000), (4294967296 bytes)
Klass Range:    [0x0000000055000000 - 0x0000000095000000), (1073741824 bytes)
Klass ID Range:  [1426063360 - 2499805177) (1073741817)
No protection zone.

GC Precious Log:
 CardTable entry size: 512
 Card Set container configuration: InlinePtr #cards 4 size 8 Array Of Cards #cards 16 size 48 Howl #buckets 8 coarsen threshold 3686 Howl Bitmap #cards 512 size 80 coarsen threshold 460 Card regions per heap region 1 cards per card region 4096
 CPUs: 8 total, 8 available
 Memory: 11256M
 Large Page Support: Disabled
 NUMA Support: Disabled
 Compressed Oops: Enabled (Zero based)
 Heap Region Size: 2M
 Heap Min Capacity: 4G
 Heap Initial Capacity: 4G
 Heap Max Capacity: 4G
 Pre-touch: Disabled
 Parallel Workers: 8
 Concurrent Workers: 2
 Concurrent Refinement Workers: 8
 Periodic GC: Disabled

Heap:
 garbage-first heap   total reserved 4194304K, committed 4194304K, used 291149K [0x0000000700000000, 0x0000000800000000)
  region size 2048K, 99 young (202752K), 42 survivors (86016K)

Heap Regions: E=young(eden), S=young(survivor), O=old, HS=humongous(starts), HC=humongous(continues), CS=collection set, F=free, TAMS=top-at-mark-start, PB=parsable bottom
|   0|0x0000000700000000, 0x0000000700200000, 0x0000000700200000|100%|HS|  |TAMS 0x0000000700000000| PB 0x0000000700000000| Complete |  0
|   1|0x0000000700200000, 0x0000000700400000, 0x0000000700400000|100%|HS|  |TAMS 0x0000000700200000| PB 0x0000000700200000| Complete |  0
|   2|0x0000000700400000, 0x0000000700600000, 0x0000000700600000|100%|HC|  |TAMS 0x0000000700400000| PB 0x0000000700400000| Complete |  0
|   3|0x0000000700600000, 0x0000000700653600, 0x0000000700800000| 16%| O|  |TAMS 0x0000000700600000| PB 0x0000000700600000| Untracked |  0
|   4|0x0000000700800000, 0x0000000700a00000, 0x0000000700a00000|100%|HS|  |TAMS 0x0000000700800000| PB 0x0000000700800000| Complete |  0
|   5|0x0000000700a00000, 0x0000000700c00000, 0x0000000700c00000|100%|HC|  |TAMS 0x0000000700a00000| PB 0x0000000700a00000| Complete |  0
|   6|0x0000000700c00000, 0x0000000700e00000, 0x0000000700e00000|100%|HS|  |TAMS 0x0000000700c00000| PB 0x0000000700c00000| Complete |  0
|   7|0x0000000700e00000, 0x0000000701000000, 0x0000000701000000|100%|HC|  |TAMS 0x0000000700e00000| PB 0x0000000700e00000| Complete |  0
|   8|0x0000000701000000, 0x0000000701200000, 0x0000000701200000|100%|HC|  |TAMS 0x0000000701000000| PB 0x0000000701000000| Complete |  0
|   9|0x0000000701200000, 0x0000000701400000, 0x0000000701400000|100%|HC|  |TAMS 0x0000000701200000| PB 0x0000000701200000| Complete |  0
|  10|0x0000000701400000, 0x0000000701600000, 0x0000000701600000|100%|HC|  |TAMS 0x0000000701400000| PB 0x0000000701400000| Complete |  0
|  11|0x0000000701600000, 0x0000000701800000, 0x0000000701800000|100%|HC|  |TAMS 0x0000000701600000| PB 0x0000000701600000| Complete |  0
|  12|0x0000000701800000, 0x0000000701a00000, 0x0000000701a00000|100%|HC|  |TAMS 0x0000000701800000| PB 0x0000000701800000| Complete |  0
|  13|0x0000000701a00000, 0x0000000701c00000, 0x0000000701c00000|100%|HS|  |TAMS 0x0000000701a00000| PB 0x0000000701a00000| Complete |  0
|  14|0x0000000701c00000, 0x0000000701e00000, 0x0000000701e00000|100%|HC|  |TAMS 0x0000000701c00000| PB 0x0000000701c00000| Complete |  0
|  15|0x0000000701e00000, 0x0000000702000000, 0x0000000702000000|100%|HC|  |TAMS 0x0000000701e00000| PB 0x0000000701e00000| Complete |  0
|  16|0x0000000702000000, 0x0000000702200000, 0x0000000702200000|100%|HC|  |TAMS 0x0000000702000000| PB 0x0000000702000000| Complete |  0
|  17|0x0000000702200000, 0x0000000702400000, 0x0000000702400000|100%|HC|  |TAMS 0x0000000702200000| PB 0x0000000702200000| Complete |  0
|  18|0x0000000702400000, 0x0000000702600000, 0x0000000702600000|100%|HC|  |TAMS 0x0000000702400000| PB 0x0000000702400000| Complete |  0
|  19|0x0000000702600000, 0x0000000702800000, 0x0000000702800000|100%| O|  |TAMS 0x0000000702600000| PB 0x0000000702600000| Untracked |  0
|  20|0x0000000702800000, 0x0000000702a00000, 0x0000000702a00000|100%| O|  |TAMS 0x0000000702800000| PB 0x0000000702800000| Untracked |  0
|  21|0x0000000702a00000, 0x0000000702c00000, 0x0000000702c00000|100%| O|  |TAMS 0x0000000702a00000| PB 0x0000000702a00000| Untracked |  0
|  22|0x0000000702c00000, 0x0000000702e00000, 0x0000000702e00000|100%| O|  |TAMS 0x0000000702c00000| PB 0x0000000702c00000| Untracked |  0
|  23|0x0000000702e00000, 0x0000000703000000, 0x0000000703000000|100%| O|  |TAMS 0x0000000702e00000| PB 0x0000000702e00000| Untracked |  0
|  24|0x0000000703000000, 0x0000000703200000, 0x0000000703200000|100%| O|  |TAMS 0x0000000703000000| PB 0x0000000703000000| Untracked |  0
|  25|0x0000000703200000, 0x0000000703400000, 0x0000000703400000|100%| O|  |TAMS 0x0000000703200000| PB 0x0000000703200000| Untracked |  0
|  26|0x0000000703400000, 0x0000000703600000, 0x0000000703600000|100%| O|  |TAMS 0x0000000703400000| PB 0x0000000703400000| Untracked |  0
|  27|0x0000000703600000, 0x0000000703800000, 0x0000000703800000|100%| O|  |TAMS 0x0000000703600000| PB 0x0000000703600000| Untracked |  0
|  28|0x0000000703800000, 0x0000000703a00000, 0x0000000703a00000|100%|HS|  |TAMS 0x0000000703800000| PB 0x0000000703800000| Complete |  0
|  29|0x0000000703a00000, 0x0000000703c00000, 0x0000000703c00000|100%|HC|  |TAMS 0x0000000703a00000| PB 0x0000000703a00000| Complete |  0
|  30|0x0000000703c00000, 0x0000000703e00000, 0x0000000703e00000|100%|HS|  |TAMS 0x0000000703c00000| PB 0x0000000703c00000| Complete |  0
|  31|0x0000000703e00000, 0x0000000704000000, 0x0000000704000000|100%|HC|  |TAMS 0x0000000703e00000| PB 0x0000000703e00000| Complete |  0
|  32|0x0000000704000000, 0x0000000704200000, 0x0000000704200000|100%|HC|  |TAMS 0x0000000704000000| PB 0x0000000704000000| Complete |  0
|  33|0x0000000704200000, 0x0000000704400000, 0x0000000704400000|100%| O|  |TAMS 0x0000000704200000| PB 0x0000000704200000| Untracked |  0
|  34|0x0000000704400000, 0x0000000704600000, 0x0000000704600000|100%| O|  |TAMS 0x0000000704400000| PB 0x0000000704400000| Untracked |  0
|  35|0x0000000704600000, 0x0000000704800000, 0x0000000704800000|100%| O|  |TAMS 0x0000000704600000| PB 0x0000000704600000| Untracked |  0
|  36|0x0000000704800000, 0x0000000704a00000, 0x0000000704a00000|100%| O|  |TAMS 0x0000000704800000| PB 0x0000000704800000| Untracked |  0
|  37|0x0000000704a00000, 0x0000000704c00000, 0x0000000704c00000|100%| O|  |TAMS 0x0000000704a00000| PB 0x0000000704a00000| Untracked |  0
|  38|0x0000000704c00000, 0x0000000704e00000, 0x0000000704e00000|100%| O|  |TAMS 0x0000000704c00000| PB 0x0000000704c00000| Untracked |  0
|  39|0x0000000704e00000, 0x0000000705000000, 0x0000000705000000|100%| O|  |TAMS 0x0000000704e00000| PB 0x0000000704e00000| Untracked |  0
|  40|0x0000000705000000, 0x0000000705200000, 0x0000000705200000|100%| O|  |TAMS 0x0000000705000000| PB 0x0000000705000000| Untracked |  0
|  41|0x0000000705200000, 0x0000000705400000, 0x0000000705400000|100%| O|  |TAMS 0x0000000705200000| PB 0x0000000705200000| Untracked |  0
|  42|0x0000000705400000, 0x0000000705600000, 0x0000000705600000|100%| O|  |TAMS 0x0000000705400000| PB 0x0000000705400000| Untracked |  0
|  43|0x0000000705600000, 0x0000000705800000, 0x0000000705800000|100%| O|  |TAMS 0x0000000705600000| PB 0x0000000705600000| Untracked |  0
|  44|0x0000000705800000, 0x0000000705800000, 0x0000000705a00000|  0%| F|  |TAMS 0x0000000705800000| PB 0x0000000705800000| Untracked |  0
|  45|0x0000000705a00000, 0x0000000705c00000, 0x0000000705c00000|100%| O|Cm|TAMS 0x0000000705a00000| PB 0x0000000705a00000| Complete |  0
|  46|0x0000000705c00000, 0x0000000705c00000, 0x0000000705e00000|  0%| F|  |TAMS 0x0000000705c00000| PB 0x0000000705c00000| Untracked |  0
|  47|0x0000000705e00000, 0x0000000705e00000, 0x0000000706000000|  0%| F|  |TAMS 0x0000000705e00000| PB 0x0000000705e00000| Untracked |  0
|  48|0x0000000706000000, 0x0000000706000000, 0x0000000706200000|  0%| F|  |TAMS 0x0000000706000000| PB 0x0000000706000000| Untracked |  0
|  49|0x0000000706200000, 0x0000000706200000, 0x0000000706400000|  0%| F|  |TAMS 0x0000000706200000| PB 0x0000000706200000| Untracked |  0
|  50|0x0000000706400000, 0x0000000706400000, 0x0000000706600000|  0%| F|  |TAMS 0x0000000706400000| PB 0x0000000706400000| Untracked |  0
|  51|0x0000000706600000, 0x0000000706600000, 0x0000000706800000|  0%| F|  |TAMS 0x0000000706600000| PB 0x0000000706600000| Untracked |  0
|  52|0x0000000706800000, 0x0000000706800000, 0x0000000706a00000|  0%| F|  |TAMS 0x0000000706800000| PB 0x0000000706800000| Untracked |  0
|  53|0x0000000706a00000, 0x0000000706a00000, 0x0000000706c00000|  0%| F|  |TAMS 0x0000000706a00000| PB 0x0000000706a00000| Untracked |  0
|  54|0x0000000706c00000, 0x0000000706c00000, 0x0000000706e00000|  0%| F|  |TAMS 0x0000000706c00000| PB 0x0000000706c00000| Untracked |  0
|  55|0x0000000706e00000, 0x0000000706e00000, 0x0000000707000000|  0%| F|  |TAMS 0x0000000706e00000| PB 0x0000000706e00000| Untracked |  0
|  56|0x0000000707000000, 0x0000000707000000, 0x0000000707200000|  0%| F|  |TAMS 0x0000000707000000| PB 0x0000000707000000| Untracked |  0
|  57|0x0000000707200000, 0x0000000707200000, 0x0000000707400000|  0%| F|  |TAMS 0x0000000707200000| PB 0x0000000707200000| Untracked |  0
|  58|0x0000000707400000, 0x0000000707400000, 0x0000000707600000|  0%| F|  |TAMS 0x0000000707400000| PB 0x0000000707400000| Untracked |  0
|  59|0x0000000707600000, 0x0000000707600000, 0x0000000707800000|  0%| F|  |TAMS 0x0000000707600000| PB 0x0000000707600000| Untracked |  0
|  60|0x0000000707800000, 0x0000000707800000, 0x0000000707a00000|  0%| F|  |TAMS 0x0000000707800000| PB 0x0000000707800000| Untracked |  0
|  61|0x0000000707a00000, 0x0000000707a00000, 0x0000000707c00000|  0%| F|  |TAMS 0x0000000707a00000| PB 0x0000000707a00000| Untracked |  0
|  62|0x0000000707c00000, 0x0000000707c00000, 0x0000000707e00000|  0%| F|  |TAMS 0x0000000707c00000| PB 0x0000000707c00000| Untracked |  0
|  63|0x0000000707e00000, 0x0000000707e00000, 0x0000000708000000|  0%| F|  |TAMS 0x0000000707e00000| PB 0x0000000707e00000| Untracked |  0
|  64|0x0000000708000000, 0x0000000708000000, 0x0000000708200000|  0%| F|  |TAMS 0x0000000708000000| PB 0x0000000708000000| Untracked |  0
|  65|0x0000000708200000, 0x0000000708200000, 0x0000000708400000|  0%| F|  |TAMS 0x0000000708200000| PB 0x0000000708200000| Untracked |  0
|  66|0x0000000708400000, 0x0000000708400000, 0x0000000708600000|  0%| F|  |TAMS 0x0000000708400000| PB 0x0000000708400000| Untracked |  0
|  67|0x0000000708600000, 0x0000000708600000, 0x0000000708800000|  0%| F|  |TAMS 0x0000000708600000| PB 0x0000000708600000| Untracked |  0
|  68|0x0000000708800000, 0x0000000708800000, 0x0000000708a00000|  0%| F|  |TAMS 0x0000000708800000| PB 0x0000000708800000| Untracked |  0
|  69|0x0000000708a00000, 0x0000000708a00000, 0x0000000708c00000|  0%| F|  |TAMS 0x0000000708a00000| PB 0x0000000708a00000| Untracked |  0
|  70|0x0000000708c00000, 0x0000000708c00000, 0x0000000708e00000|  0%| F|  |TAMS 0x0000000708c00000| PB 0x0000000708c00000| Untracked |  0
|  71|0x0000000708e00000, 0x0000000708e00000, 0x0000000709000000|  0%| F|  |TAMS 0x0000000708e00000| PB 0x0000000708e00000| Untracked |  0
|  72|0x0000000709000000, 0x0000000709000000, 0x0000000709200000|  0%| F|  |TAMS 0x0000000709000000| PB 0x0000000709000000| Untracked |  0
|  73|0x0000000709200000, 0x0000000709200000, 0x0000000709400000|  0%| F|  |TAMS 0x0000000709200000| PB 0x0000000709200000| Untracked |  0
|  74|0x0000000709400000, 0x0000000709400000, 0x0000000709600000|  0%| F|  |TAMS 0x0000000709400000| PB 0x0000000709400000| Untracked |  0
|  75|0x0000000709600000, 0x0000000709600000, 0x0000000709800000|  0%| F|  |TAMS 0x0000000709600000| PB 0x0000000709600000| Untracked |  0
|  76|0x0000000709800000, 0x0000000709800000, 0x0000000709a00000|  0%| F|  |TAMS 0x0000000709800000| PB 0x0000000709800000| Untracked |  0
|  77|0x0000000709a00000, 0x0000000709a00000, 0x0000000709c00000|  0%| F|  |TAMS 0x0000000709a00000| PB 0x0000000709a00000| Untracked |  0
|  78|0x0000000709c00000, 0x0000000709c00000, 0x0000000709e00000|  0%| F|  |TAMS 0x0000000709c00000| PB 0x0000000709c00000| Untracked |  0
|  79|0x0000000709e00000, 0x0000000709e00000, 0x000000070a000000|  0%| F|  |TAMS 0x0000000709e00000| PB 0x0000000709e00000| Untracked |  0
|  80|0x000000070a000000, 0x000000070a000000, 0x000000070a200000|  0%| F|  |TAMS 0x000000070a000000| PB 0x000000070a000000| Untracked |  0
|  81|0x000000070a200000, 0x000000070a200000, 0x000000070a400000|  0%| F|  |TAMS 0x000000070a200000| PB 0x000000070a200000| Untracked |  0
|  82|0x000000070a400000, 0x000000070a400000, 0x000000070a600000|  0%| F|  |TAMS 0x000000070a400000| PB 0x000000070a400000| Untracked |  0
|  83|0x000000070a600000, 0x000000070a600000, 0x000000070a800000|  0%| F|  |TAMS 0x000000070a600000| PB 0x000000070a600000| Untracked |  0
|  84|0x000000070a800000, 0x000000070a800000, 0x000000070aa00000|  0%| F|  |TAMS 0x000000070a800000| PB 0x000000070a800000| Untracked |  0
|  85|0x000000070aa00000, 0x000000070aa00000, 0x000000070ac00000|  0%| F|  |TAMS 0x000000070aa00000| PB 0x000000070aa00000| Untracked |  0
|  86|0x000000070ac00000, 0x000000070ac00000, 0x000000070ae00000|  0%| F|  |TAMS 0x000000070ac00000| PB 0x000000070ac00000| Untracked |  0
|  87|0x000000070ae00000, 0x000000070ae00000, 0x000000070b000000|  0%| F|  |TAMS 0x000000070ae00000| PB 0x000000070ae00000| Untracked |  0
|  88|0x000000070b000000, 0x000000070b000000, 0x000000070b200000|  0%| F|  |TAMS 0x000000070b000000| PB 0x000000070b000000| Untracked |  0
|  89|0x000000070b200000, 0x000000070b200000, 0x000000070b400000|  0%| F|  |TAMS 0x000000070b200000| PB 0x000000070b200000| Untracked |  0
|  90|0x000000070b400000, 0x000000070b400000, 0x000000070b600000|  0%| F|  |TAMS 0x000000070b400000| PB 0x000000070b400000| Untracked |  0
|  91|0x000000070b600000, 0x000000070b600000, 0x000000070b800000|  0%| F|  |TAMS 0x000000070b600000| PB 0x000000070b600000| Untracked |  0
|  92|0x000000070b800000, 0x000000070b800000, 0x000000070ba00000|  0%| F|  |TAMS 0x000000070b800000| PB 0x000000070b800000| Untracked |  0
|  93|0x000000070ba00000, 0x000000070ba00000, 0x000000070bc00000|  0%| F|  |TAMS 0x000000070ba00000| PB 0x000000070ba00000| Untracked |  0
|  94|0x000000070bc00000, 0x000000070bc00000, 0x000000070be00000|  0%| F|  |TAMS 0x000000070bc00000| PB 0x000000070bc00000| Untracked |  0
|  95|0x000000070be00000, 0x000000070be00000, 0x000000070c000000|  0%| F|  |TAMS 0x000000070be00000| PB 0x000000070be00000| Untracked |  0
|  96|0x000000070c000000, 0x000000070c000000, 0x000000070c200000|  0%| F|  |TAMS 0x000000070c000000| PB 0x000000070c000000| Untracked |  0
|  97|0x000000070c200000, 0x000000070c200000, 0x000000070c400000|  0%| F|  |TAMS 0x000000070c200000| PB 0x000000070c200000| Untracked |  0
|  98|0x000000070c400000, 0x000000070c400000, 0x000000070c600000|  0%| F|  |TAMS 0x000000070c400000| PB 0x000000070c400000| Untracked |  0
|  99|0x000000070c600000, 0x000000070c600000, 0x000000070c800000|  0%| F|  |TAMS 0x000000070c600000| PB 0x000000070c600000| Untracked |  0
| 100|0x000000070c800000, 0x000000070c800000, 0x000000070ca00000|  0%| F|  |TAMS 0x000000070c800000| PB 0x000000070c800000| Untracked |  0
| 101|0x000000070ca00000, 0x000000070ca00000, 0x000000070cc00000|  0%| F|  |TAMS 0x000000070ca00000| PB 0x000000070ca00000| Untracked |  0
| 102|0x000000070cc00000, 0x000000070cc00000, 0x000000070ce00000|  0%| F|  |TAMS 0x000000070cc00000| PB 0x000000070cc00000| Untracked |  0
| 103|0x000000070ce00000, 0x000000070ce00000, 0x000000070d000000|  0%| F|  |TAMS 0x000000070ce00000| PB 0x000000070ce00000| Untracked |  0
| 104|0x000000070d000000, 0x000000070d000000, 0x000000070d200000|  0%| F|  |TAMS 0x000000070d000000| PB 0x000000070d000000| Untracked |  0
| 105|0x000000070d200000, 0x000000070d200000, 0x000000070d400000|  0%| F|  |TAMS 0x000000070d200000| PB 0x000000070d200000| Untracked |  0
| 106|0x000000070d400000, 0x000000070d400000, 0x000000070d600000|  0%| F|  |TAMS 0x000000070d400000| PB 0x000000070d400000| Untracked |  0
| 107|0x000000070d600000, 0x000000070d600000, 0x000000070d800000|  0%| F|  |TAMS 0x000000070d600000| PB 0x000000070d600000| Untracked |  0
| 108|0x000000070d800000, 0x000000070d800000, 0x000000070da00000|  0%| F|  |TAMS 0x000000070d800000| PB 0x000000070d800000| Untracked |  0
| 109|0x000000070da00000, 0x000000070da00000, 0x000000070dc00000|  0%| F|  |TAMS 0x000000070da00000| PB 0x000000070da00000| Untracked |  0
| 110|0x000000070dc00000, 0x000000070dc00000, 0x000000070de00000|  0%| F|  |TAMS 0x000000070dc00000| PB 0x000000070dc00000| Untracked |  0
| 111|0x000000070de00000, 0x000000070de00000, 0x000000070e000000|  0%| F|  |TAMS 0x000000070de00000| PB 0x000000070de00000| Untracked |  0
| 112|0x000000070e000000, 0x000000070e000000, 0x000000070e200000|  0%| F|  |TAMS 0x000000070e000000| PB 0x000000070e000000| Untracked |  0
| 113|0x000000070e200000, 0x000000070e200000, 0x000000070e400000|  0%| F|  |TAMS 0x000000070e200000| PB 0x000000070e200000| Untracked |  0
| 114|0x000000070e400000, 0x000000070e400000, 0x000000070e600000|  0%| F|  |TAMS 0x000000070e400000| PB 0x000000070e400000| Untracked |  0
| 115|0x000000070e600000, 0x000000070e600000, 0x000000070e800000|  0%| F|  |TAMS 0x000000070e600000| PB 0x000000070e600000| Untracked |  0
| 116|0x000000070e800000, 0x000000070e800000, 0x000000070ea00000|  0%| F|  |TAMS 0x000000070e800000| PB 0x000000070e800000| Untracked |  0
| 117|0x000000070ea00000, 0x000000070ea00000, 0x000000070ec00000|  0%| F|  |TAMS 0x000000070ea00000| PB 0x000000070ea00000| Untracked |  0
| 118|0x000000070ec00000, 0x000000070ec00000, 0x000000070ee00000|  0%| F|  |TAMS 0x000000070ec00000| PB 0x000000070ec00000| Untracked |  0
| 119|0x000000070ee00000, 0x000000070ee00000, 0x000000070f000000|  0%| F|  |TAMS 0x000000070ee00000| PB 0x000000070ee00000| Untracked |  0
| 120|0x000000070f000000, 0x000000070f000000, 0x000000070f200000|  0%| F|  |TAMS 0x000000070f000000| PB 0x000000070f000000| Untracked |  0
| 121|0x000000070f200000, 0x000000070f200000, 0x000000070f400000|  0%| F|  |TAMS 0x000000070f200000| PB 0x000000070f200000| Untracked |  0
| 122|0x000000070f400000, 0x000000070f400000, 0x000000070f600000|  0%| F|  |TAMS 0x000000070f400000| PB 0x000000070f400000| Untracked |  0
| 123|0x000000070f600000, 0x000000070f600000, 0x000000070f800000|  0%| F|  |TAMS 0x000000070f600000| PB 0x000000070f600000| Untracked |  0
| 124|0x000000070f800000, 0x000000070f800000, 0x000000070fa00000|  0%| F|  |TAMS 0x000000070f800000| PB 0x000000070f800000| Untracked |  0
| 125|0x000000070fa00000, 0x000000070fa00000, 0x000000070fc00000|  0%| F|  |TAMS 0x000000070fa00000| PB 0x000000070fa00000| Untracked |  0
| 126|0x000000070fc00000, 0x000000070fc00000, 0x000000070fe00000|  0%| F|  |TAMS 0x000000070fc00000| PB 0x000000070fc00000| Untracked |  0
| 127|0x000000070fe00000, 0x000000070fe00000, 0x0000000710000000|  0%| F|  |TAMS 0x000000070fe00000| PB 0x000000070fe00000| Untracked |  0
| 128|0x0000000710000000, 0x0000000710000000, 0x0000000710200000|  0%| F|  |TAMS 0x0000000710000000| PB 0x0000000710000000| Untracked |  0
| 129|0x0000000710200000, 0x0000000710200000, 0x0000000710400000|  0%| F|  |TAMS 0x0000000710200000| PB 0x0000000710200000| Untracked |  0
| 130|0x0000000710400000, 0x0000000710400000, 0x0000000710600000|  0%| F|  |TAMS 0x0000000710400000| PB 0x0000000710400000| Untracked |  0
| 131|0x0000000710600000, 0x0000000710600000, 0x0000000710800000|  0%| F|  |TAMS 0x0000000710600000| PB 0x0000000710600000| Untracked |  0
| 132|0x0000000710800000, 0x0000000710800000, 0x0000000710a00000|  0%| F|  |TAMS 0x0000000710800000| PB 0x0000000710800000| Untracked |  0
| 133|0x0000000710a00000, 0x0000000710a00000, 0x0000000710c00000|  0%| F|  |TAMS 0x0000000710a00000| PB 0x0000000710a00000| Untracked |  0
| 134|0x0000000710c00000, 0x0000000710c00000, 0x0000000710e00000|  0%| F|  |TAMS 0x0000000710c00000| PB 0x0000000710c00000| Untracked |  0
| 135|0x0000000710e00000, 0x0000000710e00000, 0x0000000711000000|  0%| F|  |TAMS 0x0000000710e00000| PB 0x0000000710e00000| Untracked |  0
| 136|0x0000000711000000, 0x0000000711000000, 0x0000000711200000|  0%| F|  |TAMS 0x0000000711000000| PB 0x0000000711000000| Untracked |  0
| 137|0x0000000711200000, 0x0000000711200000, 0x0000000711400000|  0%| F|  |TAMS 0x0000000711200000| PB 0x0000000711200000| Untracked |  0
| 138|0x0000000711400000, 0x0000000711400000, 0x0000000711600000|  0%| F|  |TAMS 0x0000000711400000| PB 0x0000000711400000| Untracked |  0
| 139|0x0000000711600000, 0x0000000711600000, 0x0000000711800000|  0%| F|  |TAMS 0x0000000711600000| PB 0x0000000711600000| Untracked |  0
| 140|0x0000000711800000, 0x0000000711800000, 0x0000000711a00000|  0%| F|  |TAMS 0x0000000711800000| PB 0x0000000711800000| Untracked |  0
| 141|0x0000000711a00000, 0x0000000711a00000, 0x0000000711c00000|  0%| F|  |TAMS 0x0000000711a00000| PB 0x0000000711a00000| Untracked |  0
| 142|0x0000000711c00000, 0x0000000711c00000, 0x0000000711e00000|  0%| F|  |TAMS 0x0000000711c00000| PB 0x0000000711c00000| Untracked |  0
| 143|0x0000000711e00000, 0x0000000711e00000, 0x0000000712000000|  0%| F|  |TAMS 0x0000000711e00000| PB 0x0000000711e00000| Untracked |  0
| 144|0x0000000712000000, 0x0000000712000000, 0x0000000712200000|  0%| F|  |TAMS 0x0000000712000000| PB 0x0000000712000000| Untracked |  0
| 145|0x0000000712200000, 0x0000000712200000, 0x0000000712400000|  0%| F|  |TAMS 0x0000000712200000| PB 0x0000000712200000| Untracked |  0
| 146|0x0000000712400000, 0x0000000712400000, 0x0000000712600000|  0%| F|  |TAMS 0x0000000712400000| PB 0x0000000712400000| Untracked |  0
| 147|0x0000000712600000, 0x0000000712600000, 0x0000000712800000|  0%| F|  |TAMS 0x0000000712600000| PB 0x0000000712600000| Untracked |  0
| 148|0x0000000712800000, 0x0000000712800000, 0x0000000712a00000|  0%| F|  |TAMS 0x0000000712800000| PB 0x0000000712800000| Untracked |  0
| 149|0x0000000712a00000, 0x0000000712a00000, 0x0000000712c00000|  0%| F|  |TAMS 0x0000000712a00000| PB 0x0000000712a00000| Untracked |  0
| 150|0x0000000712c00000, 0x0000000712c00000, 0x0000000712e00000|  0%| F|  |TAMS 0x0000000712c00000| PB 0x0000000712c00000| Untracked |  0
| 151|0x0000000712e00000, 0x0000000712e00000, 0x0000000713000000|  0%| F|  |TAMS 0x0000000712e00000| PB 0x0000000712e00000| Untracked |  0
| 152|0x0000000713000000, 0x0000000713000000, 0x0000000713200000|  0%| F|  |TAMS 0x0000000713000000| PB 0x0000000713000000| Untracked |  0
| 153|0x0000000713200000, 0x0000000713200000, 0x0000000713400000|  0%| F|  |TAMS 0x0000000713200000| PB 0x0000000713200000| Untracked |  0
| 154|0x0000000713400000, 0x0000000713400000, 0x0000000713600000|  0%| F|  |TAMS 0x0000000713400000| PB 0x0000000713400000| Untracked |  0
| 155|0x0000000713600000, 0x0000000713600000, 0x0000000713800000|  0%| F|  |TAMS 0x0000000713600000| PB 0x0000000713600000| Untracked |  0
| 156|0x0000000713800000, 0x0000000713800000, 0x0000000713a00000|  0%| F|  |TAMS 0x0000000713800000| PB 0x0000000713800000| Untracked |  0
| 157|0x0000000713a00000, 0x0000000713a00000, 0x0000000713c00000|  0%| F|  |TAMS 0x0000000713a00000| PB 0x0000000713a00000| Untracked |  0
| 158|0x0000000713c00000, 0x0000000713c00000, 0x0000000713e00000|  0%| F|  |TAMS 0x0000000713c00000| PB 0x0000000713c00000| Untracked |  0
| 159|0x0000000713e00000, 0x0000000713e00000, 0x0000000714000000|  0%| F|  |TAMS 0x0000000713e00000| PB 0x0000000713e00000| Untracked |  0
| 160|0x0000000714000000, 0x0000000714000000, 0x0000000714200000|  0%| F|  |TAMS 0x0000000714000000| PB 0x0000000714000000| Untracked |  0
| 161|0x0000000714200000, 0x0000000714200000, 0x0000000714400000|  0%| F|  |TAMS 0x0000000714200000| PB 0x0000000714200000| Untracked |  0
| 162|0x0000000714400000, 0x0000000714400000, 0x0000000714600000|  0%| F|  |TAMS 0x0000000714400000| PB 0x0000000714400000| Untracked |  0
| 163|0x0000000714600000, 0x0000000714600000, 0x0000000714800000|  0%| F|  |TAMS 0x0000000714600000| PB 0x0000000714600000| Untracked |  0
| 164|0x0000000714800000, 0x0000000714800000, 0x0000000714a00000|  0%| F|  |TAMS 0x0000000714800000| PB 0x0000000714800000| Untracked |  0
| 165|0x0000000714a00000, 0x0000000714a00000, 0x0000000714c00000|  0%| F|  |TAMS 0x0000000714a00000| PB 0x0000000714a00000| Untracked |  0
| 166|0x0000000714c00000, 0x0000000714c00000, 0x0000000714e00000|  0%| F|  |TAMS 0x0000000714c00000| PB 0x0000000714c00000| Untracked |  0
| 167|0x0000000714e00000, 0x0000000714e00000, 0x0000000715000000|  0%| F|  |TAMS 0x0000000714e00000| PB 0x0000000714e00000| Untracked |  0
| 168|0x0000000715000000, 0x0000000715000000, 0x0000000715200000|  0%| F|  |TAMS 0x0000000715000000| PB 0x0000000715000000| Untracked |  0
| 169|0x0000000715200000, 0x0000000715200000, 0x0000000715400000|  0%| F|  |TAMS 0x0000000715200000| PB 0x0000000715200000| Untracked |  0
| 170|0x0000000715400000, 0x0000000715400000, 0x0000000715600000|  0%| F|  |TAMS 0x0000000715400000| PB 0x0000000715400000| Untracked |  0
| 171|0x0000000715600000, 0x0000000715600000, 0x0000000715800000|  0%| F|  |TAMS 0x0000000715600000| PB 0x0000000715600000| Untracked |  0
| 172|0x0000000715800000, 0x0000000715800000, 0x0000000715a00000|  0%| F|  |TAMS 0x0000000715800000| PB 0x0000000715800000| Untracked |  0
| 173|0x0000000715a00000, 0x0000000715a00000, 0x0000000715c00000|  0%| F|  |TAMS 0x0000000715a00000| PB 0x0000000715a00000| Untracked |  0
| 174|0x0000000715c00000, 0x0000000715c00000, 0x0000000715e00000|  0%| F|  |TAMS 0x0000000715c00000| PB 0x0000000715c00000| Untracked |  0
| 175|0x0000000715e00000, 0x0000000715e00000, 0x0000000716000000|  0%| F|  |TAMS 0x0000000715e00000| PB 0x0000000715e00000| Untracked |  0
| 176|0x0000000716000000, 0x0000000716000000, 0x0000000716200000|  0%| F|  |TAMS 0x0000000716000000| PB 0x0000000716000000| Untracked |  0
| 177|0x0000000716200000, 0x0000000716200000, 0x0000000716400000|  0%| F|  |TAMS 0x0000000716200000| PB 0x0000000716200000| Untracked |  0
| 178|0x0000000716400000, 0x0000000716400000, 0x0000000716600000|  0%| F|  |TAMS 0x0000000716400000| PB 0x0000000716400000| Untracked |  0
| 179|0x0000000716600000, 0x0000000716600000, 0x0000000716800000|  0%| F|  |TAMS 0x0000000716600000| PB 0x0000000716600000| Untracked |  0
| 180|0x0000000716800000, 0x0000000716800000, 0x0000000716a00000|  0%| F|  |TAMS 0x0000000716800000| PB 0x0000000716800000| Untracked |  0
| 181|0x0000000716a00000, 0x0000000716a00000, 0x0000000716c00000|  0%| F|  |TAMS 0x0000000716a00000| PB 0x0000000716a00000| Untracked |  0
| 182|0x0000000716c00000, 0x0000000716c00000, 0x0000000716e00000|  0%| F|  |TAMS 0x0000000716c00000| PB 0x0000000716c00000| Untracked |  0
| 183|0x0000000716e00000, 0x0000000716e00000, 0x0000000717000000|  0%| F|  |TAMS 0x0000000716e00000| PB 0x0000000716e00000| Untracked |  0
| 184|0x0000000717000000, 0x0000000717000000, 0x0000000717200000|  0%| F|  |TAMS 0x0000000717000000| PB 0x0000000717000000| Untracked |  0
| 185|0x0000000717200000, 0x0000000717200000, 0x0000000717400000|  0%| F|  |TAMS 0x0000000717200000| PB 0x0000000717200000| Untracked |  0
| 186|0x0000000717400000, 0x0000000717400000, 0x0000000717600000|  0%| F|  |TAMS 0x0000000717400000| PB 0x0000000717400000| Untracked |  0
| 187|0x0000000717600000, 0x0000000717600000, 0x0000000717800000|  0%| F|  |TAMS 0x0000000717600000| PB 0x0000000717600000| Untracked |  0
| 188|0x0000000717800000, 0x0000000717800000, 0x0000000717a00000|  0%| F|  |TAMS 0x0000000717800000| PB 0x0000000717800000| Untracked |  0
| 189|0x0000000717a00000, 0x0000000717a00000, 0x0000000717c00000|  0%| F|  |TAMS 0x0000000717a00000| PB 0x0000000717a00000| Untracked |  0
| 190|0x0000000717c00000, 0x0000000717c00000, 0x0000000717e00000|  0%| F|  |TAMS 0x0000000717c00000| PB 0x0000000717c00000| Untracked |  0
| 191|0x0000000717e00000, 0x0000000717e00000, 0x0000000718000000|  0%| F|  |TAMS 0x0000000717e00000| PB 0x0000000717e00000| Untracked |  0
| 192|0x0000000718000000, 0x0000000718000000, 0x0000000718200000|  0%| F|  |TAMS 0x0000000718000000| PB 0x0000000718000000| Untracked |  0
| 193|0x0000000718200000, 0x0000000718200000, 0x0000000718400000|  0%| F|  |TAMS 0x0000000718200000| PB 0x0000000718200000| Untracked |  0
| 194|0x0000000718400000, 0x0000000718400000, 0x0000000718600000|  0%| F|  |TAMS 0x0000000718400000| PB 0x0000000718400000| Untracked |  0
| 195|0x0000000718600000, 0x0000000718600000, 0x0000000718800000|  0%| F|  |TAMS 0x0000000718600000| PB 0x0000000718600000| Untracked |  0
| 196|0x0000000718800000, 0x0000000718800000, 0x0000000718a00000|  0%| F|  |TAMS 0x0000000718800000| PB 0x0000000718800000| Untracked |  0
| 197|0x0000000718a00000, 0x0000000718a00000, 0x0000000718c00000|  0%| F|  |TAMS 0x0000000718a00000| PB 0x0000000718a00000| Untracked |  0
| 198|0x0000000718c00000, 0x0000000718c00000, 0x0000000718e00000|  0%| F|  |TAMS 0x0000000718c00000| PB 0x0000000718c00000| Untracked |  0
| 199|0x0000000718e00000, 0x0000000718e00000, 0x0000000719000000|  0%| F|  |TAMS 0x0000000718e00000| PB 0x0000000718e00000| Untracked |  0
| 200|0x0000000719000000, 0x0000000719000000, 0x0000000719200000|  0%| F|  |TAMS 0x0000000719000000| PB 0x0000000719000000| Untracked |  0
| 201|0x0000000719200000, 0x0000000719200000, 0x0000000719400000|  0%| F|  |TAMS 0x0000000719200000| PB 0x0000000719200000| Untracked |  0
| 202|0x0000000719400000, 0x0000000719400000, 0x0000000719600000|  0%| F|  |TAMS 0x0000000719400000| PB 0x0000000719400000| Untracked |  0
| 203|0x0000000719600000, 0x0000000719600000, 0x0000000719800000|  0%| F|  |TAMS 0x0000000719600000| PB 0x0000000719600000| Untracked |  0
| 204|0x0000000719800000, 0x0000000719800000, 0x0000000719a00000|  0%| F|  |TAMS 0x0000000719800000| PB 0x0000000719800000| Untracked |  0
| 205|0x0000000719a00000, 0x0000000719a00000, 0x0000000719c00000|  0%| F|  |TAMS 0x0000000719a00000| PB 0x0000000719a00000| Untracked |  0
| 206|0x0000000719c00000, 0x0000000719c00000, 0x0000000719e00000|  0%| F|  |TAMS 0x0000000719c00000| PB 0x0000000719c00000| Untracked |  0
| 207|0x0000000719e00000, 0x0000000719e00000, 0x000000071a000000|  0%| F|  |TAMS 0x0000000719e00000| PB 0x0000000719e00000| Untracked |  0
| 208|0x000000071a000000, 0x000000071a000000, 0x000000071a200000|  0%| F|  |TAMS 0x000000071a000000| PB 0x000000071a000000| Untracked |  0
| 209|0x000000071a200000, 0x000000071a200000, 0x000000071a400000|  0%| F|  |TAMS 0x000000071a200000| PB 0x000000071a200000| Untracked |  0
| 210|0x000000071a400000, 0x000000071a400000, 0x000000071a600000|  0%| F|  |TAMS 0x000000071a400000| PB 0x000000071a400000| Untracked |  0
| 211|0x000000071a600000, 0x000000071a600000, 0x000000071a800000|  0%| F|  |TAMS 0x000000071a600000| PB 0x000000071a600000| Untracked |  0
| 212|0x000000071a800000, 0x000000071a800000, 0x000000071aa00000|  0%| F|  |TAMS 0x000000071a800000| PB 0x000000071a800000| Untracked |  0
| 213|0x000000071aa00000, 0x000000071aa00000, 0x000000071ac00000|  0%| F|  |TAMS 0x000000071aa00000| PB 0x000000071aa00000| Untracked |  0
| 214|0x000000071ac00000, 0x000000071ac00000, 0x000000071ae00000|  0%| F|  |TAMS 0x000000071ac00000| PB 0x000000071ac00000| Untracked |  0
| 215|0x000000071ae00000, 0x000000071ae00000, 0x000000071b000000|  0%| F|  |TAMS 0x000000071ae00000| PB 0x000000071ae00000| Untracked |  0
| 216|0x000000071b000000, 0x000000071b000000, 0x000000071b200000|  0%| F|  |TAMS 0x000000071b000000| PB 0x000000071b000000| Untracked |  0
| 217|0x000000071b200000, 0x000000071b200000, 0x000000071b400000|  0%| F|  |TAMS 0x000000071b200000| PB 0x000000071b200000| Untracked |  0
| 218|0x000000071b400000, 0x000000071b400000, 0x000000071b600000|  0%| F|  |TAMS 0x000000071b400000| PB 0x000000071b400000| Untracked |  0
| 219|0x000000071b600000, 0x000000071b600000, 0x000000071b800000|  0%| F|  |TAMS 0x000000071b600000| PB 0x000000071b600000| Untracked |  0
| 220|0x000000071b800000, 0x000000071b800000, 0x000000071ba00000|  0%| F|  |TAMS 0x000000071b800000| PB 0x000000071b800000| Untracked |  0
| 221|0x000000071ba00000, 0x000000071ba00000, 0x000000071bc00000|  0%| F|  |TAMS 0x000000071ba00000| PB 0x000000071ba00000| Untracked |  0
| 222|0x000000071bc00000, 0x000000071bc00000, 0x000000071be00000|  0%| F|  |TAMS 0x000000071bc00000| PB 0x000000071bc00000| Untracked |  0
| 223|0x000000071be00000, 0x000000071be00000, 0x000000071c000000|  0%| F|  |TAMS 0x000000071be00000| PB 0x000000071be00000| Untracked |  0
| 224|0x000000071c000000, 0x000000071c000000, 0x000000071c200000|  0%| F|  |TAMS 0x000000071c000000| PB 0x000000071c000000| Untracked |  0
| 225|0x000000071c200000, 0x000000071c200000, 0x000000071c400000|  0%| F|  |TAMS 0x000000071c200000| PB 0x000000071c200000| Untracked |  0
| 226|0x000000071c400000, 0x000000071c400000, 0x000000071c600000|  0%| F|  |TAMS 0x000000071c400000| PB 0x000000071c400000| Untracked |  0
| 227|0x000000071c600000, 0x000000071c600000, 0x000000071c800000|  0%| F|  |TAMS 0x000000071c600000| PB 0x000000071c600000| Untracked |  0
| 228|0x000000071c800000, 0x000000071c800000, 0x000000071ca00000|  0%| F|  |TAMS 0x000000071c800000| PB 0x000000071c800000| Untracked |  0
| 229|0x000000071ca00000, 0x000000071ca00000, 0x000000071cc00000|  0%| F|  |TAMS 0x000000071ca00000| PB 0x000000071ca00000| Untracked |  0
| 230|0x000000071cc00000, 0x000000071cc00000, 0x000000071ce00000|  0%| F|  |TAMS 0x000000071cc00000| PB 0x000000071cc00000| Untracked |  0
| 231|0x000000071ce00000, 0x000000071ce00000, 0x000000071d000000|  0%| F|  |TAMS 0x000000071ce00000| PB 0x000000071ce00000| Untracked |  0
| 232|0x000000071d000000, 0x000000071d000000, 0x000000071d200000|  0%| F|  |TAMS 0x000000071d000000| PB 0x000000071d000000| Untracked |  0
| 233|0x000000071d200000, 0x000000071d200000, 0x000000071d400000|  0%| F|  |TAMS 0x000000071d200000| PB 0x000000071d200000| Untracked |  0
| 234|0x000000071d400000, 0x000000071d400000, 0x000000071d600000|  0%| F|  |TAMS 0x000000071d400000| PB 0x000000071d400000| Untracked |  0
| 235|0x000000071d600000, 0x000000071d600000, 0x000000071d800000|  0%| F|  |TAMS 0x000000071d600000| PB 0x000000071d600000| Untracked |  0
| 236|0x000000071d800000, 0x000000071d800000, 0x000000071da00000|  0%| F|  |TAMS 0x000000071d800000| PB 0x000000071d800000| Untracked |  0
| 237|0x000000071da00000, 0x000000071da00000, 0x000000071dc00000|  0%| F|  |TAMS 0x000000071da00000| PB 0x000000071da00000| Untracked |  0
| 238|0x000000071dc00000, 0x000000071dc00000, 0x000000071de00000|  0%| F|  |TAMS 0x000000071dc00000| PB 0x000000071dc00000| Untracked |  0
| 239|0x000000071de00000, 0x000000071de00000, 0x000000071e000000|  0%| F|  |TAMS 0x000000071de00000| PB 0x000000071de00000| Untracked |  0
| 240|0x000000071e000000, 0x000000071e000000, 0x000000071e200000|  0%| F|  |TAMS 0x000000071e000000| PB 0x000000071e000000| Untracked |  0
| 241|0x000000071e200000, 0x000000071e200000, 0x000000071e400000|  0%| F|  |TAMS 0x000000071e200000| PB 0x000000071e200000| Untracked |  0
| 242|0x000000071e400000, 0x000000071e400000, 0x000000071e600000|  0%| F|  |TAMS 0x000000071e400000| PB 0x000000071e400000| Untracked |  0
| 243|0x000000071e600000, 0x000000071e600000, 0x000000071e800000|  0%| F|  |TAMS 0x000000071e600000| PB 0x000000071e600000| Untracked |  0
| 244|0x000000071e800000, 0x000000071e800000, 0x000000071ea00000|  0%| F|  |TAMS 0x000000071e800000| PB 0x000000071e800000| Untracked |  0
| 245|0x000000071ea00000, 0x000000071ea00000, 0x000000071ec00000|  0%| F|  |TAMS 0x000000071ea00000| PB 0x000000071ea00000| Untracked |  0
| 246|0x000000071ec00000, 0x000000071ec00000, 0x000000071ee00000|  0%| F|  |TAMS 0x000000071ec00000| PB 0x000000071ec00000| Untracked |  0
| 247|0x000000071ee00000, 0x000000071ee00000, 0x000000071f000000|  0%| F|  |TAMS 0x000000071ee00000| PB 0x000000071ee00000| Untracked |  0
| 248|0x000000071f000000, 0x000000071f000000, 0x000000071f200000|  0%| F|  |TAMS 0x000000071f000000| PB 0x000000071f000000| Untracked |  0
| 249|0x000000071f200000, 0x000000071f200000, 0x000000071f400000|  0%| F|  |TAMS 0x000000071f200000| PB 0x000000071f200000| Untracked |  0
| 250|0x000000071f400000, 0x000000071f400000, 0x000000071f600000|  0%| F|  |TAMS 0x000000071f400000| PB 0x000000071f400000| Untracked |  0
| 251|0x000000071f600000, 0x000000071f600000, 0x000000071f800000|  0%| F|  |TAMS 0x000000071f600000| PB 0x000000071f600000| Untracked |  0
| 252|0x000000071f800000, 0x000000071f800000, 0x000000071fa00000|  0%| F|  |TAMS 0x000000071f800000| PB 0x000000071f800000| Untracked |  0
| 253|0x000000071fa00000, 0x000000071fa00000, 0x000000071fc00000|  0%| F|  |TAMS 0x000000071fa00000| PB 0x000000071fa00000| Untracked |  0
| 254|0x000000071fc00000, 0x000000071fc00000, 0x000000071fe00000|  0%| F|  |TAMS 0x000000071fc00000| PB 0x000000071fc00000| Untracked |  0
| 255|0x000000071fe00000, 0x000000071fe00000, 0x0000000720000000|  0%| F|  |TAMS 0x000000071fe00000| PB 0x000000071fe00000| Untracked |  0
| 256|0x0000000720000000, 0x0000000720000000, 0x0000000720200000|  0%| F|  |TAMS 0x0000000720000000| PB 0x0000000720000000| Untracked |  0
| 257|0x0000000720200000, 0x0000000720200000, 0x0000000720400000|  0%| F|  |TAMS 0x0000000720200000| PB 0x0000000720200000| Untracked |  0
| 258|0x0000000720400000, 0x0000000720400000, 0x0000000720600000|  0%| F|  |TAMS 0x0000000720400000| PB 0x0000000720400000| Untracked |  0
| 259|0x0000000720600000, 0x0000000720600000, 0x0000000720800000|  0%| F|  |TAMS 0x0000000720600000| PB 0x0000000720600000| Untracked |  0
| 260|0x0000000720800000, 0x0000000720800000, 0x0000000720a00000|  0%| F|  |TAMS 0x0000000720800000| PB 0x0000000720800000| Untracked |  0
| 261|0x0000000720a00000, 0x0000000720a00000, 0x0000000720c00000|  0%| F|  |TAMS 0x0000000720a00000| PB 0x0000000720a00000| Untracked |  0
| 262|0x0000000720c00000, 0x0000000720c00000, 0x0000000720e00000|  0%| F|  |TAMS 0x0000000720c00000| PB 0x0000000720c00000| Untracked |  0
| 263|0x0000000720e00000, 0x0000000720e00000, 0x0000000721000000|  0%| F|  |TAMS 0x0000000720e00000| PB 0x0000000720e00000| Untracked |  0
| 264|0x0000000721000000, 0x0000000721000000, 0x0000000721200000|  0%| F|  |TAMS 0x0000000721000000| PB 0x0000000721000000| Untracked |  0
| 265|0x0000000721200000, 0x0000000721200000, 0x0000000721400000|  0%| F|  |TAMS 0x0000000721200000| PB 0x0000000721200000| Untracked |  0
| 266|0x0000000721400000, 0x0000000721400000, 0x0000000721600000|  0%| F|  |TAMS 0x0000000721400000| PB 0x0000000721400000| Untracked |  0
| 267|0x0000000721600000, 0x0000000721600000, 0x0000000721800000|  0%| F|  |TAMS 0x0000000721600000| PB 0x0000000721600000| Untracked |  0
| 268|0x0000000721800000, 0x0000000721800000, 0x0000000721a00000|  0%| F|  |TAMS 0x0000000721800000| PB 0x0000000721800000| Untracked |  0
| 269|0x0000000721a00000, 0x0000000721a00000, 0x0000000721c00000|  0%| F|  |TAMS 0x0000000721a00000| PB 0x0000000721a00000| Untracked |  0
| 270|0x0000000721c00000, 0x0000000721c00000, 0x0000000721e00000|  0%| F|  |TAMS 0x0000000721c00000| PB 0x0000000721c00000| Untracked |  0
| 271|0x0000000721e00000, 0x0000000721e00000, 0x0000000722000000|  0%| F|  |TAMS 0x0000000721e00000| PB 0x0000000721e00000| Untracked |  0
| 272|0x0000000722000000, 0x0000000722000000, 0x0000000722200000|  0%| F|  |TAMS 0x0000000722000000| PB 0x0000000722000000| Untracked |  0
| 273|0x0000000722200000, 0x0000000722200000, 0x0000000722400000|  0%| F|  |TAMS 0x0000000722200000| PB 0x0000000722200000| Untracked |  0
| 274|0x0000000722400000, 0x0000000722400000, 0x0000000722600000|  0%| F|  |TAMS 0x0000000722400000| PB 0x0000000722400000| Untracked |  0
| 275|0x0000000722600000, 0x0000000722600000, 0x0000000722800000|  0%| F|  |TAMS 0x0000000722600000| PB 0x0000000722600000| Untracked |  0
| 276|0x0000000722800000, 0x0000000722800000, 0x0000000722a00000|  0%| F|  |TAMS 0x0000000722800000| PB 0x0000000722800000| Untracked |  0
| 277|0x0000000722a00000, 0x0000000722a00000, 0x0000000722c00000|  0%| F|  |TAMS 0x0000000722a00000| PB 0x0000000722a00000| Untracked |  0
| 278|0x0000000722c00000, 0x0000000722c00000, 0x0000000722e00000|  0%| F|  |TAMS 0x0000000722c00000| PB 0x0000000722c00000| Untracked |  0
| 279|0x0000000722e00000, 0x0000000722e00000, 0x0000000723000000|  0%| F|  |TAMS 0x0000000722e00000| PB 0x0000000722e00000| Untracked |  0
| 280|0x0000000723000000, 0x0000000723000000, 0x0000000723200000|  0%| F|  |TAMS 0x0000000723000000| PB 0x0000000723000000| Untracked |  0
| 281|0x0000000723200000, 0x0000000723200000, 0x0000000723400000|  0%| F|  |TAMS 0x0000000723200000| PB 0x0000000723200000| Untracked |  0
| 282|0x0000000723400000, 0x0000000723400000, 0x0000000723600000|  0%| F|  |TAMS 0x0000000723400000| PB 0x0000000723400000| Untracked |  0
| 283|0x0000000723600000, 0x0000000723600000, 0x0000000723800000|  0%| F|  |TAMS 0x0000000723600000| PB 0x0000000723600000| Untracked |  0
| 284|0x0000000723800000, 0x0000000723800000, 0x0000000723a00000|  0%| F|  |TAMS 0x0000000723800000| PB 0x0000000723800000| Untracked |  0
| 285|0x0000000723a00000, 0x0000000723a00000, 0x0000000723c00000|  0%| F|  |TAMS 0x0000000723a00000| PB 0x0000000723a00000| Untracked |  0
| 286|0x0000000723c00000, 0x0000000723c00000, 0x0000000723e00000|  0%| F|  |TAMS 0x0000000723c00000| PB 0x0000000723c00000| Untracked |  0
| 287|0x0000000723e00000, 0x0000000723e00000, 0x0000000724000000|  0%| F|  |TAMS 0x0000000723e00000| PB 0x0000000723e00000| Untracked |  0
| 288|0x0000000724000000, 0x0000000724000000, 0x0000000724200000|  0%| F|  |TAMS 0x0000000724000000| PB 0x0000000724000000| Untracked |  0
| 289|0x0000000724200000, 0x0000000724200000, 0x0000000724400000|  0%| F|  |TAMS 0x0000000724200000| PB 0x0000000724200000| Untracked |  0
| 290|0x0000000724400000, 0x0000000724400000, 0x0000000724600000|  0%| F|  |TAMS 0x0000000724400000| PB 0x0000000724400000| Untracked |  0
| 291|0x0000000724600000, 0x0000000724600000, 0x0000000724800000|  0%| F|  |TAMS 0x0000000724600000| PB 0x0000000724600000| Untracked |  0
| 292|0x0000000724800000, 0x0000000724800000, 0x0000000724a00000|  0%| F|  |TAMS 0x0000000724800000| PB 0x0000000724800000| Untracked |  0
| 293|0x0000000724a00000, 0x0000000724a00000, 0x0000000724c00000|  0%| F|  |TAMS 0x0000000724a00000| PB 0x0000000724a00000| Untracked |  0
| 294|0x0000000724c00000, 0x0000000724c00000, 0x0000000724e00000|  0%| F|  |TAMS 0x0000000724c00000| PB 0x0000000724c00000| Untracked |  0
| 295|0x0000000724e00000, 0x0000000724e00000, 0x0000000725000000|  0%| F|  |TAMS 0x0000000724e00000| PB 0x0000000724e00000| Untracked |  0
| 296|0x0000000725000000, 0x0000000725000000, 0x0000000725200000|  0%| F|  |TAMS 0x0000000725000000| PB 0x0000000725000000| Untracked |  0
| 297|0x0000000725200000, 0x0000000725200000, 0x0000000725400000|  0%| F|  |TAMS 0x0000000725200000| PB 0x0000000725200000| Untracked |  0
| 298|0x0000000725400000, 0x0000000725400000, 0x0000000725600000|  0%| F|  |TAMS 0x0000000725400000| PB 0x0000000725400000| Untracked |  0
| 299|0x0000000725600000, 0x0000000725600000, 0x0000000725800000|  0%| F|  |TAMS 0x0000000725600000| PB 0x0000000725600000| Untracked |  0
| 300|0x0000000725800000, 0x0000000725800000, 0x0000000725a00000|  0%| F|  |TAMS 0x0000000725800000| PB 0x0000000725800000| Untracked |  0
| 301|0x0000000725a00000, 0x0000000725a00000, 0x0000000725c00000|  0%| F|  |TAMS 0x0000000725a00000| PB 0x0000000725a00000| Untracked |  0
| 302|0x0000000725c00000, 0x0000000725c00000, 0x0000000725e00000|  0%| F|  |TAMS 0x0000000725c00000| PB 0x0000000725c00000| Untracked |  0
| 303|0x0000000725e00000, 0x0000000725e00000, 0x0000000726000000|  0%| F|  |TAMS 0x0000000725e00000| PB 0x0000000725e00000| Untracked |  0
| 304|0x0000000726000000, 0x0000000726000000, 0x0000000726200000|  0%| F|  |TAMS 0x0000000726000000| PB 0x0000000726000000| Untracked |  0
| 305|0x0000000726200000, 0x0000000726200000, 0x0000000726400000|  0%| F|  |TAMS 0x0000000726200000| PB 0x0000000726200000| Untracked |  0
| 306|0x0000000726400000, 0x0000000726400000, 0x0000000726600000|  0%| F|  |TAMS 0x0000000726400000| PB 0x0000000726400000| Untracked |  0
| 307|0x0000000726600000, 0x0000000726600000, 0x0000000726800000|  0%| F|  |TAMS 0x0000000726600000| PB 0x0000000726600000| Untracked |  0
| 308|0x0000000726800000, 0x0000000726800000, 0x0000000726a00000|  0%| F|  |TAMS 0x0000000726800000| PB 0x0000000726800000| Untracked |  0
| 309|0x0000000726a00000, 0x0000000726a00000, 0x0000000726c00000|  0%| F|  |TAMS 0x0000000726a00000| PB 0x0000000726a00000| Untracked |  0
| 310|0x0000000726c00000, 0x0000000726c00000, 0x0000000726e00000|  0%| F|  |TAMS 0x0000000726c00000| PB 0x0000000726c00000| Untracked |  0
| 311|0x0000000726e00000, 0x0000000726e00000, 0x0000000727000000|  0%| F|  |TAMS 0x0000000726e00000| PB 0x0000000726e00000| Untracked |  0
| 312|0x0000000727000000, 0x0000000727000000, 0x0000000727200000|  0%| F|  |TAMS 0x0000000727000000| PB 0x0000000727000000| Untracked |  0
| 313|0x0000000727200000, 0x0000000727200000, 0x0000000727400000|  0%| F|  |TAMS 0x0000000727200000| PB 0x0000000727200000| Untracked |  0
| 314|0x0000000727400000, 0x0000000727400000, 0x0000000727600000|  0%| F|  |TAMS 0x0000000727400000| PB 0x0000000727400000| Untracked |  0
| 315|0x0000000727600000, 0x0000000727600000, 0x0000000727800000|  0%| F|  |TAMS 0x0000000727600000| PB 0x0000000727600000| Untracked |  0
| 316|0x0000000727800000, 0x0000000727800000, 0x0000000727a00000|  0%| F|  |TAMS 0x0000000727800000| PB 0x0000000727800000| Untracked |  0
| 317|0x0000000727a00000, 0x0000000727a00000, 0x0000000727c00000|  0%| F|  |TAMS 0x0000000727a00000| PB 0x0000000727a00000| Untracked |  0
| 318|0x0000000727c00000, 0x0000000727c00000, 0x0000000727e00000|  0%| F|  |TAMS 0x0000000727c00000| PB 0x0000000727c00000| Untracked |  0
| 319|0x0000000727e00000, 0x0000000727e00000, 0x0000000728000000|  0%| F|  |TAMS 0x0000000727e00000| PB 0x0000000727e00000| Untracked |  0
| 320|0x0000000728000000, 0x0000000728000000, 0x0000000728200000|  0%| F|  |TAMS 0x0000000728000000| PB 0x0000000728000000| Untracked |  0
| 321|0x0000000728200000, 0x0000000728200000, 0x0000000728400000|  0%| F|  |TAMS 0x0000000728200000| PB 0x0000000728200000| Untracked |  0
| 322|0x0000000728400000, 0x0000000728400000, 0x0000000728600000|  0%| F|  |TAMS 0x0000000728400000| PB 0x0000000728400000| Untracked |  0
| 323|0x0000000728600000, 0x0000000728600000, 0x0000000728800000|  0%| F|  |TAMS 0x0000000728600000| PB 0x0000000728600000| Untracked |  0
| 324|0x0000000728800000, 0x0000000728800000, 0x0000000728a00000|  0%| F|  |TAMS 0x0000000728800000| PB 0x0000000728800000| Untracked |  0
| 325|0x0000000728a00000, 0x0000000728a00000, 0x0000000728c00000|  0%| F|  |TAMS 0x0000000728a00000| PB 0x0000000728a00000| Untracked |  0
| 326|0x0000000728c00000, 0x0000000728c00000, 0x0000000728e00000|  0%| F|  |TAMS 0x0000000728c00000| PB 0x0000000728c00000| Untracked |  0
| 327|0x0000000728e00000, 0x0000000728e00000, 0x0000000729000000|  0%| F|  |TAMS 0x0000000728e00000| PB 0x0000000728e00000| Untracked |  0
| 328|0x0000000729000000, 0x0000000729000000, 0x0000000729200000|  0%| F|  |TAMS 0x0000000729000000| PB 0x0000000729000000| Untracked |  0
| 329|0x0000000729200000, 0x0000000729200000, 0x0000000729400000|  0%| F|  |TAMS 0x0000000729200000| PB 0x0000000729200000| Untracked |  0
| 330|0x0000000729400000, 0x0000000729400000, 0x0000000729600000|  0%| F|  |TAMS 0x0000000729400000| PB 0x0000000729400000| Untracked |  0
| 331|0x0000000729600000, 0x0000000729600000, 0x0000000729800000|  0%| F|  |TAMS 0x0000000729600000| PB 0x0000000729600000| Untracked |  0
| 332|0x0000000729800000, 0x0000000729800000, 0x0000000729a00000|  0%| F|  |TAMS 0x0000000729800000| PB 0x0000000729800000| Untracked |  0
| 333|0x0000000729a00000, 0x0000000729a00000, 0x0000000729c00000|  0%| F|  |TAMS 0x0000000729a00000| PB 0x0000000729a00000| Untracked |  0
| 334|0x0000000729c00000, 0x0000000729c00000, 0x0000000729e00000|  0%| F|  |TAMS 0x0000000729c00000| PB 0x0000000729c00000| Untracked |  0
| 335|0x0000000729e00000, 0x0000000729e00000, 0x000000072a000000|  0%| F|  |TAMS 0x0000000729e00000| PB 0x0000000729e00000| Untracked |  0
| 336|0x000000072a000000, 0x000000072a000000, 0x000000072a200000|  0%| F|  |TAMS 0x000000072a000000| PB 0x000000072a000000| Untracked |  0
| 337|0x000000072a200000, 0x000000072a200000, 0x000000072a400000|  0%| F|  |TAMS 0x000000072a200000| PB 0x000000072a200000| Untracked |  0
| 338|0x000000072a400000, 0x000000072a400000, 0x000000072a600000|  0%| F|  |TAMS 0x000000072a400000| PB 0x000000072a400000| Untracked |  0
| 339|0x000000072a600000, 0x000000072a600000, 0x000000072a800000|  0%| F|  |TAMS 0x000000072a600000| PB 0x000000072a600000| Untracked |  0
| 340|0x000000072a800000, 0x000000072a800000, 0x000000072aa00000|  0%| F|  |TAMS 0x000000072a800000| PB 0x000000072a800000| Untracked |  0
| 341|0x000000072aa00000, 0x000000072aa00000, 0x000000072ac00000|  0%| F|  |TAMS 0x000000072aa00000| PB 0x000000072aa00000| Untracked |  0
| 342|0x000000072ac00000, 0x000000072ac00000, 0x000000072ae00000|  0%| F|  |TAMS 0x000000072ac00000| PB 0x000000072ac00000| Untracked |  0
| 343|0x000000072ae00000, 0x000000072ae00000, 0x000000072b000000|  0%| F|  |TAMS 0x000000072ae00000| PB 0x000000072ae00000| Untracked |  0
| 344|0x000000072b000000, 0x000000072b000000, 0x000000072b200000|  0%| F|  |TAMS 0x000000072b000000| PB 0x000000072b000000| Untracked |  0
| 345|0x000000072b200000, 0x000000072b200000, 0x000000072b400000|  0%| F|  |TAMS 0x000000072b200000| PB 0x000000072b200000| Untracked |  0
| 346|0x000000072b400000, 0x000000072b400000, 0x000000072b600000|  0%| F|  |TAMS 0x000000072b400000| PB 0x000000072b400000| Untracked |  0
| 347|0x000000072b600000, 0x000000072b600000, 0x000000072b800000|  0%| F|  |TAMS 0x000000072b600000| PB 0x000000072b600000| Untracked |  0
| 348|0x000000072b800000, 0x000000072b800000, 0x000000072ba00000|  0%| F|  |TAMS 0x000000072b800000| PB 0x000000072b800000| Untracked |  0
| 349|0x000000072ba00000, 0x000000072ba00000, 0x000000072bc00000|  0%| F|  |TAMS 0x000000072ba00000| PB 0x000000072ba00000| Untracked |  0
| 350|0x000000072bc00000, 0x000000072bc00000, 0x000000072be00000|  0%| F|  |TAMS 0x000000072bc00000| PB 0x000000072bc00000| Untracked |  0
| 351|0x000000072be00000, 0x000000072be00000, 0x000000072c000000|  0%| F|  |TAMS 0x000000072be00000| PB 0x000000072be00000| Untracked |  0
| 352|0x000000072c000000, 0x000000072c000000, 0x000000072c200000|  0%| F|  |TAMS 0x000000072c000000| PB 0x000000072c000000| Untracked |  0
| 353|0x000000072c200000, 0x000000072c200000, 0x000000072c400000|  0%| F|  |TAMS 0x000000072c200000| PB 0x000000072c200000| Untracked |  0
| 354|0x000000072c400000, 0x000000072c400000, 0x000000072c600000|  0%| F|  |TAMS 0x000000072c400000| PB 0x000000072c400000| Untracked |  0
| 355|0x000000072c600000, 0x000000072c600000, 0x000000072c800000|  0%| F|  |TAMS 0x000000072c600000| PB 0x000000072c600000| Untracked |  0
| 356|0x000000072c800000, 0x000000072c800000, 0x000000072ca00000|  0%| F|  |TAMS 0x000000072c800000| PB 0x000000072c800000| Untracked |  0
| 357|0x000000072ca00000, 0x000000072ca00000, 0x000000072cc00000|  0%| F|  |TAMS 0x000000072ca00000| PB 0x000000072ca00000| Untracked |  0
| 358|0x000000072cc00000, 0x000000072cc00000, 0x000000072ce00000|  0%| F|  |TAMS 0x000000072cc00000| PB 0x000000072cc00000| Untracked |  0
| 359|0x000000072ce00000, 0x000000072ce00000, 0x000000072d000000|  0%| F|  |TAMS 0x000000072ce00000| PB 0x000000072ce00000| Untracked |  0
| 360|0x000000072d000000, 0x000000072d000000, 0x000000072d200000|  0%| F|  |TAMS 0x000000072d000000| PB 0x000000072d000000| Untracked |  0
| 361|0x000000072d200000, 0x000000072d200000, 0x000000072d400000|  0%| F|  |TAMS 0x000000072d200000| PB 0x000000072d200000| Untracked |  0
| 362|0x000000072d400000, 0x000000072d400000, 0x000000072d600000|  0%| F|  |TAMS 0x000000072d400000| PB 0x000000072d400000| Untracked |  0
| 363|0x000000072d600000, 0x000000072d600000, 0x000000072d800000|  0%| F|  |TAMS 0x000000072d600000| PB 0x000000072d600000| Untracked |  0
| 364|0x000000072d800000, 0x000000072d800000, 0x000000072da00000|  0%| F|  |TAMS 0x000000072d800000| PB 0x000000072d800000| Untracked |  0
| 365|0x000000072da00000, 0x000000072da00000, 0x000000072dc00000|  0%| F|  |TAMS 0x000000072da00000| PB 0x000000072da00000| Untracked |  0
| 366|0x000000072dc00000, 0x000000072dc00000, 0x000000072de00000|  0%| F|  |TAMS 0x000000072dc00000| PB 0x000000072dc00000| Untracked |  0
| 367|0x000000072de00000, 0x000000072de00000, 0x000000072e000000|  0%| F|  |TAMS 0x000000072de00000| PB 0x000000072de00000| Untracked |  0
| 368|0x000000072e000000, 0x000000072e000000, 0x000000072e200000|  0%| F|  |TAMS 0x000000072e000000| PB 0x000000072e000000| Untracked |  0
| 369|0x000000072e200000, 0x000000072e200000, 0x000000072e400000|  0%| F|  |TAMS 0x000000072e200000| PB 0x000000072e200000| Untracked |  0
| 370|0x000000072e400000, 0x000000072e400000, 0x000000072e600000|  0%| F|  |TAMS 0x000000072e400000| PB 0x000000072e400000| Untracked |  0
| 371|0x000000072e600000, 0x000000072e600000, 0x000000072e800000|  0%| F|  |TAMS 0x000000072e600000| PB 0x000000072e600000| Untracked |  0
| 372|0x000000072e800000, 0x000000072e800000, 0x000000072ea00000|  0%| F|  |TAMS 0x000000072e800000| PB 0x000000072e800000| Untracked |  0
| 373|0x000000072ea00000, 0x000000072ea00000, 0x000000072ec00000|  0%| F|  |TAMS 0x000000072ea00000| PB 0x000000072ea00000| Untracked |  0
| 374|0x000000072ec00000, 0x000000072ec00000, 0x000000072ee00000|  0%| F|  |TAMS 0x000000072ec00000| PB 0x000000072ec00000| Untracked |  0
| 375|0x000000072ee00000, 0x000000072ee00000, 0x000000072f000000|  0%| F|  |TAMS 0x000000072ee00000| PB 0x000000072ee00000| Untracked |  0
| 376|0x000000072f000000, 0x000000072f000000, 0x000000072f200000|  0%| F|  |TAMS 0x000000072f000000| PB 0x000000072f000000| Untracked |  0
| 377|0x000000072f200000, 0x000000072f200000, 0x000000072f400000|  0%| F|  |TAMS 0x000000072f200000| PB 0x000000072f200000| Untracked |  0
| 378|0x000000072f400000, 0x000000072f400000, 0x000000072f600000|  0%| F|  |TAMS 0x000000072f400000| PB 0x000000072f400000| Untracked |  0
| 379|0x000000072f600000, 0x000000072f600000, 0x000000072f800000|  0%| F|  |TAMS 0x000000072f600000| PB 0x000000072f600000| Untracked |  0
| 380|0x000000072f800000, 0x000000072f800000, 0x000000072fa00000|  0%| F|  |TAMS 0x000000072f800000| PB 0x000000072f800000| Untracked |  0
| 381|0x000000072fa00000, 0x000000072fa00000, 0x000000072fc00000|  0%| F|  |TAMS 0x000000072fa00000| PB 0x000000072fa00000| Untracked |  0
| 382|0x000000072fc00000, 0x000000072fc00000, 0x000000072fe00000|  0%| F|  |TAMS 0x000000072fc00000| PB 0x000000072fc00000| Untracked |  0
| 383|0x000000072fe00000, 0x000000072fe00000, 0x0000000730000000|  0%| F|  |TAMS 0x000000072fe00000| PB 0x000000072fe00000| Untracked |  0
| 384|0x0000000730000000, 0x0000000730000000, 0x0000000730200000|  0%| F|  |TAMS 0x0000000730000000| PB 0x0000000730000000| Untracked |  0
| 385|0x0000000730200000, 0x0000000730200000, 0x0000000730400000|  0%| F|  |TAMS 0x0000000730200000| PB 0x0000000730200000| Untracked |  0
| 386|0x0000000730400000, 0x0000000730400000, 0x0000000730600000|  0%| F|  |TAMS 0x0000000730400000| PB 0x0000000730400000| Untracked |  0
| 387|0x0000000730600000, 0x0000000730600000, 0x0000000730800000|  0%| F|  |TAMS 0x0000000730600000| PB 0x0000000730600000| Untracked |  0
| 388|0x0000000730800000, 0x0000000730800000, 0x0000000730a00000|  0%| F|  |TAMS 0x0000000730800000| PB 0x0000000730800000| Untracked |  0
| 389|0x0000000730a00000, 0x0000000730a00000, 0x0000000730c00000|  0%| F|  |TAMS 0x0000000730a00000| PB 0x0000000730a00000| Untracked |  0
| 390|0x0000000730c00000, 0x0000000730c00000, 0x0000000730e00000|  0%| F|  |TAMS 0x0000000730c00000| PB 0x0000000730c00000| Untracked |  0
| 391|0x0000000730e00000, 0x0000000730e00000, 0x0000000731000000|  0%| F|  |TAMS 0x0000000730e00000| PB 0x0000000730e00000| Untracked |  0
| 392|0x0000000731000000, 0x0000000731000000, 0x0000000731200000|  0%| F|  |TAMS 0x0000000731000000| PB 0x0000000731000000| Untracked |  0
| 393|0x0000000731200000, 0x0000000731200000, 0x0000000731400000|  0%| F|  |TAMS 0x0000000731200000| PB 0x0000000731200000| Untracked |  0
| 394|0x0000000731400000, 0x0000000731400000, 0x0000000731600000|  0%| F|  |TAMS 0x0000000731400000| PB 0x0000000731400000| Untracked |  0
| 395|0x0000000731600000, 0x0000000731600000, 0x0000000731800000|  0%| F|  |TAMS 0x0000000731600000| PB 0x0000000731600000| Untracked |  0
| 396|0x0000000731800000, 0x0000000731800000, 0x0000000731a00000|  0%| F|  |TAMS 0x0000000731800000| PB 0x0000000731800000| Untracked |  0
| 397|0x0000000731a00000, 0x0000000731a00000, 0x0000000731c00000|  0%| F|  |TAMS 0x0000000731a00000| PB 0x0000000731a00000| Untracked |  0
| 398|0x0000000731c00000, 0x0000000731c00000, 0x0000000731e00000|  0%| F|  |TAMS 0x0000000731c00000| PB 0x0000000731c00000| Untracked |  0
| 399|0x0000000731e00000, 0x0000000731e00000, 0x0000000732000000|  0%| F|  |TAMS 0x0000000731e00000| PB 0x0000000731e00000| Untracked |  0
| 400|0x0000000732000000, 0x0000000732000000, 0x0000000732200000|  0%| F|  |TAMS 0x0000000732000000| PB 0x0000000732000000| Untracked |  0
| 401|0x0000000732200000, 0x0000000732200000, 0x0000000732400000|  0%| F|  |TAMS 0x0000000732200000| PB 0x0000000732200000| Untracked |  0
| 402|0x0000000732400000, 0x0000000732400000, 0x0000000732600000|  0%| F|  |TAMS 0x0000000732400000| PB 0x0000000732400000| Untracked |  0
| 403|0x0000000732600000, 0x0000000732600000, 0x0000000732800000|  0%| F|  |TAMS 0x0000000732600000| PB 0x0000000732600000| Untracked |  0
| 404|0x0000000732800000, 0x0000000732800000, 0x0000000732a00000|  0%| F|  |TAMS 0x0000000732800000| PB 0x0000000732800000| Untracked |  0
| 405|0x0000000732a00000, 0x0000000732a00000, 0x0000000732c00000|  0%| F|  |TAMS 0x0000000732a00000| PB 0x0000000732a00000| Untracked |  0
| 406|0x0000000732c00000, 0x0000000732c00000, 0x0000000732e00000|  0%| F|  |TAMS 0x0000000732c00000| PB 0x0000000732c00000| Untracked |  0
| 407|0x0000000732e00000, 0x0000000732e00000, 0x0000000733000000|  0%| F|  |TAMS 0x0000000732e00000| PB 0x0000000732e00000| Untracked |  0
| 408|0x0000000733000000, 0x0000000733000000, 0x0000000733200000|  0%| F|  |TAMS 0x0000000733000000| PB 0x0000000733000000| Untracked |  0
| 409|0x0000000733200000, 0x0000000733200000, 0x0000000733400000|  0%| F|  |TAMS 0x0000000733200000| PB 0x0000000733200000| Untracked |  0
| 410|0x0000000733400000, 0x0000000733400000, 0x0000000733600000|  0%| F|  |TAMS 0x0000000733400000| PB 0x0000000733400000| Untracked |  0
| 411|0x0000000733600000, 0x0000000733600000, 0x0000000733800000|  0%| F|  |TAMS 0x0000000733600000| PB 0x0000000733600000| Untracked |  0
| 412|0x0000000733800000, 0x0000000733800000, 0x0000000733a00000|  0%| F|  |TAMS 0x0000000733800000| PB 0x0000000733800000| Untracked |  0
| 413|0x0000000733a00000, 0x0000000733a00000, 0x0000000733c00000|  0%| F|  |TAMS 0x0000000733a00000| PB 0x0000000733a00000| Untracked |  0
| 414|0x0000000733c00000, 0x0000000733c00000, 0x0000000733e00000|  0%| F|  |TAMS 0x0000000733c00000| PB 0x0000000733c00000| Untracked |  0
| 415|0x0000000733e00000, 0x0000000733e00000, 0x0000000734000000|  0%| F|  |TAMS 0x0000000733e00000| PB 0x0000000733e00000| Untracked |  0
| 416|0x0000000734000000, 0x0000000734000000, 0x0000000734200000|  0%| F|  |TAMS 0x0000000734000000| PB 0x0000000734000000| Untracked |  0
| 417|0x0000000734200000, 0x0000000734200000, 0x0000000734400000|  0%| F|  |TAMS 0x0000000734200000| PB 0x0000000734200000| Untracked |  0
| 418|0x0000000734400000, 0x0000000734400000, 0x0000000734600000|  0%| F|  |TAMS 0x0000000734400000| PB 0x0000000734400000| Untracked |  0
| 419|0x0000000734600000, 0x0000000734600000, 0x0000000734800000|  0%| F|  |TAMS 0x0000000734600000| PB 0x0000000734600000| Untracked |  0
| 420|0x0000000734800000, 0x0000000734800000, 0x0000000734a00000|  0%| F|  |TAMS 0x0000000734800000| PB 0x0000000734800000| Untracked |  0
| 421|0x0000000734a00000, 0x0000000734a00000, 0x0000000734c00000|  0%| F|  |TAMS 0x0000000734a00000| PB 0x0000000734a00000| Untracked |  0
| 422|0x0000000734c00000, 0x0000000734c00000, 0x0000000734e00000|  0%| F|  |TAMS 0x0000000734c00000| PB 0x0000000734c00000| Untracked |  0
| 423|0x0000000734e00000, 0x0000000734e00000, 0x0000000735000000|  0%| F|  |TAMS 0x0000000734e00000| PB 0x0000000734e00000| Untracked |  0
| 424|0x0000000735000000, 0x0000000735000000, 0x0000000735200000|  0%| F|  |TAMS 0x0000000735000000| PB 0x0000000735000000| Untracked |  0
| 425|0x0000000735200000, 0x0000000735200000, 0x0000000735400000|  0%| F|  |TAMS 0x0000000735200000| PB 0x0000000735200000| Untracked |  0
| 426|0x0000000735400000, 0x0000000735400000, 0x0000000735600000|  0%| F|  |TAMS 0x0000000735400000| PB 0x0000000735400000| Untracked |  0
| 427|0x0000000735600000, 0x0000000735600000, 0x0000000735800000|  0%| F|  |TAMS 0x0000000735600000| PB 0x0000000735600000| Untracked |  0
| 428|0x0000000735800000, 0x0000000735800000, 0x0000000735a00000|  0%| F|  |TAMS 0x0000000735800000| PB 0x0000000735800000| Untracked |  0
| 429|0x0000000735a00000, 0x0000000735a00000, 0x0000000735c00000|  0%| F|  |TAMS 0x0000000735a00000| PB 0x0000000735a00000| Untracked |  0
| 430|0x0000000735c00000, 0x0000000735c00000, 0x0000000735e00000|  0%| F|  |TAMS 0x0000000735c00000| PB 0x0000000735c00000| Untracked |  0
| 431|0x0000000735e00000, 0x0000000735e00000, 0x0000000736000000|  0%| F|  |TAMS 0x0000000735e00000| PB 0x0000000735e00000| Untracked |  0
| 432|0x0000000736000000, 0x0000000736000000, 0x0000000736200000|  0%| F|  |TAMS 0x0000000736000000| PB 0x0000000736000000| Untracked |  0
| 433|0x0000000736200000, 0x0000000736200000, 0x0000000736400000|  0%| F|  |TAMS 0x0000000736200000| PB 0x0000000736200000| Untracked |  0
| 434|0x0000000736400000, 0x0000000736400000, 0x0000000736600000|  0%| F|  |TAMS 0x0000000736400000| PB 0x0000000736400000| Untracked |  0
| 435|0x0000000736600000, 0x0000000736600000, 0x0000000736800000|  0%| F|  |TAMS 0x0000000736600000| PB 0x0000000736600000| Untracked |  0
| 436|0x0000000736800000, 0x0000000736800000, 0x0000000736a00000|  0%| F|  |TAMS 0x0000000736800000| PB 0x0000000736800000| Untracked |  0
| 437|0x0000000736a00000, 0x0000000736a00000, 0x0000000736c00000|  0%| F|  |TAMS 0x0000000736a00000| PB 0x0000000736a00000| Untracked |  0
| 438|0x0000000736c00000, 0x0000000736c00000, 0x0000000736e00000|  0%| F|  |TAMS 0x0000000736c00000| PB 0x0000000736c00000| Untracked |  0
| 439|0x0000000736e00000, 0x0000000736e00000, 0x0000000737000000|  0%| F|  |TAMS 0x0000000736e00000| PB 0x0000000736e00000| Untracked |  0
| 440|0x0000000737000000, 0x0000000737000000, 0x0000000737200000|  0%| F|  |TAMS 0x0000000737000000| PB 0x0000000737000000| Untracked |  0
| 441|0x0000000737200000, 0x0000000737200000, 0x0000000737400000|  0%| F|  |TAMS 0x0000000737200000| PB 0x0000000737200000| Untracked |  0
| 442|0x0000000737400000, 0x0000000737400000, 0x0000000737600000|  0%| F|  |TAMS 0x0000000737400000| PB 0x0000000737400000| Untracked |  0
| 443|0x0000000737600000, 0x0000000737600000, 0x0000000737800000|  0%| F|  |TAMS 0x0000000737600000| PB 0x0000000737600000| Untracked |  0
| 444|0x0000000737800000, 0x0000000737800000, 0x0000000737a00000|  0%| F|  |TAMS 0x0000000737800000| PB 0x0000000737800000| Untracked |  0
| 445|0x0000000737a00000, 0x0000000737a00000, 0x0000000737c00000|  0%| F|  |TAMS 0x0000000737a00000| PB 0x0000000737a00000| Untracked |  0
| 446|0x0000000737c00000, 0x0000000737c00000, 0x0000000737e00000|  0%| F|  |TAMS 0x0000000737c00000| PB 0x0000000737c00000| Untracked |  0
| 447|0x0000000737e00000, 0x0000000737e00000, 0x0000000738000000|  0%| F|  |TAMS 0x0000000737e00000| PB 0x0000000737e00000| Untracked |  0
| 448|0x0000000738000000, 0x0000000738000000, 0x0000000738200000|  0%| F|  |TAMS 0x0000000738000000| PB 0x0000000738000000| Untracked |  0
| 449|0x0000000738200000, 0x0000000738200000, 0x0000000738400000|  0%| F|  |TAMS 0x0000000738200000| PB 0x0000000738200000| Untracked |  0
| 450|0x0000000738400000, 0x0000000738400000, 0x0000000738600000|  0%| F|  |TAMS 0x0000000738400000| PB 0x0000000738400000| Untracked |  0
| 451|0x0000000738600000, 0x0000000738600000, 0x0000000738800000|  0%| F|  |TAMS 0x0000000738600000| PB 0x0000000738600000| Untracked |  0
| 452|0x0000000738800000, 0x0000000738800000, 0x0000000738a00000|  0%| F|  |TAMS 0x0000000738800000| PB 0x0000000738800000| Untracked |  0
| 453|0x0000000738a00000, 0x0000000738a00000, 0x0000000738c00000|  0%| F|  |TAMS 0x0000000738a00000| PB 0x0000000738a00000| Untracked |  0
| 454|0x0000000738c00000, 0x0000000738c00000, 0x0000000738e00000|  0%| F|  |TAMS 0x0000000738c00000| PB 0x0000000738c00000| Untracked |  0
| 455|0x0000000738e00000, 0x0000000738e00000, 0x0000000739000000|  0%| F|  |TAMS 0x0000000738e00000| PB 0x0000000738e00000| Untracked |  0
| 456|0x0000000739000000, 0x0000000739000000, 0x0000000739200000|  0%| F|  |TAMS 0x0000000739000000| PB 0x0000000739000000| Untracked |  0
| 457|0x0000000739200000, 0x0000000739200000, 0x0000000739400000|  0%| F|  |TAMS 0x0000000739200000| PB 0x0000000739200000| Untracked |  0
| 458|0x0000000739400000, 0x0000000739400000, 0x0000000739600000|  0%| F|  |TAMS 0x0000000739400000| PB 0x0000000739400000| Untracked |  0
| 459|0x0000000739600000, 0x0000000739600000, 0x0000000739800000|  0%| F|  |TAMS 0x0000000739600000| PB 0x0000000739600000| Untracked |  0
| 460|0x0000000739800000, 0x0000000739800000, 0x0000000739a00000|  0%| F|  |TAMS 0x0000000739800000| PB 0x0000000739800000| Untracked |  0
| 461|0x0000000739a00000, 0x0000000739a00000, 0x0000000739c00000|  0%| F|  |TAMS 0x0000000739a00000| PB 0x0000000739a00000| Untracked |  0
| 462|0x0000000739c00000, 0x0000000739c00000, 0x0000000739e00000|  0%| F|  |TAMS 0x0000000739c00000| PB 0x0000000739c00000| Untracked |  0
| 463|0x0000000739e00000, 0x0000000739e00000, 0x000000073a000000|  0%| F|  |TAMS 0x0000000739e00000| PB 0x0000000739e00000| Untracked |  0
| 464|0x000000073a000000, 0x000000073a000000, 0x000000073a200000|  0%| F|  |TAMS 0x000000073a000000| PB 0x000000073a000000| Untracked |  0
| 465|0x000000073a200000, 0x000000073a200000, 0x000000073a400000|  0%| F|  |TAMS 0x000000073a200000| PB 0x000000073a200000| Untracked |  0
| 466|0x000000073a400000, 0x000000073a400000, 0x000000073a600000|  0%| F|  |TAMS 0x000000073a400000| PB 0x000000073a400000| Untracked |  0
| 467|0x000000073a600000, 0x000000073a600000, 0x000000073a800000|  0%| F|  |TAMS 0x000000073a600000| PB 0x000000073a600000| Untracked |  0
| 468|0x000000073a800000, 0x000000073a800000, 0x000000073aa00000|  0%| F|  |TAMS 0x000000073a800000| PB 0x000000073a800000| Untracked |  0
| 469|0x000000073aa00000, 0x000000073aa00000, 0x000000073ac00000|  0%| F|  |TAMS 0x000000073aa00000| PB 0x000000073aa00000| Untracked |  0
| 470|0x000000073ac00000, 0x000000073ac00000, 0x000000073ae00000|  0%| F|  |TAMS 0x000000073ac00000| PB 0x000000073ac00000| Untracked |  0
| 471|0x000000073ae00000, 0x000000073ae00000, 0x000000073b000000|  0%| F|  |TAMS 0x000000073ae00000| PB 0x000000073ae00000| Untracked |  0
| 472|0x000000073b000000, 0x000000073b000000, 0x000000073b200000|  0%| F|  |TAMS 0x000000073b000000| PB 0x000000073b000000| Untracked |  0
| 473|0x000000073b200000, 0x000000073b200000, 0x000000073b400000|  0%| F|  |TAMS 0x000000073b200000| PB 0x000000073b200000| Untracked |  0
| 474|0x000000073b400000, 0x000000073b400000, 0x000000073b600000|  0%| F|  |TAMS 0x000000073b400000| PB 0x000000073b400000| Untracked |  0
| 475|0x000000073b600000, 0x000000073b600000, 0x000000073b800000|  0%| F|  |TAMS 0x000000073b600000| PB 0x000000073b600000| Untracked |  0
| 476|0x000000073b800000, 0x000000073b800000, 0x000000073ba00000|  0%| F|  |TAMS 0x000000073b800000| PB 0x000000073b800000| Untracked |  0
| 477|0x000000073ba00000, 0x000000073ba00000, 0x000000073bc00000|  0%| F|  |TAMS 0x000000073ba00000| PB 0x000000073ba00000| Untracked |  0
| 478|0x000000073bc00000, 0x000000073bc00000, 0x000000073be00000|  0%| F|  |TAMS 0x000000073bc00000| PB 0x000000073bc00000| Untracked |  0
| 479|0x000000073be00000, 0x000000073be00000, 0x000000073c000000|  0%| F|  |TAMS 0x000000073be00000| PB 0x000000073be00000| Untracked |  0
| 480|0x000000073c000000, 0x000000073c000000, 0x000000073c200000|  0%| F|  |TAMS 0x000000073c000000| PB 0x000000073c000000| Untracked |  0
| 481|0x000000073c200000, 0x000000073c200000, 0x000000073c400000|  0%| F|  |TAMS 0x000000073c200000| PB 0x000000073c200000| Untracked |  0
| 482|0x000000073c400000, 0x000000073c400000, 0x000000073c600000|  0%| F|  |TAMS 0x000000073c400000| PB 0x000000073c400000| Untracked |  0
| 483|0x000000073c600000, 0x000000073c600000, 0x000000073c800000|  0%| F|  |TAMS 0x000000073c600000| PB 0x000000073c600000| Untracked |  0
| 484|0x000000073c800000, 0x000000073c800000, 0x000000073ca00000|  0%| F|  |TAMS 0x000000073c800000| PB 0x000000073c800000| Untracked |  0
| 485|0x000000073ca00000, 0x000000073ca00000, 0x000000073cc00000|  0%| F|  |TAMS 0x000000073ca00000| PB 0x000000073ca00000| Untracked |  0
| 486|0x000000073cc00000, 0x000000073cc00000, 0x000000073ce00000|  0%| F|  |TAMS 0x000000073cc00000| PB 0x000000073cc00000| Untracked |  0
| 487|0x000000073ce00000, 0x000000073ce00000, 0x000000073d000000|  0%| F|  |TAMS 0x000000073ce00000| PB 0x000000073ce00000| Untracked |  0
| 488|0x000000073d000000, 0x000000073d000000, 0x000000073d200000|  0%| F|  |TAMS 0x000000073d000000| PB 0x000000073d000000| Untracked |  0
| 489|0x000000073d200000, 0x000000073d200000, 0x000000073d400000|  0%| F|  |TAMS 0x000000073d200000| PB 0x000000073d200000| Untracked |  0
| 490|0x000000073d400000, 0x000000073d400000, 0x000000073d600000|  0%| F|  |TAMS 0x000000073d400000| PB 0x000000073d400000| Untracked |  0
| 491|0x000000073d600000, 0x000000073d600000, 0x000000073d800000|  0%| F|  |TAMS 0x000000073d600000| PB 0x000000073d600000| Untracked |  0
| 492|0x000000073d800000, 0x000000073d800000, 0x000000073da00000|  0%| F|  |TAMS 0x000000073d800000| PB 0x000000073d800000| Untracked |  0
| 493|0x000000073da00000, 0x000000073da00000, 0x000000073dc00000|  0%| F|  |TAMS 0x000000073da00000| PB 0x000000073da00000| Untracked |  0
| 494|0x000000073dc00000, 0x000000073dc00000, 0x000000073de00000|  0%| F|  |TAMS 0x000000073dc00000| PB 0x000000073dc00000| Untracked |  0
| 495|0x000000073de00000, 0x000000073de00000, 0x000000073e000000|  0%| F|  |TAMS 0x000000073de00000| PB 0x000000073de00000| Untracked |  0
| 496|0x000000073e000000, 0x000000073e000000, 0x000000073e200000|  0%| F|  |TAMS 0x000000073e000000| PB 0x000000073e000000| Untracked |  0
| 497|0x000000073e200000, 0x000000073e200000, 0x000000073e400000|  0%| F|  |TAMS 0x000000073e200000| PB 0x000000073e200000| Untracked |  0
| 498|0x000000073e400000, 0x000000073e400000, 0x000000073e600000|  0%| F|  |TAMS 0x000000073e400000| PB 0x000000073e400000| Untracked |  0
| 499|0x000000073e600000, 0x000000073e600000, 0x000000073e800000|  0%| F|  |TAMS 0x000000073e600000| PB 0x000000073e600000| Untracked |  0
| 500|0x000000073e800000, 0x000000073e800000, 0x000000073ea00000|  0%| F|  |TAMS 0x000000073e800000| PB 0x000000073e800000| Untracked |  0
| 501|0x000000073ea00000, 0x000000073ea00000, 0x000000073ec00000|  0%| F|  |TAMS 0x000000073ea00000| PB 0x000000073ea00000| Untracked |  0
| 502|0x000000073ec00000, 0x000000073ec00000, 0x000000073ee00000|  0%| F|  |TAMS 0x000000073ec00000| PB 0x000000073ec00000| Untracked |  0
| 503|0x000000073ee00000, 0x000000073ee00000, 0x000000073f000000|  0%| F|  |TAMS 0x000000073ee00000| PB 0x000000073ee00000| Untracked |  0
| 504|0x000000073f000000, 0x000000073f000000, 0x000000073f200000|  0%| F|  |TAMS 0x000000073f000000| PB 0x000000073f000000| Untracked |  0
| 505|0x000000073f200000, 0x000000073f200000, 0x000000073f400000|  0%| F|  |TAMS 0x000000073f200000| PB 0x000000073f200000| Untracked |  0
| 506|0x000000073f400000, 0x000000073f400000, 0x000000073f600000|  0%| F|  |TAMS 0x000000073f400000| PB 0x000000073f400000| Untracked |  0
| 507|0x000000073f600000, 0x000000073f600000, 0x000000073f800000|  0%| F|  |TAMS 0x000000073f600000| PB 0x000000073f600000| Untracked |  0
| 508|0x000000073f800000, 0x000000073f800000, 0x000000073fa00000|  0%| F|  |TAMS 0x000000073f800000| PB 0x000000073f800000| Untracked |  0
| 509|0x000000073fa00000, 0x000000073fa00000, 0x000000073fc00000|  0%| F|  |TAMS 0x000000073fa00000| PB 0x000000073fa00000| Untracked |  0
| 510|0x000000073fc00000, 0x000000073fc00000, 0x000000073fe00000|  0%| F|  |TAMS 0x000000073fc00000| PB 0x000000073fc00000| Untracked |  0
| 511|0x000000073fe00000, 0x000000073fe00000, 0x0000000740000000|  0%| F|  |TAMS 0x000000073fe00000| PB 0x000000073fe00000| Untracked |  0
| 512|0x0000000740000000, 0x0000000740000000, 0x0000000740200000|  0%| F|  |TAMS 0x0000000740000000| PB 0x0000000740000000| Untracked |  0
| 513|0x0000000740200000, 0x0000000740200000, 0x0000000740400000|  0%| F|  |TAMS 0x0000000740200000| PB 0x0000000740200000| Untracked |  0
| 514|0x0000000740400000, 0x0000000740400000, 0x0000000740600000|  0%| F|  |TAMS 0x0000000740400000| PB 0x0000000740400000| Untracked |  0
| 515|0x0000000740600000, 0x0000000740600000, 0x0000000740800000|  0%| F|  |TAMS 0x0000000740600000| PB 0x0000000740600000| Untracked |  0
| 516|0x0000000740800000, 0x0000000740800000, 0x0000000740a00000|  0%| F|  |TAMS 0x0000000740800000| PB 0x0000000740800000| Untracked |  0
| 517|0x0000000740a00000, 0x0000000740a00000, 0x0000000740c00000|  0%| F|  |TAMS 0x0000000740a00000| PB 0x0000000740a00000| Untracked |  0
| 518|0x0000000740c00000, 0x0000000740c00000, 0x0000000740e00000|  0%| F|  |TAMS 0x0000000740c00000| PB 0x0000000740c00000| Untracked |  0
| 519|0x0000000740e00000, 0x0000000740e00000, 0x0000000741000000|  0%| F|  |TAMS 0x0000000740e00000| PB 0x0000000740e00000| Untracked |  0
| 520|0x0000000741000000, 0x0000000741000000, 0x0000000741200000|  0%| F|  |TAMS 0x0000000741000000| PB 0x0000000741000000| Untracked |  0
| 521|0x0000000741200000, 0x0000000741200000, 0x0000000741400000|  0%| F|  |TAMS 0x0000000741200000| PB 0x0000000741200000| Untracked |  0
| 522|0x0000000741400000, 0x0000000741400000, 0x0000000741600000|  0%| F|  |TAMS 0x0000000741400000| PB 0x0000000741400000| Untracked |  0
| 523|0x0000000741600000, 0x0000000741600000, 0x0000000741800000|  0%| F|  |TAMS 0x0000000741600000| PB 0x0000000741600000| Untracked |  0
| 524|0x0000000741800000, 0x0000000741800000, 0x0000000741a00000|  0%| F|  |TAMS 0x0000000741800000| PB 0x0000000741800000| Untracked |  0
| 525|0x0000000741a00000, 0x0000000741a00000, 0x0000000741c00000|  0%| F|  |TAMS 0x0000000741a00000| PB 0x0000000741a00000| Untracked |  0
| 526|0x0000000741c00000, 0x0000000741c00000, 0x0000000741e00000|  0%| F|  |TAMS 0x0000000741c00000| PB 0x0000000741c00000| Untracked |  0
| 527|0x0000000741e00000, 0x0000000741e00000, 0x0000000742000000|  0%| F|  |TAMS 0x0000000741e00000| PB 0x0000000741e00000| Untracked |  0
| 528|0x0000000742000000, 0x0000000742000000, 0x0000000742200000|  0%| F|  |TAMS 0x0000000742000000| PB 0x0000000742000000| Untracked |  0
| 529|0x0000000742200000, 0x0000000742200000, 0x0000000742400000|  0%| F|  |TAMS 0x0000000742200000| PB 0x0000000742200000| Untracked |  0
| 530|0x0000000742400000, 0x0000000742400000, 0x0000000742600000|  0%| F|  |TAMS 0x0000000742400000| PB 0x0000000742400000| Untracked |  0
| 531|0x0000000742600000, 0x0000000742600000, 0x0000000742800000|  0%| F|  |TAMS 0x0000000742600000| PB 0x0000000742600000| Untracked |  0
| 532|0x0000000742800000, 0x0000000742800000, 0x0000000742a00000|  0%| F|  |TAMS 0x0000000742800000| PB 0x0000000742800000| Untracked |  0
| 533|0x0000000742a00000, 0x0000000742a00000, 0x0000000742c00000|  0%| F|  |TAMS 0x0000000742a00000| PB 0x0000000742a00000| Untracked |  0
| 534|0x0000000742c00000, 0x0000000742c00000, 0x0000000742e00000|  0%| F|  |TAMS 0x0000000742c00000| PB 0x0000000742c00000| Untracked |  0
| 535|0x0000000742e00000, 0x0000000742e00000, 0x0000000743000000|  0%| F|  |TAMS 0x0000000742e00000| PB 0x0000000742e00000| Untracked |  0
| 536|0x0000000743000000, 0x0000000743000000, 0x0000000743200000|  0%| F|  |TAMS 0x0000000743000000| PB 0x0000000743000000| Untracked |  0
| 537|0x0000000743200000, 0x0000000743200000, 0x0000000743400000|  0%| F|  |TAMS 0x0000000743200000| PB 0x0000000743200000| Untracked |  0
| 538|0x0000000743400000, 0x0000000743400000, 0x0000000743600000|  0%| F|  |TAMS 0x0000000743400000| PB 0x0000000743400000| Untracked |  0
| 539|0x0000000743600000, 0x0000000743600000, 0x0000000743800000|  0%| F|  |TAMS 0x0000000743600000| PB 0x0000000743600000| Untracked |  0
| 540|0x0000000743800000, 0x0000000743800000, 0x0000000743a00000|  0%| F|  |TAMS 0x0000000743800000| PB 0x0000000743800000| Untracked |  0
| 541|0x0000000743a00000, 0x0000000743a00000, 0x0000000743c00000|  0%| F|  |TAMS 0x0000000743a00000| PB 0x0000000743a00000| Untracked |  0
| 542|0x0000000743c00000, 0x0000000743c00000, 0x0000000743e00000|  0%| F|  |TAMS 0x0000000743c00000| PB 0x0000000743c00000| Untracked |  0
| 543|0x0000000743e00000, 0x0000000743e00000, 0x0000000744000000|  0%| F|  |TAMS 0x0000000743e00000| PB 0x0000000743e00000| Untracked |  0
| 544|0x0000000744000000, 0x0000000744000000, 0x0000000744200000|  0%| F|  |TAMS 0x0000000744000000| PB 0x0000000744000000| Untracked |  0
| 545|0x0000000744200000, 0x0000000744200000, 0x0000000744400000|  0%| F|  |TAMS 0x0000000744200000| PB 0x0000000744200000| Untracked |  0
| 546|0x0000000744400000, 0x0000000744400000, 0x0000000744600000|  0%| F|  |TAMS 0x0000000744400000| PB 0x0000000744400000| Untracked |  0
| 547|0x0000000744600000, 0x0000000744600000, 0x0000000744800000|  0%| F|  |TAMS 0x0000000744600000| PB 0x0000000744600000| Untracked |  0
| 548|0x0000000744800000, 0x0000000744800000, 0x0000000744a00000|  0%| F|  |TAMS 0x0000000744800000| PB 0x0000000744800000| Untracked |  0
| 549|0x0000000744a00000, 0x0000000744a00000, 0x0000000744c00000|  0%| F|  |TAMS 0x0000000744a00000| PB 0x0000000744a00000| Untracked |  0
| 550|0x0000000744c00000, 0x0000000744c00000, 0x0000000744e00000|  0%| F|  |TAMS 0x0000000744c00000| PB 0x0000000744c00000| Untracked |  0
| 551|0x0000000744e00000, 0x0000000744e00000, 0x0000000745000000|  0%| F|  |TAMS 0x0000000744e00000| PB 0x0000000744e00000| Untracked |  0
| 552|0x0000000745000000, 0x0000000745000000, 0x0000000745200000|  0%| F|  |TAMS 0x0000000745000000| PB 0x0000000745000000| Untracked |  0
| 553|0x0000000745200000, 0x0000000745200000, 0x0000000745400000|  0%| F|  |TAMS 0x0000000745200000| PB 0x0000000745200000| Untracked |  0
| 554|0x0000000745400000, 0x0000000745400000, 0x0000000745600000|  0%| F|  |TAMS 0x0000000745400000| PB 0x0000000745400000| Untracked |  0
| 555|0x0000000745600000, 0x0000000745600000, 0x0000000745800000|  0%| F|  |TAMS 0x0000000745600000| PB 0x0000000745600000| Untracked |  0
| 556|0x0000000745800000, 0x0000000745800000, 0x0000000745a00000|  0%| F|  |TAMS 0x0000000745800000| PB 0x0000000745800000| Untracked |  0
| 557|0x0000000745a00000, 0x0000000745a00000, 0x0000000745c00000|  0%| F|  |TAMS 0x0000000745a00000| PB 0x0000000745a00000| Untracked |  0
| 558|0x0000000745c00000, 0x0000000745c00000, 0x0000000745e00000|  0%| F|  |TAMS 0x0000000745c00000| PB 0x0000000745c00000| Untracked |  0
| 559|0x0000000745e00000, 0x0000000745e00000, 0x0000000746000000|  0%| F|  |TAMS 0x0000000745e00000| PB 0x0000000745e00000| Untracked |  0
| 560|0x0000000746000000, 0x0000000746000000, 0x0000000746200000|  0%| F|  |TAMS 0x0000000746000000| PB 0x0000000746000000| Untracked |  0
| 561|0x0000000746200000, 0x0000000746200000, 0x0000000746400000|  0%| F|  |TAMS 0x0000000746200000| PB 0x0000000746200000| Untracked |  0
| 562|0x0000000746400000, 0x0000000746400000, 0x0000000746600000|  0%| F|  |TAMS 0x0000000746400000| PB 0x0000000746400000| Untracked |  0
| 563|0x0000000746600000, 0x0000000746600000, 0x0000000746800000|  0%| F|  |TAMS 0x0000000746600000| PB 0x0000000746600000| Untracked |  0
| 564|0x0000000746800000, 0x0000000746800000, 0x0000000746a00000|  0%| F|  |TAMS 0x0000000746800000| PB 0x0000000746800000| Untracked |  0
| 565|0x0000000746a00000, 0x0000000746a00000, 0x0000000746c00000|  0%| F|  |TAMS 0x0000000746a00000| PB 0x0000000746a00000| Untracked |  0
| 566|0x0000000746c00000, 0x0000000746c00000, 0x0000000746e00000|  0%| F|  |TAMS 0x0000000746c00000| PB 0x0000000746c00000| Untracked |  0
| 567|0x0000000746e00000, 0x0000000746e00000, 0x0000000747000000|  0%| F|  |TAMS 0x0000000746e00000| PB 0x0000000746e00000| Untracked |  0
| 568|0x0000000747000000, 0x0000000747000000, 0x0000000747200000|  0%| F|  |TAMS 0x0000000747000000| PB 0x0000000747000000| Untracked |  0
| 569|0x0000000747200000, 0x0000000747200000, 0x0000000747400000|  0%| F|  |TAMS 0x0000000747200000| PB 0x0000000747200000| Untracked |  0
| 570|0x0000000747400000, 0x0000000747400000, 0x0000000747600000|  0%| F|  |TAMS 0x0000000747400000| PB 0x0000000747400000| Untracked |  0
| 571|0x0000000747600000, 0x0000000747600000, 0x0000000747800000|  0%| F|  |TAMS 0x0000000747600000| PB 0x0000000747600000| Untracked |  0
| 572|0x0000000747800000, 0x0000000747800000, 0x0000000747a00000|  0%| F|  |TAMS 0x0000000747800000| PB 0x0000000747800000| Untracked |  0
| 573|0x0000000747a00000, 0x0000000747a00000, 0x0000000747c00000|  0%| F|  |TAMS 0x0000000747a00000| PB 0x0000000747a00000| Untracked |  0
| 574|0x0000000747c00000, 0x0000000747c00000, 0x0000000747e00000|  0%| F|  |TAMS 0x0000000747c00000| PB 0x0000000747c00000| Untracked |  0
| 575|0x0000000747e00000, 0x0000000747e00000, 0x0000000748000000|  0%| F|  |TAMS 0x0000000747e00000| PB 0x0000000747e00000| Untracked |  0
| 576|0x0000000748000000, 0x0000000748000000, 0x0000000748200000|  0%| F|  |TAMS 0x0000000748000000| PB 0x0000000748000000| Untracked |  0
| 577|0x0000000748200000, 0x0000000748200000, 0x0000000748400000|  0%| F|  |TAMS 0x0000000748200000| PB 0x0000000748200000| Untracked |  0
| 578|0x0000000748400000, 0x0000000748400000, 0x0000000748600000|  0%| F|  |TAMS 0x0000000748400000| PB 0x0000000748400000| Untracked |  0
| 579|0x0000000748600000, 0x0000000748600000, 0x0000000748800000|  0%| F|  |TAMS 0x0000000748600000| PB 0x0000000748600000| Untracked |  0
| 580|0x0000000748800000, 0x0000000748800000, 0x0000000748a00000|  0%| F|  |TAMS 0x0000000748800000| PB 0x0000000748800000| Untracked |  0
| 581|0x0000000748a00000, 0x0000000748a00000, 0x0000000748c00000|  0%| F|  |TAMS 0x0000000748a00000| PB 0x0000000748a00000| Untracked |  0
| 582|0x0000000748c00000, 0x0000000748c00000, 0x0000000748e00000|  0%| F|  |TAMS 0x0000000748c00000| PB 0x0000000748c00000| Untracked |  0
| 583|0x0000000748e00000, 0x0000000748e00000, 0x0000000749000000|  0%| F|  |TAMS 0x0000000748e00000| PB 0x0000000748e00000| Untracked |  0
| 584|0x0000000749000000, 0x0000000749000000, 0x0000000749200000|  0%| F|  |TAMS 0x0000000749000000| PB 0x0000000749000000| Untracked |  0
| 585|0x0000000749200000, 0x0000000749200000, 0x0000000749400000|  0%| F|  |TAMS 0x0000000749200000| PB 0x0000000749200000| Untracked |  0
| 586|0x0000000749400000, 0x0000000749400000, 0x0000000749600000|  0%| F|  |TAMS 0x0000000749400000| PB 0x0000000749400000| Untracked |  0
| 587|0x0000000749600000, 0x0000000749600000, 0x0000000749800000|  0%| F|  |TAMS 0x0000000749600000| PB 0x0000000749600000| Untracked |  0
| 588|0x0000000749800000, 0x0000000749800000, 0x0000000749a00000|  0%| F|  |TAMS 0x0000000749800000| PB 0x0000000749800000| Untracked |  0
| 589|0x0000000749a00000, 0x0000000749a00000, 0x0000000749c00000|  0%| F|  |TAMS 0x0000000749a00000| PB 0x0000000749a00000| Untracked |  0
| 590|0x0000000749c00000, 0x0000000749c00000, 0x0000000749e00000|  0%| F|  |TAMS 0x0000000749c00000| PB 0x0000000749c00000| Untracked |  0
| 591|0x0000000749e00000, 0x0000000749e00000, 0x000000074a000000|  0%| F|  |TAMS 0x0000000749e00000| PB 0x0000000749e00000| Untracked |  0
| 592|0x000000074a000000, 0x000000074a000000, 0x000000074a200000|  0%| F|  |TAMS 0x000000074a000000| PB 0x000000074a000000| Untracked |  0
| 593|0x000000074a200000, 0x000000074a200000, 0x000000074a400000|  0%| F|  |TAMS 0x000000074a200000| PB 0x000000074a200000| Untracked |  0
| 594|0x000000074a400000, 0x000000074a400000, 0x000000074a600000|  0%| F|  |TAMS 0x000000074a400000| PB 0x000000074a400000| Untracked |  0
| 595|0x000000074a600000, 0x000000074a600000, 0x000000074a800000|  0%| F|  |TAMS 0x000000074a600000| PB 0x000000074a600000| Untracked |  0
| 596|0x000000074a800000, 0x000000074a800000, 0x000000074aa00000|  0%| F|  |TAMS 0x000000074a800000| PB 0x000000074a800000| Untracked |  0
| 597|0x000000074aa00000, 0x000000074aa00000, 0x000000074ac00000|  0%| F|  |TAMS 0x000000074aa00000| PB 0x000000074aa00000| Untracked |  0
| 598|0x000000074ac00000, 0x000000074ac00000, 0x000000074ae00000|  0%| F|  |TAMS 0x000000074ac00000| PB 0x000000074ac00000| Untracked |  0
| 599|0x000000074ae00000, 0x000000074ae00000, 0x000000074b000000|  0%| F|  |TAMS 0x000000074ae00000| PB 0x000000074ae00000| Untracked |  0
| 600|0x000000074b000000, 0x000000074b000000, 0x000000074b200000|  0%| F|  |TAMS 0x000000074b000000| PB 0x000000074b000000| Untracked |  0
| 601|0x000000074b200000, 0x000000074b200000, 0x000000074b400000|  0%| F|  |TAMS 0x000000074b200000| PB 0x000000074b200000| Untracked |  0
| 602|0x000000074b400000, 0x000000074b400000, 0x000000074b600000|  0%| F|  |TAMS 0x000000074b400000| PB 0x000000074b400000| Untracked |  0
| 603|0x000000074b600000, 0x000000074b600000, 0x000000074b800000|  0%| F|  |TAMS 0x000000074b600000| PB 0x000000074b600000| Untracked |  0
| 604|0x000000074b800000, 0x000000074b800000, 0x000000074ba00000|  0%| F|  |TAMS 0x000000074b800000| PB 0x000000074b800000| Untracked |  0
| 605|0x000000074ba00000, 0x000000074ba00000, 0x000000074bc00000|  0%| F|  |TAMS 0x000000074ba00000| PB 0x000000074ba00000| Untracked |  0
| 606|0x000000074bc00000, 0x000000074bc00000, 0x000000074be00000|  0%| F|  |TAMS 0x000000074bc00000| PB 0x000000074bc00000| Untracked |  0
| 607|0x000000074be00000, 0x000000074be00000, 0x000000074c000000|  0%| F|  |TAMS 0x000000074be00000| PB 0x000000074be00000| Untracked |  0
| 608|0x000000074c000000, 0x000000074c000000, 0x000000074c200000|  0%| F|  |TAMS 0x000000074c000000| PB 0x000000074c000000| Untracked |  0
| 609|0x000000074c200000, 0x000000074c200000, 0x000000074c400000|  0%| F|  |TAMS 0x000000074c200000| PB 0x000000074c200000| Untracked |  0
| 610|0x000000074c400000, 0x000000074c400000, 0x000000074c600000|  0%| F|  |TAMS 0x000000074c400000| PB 0x000000074c400000| Untracked |  0
| 611|0x000000074c600000, 0x000000074c600000, 0x000000074c800000|  0%| F|  |TAMS 0x000000074c600000| PB 0x000000074c600000| Untracked |  0
| 612|0x000000074c800000, 0x000000074c800000, 0x000000074ca00000|  0%| F|  |TAMS 0x000000074c800000| PB 0x000000074c800000| Untracked |  0
| 613|0x000000074ca00000, 0x000000074ca00000, 0x000000074cc00000|  0%| F|  |TAMS 0x000000074ca00000| PB 0x000000074ca00000| Untracked |  0
| 614|0x000000074cc00000, 0x000000074cc00000, 0x000000074ce00000|  0%| F|  |TAMS 0x000000074cc00000| PB 0x000000074cc00000| Untracked |  0
| 615|0x000000074ce00000, 0x000000074ce00000, 0x000000074d000000|  0%| F|  |TAMS 0x000000074ce00000| PB 0x000000074ce00000| Untracked |  0
| 616|0x000000074d000000, 0x000000074d000000, 0x000000074d200000|  0%| F|  |TAMS 0x000000074d000000| PB 0x000000074d000000| Untracked |  0
| 617|0x000000074d200000, 0x000000074d200000, 0x000000074d400000|  0%| F|  |TAMS 0x000000074d200000| PB 0x000000074d200000| Untracked |  0
| 618|0x000000074d400000, 0x000000074d400000, 0x000000074d600000|  0%| F|  |TAMS 0x000000074d400000| PB 0x000000074d400000| Untracked |  0
| 619|0x000000074d600000, 0x000000074d600000, 0x000000074d800000|  0%| F|  |TAMS 0x000000074d600000| PB 0x000000074d600000| Untracked |  0
| 620|0x000000074d800000, 0x000000074d800000, 0x000000074da00000|  0%| F|  |TAMS 0x000000074d800000| PB 0x000000074d800000| Untracked |  0
| 621|0x000000074da00000, 0x000000074da00000, 0x000000074dc00000|  0%| F|  |TAMS 0x000000074da00000| PB 0x000000074da00000| Untracked |  0
| 622|0x000000074dc00000, 0x000000074dc00000, 0x000000074de00000|  0%| F|  |TAMS 0x000000074dc00000| PB 0x000000074dc00000| Untracked |  0
| 623|0x000000074de00000, 0x000000074de00000, 0x000000074e000000|  0%| F|  |TAMS 0x000000074de00000| PB 0x000000074de00000| Untracked |  0
| 624|0x000000074e000000, 0x000000074e000000, 0x000000074e200000|  0%| F|  |TAMS 0x000000074e000000| PB 0x000000074e000000| Untracked |  0
| 625|0x000000074e200000, 0x000000074e200000, 0x000000074e400000|  0%| F|  |TAMS 0x000000074e200000| PB 0x000000074e200000| Untracked |  0
| 626|0x000000074e400000, 0x000000074e400000, 0x000000074e600000|  0%| F|  |TAMS 0x000000074e400000| PB 0x000000074e400000| Untracked |  0
| 627|0x000000074e600000, 0x000000074e600000, 0x000000074e800000|  0%| F|  |TAMS 0x000000074e600000| PB 0x000000074e600000| Untracked |  0
| 628|0x000000074e800000, 0x000000074e800000, 0x000000074ea00000|  0%| F|  |TAMS 0x000000074e800000| PB 0x000000074e800000| Untracked |  0
| 629|0x000000074ea00000, 0x000000074ea00000, 0x000000074ec00000|  0%| F|  |TAMS 0x000000074ea00000| PB 0x000000074ea00000| Untracked |  0
| 630|0x000000074ec00000, 0x000000074ec00000, 0x000000074ee00000|  0%| F|  |TAMS 0x000000074ec00000| PB 0x000000074ec00000| Untracked |  0
| 631|0x000000074ee00000, 0x000000074ee00000, 0x000000074f000000|  0%| F|  |TAMS 0x000000074ee00000| PB 0x000000074ee00000| Untracked |  0
| 632|0x000000074f000000, 0x000000074f000000, 0x000000074f200000|  0%| F|  |TAMS 0x000000074f000000| PB 0x000000074f000000| Untracked |  0
| 633|0x000000074f200000, 0x000000074f200000, 0x000000074f400000|  0%| F|  |TAMS 0x000000074f200000| PB 0x000000074f200000| Untracked |  0
| 634|0x000000074f400000, 0x000000074f400000, 0x000000074f600000|  0%| F|  |TAMS 0x000000074f400000| PB 0x000000074f400000| Untracked |  0
| 635|0x000000074f600000, 0x000000074f600000, 0x000000074f800000|  0%| F|  |TAMS 0x000000074f600000| PB 0x000000074f600000| Untracked |  0
| 636|0x000000074f800000, 0x000000074f800000, 0x000000074fa00000|  0%| F|  |TAMS 0x000000074f800000| PB 0x000000074f800000| Untracked |  0
| 637|0x000000074fa00000, 0x000000074fa00000, 0x000000074fc00000|  0%| F|  |TAMS 0x000000074fa00000| PB 0x000000074fa00000| Untracked |  0
| 638|0x000000074fc00000, 0x000000074fc00000, 0x000000074fe00000|  0%| F|  |TAMS 0x000000074fc00000| PB 0x000000074fc00000| Untracked |  0
| 639|0x000000074fe00000, 0x000000074fe00000, 0x0000000750000000|  0%| F|  |TAMS 0x000000074fe00000| PB 0x000000074fe00000| Untracked |  0
| 640|0x0000000750000000, 0x0000000750000000, 0x0000000750200000|  0%| F|  |TAMS 0x0000000750000000| PB 0x0000000750000000| Untracked |  0
| 641|0x0000000750200000, 0x0000000750200000, 0x0000000750400000|  0%| F|  |TAMS 0x0000000750200000| PB 0x0000000750200000| Untracked |  0
| 642|0x0000000750400000, 0x0000000750400000, 0x0000000750600000|  0%| F|  |TAMS 0x0000000750400000| PB 0x0000000750400000| Untracked |  0
| 643|0x0000000750600000, 0x0000000750600000, 0x0000000750800000|  0%| F|  |TAMS 0x0000000750600000| PB 0x0000000750600000| Untracked |  0
| 644|0x0000000750800000, 0x0000000750800000, 0x0000000750a00000|  0%| F|  |TAMS 0x0000000750800000| PB 0x0000000750800000| Untracked |  0
| 645|0x0000000750a00000, 0x0000000750a00000, 0x0000000750c00000|  0%| F|  |TAMS 0x0000000750a00000| PB 0x0000000750a00000| Untracked |  0
| 646|0x0000000750c00000, 0x0000000750c00000, 0x0000000750e00000|  0%| F|  |TAMS 0x0000000750c00000| PB 0x0000000750c00000| Untracked |  0
| 647|0x0000000750e00000, 0x0000000750e00000, 0x0000000751000000|  0%| F|  |TAMS 0x0000000750e00000| PB 0x0000000750e00000| Untracked |  0
| 648|0x0000000751000000, 0x0000000751000000, 0x0000000751200000|  0%| F|  |TAMS 0x0000000751000000| PB 0x0000000751000000| Untracked |  0
| 649|0x0000000751200000, 0x0000000751200000, 0x0000000751400000|  0%| F|  |TAMS 0x0000000751200000| PB 0x0000000751200000| Untracked |  0
| 650|0x0000000751400000, 0x0000000751400000, 0x0000000751600000|  0%| F|  |TAMS 0x0000000751400000| PB 0x0000000751400000| Untracked |  0
| 651|0x0000000751600000, 0x0000000751600000, 0x0000000751800000|  0%| F|  |TAMS 0x0000000751600000| PB 0x0000000751600000| Untracked |  0
| 652|0x0000000751800000, 0x0000000751800000, 0x0000000751a00000|  0%| F|  |TAMS 0x0000000751800000| PB 0x0000000751800000| Untracked |  0
| 653|0x0000000751a00000, 0x0000000751a00000, 0x0000000751c00000|  0%| F|  |TAMS 0x0000000751a00000| PB 0x0000000751a00000| Untracked |  0
| 654|0x0000000751c00000, 0x0000000751c00000, 0x0000000751e00000|  0%| F|  |TAMS 0x0000000751c00000| PB 0x0000000751c00000| Untracked |  0
| 655|0x0000000751e00000, 0x0000000751e00000, 0x0000000752000000|  0%| F|  |TAMS 0x0000000751e00000| PB 0x0000000751e00000| Untracked |  0
| 656|0x0000000752000000, 0x0000000752000000, 0x0000000752200000|  0%| F|  |TAMS 0x0000000752000000| PB 0x0000000752000000| Untracked |  0
| 657|0x0000000752200000, 0x0000000752200000, 0x0000000752400000|  0%| F|  |TAMS 0x0000000752200000| PB 0x0000000752200000| Untracked |  0
| 658|0x0000000752400000, 0x0000000752400000, 0x0000000752600000|  0%| F|  |TAMS 0x0000000752400000| PB 0x0000000752400000| Untracked |  0
| 659|0x0000000752600000, 0x0000000752600000, 0x0000000752800000|  0%| F|  |TAMS 0x0000000752600000| PB 0x0000000752600000| Untracked |  0
| 660|0x0000000752800000, 0x0000000752800000, 0x0000000752a00000|  0%| F|  |TAMS 0x0000000752800000| PB 0x0000000752800000| Untracked |  0
| 661|0x0000000752a00000, 0x0000000752a00000, 0x0000000752c00000|  0%| F|  |TAMS 0x0000000752a00000| PB 0x0000000752a00000| Untracked |  0
| 662|0x0000000752c00000, 0x0000000752c00000, 0x0000000752e00000|  0%| F|  |TAMS 0x0000000752c00000| PB 0x0000000752c00000| Untracked |  0
| 663|0x0000000752e00000, 0x0000000752e00000, 0x0000000753000000|  0%| F|  |TAMS 0x0000000752e00000| PB 0x0000000752e00000| Untracked |  0
| 664|0x0000000753000000, 0x0000000753000000, 0x0000000753200000|  0%| F|  |TAMS 0x0000000753000000| PB 0x0000000753000000| Untracked |  0
| 665|0x0000000753200000, 0x0000000753200000, 0x0000000753400000|  0%| F|  |TAMS 0x0000000753200000| PB 0x0000000753200000| Untracked |  0
| 666|0x0000000753400000, 0x0000000753400000, 0x0000000753600000|  0%| F|  |TAMS 0x0000000753400000| PB 0x0000000753400000| Untracked |  0
| 667|0x0000000753600000, 0x0000000753600000, 0x0000000753800000|  0%| F|  |TAMS 0x0000000753600000| PB 0x0000000753600000| Untracked |  0
| 668|0x0000000753800000, 0x0000000753800000, 0x0000000753a00000|  0%| F|  |TAMS 0x0000000753800000| PB 0x0000000753800000| Untracked |  0
| 669|0x0000000753a00000, 0x0000000753a00000, 0x0000000753c00000|  0%| F|  |TAMS 0x0000000753a00000| PB 0x0000000753a00000| Untracked |  0
| 670|0x0000000753c00000, 0x0000000753c00000, 0x0000000753e00000|  0%| F|  |TAMS 0x0000000753c00000| PB 0x0000000753c00000| Untracked |  0
| 671|0x0000000753e00000, 0x0000000753e00000, 0x0000000754000000|  0%| F|  |TAMS 0x0000000753e00000| PB 0x0000000753e00000| Untracked |  0
| 672|0x0000000754000000, 0x0000000754000000, 0x0000000754200000|  0%| F|  |TAMS 0x0000000754000000| PB 0x0000000754000000| Untracked |  0
| 673|0x0000000754200000, 0x0000000754200000, 0x0000000754400000|  0%| F|  |TAMS 0x0000000754200000| PB 0x0000000754200000| Untracked |  0
| 674|0x0000000754400000, 0x0000000754400000, 0x0000000754600000|  0%| F|  |TAMS 0x0000000754400000| PB 0x0000000754400000| Untracked |  0
| 675|0x0000000754600000, 0x0000000754600000, 0x0000000754800000|  0%| F|  |TAMS 0x0000000754600000| PB 0x0000000754600000| Untracked |  0
| 676|0x0000000754800000, 0x0000000754800000, 0x0000000754a00000|  0%| F|  |TAMS 0x0000000754800000| PB 0x0000000754800000| Untracked |  0
| 677|0x0000000754a00000, 0x0000000754a00000, 0x0000000754c00000|  0%| F|  |TAMS 0x0000000754a00000| PB 0x0000000754a00000| Untracked |  0
| 678|0x0000000754c00000, 0x0000000754c00000, 0x0000000754e00000|  0%| F|  |TAMS 0x0000000754c00000| PB 0x0000000754c00000| Untracked |  0
| 679|0x0000000754e00000, 0x0000000754e00000, 0x0000000755000000|  0%| F|  |TAMS 0x0000000754e00000| PB 0x0000000754e00000| Untracked |  0
| 680|0x0000000755000000, 0x0000000755000000, 0x0000000755200000|  0%| F|  |TAMS 0x0000000755000000| PB 0x0000000755000000| Untracked |  0
| 681|0x0000000755200000, 0x0000000755200000, 0x0000000755400000|  0%| F|  |TAMS 0x0000000755200000| PB 0x0000000755200000| Untracked |  0
| 682|0x0000000755400000, 0x0000000755400000, 0x0000000755600000|  0%| F|  |TAMS 0x0000000755400000| PB 0x0000000755400000| Untracked |  0
| 683|0x0000000755600000, 0x0000000755600000, 0x0000000755800000|  0%| F|  |TAMS 0x0000000755600000| PB 0x0000000755600000| Untracked |  0
| 684|0x0000000755800000, 0x0000000755800000, 0x0000000755a00000|  0%| F|  |TAMS 0x0000000755800000| PB 0x0000000755800000| Untracked |  0
| 685|0x0000000755a00000, 0x0000000755a00000, 0x0000000755c00000|  0%| F|  |TAMS 0x0000000755a00000| PB 0x0000000755a00000| Untracked |  0
| 686|0x0000000755c00000, 0x0000000755c00000, 0x0000000755e00000|  0%| F|  |TAMS 0x0000000755c00000| PB 0x0000000755c00000| Untracked |  0
| 687|0x0000000755e00000, 0x0000000755e00000, 0x0000000756000000|  0%| F|  |TAMS 0x0000000755e00000| PB 0x0000000755e00000| Untracked |  0
| 688|0x0000000756000000, 0x0000000756000000, 0x0000000756200000|  0%| F|  |TAMS 0x0000000756000000| PB 0x0000000756000000| Untracked |  0
| 689|0x0000000756200000, 0x0000000756200000, 0x0000000756400000|  0%| F|  |TAMS 0x0000000756200000| PB 0x0000000756200000| Untracked |  0
| 690|0x0000000756400000, 0x0000000756400000, 0x0000000756600000|  0%| F|  |TAMS 0x0000000756400000| PB 0x0000000756400000| Untracked |  0
| 691|0x0000000756600000, 0x0000000756600000, 0x0000000756800000|  0%| F|  |TAMS 0x0000000756600000| PB 0x0000000756600000| Untracked |  0
| 692|0x0000000756800000, 0x0000000756800000, 0x0000000756a00000|  0%| F|  |TAMS 0x0000000756800000| PB 0x0000000756800000| Untracked |  0
| 693|0x0000000756a00000, 0x0000000756a00000, 0x0000000756c00000|  0%| F|  |TAMS 0x0000000756a00000| PB 0x0000000756a00000| Untracked |  0
| 694|0x0000000756c00000, 0x0000000756c00000, 0x0000000756e00000|  0%| F|  |TAMS 0x0000000756c00000| PB 0x0000000756c00000| Untracked |  0
| 695|0x0000000756e00000, 0x0000000756e00000, 0x0000000757000000|  0%| F|  |TAMS 0x0000000756e00000| PB 0x0000000756e00000| Untracked |  0
| 696|0x0000000757000000, 0x0000000757000000, 0x0000000757200000|  0%| F|  |TAMS 0x0000000757000000| PB 0x0000000757000000| Untracked |  0
| 697|0x0000000757200000, 0x0000000757200000, 0x0000000757400000|  0%| F|  |TAMS 0x0000000757200000| PB 0x0000000757200000| Untracked |  0
| 698|0x0000000757400000, 0x0000000757400000, 0x0000000757600000|  0%| F|  |TAMS 0x0000000757400000| PB 0x0000000757400000| Untracked |  0
| 699|0x0000000757600000, 0x0000000757600000, 0x0000000757800000|  0%| F|  |TAMS 0x0000000757600000| PB 0x0000000757600000| Untracked |  0
| 700|0x0000000757800000, 0x0000000757800000, 0x0000000757a00000|  0%| F|  |TAMS 0x0000000757800000| PB 0x0000000757800000| Untracked |  0
| 701|0x0000000757a00000, 0x0000000757a00000, 0x0000000757c00000|  0%| F|  |TAMS 0x0000000757a00000| PB 0x0000000757a00000| Untracked |  0
| 702|0x0000000757c00000, 0x0000000757c00000, 0x0000000757e00000|  0%| F|  |TAMS 0x0000000757c00000| PB 0x0000000757c00000| Untracked |  0
| 703|0x0000000757e00000, 0x0000000757e00000, 0x0000000758000000|  0%| F|  |TAMS 0x0000000757e00000| PB 0x0000000757e00000| Untracked |  0
| 704|0x0000000758000000, 0x0000000758000000, 0x0000000758200000|  0%| F|  |TAMS 0x0000000758000000| PB 0x0000000758000000| Untracked |  0
| 705|0x0000000758200000, 0x0000000758200000, 0x0000000758400000|  0%| F|  |TAMS 0x0000000758200000| PB 0x0000000758200000| Untracked |  0
| 706|0x0000000758400000, 0x0000000758400000, 0x0000000758600000|  0%| F|  |TAMS 0x0000000758400000| PB 0x0000000758400000| Untracked |  0
| 707|0x0000000758600000, 0x0000000758600000, 0x0000000758800000|  0%| F|  |TAMS 0x0000000758600000| PB 0x0000000758600000| Untracked |  0
| 708|0x0000000758800000, 0x0000000758800000, 0x0000000758a00000|  0%| F|  |TAMS 0x0000000758800000| PB 0x0000000758800000| Untracked |  0
| 709|0x0000000758a00000, 0x0000000758a00000, 0x0000000758c00000|  0%| F|  |TAMS 0x0000000758a00000| PB 0x0000000758a00000| Untracked |  0
| 710|0x0000000758c00000, 0x0000000758c00000, 0x0000000758e00000|  0%| F|  |TAMS 0x0000000758c00000| PB 0x0000000758c00000| Untracked |  0
| 711|0x0000000758e00000, 0x0000000758e00000, 0x0000000759000000|  0%| F|  |TAMS 0x0000000758e00000| PB 0x0000000758e00000| Untracked |  0
| 712|0x0000000759000000, 0x0000000759000000, 0x0000000759200000|  0%| F|  |TAMS 0x0000000759000000| PB 0x0000000759000000| Untracked |  0
| 713|0x0000000759200000, 0x0000000759200000, 0x0000000759400000|  0%| F|  |TAMS 0x0000000759200000| PB 0x0000000759200000| Untracked |  0
| 714|0x0000000759400000, 0x0000000759400000, 0x0000000759600000|  0%| F|  |TAMS 0x0000000759400000| PB 0x0000000759400000| Untracked |  0
| 715|0x0000000759600000, 0x0000000759600000, 0x0000000759800000|  0%| F|  |TAMS 0x0000000759600000| PB 0x0000000759600000| Untracked |  0
| 716|0x0000000759800000, 0x0000000759800000, 0x0000000759a00000|  0%| F|  |TAMS 0x0000000759800000| PB 0x0000000759800000| Untracked |  0
| 717|0x0000000759a00000, 0x0000000759a00000, 0x0000000759c00000|  0%| F|  |TAMS 0x0000000759a00000| PB 0x0000000759a00000| Untracked |  0
| 718|0x0000000759c00000, 0x0000000759c00000, 0x0000000759e00000|  0%| F|  |TAMS 0x0000000759c00000| PB 0x0000000759c00000| Untracked |  0
| 719|0x0000000759e00000, 0x0000000759e00000, 0x000000075a000000|  0%| F|  |TAMS 0x0000000759e00000| PB 0x0000000759e00000| Untracked |  0
| 720|0x000000075a000000, 0x000000075a000000, 0x000000075a200000|  0%| F|  |TAMS 0x000000075a000000| PB 0x000000075a000000| Untracked |  0
| 721|0x000000075a200000, 0x000000075a200000, 0x000000075a400000|  0%| F|  |TAMS 0x000000075a200000| PB 0x000000075a200000| Untracked |  0
| 722|0x000000075a400000, 0x000000075a400000, 0x000000075a600000|  0%| F|  |TAMS 0x000000075a400000| PB 0x000000075a400000| Untracked |  0
| 723|0x000000075a600000, 0x000000075a600000, 0x000000075a800000|  0%| F|  |TAMS 0x000000075a600000| PB 0x000000075a600000| Untracked |  0
| 724|0x000000075a800000, 0x000000075a800000, 0x000000075aa00000|  0%| F|  |TAMS 0x000000075a800000| PB 0x000000075a800000| Untracked |  0
| 725|0x000000075aa00000, 0x000000075aa00000, 0x000000075ac00000|  0%| F|  |TAMS 0x000000075aa00000| PB 0x000000075aa00000| Untracked |  0
| 726|0x000000075ac00000, 0x000000075ac00000, 0x000000075ae00000|  0%| F|  |TAMS 0x000000075ac00000| PB 0x000000075ac00000| Untracked |  0
| 727|0x000000075ae00000, 0x000000075ae00000, 0x000000075b000000|  0%| F|  |TAMS 0x000000075ae00000| PB 0x000000075ae00000| Untracked |  0
| 728|0x000000075b000000, 0x000000075b000000, 0x000000075b200000|  0%| F|  |TAMS 0x000000075b000000| PB 0x000000075b000000| Untracked |  0
| 729|0x000000075b200000, 0x000000075b200000, 0x000000075b400000|  0%| F|  |TAMS 0x000000075b200000| PB 0x000000075b200000| Untracked |  0
| 730|0x000000075b400000, 0x000000075b400000, 0x000000075b600000|  0%| F|  |TAMS 0x000000075b400000| PB 0x000000075b400000| Untracked |  0
| 731|0x000000075b600000, 0x000000075b600000, 0x000000075b800000|  0%| F|  |TAMS 0x000000075b600000| PB 0x000000075b600000| Untracked |  0
| 732|0x000000075b800000, 0x000000075b800000, 0x000000075ba00000|  0%| F|  |TAMS 0x000000075b800000| PB 0x000000075b800000| Untracked |  0
| 733|0x000000075ba00000, 0x000000075ba00000, 0x000000075bc00000|  0%| F|  |TAMS 0x000000075ba00000| PB 0x000000075ba00000| Untracked |  0
| 734|0x000000075bc00000, 0x000000075bc00000, 0x000000075be00000|  0%| F|  |TAMS 0x000000075bc00000| PB 0x000000075bc00000| Untracked |  0
| 735|0x000000075be00000, 0x000000075be00000, 0x000000075c000000|  0%| F|  |TAMS 0x000000075be00000| PB 0x000000075be00000| Untracked |  0
| 736|0x000000075c000000, 0x000000075c000000, 0x000000075c200000|  0%| F|  |TAMS 0x000000075c000000| PB 0x000000075c000000| Untracked |  0
| 737|0x000000075c200000, 0x000000075c200000, 0x000000075c400000|  0%| F|  |TAMS 0x000000075c200000| PB 0x000000075c200000| Untracked |  0
| 738|0x000000075c400000, 0x000000075c400000, 0x000000075c600000|  0%| F|  |TAMS 0x000000075c400000| PB 0x000000075c400000| Untracked |  0
| 739|0x000000075c600000, 0x000000075c600000, 0x000000075c800000|  0%| F|  |TAMS 0x000000075c600000| PB 0x000000075c600000| Untracked |  0
| 740|0x000000075c800000, 0x000000075c800000, 0x000000075ca00000|  0%| F|  |TAMS 0x000000075c800000| PB 0x000000075c800000| Untracked |  0
| 741|0x000000075ca00000, 0x000000075ca00000, 0x000000075cc00000|  0%| F|  |TAMS 0x000000075ca00000| PB 0x000000075ca00000| Untracked |  0
| 742|0x000000075cc00000, 0x000000075cc00000, 0x000000075ce00000|  0%| F|  |TAMS 0x000000075cc00000| PB 0x000000075cc00000| Untracked |  0
| 743|0x000000075ce00000, 0x000000075ce00000, 0x000000075d000000|  0%| F|  |TAMS 0x000000075ce00000| PB 0x000000075ce00000| Untracked |  0
| 744|0x000000075d000000, 0x000000075d000000, 0x000000075d200000|  0%| F|  |TAMS 0x000000075d000000| PB 0x000000075d000000| Untracked |  0
| 745|0x000000075d200000, 0x000000075d200000, 0x000000075d400000|  0%| F|  |TAMS 0x000000075d200000| PB 0x000000075d200000| Untracked |  0
| 746|0x000000075d400000, 0x000000075d400000, 0x000000075d600000|  0%| F|  |TAMS 0x000000075d400000| PB 0x000000075d400000| Untracked |  0
| 747|0x000000075d600000, 0x000000075d600000, 0x000000075d800000|  0%| F|  |TAMS 0x000000075d600000| PB 0x000000075d600000| Untracked |  0
| 748|0x000000075d800000, 0x000000075d800000, 0x000000075da00000|  0%| F|  |TAMS 0x000000075d800000| PB 0x000000075d800000| Untracked |  0
| 749|0x000000075da00000, 0x000000075da00000, 0x000000075dc00000|  0%| F|  |TAMS 0x000000075da00000| PB 0x000000075da00000| Untracked |  0
| 750|0x000000075dc00000, 0x000000075dc00000, 0x000000075de00000|  0%| F|  |TAMS 0x000000075dc00000| PB 0x000000075dc00000| Untracked |  0
| 751|0x000000075de00000, 0x000000075de00000, 0x000000075e000000|  0%| F|  |TAMS 0x000000075de00000| PB 0x000000075de00000| Untracked |  0
| 752|0x000000075e000000, 0x000000075e000000, 0x000000075e200000|  0%| F|  |TAMS 0x000000075e000000| PB 0x000000075e000000| Untracked |  0
| 753|0x000000075e200000, 0x000000075e200000, 0x000000075e400000|  0%| F|  |TAMS 0x000000075e200000| PB 0x000000075e200000| Untracked |  0
| 754|0x000000075e400000, 0x000000075e400000, 0x000000075e600000|  0%| F|  |TAMS 0x000000075e400000| PB 0x000000075e400000| Untracked |  0
| 755|0x000000075e600000, 0x000000075e600000, 0x000000075e800000|  0%| F|  |TAMS 0x000000075e600000| PB 0x000000075e600000| Untracked |  0
| 756|0x000000075e800000, 0x000000075e800000, 0x000000075ea00000|  0%| F|  |TAMS 0x000000075e800000| PB 0x000000075e800000| Untracked |  0
| 757|0x000000075ea00000, 0x000000075ea00000, 0x000000075ec00000|  0%| F|  |TAMS 0x000000075ea00000| PB 0x000000075ea00000| Untracked |  0
| 758|0x000000075ec00000, 0x000000075ec00000, 0x000000075ee00000|  0%| F|  |TAMS 0x000000075ec00000| PB 0x000000075ec00000| Untracked |  0
| 759|0x000000075ee00000, 0x000000075ee00000, 0x000000075f000000|  0%| F|  |TAMS 0x000000075ee00000| PB 0x000000075ee00000| Untracked |  0
| 760|0x000000075f000000, 0x000000075f000000, 0x000000075f200000|  0%| F|  |TAMS 0x000000075f000000| PB 0x000000075f000000| Untracked |  0
| 761|0x000000075f200000, 0x000000075f200000, 0x000000075f400000|  0%| F|  |TAMS 0x000000075f200000| PB 0x000000075f200000| Untracked |  0
| 762|0x000000075f400000, 0x000000075f400000, 0x000000075f600000|  0%| F|  |TAMS 0x000000075f400000| PB 0x000000075f400000| Untracked |  0
| 763|0x000000075f600000, 0x000000075f600000, 0x000000075f800000|  0%| F|  |TAMS 0x000000075f600000| PB 0x000000075f600000| Untracked |  0
| 764|0x000000075f800000, 0x000000075f800000, 0x000000075fa00000|  0%| F|  |TAMS 0x000000075f800000| PB 0x000000075f800000| Untracked |  0
| 765|0x000000075fa00000, 0x000000075fa00000, 0x000000075fc00000|  0%| F|  |TAMS 0x000000075fa00000| PB 0x000000075fa00000| Untracked |  0
| 766|0x000000075fc00000, 0x000000075fc00000, 0x000000075fe00000|  0%| F|  |TAMS 0x000000075fc00000| PB 0x000000075fc00000| Untracked |  0
| 767|0x000000075fe00000, 0x000000075fe00000, 0x0000000760000000|  0%| F|  |TAMS 0x000000075fe00000| PB 0x000000075fe00000| Untracked |  0
| 768|0x0000000760000000, 0x0000000760000000, 0x0000000760200000|  0%| F|  |TAMS 0x0000000760000000| PB 0x0000000760000000| Untracked |  0
| 769|0x0000000760200000, 0x0000000760200000, 0x0000000760400000|  0%| F|  |TAMS 0x0000000760200000| PB 0x0000000760200000| Untracked |  0
| 770|0x0000000760400000, 0x0000000760400000, 0x0000000760600000|  0%| F|  |TAMS 0x0000000760400000| PB 0x0000000760400000| Untracked |  0
| 771|0x0000000760600000, 0x0000000760600000, 0x0000000760800000|  0%| F|  |TAMS 0x0000000760600000| PB 0x0000000760600000| Untracked |  0
| 772|0x0000000760800000, 0x0000000760800000, 0x0000000760a00000|  0%| F|  |TAMS 0x0000000760800000| PB 0x0000000760800000| Untracked |  0
| 773|0x0000000760a00000, 0x0000000760a00000, 0x0000000760c00000|  0%| F|  |TAMS 0x0000000760a00000| PB 0x0000000760a00000| Untracked |  0
| 774|0x0000000760c00000, 0x0000000760c00000, 0x0000000760e00000|  0%| F|  |TAMS 0x0000000760c00000| PB 0x0000000760c00000| Untracked |  0
| 775|0x0000000760e00000, 0x0000000760e00000, 0x0000000761000000|  0%| F|  |TAMS 0x0000000760e00000| PB 0x0000000760e00000| Untracked |  0
| 776|0x0000000761000000, 0x0000000761000000, 0x0000000761200000|  0%| F|  |TAMS 0x0000000761000000| PB 0x0000000761000000| Untracked |  0
| 777|0x0000000761200000, 0x0000000761200000, 0x0000000761400000|  0%| F|  |TAMS 0x0000000761200000| PB 0x0000000761200000| Untracked |  0
| 778|0x0000000761400000, 0x0000000761400000, 0x0000000761600000|  0%| F|  |TAMS 0x0000000761400000| PB 0x0000000761400000| Untracked |  0
| 779|0x0000000761600000, 0x0000000761600000, 0x0000000761800000|  0%| F|  |TAMS 0x0000000761600000| PB 0x0000000761600000| Untracked |  0
| 780|0x0000000761800000, 0x0000000761800000, 0x0000000761a00000|  0%| F|  |TAMS 0x0000000761800000| PB 0x0000000761800000| Untracked |  0
| 781|0x0000000761a00000, 0x0000000761a00000, 0x0000000761c00000|  0%| F|  |TAMS 0x0000000761a00000| PB 0x0000000761a00000| Untracked |  0
| 782|0x0000000761c00000, 0x0000000761c00000, 0x0000000761e00000|  0%| F|  |TAMS 0x0000000761c00000| PB 0x0000000761c00000| Untracked |  0
| 783|0x0000000761e00000, 0x0000000761e00000, 0x0000000762000000|  0%| F|  |TAMS 0x0000000761e00000| PB 0x0000000761e00000| Untracked |  0
| 784|0x0000000762000000, 0x0000000762000000, 0x0000000762200000|  0%| F|  |TAMS 0x0000000762000000| PB 0x0000000762000000| Untracked |  0
| 785|0x0000000762200000, 0x0000000762200000, 0x0000000762400000|  0%| F|  |TAMS 0x0000000762200000| PB 0x0000000762200000| Untracked |  0
| 786|0x0000000762400000, 0x0000000762400000, 0x0000000762600000|  0%| F|  |TAMS 0x0000000762400000| PB 0x0000000762400000| Untracked |  0
| 787|0x0000000762600000, 0x0000000762600000, 0x0000000762800000|  0%| F|  |TAMS 0x0000000762600000| PB 0x0000000762600000| Untracked |  0
| 788|0x0000000762800000, 0x0000000762800000, 0x0000000762a00000|  0%| F|  |TAMS 0x0000000762800000| PB 0x0000000762800000| Untracked |  0
| 789|0x0000000762a00000, 0x0000000762a00000, 0x0000000762c00000|  0%| F|  |TAMS 0x0000000762a00000| PB 0x0000000762a00000| Untracked |  0
| 790|0x0000000762c00000, 0x0000000762c00000, 0x0000000762e00000|  0%| F|  |TAMS 0x0000000762c00000| PB 0x0000000762c00000| Untracked |  0
| 791|0x0000000762e00000, 0x0000000762e00000, 0x0000000763000000|  0%| F|  |TAMS 0x0000000762e00000| PB 0x0000000762e00000| Untracked |  0
| 792|0x0000000763000000, 0x0000000763000000, 0x0000000763200000|  0%| F|  |TAMS 0x0000000763000000| PB 0x0000000763000000| Untracked |  0
| 793|0x0000000763200000, 0x0000000763200000, 0x0000000763400000|  0%| F|  |TAMS 0x0000000763200000| PB 0x0000000763200000| Untracked |  0
| 794|0x0000000763400000, 0x0000000763400000, 0x0000000763600000|  0%| F|  |TAMS 0x0000000763400000| PB 0x0000000763400000| Untracked |  0
| 795|0x0000000763600000, 0x0000000763600000, 0x0000000763800000|  0%| F|  |TAMS 0x0000000763600000| PB 0x0000000763600000| Untracked |  0
| 796|0x0000000763800000, 0x0000000763800000, 0x0000000763a00000|  0%| F|  |TAMS 0x0000000763800000| PB 0x0000000763800000| Untracked |  0
| 797|0x0000000763a00000, 0x0000000763a00000, 0x0000000763c00000|  0%| F|  |TAMS 0x0000000763a00000| PB 0x0000000763a00000| Untracked |  0
| 798|0x0000000763c00000, 0x0000000763c00000, 0x0000000763e00000|  0%| F|  |TAMS 0x0000000763c00000| PB 0x0000000763c00000| Untracked |  0
| 799|0x0000000763e00000, 0x0000000763e00000, 0x0000000764000000|  0%| F|  |TAMS 0x0000000763e00000| PB 0x0000000763e00000| Untracked |  0
| 800|0x0000000764000000, 0x0000000764000000, 0x0000000764200000|  0%| F|  |TAMS 0x0000000764000000| PB 0x0000000764000000| Untracked |  0
| 801|0x0000000764200000, 0x0000000764200000, 0x0000000764400000|  0%| F|  |TAMS 0x0000000764200000| PB 0x0000000764200000| Untracked |  0
| 802|0x0000000764400000, 0x0000000764400000, 0x0000000764600000|  0%| F|  |TAMS 0x0000000764400000| PB 0x0000000764400000| Untracked |  0
| 803|0x0000000764600000, 0x0000000764600000, 0x0000000764800000|  0%| F|  |TAMS 0x0000000764600000| PB 0x0000000764600000| Untracked |  0
| 804|0x0000000764800000, 0x0000000764800000, 0x0000000764a00000|  0%| F|  |TAMS 0x0000000764800000| PB 0x0000000764800000| Untracked |  0
| 805|0x0000000764a00000, 0x0000000764a00000, 0x0000000764c00000|  0%| F|  |TAMS 0x0000000764a00000| PB 0x0000000764a00000| Untracked |  0
| 806|0x0000000764c00000, 0x0000000764c00000, 0x0000000764e00000|  0%| F|  |TAMS 0x0000000764c00000| PB 0x0000000764c00000| Untracked |  0
| 807|0x0000000764e00000, 0x0000000764e00000, 0x0000000765000000|  0%| F|  |TAMS 0x0000000764e00000| PB 0x0000000764e00000| Untracked |  0
| 808|0x0000000765000000, 0x0000000765000000, 0x0000000765200000|  0%| F|  |TAMS 0x0000000765000000| PB 0x0000000765000000| Untracked |  0
| 809|0x0000000765200000, 0x0000000765200000, 0x0000000765400000|  0%| F|  |TAMS 0x0000000765200000| PB 0x0000000765200000| Untracked |  0
| 810|0x0000000765400000, 0x0000000765400000, 0x0000000765600000|  0%| F|  |TAMS 0x0000000765400000| PB 0x0000000765400000| Untracked |  0
| 811|0x0000000765600000, 0x0000000765600000, 0x0000000765800000|  0%| F|  |TAMS 0x0000000765600000| PB 0x0000000765600000| Untracked |  0
| 812|0x0000000765800000, 0x0000000765800000, 0x0000000765a00000|  0%| F|  |TAMS 0x0000000765800000| PB 0x0000000765800000| Untracked |  0
| 813|0x0000000765a00000, 0x0000000765a00000, 0x0000000765c00000|  0%| F|  |TAMS 0x0000000765a00000| PB 0x0000000765a00000| Untracked |  0
| 814|0x0000000765c00000, 0x0000000765c00000, 0x0000000765e00000|  0%| F|  |TAMS 0x0000000765c00000| PB 0x0000000765c00000| Untracked |  0
| 815|0x0000000765e00000, 0x0000000765e00000, 0x0000000766000000|  0%| F|  |TAMS 0x0000000765e00000| PB 0x0000000765e00000| Untracked |  0
| 816|0x0000000766000000, 0x0000000766000000, 0x0000000766200000|  0%| F|  |TAMS 0x0000000766000000| PB 0x0000000766000000| Untracked |  0
| 817|0x0000000766200000, 0x0000000766200000, 0x0000000766400000|  0%| F|  |TAMS 0x0000000766200000| PB 0x0000000766200000| Untracked |  0
| 818|0x0000000766400000, 0x0000000766400000, 0x0000000766600000|  0%| F|  |TAMS 0x0000000766400000| PB 0x0000000766400000| Untracked |  0
| 819|0x0000000766600000, 0x0000000766600000, 0x0000000766800000|  0%| F|  |TAMS 0x0000000766600000| PB 0x0000000766600000| Untracked |  0
| 820|0x0000000766800000, 0x0000000766800000, 0x0000000766a00000|  0%| F|  |TAMS 0x0000000766800000| PB 0x0000000766800000| Untracked |  0
| 821|0x0000000766a00000, 0x0000000766a00000, 0x0000000766c00000|  0%| F|  |TAMS 0x0000000766a00000| PB 0x0000000766a00000| Untracked |  0
| 822|0x0000000766c00000, 0x0000000766c00000, 0x0000000766e00000|  0%| F|  |TAMS 0x0000000766c00000| PB 0x0000000766c00000| Untracked |  0
| 823|0x0000000766e00000, 0x0000000766e00000, 0x0000000767000000|  0%| F|  |TAMS 0x0000000766e00000| PB 0x0000000766e00000| Untracked |  0
| 824|0x0000000767000000, 0x0000000767000000, 0x0000000767200000|  0%| F|  |TAMS 0x0000000767000000| PB 0x0000000767000000| Untracked |  0
| 825|0x0000000767200000, 0x0000000767200000, 0x0000000767400000|  0%| F|  |TAMS 0x0000000767200000| PB 0x0000000767200000| Untracked |  0
| 826|0x0000000767400000, 0x0000000767400000, 0x0000000767600000|  0%| F|  |TAMS 0x0000000767400000| PB 0x0000000767400000| Untracked |  0
| 827|0x0000000767600000, 0x0000000767600000, 0x0000000767800000|  0%| F|  |TAMS 0x0000000767600000| PB 0x0000000767600000| Untracked |  0
| 828|0x0000000767800000, 0x0000000767800000, 0x0000000767a00000|  0%| F|  |TAMS 0x0000000767800000| PB 0x0000000767800000| Untracked |  0
| 829|0x0000000767a00000, 0x0000000767a00000, 0x0000000767c00000|  0%| F|  |TAMS 0x0000000767a00000| PB 0x0000000767a00000| Untracked |  0
| 830|0x0000000767c00000, 0x0000000767c00000, 0x0000000767e00000|  0%| F|  |TAMS 0x0000000767c00000| PB 0x0000000767c00000| Untracked |  0
| 831|0x0000000767e00000, 0x0000000767e00000, 0x0000000768000000|  0%| F|  |TAMS 0x0000000767e00000| PB 0x0000000767e00000| Untracked |  0
| 832|0x0000000768000000, 0x0000000768000000, 0x0000000768200000|  0%| F|  |TAMS 0x0000000768000000| PB 0x0000000768000000| Untracked |  0
| 833|0x0000000768200000, 0x0000000768200000, 0x0000000768400000|  0%| F|  |TAMS 0x0000000768200000| PB 0x0000000768200000| Untracked |  0
| 834|0x0000000768400000, 0x0000000768400000, 0x0000000768600000|  0%| F|  |TAMS 0x0000000768400000| PB 0x0000000768400000| Untracked |  0
| 835|0x0000000768600000, 0x0000000768600000, 0x0000000768800000|  0%| F|  |TAMS 0x0000000768600000| PB 0x0000000768600000| Untracked |  0
| 836|0x0000000768800000, 0x0000000768800000, 0x0000000768a00000|  0%| F|  |TAMS 0x0000000768800000| PB 0x0000000768800000| Untracked |  0
| 837|0x0000000768a00000, 0x0000000768a00000, 0x0000000768c00000|  0%| F|  |TAMS 0x0000000768a00000| PB 0x0000000768a00000| Untracked |  0
| 838|0x0000000768c00000, 0x0000000768c00000, 0x0000000768e00000|  0%| F|  |TAMS 0x0000000768c00000| PB 0x0000000768c00000| Untracked |  0
| 839|0x0000000768e00000, 0x0000000768e00000, 0x0000000769000000|  0%| F|  |TAMS 0x0000000768e00000| PB 0x0000000768e00000| Untracked |  0
| 840|0x0000000769000000, 0x0000000769000000, 0x0000000769200000|  0%| F|  |TAMS 0x0000000769000000| PB 0x0000000769000000| Untracked |  0
| 841|0x0000000769200000, 0x0000000769200000, 0x0000000769400000|  0%| F|  |TAMS 0x0000000769200000| PB 0x0000000769200000| Untracked |  0
| 842|0x0000000769400000, 0x0000000769400000, 0x0000000769600000|  0%| F|  |TAMS 0x0000000769400000| PB 0x0000000769400000| Untracked |  0
| 843|0x0000000769600000, 0x0000000769600000, 0x0000000769800000|  0%| F|  |TAMS 0x0000000769600000| PB 0x0000000769600000| Untracked |  0
| 844|0x0000000769800000, 0x0000000769800000, 0x0000000769a00000|  0%| F|  |TAMS 0x0000000769800000| PB 0x0000000769800000| Untracked |  0
| 845|0x0000000769a00000, 0x0000000769a00000, 0x0000000769c00000|  0%| F|  |TAMS 0x0000000769a00000| PB 0x0000000769a00000| Untracked |  0
| 846|0x0000000769c00000, 0x0000000769c00000, 0x0000000769e00000|  0%| F|  |TAMS 0x0000000769c00000| PB 0x0000000769c00000| Untracked |  0
| 847|0x0000000769e00000, 0x0000000769e00000, 0x000000076a000000|  0%| F|  |TAMS 0x0000000769e00000| PB 0x0000000769e00000| Untracked |  0
| 848|0x000000076a000000, 0x000000076a000000, 0x000000076a200000|  0%| F|  |TAMS 0x000000076a000000| PB 0x000000076a000000| Untracked |  0
| 849|0x000000076a200000, 0x000000076a200000, 0x000000076a400000|  0%| F|  |TAMS 0x000000076a200000| PB 0x000000076a200000| Untracked |  0
| 850|0x000000076a400000, 0x000000076a400000, 0x000000076a600000|  0%| F|  |TAMS 0x000000076a400000| PB 0x000000076a400000| Untracked |  0
| 851|0x000000076a600000, 0x000000076a600000, 0x000000076a800000|  0%| F|  |TAMS 0x000000076a600000| PB 0x000000076a600000| Untracked |  0
| 852|0x000000076a800000, 0x000000076a800000, 0x000000076aa00000|  0%| F|  |TAMS 0x000000076a800000| PB 0x000000076a800000| Untracked |  0
| 853|0x000000076aa00000, 0x000000076aa00000, 0x000000076ac00000|  0%| F|  |TAMS 0x000000076aa00000| PB 0x000000076aa00000| Untracked |  0
| 854|0x000000076ac00000, 0x000000076ac00000, 0x000000076ae00000|  0%| F|  |TAMS 0x000000076ac00000| PB 0x000000076ac00000| Untracked |  0
| 855|0x000000076ae00000, 0x000000076ae00000, 0x000000076b000000|  0%| F|  |TAMS 0x000000076ae00000| PB 0x000000076ae00000| Untracked |  0
| 856|0x000000076b000000, 0x000000076b000000, 0x000000076b200000|  0%| F|  |TAMS 0x000000076b000000| PB 0x000000076b000000| Untracked |  0
| 857|0x000000076b200000, 0x000000076b200000, 0x000000076b400000|  0%| F|  |TAMS 0x000000076b200000| PB 0x000000076b200000| Untracked |  0
| 858|0x000000076b400000, 0x000000076b400000, 0x000000076b600000|  0%| F|  |TAMS 0x000000076b400000| PB 0x000000076b400000| Untracked |  0
| 859|0x000000076b600000, 0x000000076b600000, 0x000000076b800000|  0%| F|  |TAMS 0x000000076b600000| PB 0x000000076b600000| Untracked |  0
| 860|0x000000076b800000, 0x000000076b800000, 0x000000076ba00000|  0%| F|  |TAMS 0x000000076b800000| PB 0x000000076b800000| Untracked |  0
| 861|0x000000076ba00000, 0x000000076ba00000, 0x000000076bc00000|  0%| F|  |TAMS 0x000000076ba00000| PB 0x000000076ba00000| Untracked |  0
| 862|0x000000076bc00000, 0x000000076bc00000, 0x000000076be00000|  0%| F|  |TAMS 0x000000076bc00000| PB 0x000000076bc00000| Untracked |  0
| 863|0x000000076be00000, 0x000000076be00000, 0x000000076c000000|  0%| F|  |TAMS 0x000000076be00000| PB 0x000000076be00000| Untracked |  0
| 864|0x000000076c000000, 0x000000076c000000, 0x000000076c200000|  0%| F|  |TAMS 0x000000076c000000| PB 0x000000076c000000| Untracked |  0
| 865|0x000000076c200000, 0x000000076c200000, 0x000000076c400000|  0%| F|  |TAMS 0x000000076c200000| PB 0x000000076c200000| Untracked |  0
| 866|0x000000076c400000, 0x000000076c400000, 0x000000076c600000|  0%| F|  |TAMS 0x000000076c400000| PB 0x000000076c400000| Untracked |  0
| 867|0x000000076c600000, 0x000000076c600000, 0x000000076c800000|  0%| F|  |TAMS 0x000000076c600000| PB 0x000000076c600000| Untracked |  0
| 868|0x000000076c800000, 0x000000076c800000, 0x000000076ca00000|  0%| F|  |TAMS 0x000000076c800000| PB 0x000000076c800000| Untracked |  0
| 869|0x000000076ca00000, 0x000000076ca00000, 0x000000076cc00000|  0%| F|  |TAMS 0x000000076ca00000| PB 0x000000076ca00000| Untracked |  0
| 870|0x000000076cc00000, 0x000000076cc00000, 0x000000076ce00000|  0%| F|  |TAMS 0x000000076cc00000| PB 0x000000076cc00000| Untracked |  0
| 871|0x000000076ce00000, 0x000000076ce00000, 0x000000076d000000|  0%| F|  |TAMS 0x000000076ce00000| PB 0x000000076ce00000| Untracked |  0
| 872|0x000000076d000000, 0x000000076d000000, 0x000000076d200000|  0%| F|  |TAMS 0x000000076d000000| PB 0x000000076d000000| Untracked |  0
| 873|0x000000076d200000, 0x000000076d200000, 0x000000076d400000|  0%| F|  |TAMS 0x000000076d200000| PB 0x000000076d200000| Untracked |  0
| 874|0x000000076d400000, 0x000000076d400000, 0x000000076d600000|  0%| F|  |TAMS 0x000000076d400000| PB 0x000000076d400000| Untracked |  0
| 875|0x000000076d600000, 0x000000076d600000, 0x000000076d800000|  0%| F|  |TAMS 0x000000076d600000| PB 0x000000076d600000| Untracked |  0
| 876|0x000000076d800000, 0x000000076d800000, 0x000000076da00000|  0%| F|  |TAMS 0x000000076d800000| PB 0x000000076d800000| Untracked |  0
| 877|0x000000076da00000, 0x000000076da00000, 0x000000076dc00000|  0%| F|  |TAMS 0x000000076da00000| PB 0x000000076da00000| Untracked |  0
| 878|0x000000076dc00000, 0x000000076dc00000, 0x000000076de00000|  0%| F|  |TAMS 0x000000076dc00000| PB 0x000000076dc00000| Untracked |  0
| 879|0x000000076de00000, 0x000000076de00000, 0x000000076e000000|  0%| F|  |TAMS 0x000000076de00000| PB 0x000000076de00000| Untracked |  0
| 880|0x000000076e000000, 0x000000076e000000, 0x000000076e200000|  0%| F|  |TAMS 0x000000076e000000| PB 0x000000076e000000| Untracked |  0
| 881|0x000000076e200000, 0x000000076e200000, 0x000000076e400000|  0%| F|  |TAMS 0x000000076e200000| PB 0x000000076e200000| Untracked |  0
| 882|0x000000076e400000, 0x000000076e400000, 0x000000076e600000|  0%| F|  |TAMS 0x000000076e400000| PB 0x000000076e400000| Untracked |  0
| 883|0x000000076e600000, 0x000000076e600000, 0x000000076e800000|  0%| F|  |TAMS 0x000000076e600000| PB 0x000000076e600000| Untracked |  0
| 884|0x000000076e800000, 0x000000076e800000, 0x000000076ea00000|  0%| F|  |TAMS 0x000000076e800000| PB 0x000000076e800000| Untracked |  0
| 885|0x000000076ea00000, 0x000000076ea00000, 0x000000076ec00000|  0%| F|  |TAMS 0x000000076ea00000| PB 0x000000076ea00000| Untracked |  0
| 886|0x000000076ec00000, 0x000000076ec00000, 0x000000076ee00000|  0%| F|  |TAMS 0x000000076ec00000| PB 0x000000076ec00000| Untracked |  0
| 887|0x000000076ee00000, 0x000000076ee00000, 0x000000076f000000|  0%| F|  |TAMS 0x000000076ee00000| PB 0x000000076ee00000| Untracked |  0
| 888|0x000000076f000000, 0x000000076f000000, 0x000000076f200000|  0%| F|  |TAMS 0x000000076f000000| PB 0x000000076f000000| Untracked |  0
| 889|0x000000076f200000, 0x000000076f200000, 0x000000076f400000|  0%| F|  |TAMS 0x000000076f200000| PB 0x000000076f200000| Untracked |  0
| 890|0x000000076f400000, 0x000000076f400000, 0x000000076f600000|  0%| F|  |TAMS 0x000000076f400000| PB 0x000000076f400000| Untracked |  0
| 891|0x000000076f600000, 0x000000076f600000, 0x000000076f800000|  0%| F|  |TAMS 0x000000076f600000| PB 0x000000076f600000| Untracked |  0
| 892|0x000000076f800000, 0x000000076f800000, 0x000000076fa00000|  0%| F|  |TAMS 0x000000076f800000| PB 0x000000076f800000| Untracked |  0
| 893|0x000000076fa00000, 0x000000076fa00000, 0x000000076fc00000|  0%| F|  |TAMS 0x000000076fa00000| PB 0x000000076fa00000| Untracked |  0
| 894|0x000000076fc00000, 0x000000076fc00000, 0x000000076fe00000|  0%| F|  |TAMS 0x000000076fc00000| PB 0x000000076fc00000| Untracked |  0
| 895|0x000000076fe00000, 0x000000076fe00000, 0x0000000770000000|  0%| F|  |TAMS 0x000000076fe00000| PB 0x000000076fe00000| Untracked |  0
| 896|0x0000000770000000, 0x0000000770000000, 0x0000000770200000|  0%| F|  |TAMS 0x0000000770000000| PB 0x0000000770000000| Untracked |  0
| 897|0x0000000770200000, 0x0000000770200000, 0x0000000770400000|  0%| F|  |TAMS 0x0000000770200000| PB 0x0000000770200000| Untracked |  0
| 898|0x0000000770400000, 0x0000000770400000, 0x0000000770600000|  0%| F|  |TAMS 0x0000000770400000| PB 0x0000000770400000| Untracked |  0
| 899|0x0000000770600000, 0x0000000770600000, 0x0000000770800000|  0%| F|  |TAMS 0x0000000770600000| PB 0x0000000770600000| Untracked |  0
| 900|0x0000000770800000, 0x0000000770800000, 0x0000000770a00000|  0%| F|  |TAMS 0x0000000770800000| PB 0x0000000770800000| Untracked |  0
| 901|0x0000000770a00000, 0x0000000770a00000, 0x0000000770c00000|  0%| F|  |TAMS 0x0000000770a00000| PB 0x0000000770a00000| Untracked |  0
| 902|0x0000000770c00000, 0x0000000770c00000, 0x0000000770e00000|  0%| F|  |TAMS 0x0000000770c00000| PB 0x0000000770c00000| Untracked |  0
| 903|0x0000000770e00000, 0x0000000770e00000, 0x0000000771000000|  0%| F|  |TAMS 0x0000000770e00000| PB 0x0000000770e00000| Untracked |  0
| 904|0x0000000771000000, 0x0000000771000000, 0x0000000771200000|  0%| F|  |TAMS 0x0000000771000000| PB 0x0000000771000000| Untracked |  0
| 905|0x0000000771200000, 0x0000000771200000, 0x0000000771400000|  0%| F|  |TAMS 0x0000000771200000| PB 0x0000000771200000| Untracked |  0
| 906|0x0000000771400000, 0x0000000771400000, 0x0000000771600000|  0%| F|  |TAMS 0x0000000771400000| PB 0x0000000771400000| Untracked |  0
| 907|0x0000000771600000, 0x0000000771600000, 0x0000000771800000|  0%| F|  |TAMS 0x0000000771600000| PB 0x0000000771600000| Untracked |  0
| 908|0x0000000771800000, 0x0000000771800000, 0x0000000771a00000|  0%| F|  |TAMS 0x0000000771800000| PB 0x0000000771800000| Untracked |  0
| 909|0x0000000771a00000, 0x0000000771a00000, 0x0000000771c00000|  0%| F|  |TAMS 0x0000000771a00000| PB 0x0000000771a00000| Untracked |  0
| 910|0x0000000771c00000, 0x0000000771c00000, 0x0000000771e00000|  0%| F|  |TAMS 0x0000000771c00000| PB 0x0000000771c00000| Untracked |  0
| 911|0x0000000771e00000, 0x0000000771e00000, 0x0000000772000000|  0%| F|  |TAMS 0x0000000771e00000| PB 0x0000000771e00000| Untracked |  0
| 912|0x0000000772000000, 0x0000000772000000, 0x0000000772200000|  0%| F|  |TAMS 0x0000000772000000| PB 0x0000000772000000| Untracked |  0
| 913|0x0000000772200000, 0x0000000772200000, 0x0000000772400000|  0%| F|  |TAMS 0x0000000772200000| PB 0x0000000772200000| Untracked |  0
| 914|0x0000000772400000, 0x0000000772400000, 0x0000000772600000|  0%| F|  |TAMS 0x0000000772400000| PB 0x0000000772400000| Untracked |  0
| 915|0x0000000772600000, 0x0000000772600000, 0x0000000772800000|  0%| F|  |TAMS 0x0000000772600000| PB 0x0000000772600000| Untracked |  0
| 916|0x0000000772800000, 0x0000000772800000, 0x0000000772a00000|  0%| F|  |TAMS 0x0000000772800000| PB 0x0000000772800000| Untracked |  0
| 917|0x0000000772a00000, 0x0000000772a00000, 0x0000000772c00000|  0%| F|  |TAMS 0x0000000772a00000| PB 0x0000000772a00000| Untracked |  0
| 918|0x0000000772c00000, 0x0000000772c00000, 0x0000000772e00000|  0%| F|  |TAMS 0x0000000772c00000| PB 0x0000000772c00000| Untracked |  0
| 919|0x0000000772e00000, 0x0000000772e00000, 0x0000000773000000|  0%| F|  |TAMS 0x0000000772e00000| PB 0x0000000772e00000| Untracked |  0
| 920|0x0000000773000000, 0x0000000773000000, 0x0000000773200000|  0%| F|  |TAMS 0x0000000773000000| PB 0x0000000773000000| Untracked |  0
| 921|0x0000000773200000, 0x0000000773200000, 0x0000000773400000|  0%| F|  |TAMS 0x0000000773200000| PB 0x0000000773200000| Untracked |  0
| 922|0x0000000773400000, 0x0000000773400000, 0x0000000773600000|  0%| F|  |TAMS 0x0000000773400000| PB 0x0000000773400000| Untracked |  0
| 923|0x0000000773600000, 0x0000000773600000, 0x0000000773800000|  0%| F|  |TAMS 0x0000000773600000| PB 0x0000000773600000| Untracked |  0
| 924|0x0000000773800000, 0x0000000773800000, 0x0000000773a00000|  0%| F|  |TAMS 0x0000000773800000| PB 0x0000000773800000| Untracked |  0
| 925|0x0000000773a00000, 0x0000000773a00000, 0x0000000773c00000|  0%| F|  |TAMS 0x0000000773a00000| PB 0x0000000773a00000| Untracked |  0
| 926|0x0000000773c00000, 0x0000000773c00000, 0x0000000773e00000|  0%| F|  |TAMS 0x0000000773c00000| PB 0x0000000773c00000| Untracked |  0
| 927|0x0000000773e00000, 0x0000000773e00000, 0x0000000774000000|  0%| F|  |TAMS 0x0000000773e00000| PB 0x0000000773e00000| Untracked |  0
| 928|0x0000000774000000, 0x0000000774000000, 0x0000000774200000|  0%| F|  |TAMS 0x0000000774000000| PB 0x0000000774000000| Untracked |  0
| 929|0x0000000774200000, 0x0000000774200000, 0x0000000774400000|  0%| F|  |TAMS 0x0000000774200000| PB 0x0000000774200000| Untracked |  0
| 930|0x0000000774400000, 0x0000000774400000, 0x0000000774600000|  0%| F|  |TAMS 0x0000000774400000| PB 0x0000000774400000| Untracked |  0
| 931|0x0000000774600000, 0x0000000774600000, 0x0000000774800000|  0%| F|  |TAMS 0x0000000774600000| PB 0x0000000774600000| Untracked |  0
| 932|0x0000000774800000, 0x0000000774800000, 0x0000000774a00000|  0%| F|  |TAMS 0x0000000774800000| PB 0x0000000774800000| Untracked |  0
| 933|0x0000000774a00000, 0x0000000774a00000, 0x0000000774c00000|  0%| F|  |TAMS 0x0000000774a00000| PB 0x0000000774a00000| Untracked |  0
| 934|0x0000000774c00000, 0x0000000774c00000, 0x0000000774e00000|  0%| F|  |TAMS 0x0000000774c00000| PB 0x0000000774c00000| Untracked |  0
| 935|0x0000000774e00000, 0x0000000774e00000, 0x0000000775000000|  0%| F|  |TAMS 0x0000000774e00000| PB 0x0000000774e00000| Untracked |  0
| 936|0x0000000775000000, 0x0000000775000000, 0x0000000775200000|  0%| F|  |TAMS 0x0000000775000000| PB 0x0000000775000000| Untracked |  0
| 937|0x0000000775200000, 0x0000000775200000, 0x0000000775400000|  0%| F|  |TAMS 0x0000000775200000| PB 0x0000000775200000| Untracked |  0
| 938|0x0000000775400000, 0x0000000775400000, 0x0000000775600000|  0%| F|  |TAMS 0x0000000775400000| PB 0x0000000775400000| Untracked |  0
| 939|0x0000000775600000, 0x0000000775600000, 0x0000000775800000|  0%| F|  |TAMS 0x0000000775600000| PB 0x0000000775600000| Untracked |  0
| 940|0x0000000775800000, 0x0000000775800000, 0x0000000775a00000|  0%| F|  |TAMS 0x0000000775800000| PB 0x0000000775800000| Untracked |  0
| 941|0x0000000775a00000, 0x0000000775a00000, 0x0000000775c00000|  0%| F|  |TAMS 0x0000000775a00000| PB 0x0000000775a00000| Untracked |  0
| 942|0x0000000775c00000, 0x0000000775c00000, 0x0000000775e00000|  0%| F|  |TAMS 0x0000000775c00000| PB 0x0000000775c00000| Untracked |  0
| 943|0x0000000775e00000, 0x0000000775e00000, 0x0000000776000000|  0%| F|  |TAMS 0x0000000775e00000| PB 0x0000000775e00000| Untracked |  0
| 944|0x0000000776000000, 0x0000000776000000, 0x0000000776200000|  0%| F|  |TAMS 0x0000000776000000| PB 0x0000000776000000| Untracked |  0
| 945|0x0000000776200000, 0x0000000776200000, 0x0000000776400000|  0%| F|  |TAMS 0x0000000776200000| PB 0x0000000776200000| Untracked |  0
| 946|0x0000000776400000, 0x0000000776400000, 0x0000000776600000|  0%| F|  |TAMS 0x0000000776400000| PB 0x0000000776400000| Untracked |  0
| 947|0x0000000776600000, 0x0000000776600000, 0x0000000776800000|  0%| F|  |TAMS 0x0000000776600000| PB 0x0000000776600000| Untracked |  0
| 948|0x0000000776800000, 0x0000000776800000, 0x0000000776a00000|  0%| F|  |TAMS 0x0000000776800000| PB 0x0000000776800000| Untracked |  0
| 949|0x0000000776a00000, 0x0000000776a00000, 0x0000000776c00000|  0%| F|  |TAMS 0x0000000776a00000| PB 0x0000000776a00000| Untracked |  0
| 950|0x0000000776c00000, 0x0000000776c00000, 0x0000000776e00000|  0%| F|  |TAMS 0x0000000776c00000| PB 0x0000000776c00000| Untracked |  0
| 951|0x0000000776e00000, 0x0000000776e00000, 0x0000000777000000|  0%| F|  |TAMS 0x0000000776e00000| PB 0x0000000776e00000| Untracked |  0
| 952|0x0000000777000000, 0x0000000777000000, 0x0000000777200000|  0%| F|  |TAMS 0x0000000777000000| PB 0x0000000777000000| Untracked |  0
| 953|0x0000000777200000, 0x0000000777200000, 0x0000000777400000|  0%| F|  |TAMS 0x0000000777200000| PB 0x0000000777200000| Untracked |  0
| 954|0x0000000777400000, 0x0000000777400000, 0x0000000777600000|  0%| F|  |TAMS 0x0000000777400000| PB 0x0000000777400000| Untracked |  0
| 955|0x0000000777600000, 0x0000000777600000, 0x0000000777800000|  0%| F|  |TAMS 0x0000000777600000| PB 0x0000000777600000| Untracked |  0
| 956|0x0000000777800000, 0x0000000777800000, 0x0000000777a00000|  0%| F|  |TAMS 0x0000000777800000| PB 0x0000000777800000| Untracked |  0
| 957|0x0000000777a00000, 0x0000000777a00000, 0x0000000777c00000|  0%| F|  |TAMS 0x0000000777a00000| PB 0x0000000777a00000| Untracked |  0
| 958|0x0000000777c00000, 0x0000000777c00000, 0x0000000777e00000|  0%| F|  |TAMS 0x0000000777c00000| PB 0x0000000777c00000| Untracked |  0
| 959|0x0000000777e00000, 0x0000000777e00000, 0x0000000778000000|  0%| F|  |TAMS 0x0000000777e00000| PB 0x0000000777e00000| Untracked |  0
| 960|0x0000000778000000, 0x0000000778000000, 0x0000000778200000|  0%| F|  |TAMS 0x0000000778000000| PB 0x0000000778000000| Untracked |  0
| 961|0x0000000778200000, 0x0000000778200000, 0x0000000778400000|  0%| F|  |TAMS 0x0000000778200000| PB 0x0000000778200000| Untracked |  0
| 962|0x0000000778400000, 0x0000000778400000, 0x0000000778600000|  0%| F|  |TAMS 0x0000000778400000| PB 0x0000000778400000| Untracked |  0
| 963|0x0000000778600000, 0x0000000778600000, 0x0000000778800000|  0%| F|  |TAMS 0x0000000778600000| PB 0x0000000778600000| Untracked |  0
| 964|0x0000000778800000, 0x0000000778800000, 0x0000000778a00000|  0%| F|  |TAMS 0x0000000778800000| PB 0x0000000778800000| Untracked |  0
| 965|0x0000000778a00000, 0x0000000778a00000, 0x0000000778c00000|  0%| F|  |TAMS 0x0000000778a00000| PB 0x0000000778a00000| Untracked |  0
| 966|0x0000000778c00000, 0x0000000778c00000, 0x0000000778e00000|  0%| F|  |TAMS 0x0000000778c00000| PB 0x0000000778c00000| Untracked |  0
| 967|0x0000000778e00000, 0x0000000778e00000, 0x0000000779000000|  0%| F|  |TAMS 0x0000000778e00000| PB 0x0000000778e00000| Untracked |  0
| 968|0x0000000779000000, 0x0000000779000000, 0x0000000779200000|  0%| F|  |TAMS 0x0000000779000000| PB 0x0000000779000000| Untracked |  0
| 969|0x0000000779200000, 0x0000000779200000, 0x0000000779400000|  0%| F|  |TAMS 0x0000000779200000| PB 0x0000000779200000| Untracked |  0
| 970|0x0000000779400000, 0x0000000779400000, 0x0000000779600000|  0%| F|  |TAMS 0x0000000779400000| PB 0x0000000779400000| Untracked |  0
| 971|0x0000000779600000, 0x0000000779600000, 0x0000000779800000|  0%| F|  |TAMS 0x0000000779600000| PB 0x0000000779600000| Untracked |  0
| 972|0x0000000779800000, 0x0000000779800000, 0x0000000779a00000|  0%| F|  |TAMS 0x0000000779800000| PB 0x0000000779800000| Untracked |  0
| 973|0x0000000779a00000, 0x0000000779a00000, 0x0000000779c00000|  0%| F|  |TAMS 0x0000000779a00000| PB 0x0000000779a00000| Untracked |  0
| 974|0x0000000779c00000, 0x0000000779c00000, 0x0000000779e00000|  0%| F|  |TAMS 0x0000000779c00000| PB 0x0000000779c00000| Untracked |  0
| 975|0x0000000779e00000, 0x0000000779e00000, 0x000000077a000000|  0%| F|  |TAMS 0x0000000779e00000| PB 0x0000000779e00000| Untracked |  0
| 976|0x000000077a000000, 0x000000077a000000, 0x000000077a200000|  0%| F|  |TAMS 0x000000077a000000| PB 0x000000077a000000| Untracked |  0
| 977|0x000000077a200000, 0x000000077a200000, 0x000000077a400000|  0%| F|  |TAMS 0x000000077a200000| PB 0x000000077a200000| Untracked |  0
| 978|0x000000077a400000, 0x000000077a400000, 0x000000077a600000|  0%| F|  |TAMS 0x000000077a400000| PB 0x000000077a400000| Untracked |  0
| 979|0x000000077a600000, 0x000000077a600000, 0x000000077a800000|  0%| F|  |TAMS 0x000000077a600000| PB 0x000000077a600000| Untracked |  0
| 980|0x000000077a800000, 0x000000077a800000, 0x000000077aa00000|  0%| F|  |TAMS 0x000000077a800000| PB 0x000000077a800000| Untracked |  0
| 981|0x000000077aa00000, 0x000000077aa00000, 0x000000077ac00000|  0%| F|  |TAMS 0x000000077aa00000| PB 0x000000077aa00000| Untracked |  0
| 982|0x000000077ac00000, 0x000000077ac00000, 0x000000077ae00000|  0%| F|  |TAMS 0x000000077ac00000| PB 0x000000077ac00000| Untracked |  0
| 983|0x000000077ae00000, 0x000000077ae00000, 0x000000077b000000|  0%| F|  |TAMS 0x000000077ae00000| PB 0x000000077ae00000| Untracked |  0
| 984|0x000000077b000000, 0x000000077b000000, 0x000000077b200000|  0%| F|  |TAMS 0x000000077b000000| PB 0x000000077b000000| Untracked |  0
| 985|0x000000077b200000, 0x000000077b200000, 0x000000077b400000|  0%| F|  |TAMS 0x000000077b200000| PB 0x000000077b200000| Untracked |  0
| 986|0x000000077b400000, 0x000000077b400000, 0x000000077b600000|  0%| F|  |TAMS 0x000000077b400000| PB 0x000000077b400000| Untracked |  0
| 987|0x000000077b600000, 0x000000077b600000, 0x000000077b800000|  0%| F|  |TAMS 0x000000077b600000| PB 0x000000077b600000| Untracked |  0
| 988|0x000000077b800000, 0x000000077b800000, 0x000000077ba00000|  0%| F|  |TAMS 0x000000077b800000| PB 0x000000077b800000| Untracked |  0
| 989|0x000000077ba00000, 0x000000077ba00000, 0x000000077bc00000|  0%| F|  |TAMS 0x000000077ba00000| PB 0x000000077ba00000| Untracked |  0
| 990|0x000000077bc00000, 0x000000077bc00000, 0x000000077be00000|  0%| F|  |TAMS 0x000000077bc00000| PB 0x000000077bc00000| Untracked |  0
| 991|0x000000077be00000, 0x000000077be00000, 0x000000077c000000|  0%| F|  |TAMS 0x000000077be00000| PB 0x000000077be00000| Untracked |  0
| 992|0x000000077c000000, 0x000000077c000000, 0x000000077c200000|  0%| F|  |TAMS 0x000000077c000000| PB 0x000000077c000000| Untracked |  0
| 993|0x000000077c200000, 0x000000077c200000, 0x000000077c400000|  0%| F|  |TAMS 0x000000077c200000| PB 0x000000077c200000| Untracked |  0
| 994|0x000000077c400000, 0x000000077c400000, 0x000000077c600000|  0%| F|  |TAMS 0x000000077c400000| PB 0x000000077c400000| Untracked |  0
| 995|0x000000077c600000, 0x000000077c600000, 0x000000077c800000|  0%| F|  |TAMS 0x000000077c600000| PB 0x000000077c600000| Untracked |  0
| 996|0x000000077c800000, 0x000000077c800000, 0x000000077ca00000|  0%| F|  |TAMS 0x000000077c800000| PB 0x000000077c800000| Untracked |  0
| 997|0x000000077ca00000, 0x000000077ca00000, 0x000000077cc00000|  0%| F|  |TAMS 0x000000077ca00000| PB 0x000000077ca00000| Untracked |  0
| 998|0x000000077cc00000, 0x000000077cc00000, 0x000000077ce00000|  0%| F|  |TAMS 0x000000077cc00000| PB 0x000000077cc00000| Untracked |  0
| 999|0x000000077ce00000, 0x000000077ce00000, 0x000000077d000000|  0%| F|  |TAMS 0x000000077ce00000| PB 0x000000077ce00000| Untracked |  0
|1000|0x000000077d000000, 0x000000077d000000, 0x000000077d200000|  0%| F|  |TAMS 0x000000077d000000| PB 0x000000077d000000| Untracked |  0
|1001|0x000000077d200000, 0x000000077d200000, 0x000000077d400000|  0%| F|  |TAMS 0x000000077d200000| PB 0x000000077d200000| Untracked |  0
|1002|0x000000077d400000, 0x000000077d400000, 0x000000077d600000|  0%| F|  |TAMS 0x000000077d400000| PB 0x000000077d400000| Untracked |  0
|1003|0x000000077d600000, 0x000000077d600000, 0x000000077d800000|  0%| F|  |TAMS 0x000000077d600000| PB 0x000000077d600000| Untracked |  0
|1004|0x000000077d800000, 0x000000077d800000, 0x000000077da00000|  0%| F|  |TAMS 0x000000077d800000| PB 0x000000077d800000| Untracked |  0
|1005|0x000000077da00000, 0x000000077da00000, 0x000000077dc00000|  0%| F|  |TAMS 0x000000077da00000| PB 0x000000077da00000| Untracked |  0
|1006|0x000000077dc00000, 0x000000077dc00000, 0x000000077de00000|  0%| F|  |TAMS 0x000000077dc00000| PB 0x000000077dc00000| Untracked |  0
|1007|0x000000077de00000, 0x000000077de00000, 0x000000077e000000|  0%| F|  |TAMS 0x000000077de00000| PB 0x000000077de00000| Untracked |  0
|1008|0x000000077e000000, 0x000000077e000000, 0x000000077e200000|  0%| F|  |TAMS 0x000000077e000000| PB 0x000000077e000000| Untracked |  0
|1009|0x000000077e200000, 0x000000077e200000, 0x000000077e400000|  0%| F|  |TAMS 0x000000077e200000| PB 0x000000077e200000| Untracked |  0
|1010|0x000000077e400000, 0x000000077e400000, 0x000000077e600000|  0%| F|  |TAMS 0x000000077e400000| PB 0x000000077e400000| Untracked |  0
|1011|0x000000077e600000, 0x000000077e600000, 0x000000077e800000|  0%| F|  |TAMS 0x000000077e600000| PB 0x000000077e600000| Untracked |  0
|1012|0x000000077e800000, 0x000000077e800000, 0x000000077ea00000|  0%| F|  |TAMS 0x000000077e800000| PB 0x000000077e800000| Untracked |  0
|1013|0x000000077ea00000, 0x000000077ea00000, 0x000000077ec00000|  0%| F|  |TAMS 0x000000077ea00000| PB 0x000000077ea00000| Untracked |  0
|1014|0x000000077ec00000, 0x000000077ec00000, 0x000000077ee00000|  0%| F|  |TAMS 0x000000077ec00000| PB 0x000000077ec00000| Untracked |  0
|1015|0x000000077ee00000, 0x000000077ee00000, 0x000000077f000000|  0%| F|  |TAMS 0x000000077ee00000| PB 0x000000077ee00000| Untracked |  0
|1016|0x000000077f000000, 0x000000077f000000, 0x000000077f200000|  0%| F|  |TAMS 0x000000077f000000| PB 0x000000077f000000| Untracked |  0
|1017|0x000000077f200000, 0x000000077f200000, 0x000000077f400000|  0%| F|  |TAMS 0x000000077f200000| PB 0x000000077f200000| Untracked |  0
|1018|0x000000077f400000, 0x000000077f400000, 0x000000077f600000|  0%| F|  |TAMS 0x000000077f400000| PB 0x000000077f400000| Untracked |  0
|1019|0x000000077f600000, 0x000000077f600000, 0x000000077f800000|  0%| F|  |TAMS 0x000000077f600000| PB 0x000000077f600000| Untracked |  0
|1020|0x000000077f800000, 0x000000077f800000, 0x000000077fa00000|  0%| F|  |TAMS 0x000000077f800000| PB 0x000000077f800000| Untracked |  0
|1021|0x000000077fa00000, 0x000000077fa00000, 0x000000077fc00000|  0%| F|  |TAMS 0x000000077fa00000| PB 0x000000077fa00000| Untracked |  0
|1022|0x000000077fc00000, 0x000000077fc00000, 0x000000077fe00000|  0%| F|  |TAMS 0x000000077fc00000| PB 0x000000077fc00000| Untracked |  0
|1023|0x000000077fe00000, 0x000000077fe00000, 0x0000000780000000|  0%| F|  |TAMS 0x000000077fe00000| PB 0x000000077fe00000| Untracked |  0
|1024|0x0000000780000000, 0x0000000780000000, 0x0000000780200000|  0%| F|  |TAMS 0x0000000780000000| PB 0x0000000780000000| Untracked |  0
|1025|0x0000000780200000, 0x0000000780200000, 0x0000000780400000|  0%| F|  |TAMS 0x0000000780200000| PB 0x0000000780200000| Untracked |  0
|1026|0x0000000780400000, 0x0000000780400000, 0x0000000780600000|  0%| F|  |TAMS 0x0000000780400000| PB 0x0000000780400000| Untracked |  0
|1027|0x0000000780600000, 0x0000000780600000, 0x0000000780800000|  0%| F|  |TAMS 0x0000000780600000| PB 0x0000000780600000| Untracked |  0
|1028|0x0000000780800000, 0x0000000780800000, 0x0000000780a00000|  0%| F|  |TAMS 0x0000000780800000| PB 0x0000000780800000| Untracked |  0
|1029|0x0000000780a00000, 0x0000000780a00000, 0x0000000780c00000|  0%| F|  |TAMS 0x0000000780a00000| PB 0x0000000780a00000| Untracked |  0
|1030|0x0000000780c00000, 0x0000000780c00000, 0x0000000780e00000|  0%| F|  |TAMS 0x0000000780c00000| PB 0x0000000780c00000| Untracked |  0
|1031|0x0000000780e00000, 0x0000000780e00000, 0x0000000781000000|  0%| F|  |TAMS 0x0000000780e00000| PB 0x0000000780e00000| Untracked |  0
|1032|0x0000000781000000, 0x0000000781000000, 0x0000000781200000|  0%| F|  |TAMS 0x0000000781000000| PB 0x0000000781000000| Untracked |  0
|1033|0x0000000781200000, 0x0000000781200000, 0x0000000781400000|  0%| F|  |TAMS 0x0000000781200000| PB 0x0000000781200000| Untracked |  0
|1034|0x0000000781400000, 0x0000000781400000, 0x0000000781600000|  0%| F|  |TAMS 0x0000000781400000| PB 0x0000000781400000| Untracked |  0
|1035|0x0000000781600000, 0x0000000781600000, 0x0000000781800000|  0%| F|  |TAMS 0x0000000781600000| PB 0x0000000781600000| Untracked |  0
|1036|0x0000000781800000, 0x0000000781800000, 0x0000000781a00000|  0%| F|  |TAMS 0x0000000781800000| PB 0x0000000781800000| Untracked |  0
|1037|0x0000000781a00000, 0x0000000781a00000, 0x0000000781c00000|  0%| F|  |TAMS 0x0000000781a00000| PB 0x0000000781a00000| Untracked |  0
|1038|0x0000000781c00000, 0x0000000781c00000, 0x0000000781e00000|  0%| F|  |TAMS 0x0000000781c00000| PB 0x0000000781c00000| Untracked |  0
|1039|0x0000000781e00000, 0x0000000781e00000, 0x0000000782000000|  0%| F|  |TAMS 0x0000000781e00000| PB 0x0000000781e00000| Untracked |  0
|1040|0x0000000782000000, 0x0000000782000000, 0x0000000782200000|  0%| F|  |TAMS 0x0000000782000000| PB 0x0000000782000000| Untracked |  0
|1041|0x0000000782200000, 0x0000000782200000, 0x0000000782400000|  0%| F|  |TAMS 0x0000000782200000| PB 0x0000000782200000| Untracked |  0
|1042|0x0000000782400000, 0x0000000782400000, 0x0000000782600000|  0%| F|  |TAMS 0x0000000782400000| PB 0x0000000782400000| Untracked |  0
|1043|0x0000000782600000, 0x0000000782600000, 0x0000000782800000|  0%| F|  |TAMS 0x0000000782600000| PB 0x0000000782600000| Untracked |  0
|1044|0x0000000782800000, 0x0000000782800000, 0x0000000782a00000|  0%| F|  |TAMS 0x0000000782800000| PB 0x0000000782800000| Untracked |  0
|1045|0x0000000782a00000, 0x0000000782a00000, 0x0000000782c00000|  0%| F|  |TAMS 0x0000000782a00000| PB 0x0000000782a00000| Untracked |  0
|1046|0x0000000782c00000, 0x0000000782c00000, 0x0000000782e00000|  0%| F|  |TAMS 0x0000000782c00000| PB 0x0000000782c00000| Untracked |  0
|1047|0x0000000782e00000, 0x0000000782e00000, 0x0000000783000000|  0%| F|  |TAMS 0x0000000782e00000| PB 0x0000000782e00000| Untracked |  0
|1048|0x0000000783000000, 0x0000000783000000, 0x0000000783200000|  0%| F|  |TAMS 0x0000000783000000| PB 0x0000000783000000| Untracked |  0
|1049|0x0000000783200000, 0x0000000783200000, 0x0000000783400000|  0%| F|  |TAMS 0x0000000783200000| PB 0x0000000783200000| Untracked |  0
|1050|0x0000000783400000, 0x0000000783400000, 0x0000000783600000|  0%| F|  |TAMS 0x0000000783400000| PB 0x0000000783400000| Untracked |  0
|1051|0x0000000783600000, 0x0000000783600000, 0x0000000783800000|  0%| F|  |TAMS 0x0000000783600000| PB 0x0000000783600000| Untracked |  0
|1052|0x0000000783800000, 0x0000000783800000, 0x0000000783a00000|  0%| F|  |TAMS 0x0000000783800000| PB 0x0000000783800000| Untracked |  0
|1053|0x0000000783a00000, 0x0000000783a00000, 0x0000000783c00000|  0%| F|  |TAMS 0x0000000783a00000| PB 0x0000000783a00000| Untracked |  0
|1054|0x0000000783c00000, 0x0000000783c00000, 0x0000000783e00000|  0%| F|  |TAMS 0x0000000783c00000| PB 0x0000000783c00000| Untracked |  0
|1055|0x0000000783e00000, 0x0000000783e00000, 0x0000000784000000|  0%| F|  |TAMS 0x0000000783e00000| PB 0x0000000783e00000| Untracked |  0
|1056|0x0000000784000000, 0x0000000784000000, 0x0000000784200000|  0%| F|  |TAMS 0x0000000784000000| PB 0x0000000784000000| Untracked |  0
|1057|0x0000000784200000, 0x0000000784200000, 0x0000000784400000|  0%| F|  |TAMS 0x0000000784200000| PB 0x0000000784200000| Untracked |  0
|1058|0x0000000784400000, 0x0000000784400000, 0x0000000784600000|  0%| F|  |TAMS 0x0000000784400000| PB 0x0000000784400000| Untracked |  0
|1059|0x0000000784600000, 0x0000000784600000, 0x0000000784800000|  0%| F|  |TAMS 0x0000000784600000| PB 0x0000000784600000| Untracked |  0
|1060|0x0000000784800000, 0x0000000784800000, 0x0000000784a00000|  0%| F|  |TAMS 0x0000000784800000| PB 0x0000000784800000| Untracked |  0
|1061|0x0000000784a00000, 0x0000000784a00000, 0x0000000784c00000|  0%| F|  |TAMS 0x0000000784a00000| PB 0x0000000784a00000| Untracked |  0
|1062|0x0000000784c00000, 0x0000000784c00000, 0x0000000784e00000|  0%| F|  |TAMS 0x0000000784c00000| PB 0x0000000784c00000| Untracked |  0
|1063|0x0000000784e00000, 0x0000000784e00000, 0x0000000785000000|  0%| F|  |TAMS 0x0000000784e00000| PB 0x0000000784e00000| Untracked |  0
|1064|0x0000000785000000, 0x0000000785000000, 0x0000000785200000|  0%| F|  |TAMS 0x0000000785000000| PB 0x0000000785000000| Untracked |  0
|1065|0x0000000785200000, 0x0000000785200000, 0x0000000785400000|  0%| F|  |TAMS 0x0000000785200000| PB 0x0000000785200000| Untracked |  0
|1066|0x0000000785400000, 0x0000000785400000, 0x0000000785600000|  0%| F|  |TAMS 0x0000000785400000| PB 0x0000000785400000| Untracked |  0
|1067|0x0000000785600000, 0x0000000785600000, 0x0000000785800000|  0%| F|  |TAMS 0x0000000785600000| PB 0x0000000785600000| Untracked |  0
|1068|0x0000000785800000, 0x0000000785800000, 0x0000000785a00000|  0%| F|  |TAMS 0x0000000785800000| PB 0x0000000785800000| Untracked |  0
|1069|0x0000000785a00000, 0x0000000785a00000, 0x0000000785c00000|  0%| F|  |TAMS 0x0000000785a00000| PB 0x0000000785a00000| Untracked |  0
|1070|0x0000000785c00000, 0x0000000785c00000, 0x0000000785e00000|  0%| F|  |TAMS 0x0000000785c00000| PB 0x0000000785c00000| Untracked |  0
|1071|0x0000000785e00000, 0x0000000785e00000, 0x0000000786000000|  0%| F|  |TAMS 0x0000000785e00000| PB 0x0000000785e00000| Untracked |  0
|1072|0x0000000786000000, 0x0000000786000000, 0x0000000786200000|  0%| F|  |TAMS 0x0000000786000000| PB 0x0000000786000000| Untracked |  0
|1073|0x0000000786200000, 0x0000000786200000, 0x0000000786400000|  0%| F|  |TAMS 0x0000000786200000| PB 0x0000000786200000| Untracked |  0
|1074|0x0000000786400000, 0x0000000786400000, 0x0000000786600000|  0%| F|  |TAMS 0x0000000786400000| PB 0x0000000786400000| Untracked |  0
|1075|0x0000000786600000, 0x0000000786600000, 0x0000000786800000|  0%| F|  |TAMS 0x0000000786600000| PB 0x0000000786600000| Untracked |  0
|1076|0x0000000786800000, 0x0000000786800000, 0x0000000786a00000|  0%| F|  |TAMS 0x0000000786800000| PB 0x0000000786800000| Untracked |  0
|1077|0x0000000786a00000, 0x0000000786a00000, 0x0000000786c00000|  0%| F|  |TAMS 0x0000000786a00000| PB 0x0000000786a00000| Untracked |  0
|1078|0x0000000786c00000, 0x0000000786c00000, 0x0000000786e00000|  0%| F|  |TAMS 0x0000000786c00000| PB 0x0000000786c00000| Untracked |  0
|1079|0x0000000786e00000, 0x0000000786e00000, 0x0000000787000000|  0%| F|  |TAMS 0x0000000786e00000| PB 0x0000000786e00000| Untracked |  0
|1080|0x0000000787000000, 0x0000000787000000, 0x0000000787200000|  0%| F|  |TAMS 0x0000000787000000| PB 0x0000000787000000| Untracked |  0
|1081|0x0000000787200000, 0x0000000787200000, 0x0000000787400000|  0%| F|  |TAMS 0x0000000787200000| PB 0x0000000787200000| Untracked |  0
|1082|0x0000000787400000, 0x0000000787400000, 0x0000000787600000|  0%| F|  |TAMS 0x0000000787400000| PB 0x0000000787400000| Untracked |  0
|1083|0x0000000787600000, 0x0000000787600000, 0x0000000787800000|  0%| F|  |TAMS 0x0000000787600000| PB 0x0000000787600000| Untracked |  0
|1084|0x0000000787800000, 0x0000000787800000, 0x0000000787a00000|  0%| F|  |TAMS 0x0000000787800000| PB 0x0000000787800000| Untracked |  0
|1085|0x0000000787a00000, 0x0000000787a00000, 0x0000000787c00000|  0%| F|  |TAMS 0x0000000787a00000| PB 0x0000000787a00000| Untracked |  0
|1086|0x0000000787c00000, 0x0000000787c00000, 0x0000000787e00000|  0%| F|  |TAMS 0x0000000787c00000| PB 0x0000000787c00000| Untracked |  0
|1087|0x0000000787e00000, 0x0000000787e00000, 0x0000000788000000|  0%| F|  |TAMS 0x0000000787e00000| PB 0x0000000787e00000| Untracked |  0
|1088|0x0000000788000000, 0x0000000788000000, 0x0000000788200000|  0%| F|  |TAMS 0x0000000788000000| PB 0x0000000788000000| Untracked |  0
|1089|0x0000000788200000, 0x0000000788200000, 0x0000000788400000|  0%| F|  |TAMS 0x0000000788200000| PB 0x0000000788200000| Untracked |  0
|1090|0x0000000788400000, 0x0000000788400000, 0x0000000788600000|  0%| F|  |TAMS 0x0000000788400000| PB 0x0000000788400000| Untracked |  0
|1091|0x0000000788600000, 0x0000000788600000, 0x0000000788800000|  0%| F|  |TAMS 0x0000000788600000| PB 0x0000000788600000| Untracked |  0
|1092|0x0000000788800000, 0x0000000788800000, 0x0000000788a00000|  0%| F|  |TAMS 0x0000000788800000| PB 0x0000000788800000| Untracked |  0
|1093|0x0000000788a00000, 0x0000000788a00000, 0x0000000788c00000|  0%| F|  |TAMS 0x0000000788a00000| PB 0x0000000788a00000| Untracked |  0
|1094|0x0000000788c00000, 0x0000000788c00000, 0x0000000788e00000|  0%| F|  |TAMS 0x0000000788c00000| PB 0x0000000788c00000| Untracked |  0
|1095|0x0000000788e00000, 0x0000000788e00000, 0x0000000789000000|  0%| F|  |TAMS 0x0000000788e00000| PB 0x0000000788e00000| Untracked |  0
|1096|0x0000000789000000, 0x0000000789000000, 0x0000000789200000|  0%| F|  |TAMS 0x0000000789000000| PB 0x0000000789000000| Untracked |  0
|1097|0x0000000789200000, 0x0000000789200000, 0x0000000789400000|  0%| F|  |TAMS 0x0000000789200000| PB 0x0000000789200000| Untracked |  0
|1098|0x0000000789400000, 0x0000000789400000, 0x0000000789600000|  0%| F|  |TAMS 0x0000000789400000| PB 0x0000000789400000| Untracked |  0
|1099|0x0000000789600000, 0x0000000789600000, 0x0000000789800000|  0%| F|  |TAMS 0x0000000789600000| PB 0x0000000789600000| Untracked |  0
|1100|0x0000000789800000, 0x0000000789800000, 0x0000000789a00000|  0%| F|  |TAMS 0x0000000789800000| PB 0x0000000789800000| Untracked |  0
|1101|0x0000000789a00000, 0x0000000789a00000, 0x0000000789c00000|  0%| F|  |TAMS 0x0000000789a00000| PB 0x0000000789a00000| Untracked |  0
|1102|0x0000000789c00000, 0x0000000789c00000, 0x0000000789e00000|  0%| F|  |TAMS 0x0000000789c00000| PB 0x0000000789c00000| Untracked |  0
|1103|0x0000000789e00000, 0x0000000789e00000, 0x000000078a000000|  0%| F|  |TAMS 0x0000000789e00000| PB 0x0000000789e00000| Untracked |  0
|1104|0x000000078a000000, 0x000000078a000000, 0x000000078a200000|  0%| F|  |TAMS 0x000000078a000000| PB 0x000000078a000000| Untracked |  0
|1105|0x000000078a200000, 0x000000078a200000, 0x000000078a400000|  0%| F|  |TAMS 0x000000078a200000| PB 0x000000078a200000| Untracked |  0
|1106|0x000000078a400000, 0x000000078a400000, 0x000000078a600000|  0%| F|  |TAMS 0x000000078a400000| PB 0x000000078a400000| Untracked |  0
|1107|0x000000078a600000, 0x000000078a600000, 0x000000078a800000|  0%| F|  |TAMS 0x000000078a600000| PB 0x000000078a600000| Untracked |  0
|1108|0x000000078a800000, 0x000000078a800000, 0x000000078aa00000|  0%| F|  |TAMS 0x000000078a800000| PB 0x000000078a800000| Untracked |  0
|1109|0x000000078aa00000, 0x000000078aa00000, 0x000000078ac00000|  0%| F|  |TAMS 0x000000078aa00000| PB 0x000000078aa00000| Untracked |  0
|1110|0x000000078ac00000, 0x000000078ac00000, 0x000000078ae00000|  0%| F|  |TAMS 0x000000078ac00000| PB 0x000000078ac00000| Untracked |  0
|1111|0x000000078ae00000, 0x000000078ae00000, 0x000000078b000000|  0%| F|  |TAMS 0x000000078ae00000| PB 0x000000078ae00000| Untracked |  0
|1112|0x000000078b000000, 0x000000078b000000, 0x000000078b200000|  0%| F|  |TAMS 0x000000078b000000| PB 0x000000078b000000| Untracked |  0
|1113|0x000000078b200000, 0x000000078b200000, 0x000000078b400000|  0%| F|  |TAMS 0x000000078b200000| PB 0x000000078b200000| Untracked |  0
|1114|0x000000078b400000, 0x000000078b400000, 0x000000078b600000|  0%| F|  |TAMS 0x000000078b400000| PB 0x000000078b400000| Untracked |  0
|1115|0x000000078b600000, 0x000000078b600000, 0x000000078b800000|  0%| F|  |TAMS 0x000000078b600000| PB 0x000000078b600000| Untracked |  0
|1116|0x000000078b800000, 0x000000078b800000, 0x000000078ba00000|  0%| F|  |TAMS 0x000000078b800000| PB 0x000000078b800000| Untracked |  0
|1117|0x000000078ba00000, 0x000000078ba00000, 0x000000078bc00000|  0%| F|  |TAMS 0x000000078ba00000| PB 0x000000078ba00000| Untracked |  0
|1118|0x000000078bc00000, 0x000000078bc00000, 0x000000078be00000|  0%| F|  |TAMS 0x000000078bc00000| PB 0x000000078bc00000| Untracked |  0
|1119|0x000000078be00000, 0x000000078be00000, 0x000000078c000000|  0%| F|  |TAMS 0x000000078be00000| PB 0x000000078be00000| Untracked |  0
|1120|0x000000078c000000, 0x000000078c000000, 0x000000078c200000|  0%| F|  |TAMS 0x000000078c000000| PB 0x000000078c000000| Untracked |  0
|1121|0x000000078c200000, 0x000000078c200000, 0x000000078c400000|  0%| F|  |TAMS 0x000000078c200000| PB 0x000000078c200000| Untracked |  0
|1122|0x000000078c400000, 0x000000078c400000, 0x000000078c600000|  0%| F|  |TAMS 0x000000078c400000| PB 0x000000078c400000| Untracked |  0
|1123|0x000000078c600000, 0x000000078c600000, 0x000000078c800000|  0%| F|  |TAMS 0x000000078c600000| PB 0x000000078c600000| Untracked |  0
|1124|0x000000078c800000, 0x000000078c800000, 0x000000078ca00000|  0%| F|  |TAMS 0x000000078c800000| PB 0x000000078c800000| Untracked |  0
|1125|0x000000078ca00000, 0x000000078ca00000, 0x000000078cc00000|  0%| F|  |TAMS 0x000000078ca00000| PB 0x000000078ca00000| Untracked |  0
|1126|0x000000078cc00000, 0x000000078cc00000, 0x000000078ce00000|  0%| F|  |TAMS 0x000000078cc00000| PB 0x000000078cc00000| Untracked |  0
|1127|0x000000078ce00000, 0x000000078ce00000, 0x000000078d000000|  0%| F|  |TAMS 0x000000078ce00000| PB 0x000000078ce00000| Untracked |  0
|1128|0x000000078d000000, 0x000000078d000000, 0x000000078d200000|  0%| F|  |TAMS 0x000000078d000000| PB 0x000000078d000000| Untracked |  0
|1129|0x000000078d200000, 0x000000078d200000, 0x000000078d400000|  0%| F|  |TAMS 0x000000078d200000| PB 0x000000078d200000| Untracked |  0
|1130|0x000000078d400000, 0x000000078d400000, 0x000000078d600000|  0%| F|  |TAMS 0x000000078d400000| PB 0x000000078d400000| Untracked |  0
|1131|0x000000078d600000, 0x000000078d600000, 0x000000078d800000|  0%| F|  |TAMS 0x000000078d600000| PB 0x000000078d600000| Untracked |  0
|1132|0x000000078d800000, 0x000000078d800000, 0x000000078da00000|  0%| F|  |TAMS 0x000000078d800000| PB 0x000000078d800000| Untracked |  0
|1133|0x000000078da00000, 0x000000078da00000, 0x000000078dc00000|  0%| F|  |TAMS 0x000000078da00000| PB 0x000000078da00000| Untracked |  0
|1134|0x000000078dc00000, 0x000000078dc00000, 0x000000078de00000|  0%| F|  |TAMS 0x000000078dc00000| PB 0x000000078dc00000| Untracked |  0
|1135|0x000000078de00000, 0x000000078de00000, 0x000000078e000000|  0%| F|  |TAMS 0x000000078de00000| PB 0x000000078de00000| Untracked |  0
|1136|0x000000078e000000, 0x000000078e000000, 0x000000078e200000|  0%| F|  |TAMS 0x000000078e000000| PB 0x000000078e000000| Untracked |  0
|1137|0x000000078e200000, 0x000000078e200000, 0x000000078e400000|  0%| F|  |TAMS 0x000000078e200000| PB 0x000000078e200000| Untracked |  0
|1138|0x000000078e400000, 0x000000078e400000, 0x000000078e600000|  0%| F|  |TAMS 0x000000078e400000| PB 0x000000078e400000| Untracked |  0
|1139|0x000000078e600000, 0x000000078e600000, 0x000000078e800000|  0%| F|  |TAMS 0x000000078e600000| PB 0x000000078e600000| Untracked |  0
|1140|0x000000078e800000, 0x000000078e800000, 0x000000078ea00000|  0%| F|  |TAMS 0x000000078e800000| PB 0x000000078e800000| Untracked |  0
|1141|0x000000078ea00000, 0x000000078ea00000, 0x000000078ec00000|  0%| F|  |TAMS 0x000000078ea00000| PB 0x000000078ea00000| Untracked |  0
|1142|0x000000078ec00000, 0x000000078ec00000, 0x000000078ee00000|  0%| F|  |TAMS 0x000000078ec00000| PB 0x000000078ec00000| Untracked |  0
|1143|0x000000078ee00000, 0x000000078ee00000, 0x000000078f000000|  0%| F|  |TAMS 0x000000078ee00000| PB 0x000000078ee00000| Untracked |  0
|1144|0x000000078f000000, 0x000000078f000000, 0x000000078f200000|  0%| F|  |TAMS 0x000000078f000000| PB 0x000000078f000000| Untracked |  0
|1145|0x000000078f200000, 0x000000078f200000, 0x000000078f400000|  0%| F|  |TAMS 0x000000078f200000| PB 0x000000078f200000| Untracked |  0
|1146|0x000000078f400000, 0x000000078f400000, 0x000000078f600000|  0%| F|  |TAMS 0x000000078f400000| PB 0x000000078f400000| Untracked |  0
|1147|0x000000078f600000, 0x000000078f600000, 0x000000078f800000|  0%| F|  |TAMS 0x000000078f600000| PB 0x000000078f600000| Untracked |  0
|1148|0x000000078f800000, 0x000000078f800000, 0x000000078fa00000|  0%| F|  |TAMS 0x000000078f800000| PB 0x000000078f800000| Untracked |  0
|1149|0x000000078fa00000, 0x000000078fa00000, 0x000000078fc00000|  0%| F|  |TAMS 0x000000078fa00000| PB 0x000000078fa00000| Untracked |  0
|1150|0x000000078fc00000, 0x000000078fc00000, 0x000000078fe00000|  0%| F|  |TAMS 0x000000078fc00000| PB 0x000000078fc00000| Untracked |  0
|1151|0x000000078fe00000, 0x000000078fe00000, 0x0000000790000000|  0%| F|  |TAMS 0x000000078fe00000| PB 0x000000078fe00000| Untracked |  0
|1152|0x0000000790000000, 0x0000000790000000, 0x0000000790200000|  0%| F|  |TAMS 0x0000000790000000| PB 0x0000000790000000| Untracked |  0
|1153|0x0000000790200000, 0x0000000790200000, 0x0000000790400000|  0%| F|  |TAMS 0x0000000790200000| PB 0x0000000790200000| Untracked |  0
|1154|0x0000000790400000, 0x0000000790400000, 0x0000000790600000|  0%| F|  |TAMS 0x0000000790400000| PB 0x0000000790400000| Untracked |  0
|1155|0x0000000790600000, 0x0000000790600000, 0x0000000790800000|  0%| F|  |TAMS 0x0000000790600000| PB 0x0000000790600000| Untracked |  0
|1156|0x0000000790800000, 0x0000000790800000, 0x0000000790a00000|  0%| F|  |TAMS 0x0000000790800000| PB 0x0000000790800000| Untracked |  0
|1157|0x0000000790a00000, 0x0000000790a00000, 0x0000000790c00000|  0%| F|  |TAMS 0x0000000790a00000| PB 0x0000000790a00000| Untracked |  0
|1158|0x0000000790c00000, 0x0000000790c00000, 0x0000000790e00000|  0%| F|  |TAMS 0x0000000790c00000| PB 0x0000000790c00000| Untracked |  0
|1159|0x0000000790e00000, 0x0000000790e00000, 0x0000000791000000|  0%| F|  |TAMS 0x0000000790e00000| PB 0x0000000790e00000| Untracked |  0
|1160|0x0000000791000000, 0x0000000791000000, 0x0000000791200000|  0%| F|  |TAMS 0x0000000791000000| PB 0x0000000791000000| Untracked |  0
|1161|0x0000000791200000, 0x0000000791200000, 0x0000000791400000|  0%| F|  |TAMS 0x0000000791200000| PB 0x0000000791200000| Untracked |  0
|1162|0x0000000791400000, 0x0000000791400000, 0x0000000791600000|  0%| F|  |TAMS 0x0000000791400000| PB 0x0000000791400000| Untracked |  0
|1163|0x0000000791600000, 0x0000000791600000, 0x0000000791800000|  0%| F|  |TAMS 0x0000000791600000| PB 0x0000000791600000| Untracked |  0
|1164|0x0000000791800000, 0x0000000791800000, 0x0000000791a00000|  0%| F|  |TAMS 0x0000000791800000| PB 0x0000000791800000| Untracked |  0
|1165|0x0000000791a00000, 0x0000000791a00000, 0x0000000791c00000|  0%| F|  |TAMS 0x0000000791a00000| PB 0x0000000791a00000| Untracked |  0
|1166|0x0000000791c00000, 0x0000000791c00000, 0x0000000791e00000|  0%| F|  |TAMS 0x0000000791c00000| PB 0x0000000791c00000| Untracked |  0
|1167|0x0000000791e00000, 0x0000000791e00000, 0x0000000792000000|  0%| F|  |TAMS 0x0000000791e00000| PB 0x0000000791e00000| Untracked |  0
|1168|0x0000000792000000, 0x0000000792000000, 0x0000000792200000|  0%| F|  |TAMS 0x0000000792000000| PB 0x0000000792000000| Untracked |  0
|1169|0x0000000792200000, 0x0000000792200000, 0x0000000792400000|  0%| F|  |TAMS 0x0000000792200000| PB 0x0000000792200000| Untracked |  0
|1170|0x0000000792400000, 0x0000000792400000, 0x0000000792600000|  0%| F|  |TAMS 0x0000000792400000| PB 0x0000000792400000| Untracked |  0
|1171|0x0000000792600000, 0x0000000792600000, 0x0000000792800000|  0%| F|  |TAMS 0x0000000792600000| PB 0x0000000792600000| Untracked |  0
|1172|0x0000000792800000, 0x0000000792800000, 0x0000000792a00000|  0%| F|  |TAMS 0x0000000792800000| PB 0x0000000792800000| Untracked |  0
|1173|0x0000000792a00000, 0x0000000792a00000, 0x0000000792c00000|  0%| F|  |TAMS 0x0000000792a00000| PB 0x0000000792a00000| Untracked |  0
|1174|0x0000000792c00000, 0x0000000792c00000, 0x0000000792e00000|  0%| F|  |TAMS 0x0000000792c00000| PB 0x0000000792c00000| Untracked |  0
|1175|0x0000000792e00000, 0x0000000792e00000, 0x0000000793000000|  0%| F|  |TAMS 0x0000000792e00000| PB 0x0000000792e00000| Untracked |  0
|1176|0x0000000793000000, 0x0000000793000000, 0x0000000793200000|  0%| F|  |TAMS 0x0000000793000000| PB 0x0000000793000000| Untracked |  0
|1177|0x0000000793200000, 0x0000000793200000, 0x0000000793400000|  0%| F|  |TAMS 0x0000000793200000| PB 0x0000000793200000| Untracked |  0
|1178|0x0000000793400000, 0x0000000793400000, 0x0000000793600000|  0%| F|  |TAMS 0x0000000793400000| PB 0x0000000793400000| Untracked |  0
|1179|0x0000000793600000, 0x0000000793600000, 0x0000000793800000|  0%| F|  |TAMS 0x0000000793600000| PB 0x0000000793600000| Untracked |  0
|1180|0x0000000793800000, 0x0000000793800000, 0x0000000793a00000|  0%| F|  |TAMS 0x0000000793800000| PB 0x0000000793800000| Untracked |  0
|1181|0x0000000793a00000, 0x0000000793a00000, 0x0000000793c00000|  0%| F|  |TAMS 0x0000000793a00000| PB 0x0000000793a00000| Untracked |  0
|1182|0x0000000793c00000, 0x0000000793c00000, 0x0000000793e00000|  0%| F|  |TAMS 0x0000000793c00000| PB 0x0000000793c00000| Untracked |  0
|1183|0x0000000793e00000, 0x0000000793e00000, 0x0000000794000000|  0%| F|  |TAMS 0x0000000793e00000| PB 0x0000000793e00000| Untracked |  0
|1184|0x0000000794000000, 0x0000000794000000, 0x0000000794200000|  0%| F|  |TAMS 0x0000000794000000| PB 0x0000000794000000| Untracked |  0
|1185|0x0000000794200000, 0x0000000794200000, 0x0000000794400000|  0%| F|  |TAMS 0x0000000794200000| PB 0x0000000794200000| Untracked |  0
|1186|0x0000000794400000, 0x0000000794400000, 0x0000000794600000|  0%| F|  |TAMS 0x0000000794400000| PB 0x0000000794400000| Untracked |  0
|1187|0x0000000794600000, 0x0000000794600000, 0x0000000794800000|  0%| F|  |TAMS 0x0000000794600000| PB 0x0000000794600000| Untracked |  0
|1188|0x0000000794800000, 0x0000000794800000, 0x0000000794a00000|  0%| F|  |TAMS 0x0000000794800000| PB 0x0000000794800000| Untracked |  0
|1189|0x0000000794a00000, 0x0000000794a00000, 0x0000000794c00000|  0%| F|  |TAMS 0x0000000794a00000| PB 0x0000000794a00000| Untracked |  0
|1190|0x0000000794c00000, 0x0000000794c00000, 0x0000000794e00000|  0%| F|  |TAMS 0x0000000794c00000| PB 0x0000000794c00000| Untracked |  0
|1191|0x0000000794e00000, 0x0000000794e00000, 0x0000000795000000|  0%| F|  |TAMS 0x0000000794e00000| PB 0x0000000794e00000| Untracked |  0
|1192|0x0000000795000000, 0x0000000795000000, 0x0000000795200000|  0%| F|  |TAMS 0x0000000795000000| PB 0x0000000795000000| Untracked |  0
|1193|0x0000000795200000, 0x0000000795200000, 0x0000000795400000|  0%| F|  |TAMS 0x0000000795200000| PB 0x0000000795200000| Untracked |  0
|1194|0x0000000795400000, 0x0000000795400000, 0x0000000795600000|  0%| F|  |TAMS 0x0000000795400000| PB 0x0000000795400000| Untracked |  0
|1195|0x0000000795600000, 0x0000000795600000, 0x0000000795800000|  0%| F|  |TAMS 0x0000000795600000| PB 0x0000000795600000| Untracked |  0
|1196|0x0000000795800000, 0x0000000795800000, 0x0000000795a00000|  0%| F|  |TAMS 0x0000000795800000| PB 0x0000000795800000| Untracked |  0
|1197|0x0000000795a00000, 0x0000000795a00000, 0x0000000795c00000|  0%| F|  |TAMS 0x0000000795a00000| PB 0x0000000795a00000| Untracked |  0
|1198|0x0000000795c00000, 0x0000000795c00000, 0x0000000795e00000|  0%| F|  |TAMS 0x0000000795c00000| PB 0x0000000795c00000| Untracked |  0
|1199|0x0000000795e00000, 0x0000000795e00000, 0x0000000796000000|  0%| F|  |TAMS 0x0000000795e00000| PB 0x0000000795e00000| Untracked |  0
|1200|0x0000000796000000, 0x0000000796000000, 0x0000000796200000|  0%| F|  |TAMS 0x0000000796000000| PB 0x0000000796000000| Untracked |  0
|1201|0x0000000796200000, 0x0000000796200000, 0x0000000796400000|  0%| F|  |TAMS 0x0000000796200000| PB 0x0000000796200000| Untracked |  0
|1202|0x0000000796400000, 0x0000000796400000, 0x0000000796600000|  0%| F|  |TAMS 0x0000000796400000| PB 0x0000000796400000| Untracked |  0
|1203|0x0000000796600000, 0x0000000796600000, 0x0000000796800000|  0%| F|  |TAMS 0x0000000796600000| PB 0x0000000796600000| Untracked |  0
|1204|0x0000000796800000, 0x0000000796800000, 0x0000000796a00000|  0%| F|  |TAMS 0x0000000796800000| PB 0x0000000796800000| Untracked |  0
|1205|0x0000000796a00000, 0x0000000796a00000, 0x0000000796c00000|  0%| F|  |TAMS 0x0000000796a00000| PB 0x0000000796a00000| Untracked |  0
|1206|0x0000000796c00000, 0x0000000796c00000, 0x0000000796e00000|  0%| F|  |TAMS 0x0000000796c00000| PB 0x0000000796c00000| Untracked |  0
|1207|0x0000000796e00000, 0x0000000796e00000, 0x0000000797000000|  0%| F|  |TAMS 0x0000000796e00000| PB 0x0000000796e00000| Untracked |  0
|1208|0x0000000797000000, 0x0000000797000000, 0x0000000797200000|  0%| F|  |TAMS 0x0000000797000000| PB 0x0000000797000000| Untracked |  0
|1209|0x0000000797200000, 0x0000000797200000, 0x0000000797400000|  0%| F|  |TAMS 0x0000000797200000| PB 0x0000000797200000| Untracked |  0
|1210|0x0000000797400000, 0x0000000797400000, 0x0000000797600000|  0%| F|  |TAMS 0x0000000797400000| PB 0x0000000797400000| Untracked |  0
|1211|0x0000000797600000, 0x0000000797600000, 0x0000000797800000|  0%| F|  |TAMS 0x0000000797600000| PB 0x0000000797600000| Untracked |  0
|1212|0x0000000797800000, 0x0000000797800000, 0x0000000797a00000|  0%| F|  |TAMS 0x0000000797800000| PB 0x0000000797800000| Untracked |  0
|1213|0x0000000797a00000, 0x0000000797a00000, 0x0000000797c00000|  0%| F|  |TAMS 0x0000000797a00000| PB 0x0000000797a00000| Untracked |  0
|1214|0x0000000797c00000, 0x0000000797c00000, 0x0000000797e00000|  0%| F|  |TAMS 0x0000000797c00000| PB 0x0000000797c00000| Untracked |  0
|1215|0x0000000797e00000, 0x0000000797e00000, 0x0000000798000000|  0%| F|  |TAMS 0x0000000797e00000| PB 0x0000000797e00000| Untracked |  0
|1216|0x0000000798000000, 0x0000000798000000, 0x0000000798200000|  0%| F|  |TAMS 0x0000000798000000| PB 0x0000000798000000| Untracked |  0
|1217|0x0000000798200000, 0x0000000798200000, 0x0000000798400000|  0%| F|  |TAMS 0x0000000798200000| PB 0x0000000798200000| Untracked |  0
|1218|0x0000000798400000, 0x0000000798400000, 0x0000000798600000|  0%| F|  |TAMS 0x0000000798400000| PB 0x0000000798400000| Untracked |  0
|1219|0x0000000798600000, 0x0000000798600000, 0x0000000798800000|  0%| F|  |TAMS 0x0000000798600000| PB 0x0000000798600000| Untracked |  0
|1220|0x0000000798800000, 0x0000000798800000, 0x0000000798a00000|  0%| F|  |TAMS 0x0000000798800000| PB 0x0000000798800000| Untracked |  0
|1221|0x0000000798a00000, 0x0000000798a00000, 0x0000000798c00000|  0%| F|  |TAMS 0x0000000798a00000| PB 0x0000000798a00000| Untracked |  0
|1222|0x0000000798c00000, 0x0000000798c00000, 0x0000000798e00000|  0%| F|  |TAMS 0x0000000798c00000| PB 0x0000000798c00000| Untracked |  0
|1223|0x0000000798e00000, 0x0000000798e00000, 0x0000000799000000|  0%| F|  |TAMS 0x0000000798e00000| PB 0x0000000798e00000| Untracked |  0
|1224|0x0000000799000000, 0x0000000799000000, 0x0000000799200000|  0%| F|  |TAMS 0x0000000799000000| PB 0x0000000799000000| Untracked |  0
|1225|0x0000000799200000, 0x0000000799200000, 0x0000000799400000|  0%| F|  |TAMS 0x0000000799200000| PB 0x0000000799200000| Untracked |  0
|1226|0x0000000799400000, 0x0000000799400000, 0x0000000799600000|  0%| F|  |TAMS 0x0000000799400000| PB 0x0000000799400000| Untracked |  0
|1227|0x0000000799600000, 0x0000000799600000, 0x0000000799800000|  0%| F|  |TAMS 0x0000000799600000| PB 0x0000000799600000| Untracked |  0
|1228|0x0000000799800000, 0x0000000799800000, 0x0000000799a00000|  0%| F|  |TAMS 0x0000000799800000| PB 0x0000000799800000| Untracked |  0
|1229|0x0000000799a00000, 0x0000000799a00000, 0x0000000799c00000|  0%| F|  |TAMS 0x0000000799a00000| PB 0x0000000799a00000| Untracked |  0
|1230|0x0000000799c00000, 0x0000000799c00000, 0x0000000799e00000|  0%| F|  |TAMS 0x0000000799c00000| PB 0x0000000799c00000| Untracked |  0
|1231|0x0000000799e00000, 0x0000000799e00000, 0x000000079a000000|  0%| F|  |TAMS 0x0000000799e00000| PB 0x0000000799e00000| Untracked |  0
|1232|0x000000079a000000, 0x000000079a000000, 0x000000079a200000|  0%| F|  |TAMS 0x000000079a000000| PB 0x000000079a000000| Untracked |  0
|1233|0x000000079a200000, 0x000000079a200000, 0x000000079a400000|  0%| F|  |TAMS 0x000000079a200000| PB 0x000000079a200000| Untracked |  0
|1234|0x000000079a400000, 0x000000079a400000, 0x000000079a600000|  0%| F|  |TAMS 0x000000079a400000| PB 0x000000079a400000| Untracked |  0
|1235|0x000000079a600000, 0x000000079a600000, 0x000000079a800000|  0%| F|  |TAMS 0x000000079a600000| PB 0x000000079a600000| Untracked |  0
|1236|0x000000079a800000, 0x000000079a800000, 0x000000079aa00000|  0%| F|  |TAMS 0x000000079a800000| PB 0x000000079a800000| Untracked |  0
|1237|0x000000079aa00000, 0x000000079aa00000, 0x000000079ac00000|  0%| F|  |TAMS 0x000000079aa00000| PB 0x000000079aa00000| Untracked |  0
|1238|0x000000079ac00000, 0x000000079ac00000, 0x000000079ae00000|  0%| F|  |TAMS 0x000000079ac00000| PB 0x000000079ac00000| Untracked |  0
|1239|0x000000079ae00000, 0x000000079ae00000, 0x000000079b000000|  0%| F|  |TAMS 0x000000079ae00000| PB 0x000000079ae00000| Untracked |  0
|1240|0x000000079b000000, 0x000000079b000000, 0x000000079b200000|  0%| F|  |TAMS 0x000000079b000000| PB 0x000000079b000000| Untracked |  0
|1241|0x000000079b200000, 0x000000079b200000, 0x000000079b400000|  0%| F|  |TAMS 0x000000079b200000| PB 0x000000079b200000| Untracked |  0
|1242|0x000000079b400000, 0x000000079b400000, 0x000000079b600000|  0%| F|  |TAMS 0x000000079b400000| PB 0x000000079b400000| Untracked |  0
|1243|0x000000079b600000, 0x000000079b600000, 0x000000079b800000|  0%| F|  |TAMS 0x000000079b600000| PB 0x000000079b600000| Untracked |  0
|1244|0x000000079b800000, 0x000000079b800000, 0x000000079ba00000|  0%| F|  |TAMS 0x000000079b800000| PB 0x000000079b800000| Untracked |  0
|1245|0x000000079ba00000, 0x000000079ba00000, 0x000000079bc00000|  0%| F|  |TAMS 0x000000079ba00000| PB 0x000000079ba00000| Untracked |  0
|1246|0x000000079bc00000, 0x000000079bc00000, 0x000000079be00000|  0%| F|  |TAMS 0x000000079bc00000| PB 0x000000079bc00000| Untracked |  0
|1247|0x000000079be00000, 0x000000079be00000, 0x000000079c000000|  0%| F|  |TAMS 0x000000079be00000| PB 0x000000079be00000| Untracked |  0
|1248|0x000000079c000000, 0x000000079c000000, 0x000000079c200000|  0%| F|  |TAMS 0x000000079c000000| PB 0x000000079c000000| Untracked |  0
|1249|0x000000079c200000, 0x000000079c200000, 0x000000079c400000|  0%| F|  |TAMS 0x000000079c200000| PB 0x000000079c200000| Untracked |  0
|1250|0x000000079c400000, 0x000000079c400000, 0x000000079c600000|  0%| F|  |TAMS 0x000000079c400000| PB 0x000000079c400000| Untracked |  0
|1251|0x000000079c600000, 0x000000079c600000, 0x000000079c800000|  0%| F|  |TAMS 0x000000079c600000| PB 0x000000079c600000| Untracked |  0
|1252|0x000000079c800000, 0x000000079c800000, 0x000000079ca00000|  0%| F|  |TAMS 0x000000079c800000| PB 0x000000079c800000| Untracked |  0
|1253|0x000000079ca00000, 0x000000079ca00000, 0x000000079cc00000|  0%| F|  |TAMS 0x000000079ca00000| PB 0x000000079ca00000| Untracked |  0
|1254|0x000000079cc00000, 0x000000079cc00000, 0x000000079ce00000|  0%| F|  |TAMS 0x000000079cc00000| PB 0x000000079cc00000| Untracked |  0
|1255|0x000000079ce00000, 0x000000079ce00000, 0x000000079d000000|  0%| F|  |TAMS 0x000000079ce00000| PB 0x000000079ce00000| Untracked |  0
|1256|0x000000079d000000, 0x000000079d000000, 0x000000079d200000|  0%| F|  |TAMS 0x000000079d000000| PB 0x000000079d000000| Untracked |  0
|1257|0x000000079d200000, 0x000000079d200000, 0x000000079d400000|  0%| F|  |TAMS 0x000000079d200000| PB 0x000000079d200000| Untracked |  0
|1258|0x000000079d400000, 0x000000079d400000, 0x000000079d600000|  0%| F|  |TAMS 0x000000079d400000| PB 0x000000079d400000| Untracked |  0
|1259|0x000000079d600000, 0x000000079d600000, 0x000000079d800000|  0%| F|  |TAMS 0x000000079d600000| PB 0x000000079d600000| Untracked |  0
|1260|0x000000079d800000, 0x000000079d800000, 0x000000079da00000|  0%| F|  |TAMS 0x000000079d800000| PB 0x000000079d800000| Untracked |  0
|1261|0x000000079da00000, 0x000000079da00000, 0x000000079dc00000|  0%| F|  |TAMS 0x000000079da00000| PB 0x000000079da00000| Untracked |  0
|1262|0x000000079dc00000, 0x000000079dc00000, 0x000000079de00000|  0%| F|  |TAMS 0x000000079dc00000| PB 0x000000079dc00000| Untracked |  0
|1263|0x000000079de00000, 0x000000079de00000, 0x000000079e000000|  0%| F|  |TAMS 0x000000079de00000| PB 0x000000079de00000| Untracked |  0
|1264|0x000000079e000000, 0x000000079e000000, 0x000000079e200000|  0%| F|  |TAMS 0x000000079e000000| PB 0x000000079e000000| Untracked |  0
|1265|0x000000079e200000, 0x000000079e200000, 0x000000079e400000|  0%| F|  |TAMS 0x000000079e200000| PB 0x000000079e200000| Untracked |  0
|1266|0x000000079e400000, 0x000000079e400000, 0x000000079e600000|  0%| F|  |TAMS 0x000000079e400000| PB 0x000000079e400000| Untracked |  0
|1267|0x000000079e600000, 0x000000079e600000, 0x000000079e800000|  0%| F|  |TAMS 0x000000079e600000| PB 0x000000079e600000| Untracked |  0
|1268|0x000000079e800000, 0x000000079e800000, 0x000000079ea00000|  0%| F|  |TAMS 0x000000079e800000| PB 0x000000079e800000| Untracked |  0
|1269|0x000000079ea00000, 0x000000079ea00000, 0x000000079ec00000|  0%| F|  |TAMS 0x000000079ea00000| PB 0x000000079ea00000| Untracked |  0
|1270|0x000000079ec00000, 0x000000079ec00000, 0x000000079ee00000|  0%| F|  |TAMS 0x000000079ec00000| PB 0x000000079ec00000| Untracked |  0
|1271|0x000000079ee00000, 0x000000079ee00000, 0x000000079f000000|  0%| F|  |TAMS 0x000000079ee00000| PB 0x000000079ee00000| Untracked |  0
|1272|0x000000079f000000, 0x000000079f000000, 0x000000079f200000|  0%| F|  |TAMS 0x000000079f000000| PB 0x000000079f000000| Untracked |  0
|1273|0x000000079f200000, 0x000000079f200000, 0x000000079f400000|  0%| F|  |TAMS 0x000000079f200000| PB 0x000000079f200000| Untracked |  0
|1274|0x000000079f400000, 0x000000079f400000, 0x000000079f600000|  0%| F|  |TAMS 0x000000079f400000| PB 0x000000079f400000| Untracked |  0
|1275|0x000000079f600000, 0x000000079f600000, 0x000000079f800000|  0%| F|  |TAMS 0x000000079f600000| PB 0x000000079f600000| Untracked |  0
|1276|0x000000079f800000, 0x000000079f800000, 0x000000079fa00000|  0%| F|  |TAMS 0x000000079f800000| PB 0x000000079f800000| Untracked |  0
|1277|0x000000079fa00000, 0x000000079fa00000, 0x000000079fc00000|  0%| F|  |TAMS 0x000000079fa00000| PB 0x000000079fa00000| Untracked |  0
|1278|0x000000079fc00000, 0x000000079fc00000, 0x000000079fe00000|  0%| F|  |TAMS 0x000000079fc00000| PB 0x000000079fc00000| Untracked |  0
|1279|0x000000079fe00000, 0x000000079fe00000, 0x00000007a0000000|  0%| F|  |TAMS 0x000000079fe00000| PB 0x000000079fe00000| Untracked |  0
|1280|0x00000007a0000000, 0x00000007a0000000, 0x00000007a0200000|  0%| F|  |TAMS 0x00000007a0000000| PB 0x00000007a0000000| Untracked |  0
|1281|0x00000007a0200000, 0x00000007a0200000, 0x00000007a0400000|  0%| F|  |TAMS 0x00000007a0200000| PB 0x00000007a0200000| Untracked |  0
|1282|0x00000007a0400000, 0x00000007a0400000, 0x00000007a0600000|  0%| F|  |TAMS 0x00000007a0400000| PB 0x00000007a0400000| Untracked |  0
|1283|0x00000007a0600000, 0x00000007a0600000, 0x00000007a0800000|  0%| F|  |TAMS 0x00000007a0600000| PB 0x00000007a0600000| Untracked |  0
|1284|0x00000007a0800000, 0x00000007a0800000, 0x00000007a0a00000|  0%| F|  |TAMS 0x00000007a0800000| PB 0x00000007a0800000| Untracked |  0
|1285|0x00000007a0a00000, 0x00000007a0a00000, 0x00000007a0c00000|  0%| F|  |TAMS 0x00000007a0a00000| PB 0x00000007a0a00000| Untracked |  0
|1286|0x00000007a0c00000, 0x00000007a0c00000, 0x00000007a0e00000|  0%| F|  |TAMS 0x00000007a0c00000| PB 0x00000007a0c00000| Untracked |  0
|1287|0x00000007a0e00000, 0x00000007a0e00000, 0x00000007a1000000|  0%| F|  |TAMS 0x00000007a0e00000| PB 0x00000007a0e00000| Untracked |  0
|1288|0x00000007a1000000, 0x00000007a1000000, 0x00000007a1200000|  0%| F|  |TAMS 0x00000007a1000000| PB 0x00000007a1000000| Untracked |  0
|1289|0x00000007a1200000, 0x00000007a1200000, 0x00000007a1400000|  0%| F|  |TAMS 0x00000007a1200000| PB 0x00000007a1200000| Untracked |  0
|1290|0x00000007a1400000, 0x00000007a1400000, 0x00000007a1600000|  0%| F|  |TAMS 0x00000007a1400000| PB 0x00000007a1400000| Untracked |  0
|1291|0x00000007a1600000, 0x00000007a1600000, 0x00000007a1800000|  0%| F|  |TAMS 0x00000007a1600000| PB 0x00000007a1600000| Untracked |  0
|1292|0x00000007a1800000, 0x00000007a1800000, 0x00000007a1a00000|  0%| F|  |TAMS 0x00000007a1800000| PB 0x00000007a1800000| Untracked |  0
|1293|0x00000007a1a00000, 0x00000007a1a00000, 0x00000007a1c00000|  0%| F|  |TAMS 0x00000007a1a00000| PB 0x00000007a1a00000| Untracked |  0
|1294|0x00000007a1c00000, 0x00000007a1c00000, 0x00000007a1e00000|  0%| F|  |TAMS 0x00000007a1c00000| PB 0x00000007a1c00000| Untracked |  0
|1295|0x00000007a1e00000, 0x00000007a1e00000, 0x00000007a2000000|  0%| F|  |TAMS 0x00000007a1e00000| PB 0x00000007a1e00000| Untracked |  0
|1296|0x00000007a2000000, 0x00000007a2000000, 0x00000007a2200000|  0%| F|  |TAMS 0x00000007a2000000| PB 0x00000007a2000000| Untracked |  0
|1297|0x00000007a2200000, 0x00000007a2200000, 0x00000007a2400000|  0%| F|  |TAMS 0x00000007a2200000| PB 0x00000007a2200000| Untracked |  0
|1298|0x00000007a2400000, 0x00000007a2400000, 0x00000007a2600000|  0%| F|  |TAMS 0x00000007a2400000| PB 0x00000007a2400000| Untracked |  0
|1299|0x00000007a2600000, 0x00000007a2600000, 0x00000007a2800000|  0%| F|  |TAMS 0x00000007a2600000| PB 0x00000007a2600000| Untracked |  0
|1300|0x00000007a2800000, 0x00000007a2800000, 0x00000007a2a00000|  0%| F|  |TAMS 0x00000007a2800000| PB 0x00000007a2800000| Untracked |  0
|1301|0x00000007a2a00000, 0x00000007a2a00000, 0x00000007a2c00000|  0%| F|  |TAMS 0x00000007a2a00000| PB 0x00000007a2a00000| Untracked |  0
|1302|0x00000007a2c00000, 0x00000007a2c00000, 0x00000007a2e00000|  0%| F|  |TAMS 0x00000007a2c00000| PB 0x00000007a2c00000| Untracked |  0
|1303|0x00000007a2e00000, 0x00000007a2e00000, 0x00000007a3000000|  0%| F|  |TAMS 0x00000007a2e00000| PB 0x00000007a2e00000| Untracked |  0
|1304|0x00000007a3000000, 0x00000007a3000000, 0x00000007a3200000|  0%| F|  |TAMS 0x00000007a3000000| PB 0x00000007a3000000| Untracked |  0
|1305|0x00000007a3200000, 0x00000007a3200000, 0x00000007a3400000|  0%| F|  |TAMS 0x00000007a3200000| PB 0x00000007a3200000| Untracked |  0
|1306|0x00000007a3400000, 0x00000007a3400000, 0x00000007a3600000|  0%| F|  |TAMS 0x00000007a3400000| PB 0x00000007a3400000| Untracked |  0
|1307|0x00000007a3600000, 0x00000007a3600000, 0x00000007a3800000|  0%| F|  |TAMS 0x00000007a3600000| PB 0x00000007a3600000| Untracked |  0
|1308|0x00000007a3800000, 0x00000007a3800000, 0x00000007a3a00000|  0%| F|  |TAMS 0x00000007a3800000| PB 0x00000007a3800000| Untracked |  0
|1309|0x00000007a3a00000, 0x00000007a3a00000, 0x00000007a3c00000|  0%| F|  |TAMS 0x00000007a3a00000| PB 0x00000007a3a00000| Untracked |  0
|1310|0x00000007a3c00000, 0x00000007a3c00000, 0x00000007a3e00000|  0%| F|  |TAMS 0x00000007a3c00000| PB 0x00000007a3c00000| Untracked |  0
|1311|0x00000007a3e00000, 0x00000007a3e00000, 0x00000007a4000000|  0%| F|  |TAMS 0x00000007a3e00000| PB 0x00000007a3e00000| Untracked |  0
|1312|0x00000007a4000000, 0x00000007a4000000, 0x00000007a4200000|  0%| F|  |TAMS 0x00000007a4000000| PB 0x00000007a4000000| Untracked |  0
|1313|0x00000007a4200000, 0x00000007a4200000, 0x00000007a4400000|  0%| F|  |TAMS 0x00000007a4200000| PB 0x00000007a4200000| Untracked |  0
|1314|0x00000007a4400000, 0x00000007a4400000, 0x00000007a4600000|  0%| F|  |TAMS 0x00000007a4400000| PB 0x00000007a4400000| Untracked |  0
|1315|0x00000007a4600000, 0x00000007a4600000, 0x00000007a4800000|  0%| F|  |TAMS 0x00000007a4600000| PB 0x00000007a4600000| Untracked |  0
|1316|0x00000007a4800000, 0x00000007a4800000, 0x00000007a4a00000|  0%| F|  |TAMS 0x00000007a4800000| PB 0x00000007a4800000| Untracked |  0
|1317|0x00000007a4a00000, 0x00000007a4a00000, 0x00000007a4c00000|  0%| F|  |TAMS 0x00000007a4a00000| PB 0x00000007a4a00000| Untracked |  0
|1318|0x00000007a4c00000, 0x00000007a4c00000, 0x00000007a4e00000|  0%| F|  |TAMS 0x00000007a4c00000| PB 0x00000007a4c00000| Untracked |  0
|1319|0x00000007a4e00000, 0x00000007a4e00000, 0x00000007a5000000|  0%| F|  |TAMS 0x00000007a4e00000| PB 0x00000007a4e00000| Untracked |  0
|1320|0x00000007a5000000, 0x00000007a5000000, 0x00000007a5200000|  0%| F|  |TAMS 0x00000007a5000000| PB 0x00000007a5000000| Untracked |  0
|1321|0x00000007a5200000, 0x00000007a5200000, 0x00000007a5400000|  0%| F|  |TAMS 0x00000007a5200000| PB 0x00000007a5200000| Untracked |  0
|1322|0x00000007a5400000, 0x00000007a5400000, 0x00000007a5600000|  0%| F|  |TAMS 0x00000007a5400000| PB 0x00000007a5400000| Untracked |  0
|1323|0x00000007a5600000, 0x00000007a5600000, 0x00000007a5800000|  0%| F|  |TAMS 0x00000007a5600000| PB 0x00000007a5600000| Untracked |  0
|1324|0x00000007a5800000, 0x00000007a5800000, 0x00000007a5a00000|  0%| F|  |TAMS 0x00000007a5800000| PB 0x00000007a5800000| Untracked |  0
|1325|0x00000007a5a00000, 0x00000007a5a00000, 0x00000007a5c00000|  0%| F|  |TAMS 0x00000007a5a00000| PB 0x00000007a5a00000| Untracked |  0
|1326|0x00000007a5c00000, 0x00000007a5c00000, 0x00000007a5e00000|  0%| F|  |TAMS 0x00000007a5c00000| PB 0x00000007a5c00000| Untracked |  0
|1327|0x00000007a5e00000, 0x00000007a5e00000, 0x00000007a6000000|  0%| F|  |TAMS 0x00000007a5e00000| PB 0x00000007a5e00000| Untracked |  0
|1328|0x00000007a6000000, 0x00000007a6000000, 0x00000007a6200000|  0%| F|  |TAMS 0x00000007a6000000| PB 0x00000007a6000000| Untracked |  0
|1329|0x00000007a6200000, 0x00000007a6200000, 0x00000007a6400000|  0%| F|  |TAMS 0x00000007a6200000| PB 0x00000007a6200000| Untracked |  0
|1330|0x00000007a6400000, 0x00000007a6400000, 0x00000007a6600000|  0%| F|  |TAMS 0x00000007a6400000| PB 0x00000007a6400000| Untracked |  0
|1331|0x00000007a6600000, 0x00000007a6600000, 0x00000007a6800000|  0%| F|  |TAMS 0x00000007a6600000| PB 0x00000007a6600000| Untracked |  0
|1332|0x00000007a6800000, 0x00000007a6800000, 0x00000007a6a00000|  0%| F|  |TAMS 0x00000007a6800000| PB 0x00000007a6800000| Untracked |  0
|1333|0x00000007a6a00000, 0x00000007a6a00000, 0x00000007a6c00000|  0%| F|  |TAMS 0x00000007a6a00000| PB 0x00000007a6a00000| Untracked |  0
|1334|0x00000007a6c00000, 0x00000007a6c00000, 0x00000007a6e00000|  0%| F|  |TAMS 0x00000007a6c00000| PB 0x00000007a6c00000| Untracked |  0
|1335|0x00000007a6e00000, 0x00000007a6e00000, 0x00000007a7000000|  0%| F|  |TAMS 0x00000007a6e00000| PB 0x00000007a6e00000| Untracked |  0
|1336|0x00000007a7000000, 0x00000007a7000000, 0x00000007a7200000|  0%| F|  |TAMS 0x00000007a7000000| PB 0x00000007a7000000| Untracked |  0
|1337|0x00000007a7200000, 0x00000007a7200000, 0x00000007a7400000|  0%| F|  |TAMS 0x00000007a7200000| PB 0x00000007a7200000| Untracked |  0
|1338|0x00000007a7400000, 0x00000007a7400000, 0x00000007a7600000|  0%| F|  |TAMS 0x00000007a7400000| PB 0x00000007a7400000| Untracked |  0
|1339|0x00000007a7600000, 0x00000007a7600000, 0x00000007a7800000|  0%| F|  |TAMS 0x00000007a7600000| PB 0x00000007a7600000| Untracked |  0
|1340|0x00000007a7800000, 0x00000007a7800000, 0x00000007a7a00000|  0%| F|  |TAMS 0x00000007a7800000| PB 0x00000007a7800000| Untracked |  0
|1341|0x00000007a7a00000, 0x00000007a7a00000, 0x00000007a7c00000|  0%| F|  |TAMS 0x00000007a7a00000| PB 0x00000007a7a00000| Untracked |  0
|1342|0x00000007a7c00000, 0x00000007a7c00000, 0x00000007a7e00000|  0%| F|  |TAMS 0x00000007a7c00000| PB 0x00000007a7c00000| Untracked |  0
|1343|0x00000007a7e00000, 0x00000007a7e00000, 0x00000007a8000000|  0%| F|  |TAMS 0x00000007a7e00000| PB 0x00000007a7e00000| Untracked |  0
|1344|0x00000007a8000000, 0x00000007a8000000, 0x00000007a8200000|  0%| F|  |TAMS 0x00000007a8000000| PB 0x00000007a8000000| Untracked |  0
|1345|0x00000007a8200000, 0x00000007a8200000, 0x00000007a8400000|  0%| F|  |TAMS 0x00000007a8200000| PB 0x00000007a8200000| Untracked |  0
|1346|0x00000007a8400000, 0x00000007a8400000, 0x00000007a8600000|  0%| F|  |TAMS 0x00000007a8400000| PB 0x00000007a8400000| Untracked |  0
|1347|0x00000007a8600000, 0x00000007a8600000, 0x00000007a8800000|  0%| F|  |TAMS 0x00000007a8600000| PB 0x00000007a8600000| Untracked |  0
|1348|0x00000007a8800000, 0x00000007a8800000, 0x00000007a8a00000|  0%| F|  |TAMS 0x00000007a8800000| PB 0x00000007a8800000| Untracked |  0
|1349|0x00000007a8a00000, 0x00000007a8a00000, 0x00000007a8c00000|  0%| F|  |TAMS 0x00000007a8a00000| PB 0x00000007a8a00000| Untracked |  0
|1350|0x00000007a8c00000, 0x00000007a8c00000, 0x00000007a8e00000|  0%| F|  |TAMS 0x00000007a8c00000| PB 0x00000007a8c00000| Untracked |  0
|1351|0x00000007a8e00000, 0x00000007a8e00000, 0x00000007a9000000|  0%| F|  |TAMS 0x00000007a8e00000| PB 0x00000007a8e00000| Untracked |  0
|1352|0x00000007a9000000, 0x00000007a9000000, 0x00000007a9200000|  0%| F|  |TAMS 0x00000007a9000000| PB 0x00000007a9000000| Untracked |  0
|1353|0x00000007a9200000, 0x00000007a9200000, 0x00000007a9400000|  0%| F|  |TAMS 0x00000007a9200000| PB 0x00000007a9200000| Untracked |  0
|1354|0x00000007a9400000, 0x00000007a9400000, 0x00000007a9600000|  0%| F|  |TAMS 0x00000007a9400000| PB 0x00000007a9400000| Untracked |  0
|1355|0x00000007a9600000, 0x00000007a9600000, 0x00000007a9800000|  0%| F|  |TAMS 0x00000007a9600000| PB 0x00000007a9600000| Untracked |  0
|1356|0x00000007a9800000, 0x00000007a9800000, 0x00000007a9a00000|  0%| F|  |TAMS 0x00000007a9800000| PB 0x00000007a9800000| Untracked |  0
|1357|0x00000007a9a00000, 0x00000007a9a00000, 0x00000007a9c00000|  0%| F|  |TAMS 0x00000007a9a00000| PB 0x00000007a9a00000| Untracked |  0
|1358|0x00000007a9c00000, 0x00000007a9c00000, 0x00000007a9e00000|  0%| F|  |TAMS 0x00000007a9c00000| PB 0x00000007a9c00000| Untracked |  0
|1359|0x00000007a9e00000, 0x00000007a9e00000, 0x00000007aa000000|  0%| F|  |TAMS 0x00000007a9e00000| PB 0x00000007a9e00000| Untracked |  0
|1360|0x00000007aa000000, 0x00000007aa000000, 0x00000007aa200000|  0%| F|  |TAMS 0x00000007aa000000| PB 0x00000007aa000000| Untracked |  0
|1361|0x00000007aa200000, 0x00000007aa200000, 0x00000007aa400000|  0%| F|  |TAMS 0x00000007aa200000| PB 0x00000007aa200000| Untracked |  0
|1362|0x00000007aa400000, 0x00000007aa400000, 0x00000007aa600000|  0%| F|  |TAMS 0x00000007aa400000| PB 0x00000007aa400000| Untracked |  0
|1363|0x00000007aa600000, 0x00000007aa600000, 0x00000007aa800000|  0%| F|  |TAMS 0x00000007aa600000| PB 0x00000007aa600000| Untracked |  0
|1364|0x00000007aa800000, 0x00000007aa800000, 0x00000007aaa00000|  0%| F|  |TAMS 0x00000007aa800000| PB 0x00000007aa800000| Untracked |  0
|1365|0x00000007aaa00000, 0x00000007aaa00000, 0x00000007aac00000|  0%| F|  |TAMS 0x00000007aaa00000| PB 0x00000007aaa00000| Untracked |  0
|1366|0x00000007aac00000, 0x00000007aac00000, 0x00000007aae00000|  0%| F|  |TAMS 0x00000007aac00000| PB 0x00000007aac00000| Untracked |  0
|1367|0x00000007aae00000, 0x00000007aae00000, 0x00000007ab000000|  0%| F|  |TAMS 0x00000007aae00000| PB 0x00000007aae00000| Untracked |  0
|1368|0x00000007ab000000, 0x00000007ab000000, 0x00000007ab200000|  0%| F|  |TAMS 0x00000007ab000000| PB 0x00000007ab000000| Untracked |  0
|1369|0x00000007ab200000, 0x00000007ab200000, 0x00000007ab400000|  0%| F|  |TAMS 0x00000007ab200000| PB 0x00000007ab200000| Untracked |  0
|1370|0x00000007ab400000, 0x00000007ab400000, 0x00000007ab600000|  0%| F|  |TAMS 0x00000007ab400000| PB 0x00000007ab400000| Untracked |  0
|1371|0x00000007ab600000, 0x00000007ab600000, 0x00000007ab800000|  0%| F|  |TAMS 0x00000007ab600000| PB 0x00000007ab600000| Untracked |  0
|1372|0x00000007ab800000, 0x00000007ab800000, 0x00000007aba00000|  0%| F|  |TAMS 0x00000007ab800000| PB 0x00000007ab800000| Untracked |  0
|1373|0x00000007aba00000, 0x00000007aba00000, 0x00000007abc00000|  0%| F|  |TAMS 0x00000007aba00000| PB 0x00000007aba00000| Untracked |  0
|1374|0x00000007abc00000, 0x00000007abc00000, 0x00000007abe00000|  0%| F|  |TAMS 0x00000007abc00000| PB 0x00000007abc00000| Untracked |  0
|1375|0x00000007abe00000, 0x00000007abe00000, 0x00000007ac000000|  0%| F|  |TAMS 0x00000007abe00000| PB 0x00000007abe00000| Untracked |  0
|1376|0x00000007ac000000, 0x00000007ac000000, 0x00000007ac200000|  0%| F|  |TAMS 0x00000007ac000000| PB 0x00000007ac000000| Untracked |  0
|1377|0x00000007ac200000, 0x00000007ac200000, 0x00000007ac400000|  0%| F|  |TAMS 0x00000007ac200000| PB 0x00000007ac200000| Untracked |  0
|1378|0x00000007ac400000, 0x00000007ac400000, 0x00000007ac600000|  0%| F|  |TAMS 0x00000007ac400000| PB 0x00000007ac400000| Untracked |  0
|1379|0x00000007ac600000, 0x00000007ac600000, 0x00000007ac800000|  0%| F|  |TAMS 0x00000007ac600000| PB 0x00000007ac600000| Untracked |  0
|1380|0x00000007ac800000, 0x00000007ac800000, 0x00000007aca00000|  0%| F|  |TAMS 0x00000007ac800000| PB 0x00000007ac800000| Untracked |  0
|1381|0x00000007aca00000, 0x00000007aca00000, 0x00000007acc00000|  0%| F|  |TAMS 0x00000007aca00000| PB 0x00000007aca00000| Untracked |  0
|1382|0x00000007acc00000, 0x00000007acc00000, 0x00000007ace00000|  0%| F|  |TAMS 0x00000007acc00000| PB 0x00000007acc00000| Untracked |  0
|1383|0x00000007ace00000, 0x00000007ace00000, 0x00000007ad000000|  0%| F|  |TAMS 0x00000007ace00000| PB 0x00000007ace00000| Untracked |  0
|1384|0x00000007ad000000, 0x00000007ad000000, 0x00000007ad200000|  0%| F|  |TAMS 0x00000007ad000000| PB 0x00000007ad000000| Untracked |  0
|1385|0x00000007ad200000, 0x00000007ad200000, 0x00000007ad400000|  0%| F|  |TAMS 0x00000007ad200000| PB 0x00000007ad200000| Untracked |  0
|1386|0x00000007ad400000, 0x00000007ad400000, 0x00000007ad600000|  0%| F|  |TAMS 0x00000007ad400000| PB 0x00000007ad400000| Untracked |  0
|1387|0x00000007ad600000, 0x00000007ad600000, 0x00000007ad800000|  0%| F|  |TAMS 0x00000007ad600000| PB 0x00000007ad600000| Untracked |  0
|1388|0x00000007ad800000, 0x00000007ad800000, 0x00000007ada00000|  0%| F|  |TAMS 0x00000007ad800000| PB 0x00000007ad800000| Untracked |  0
|1389|0x00000007ada00000, 0x00000007ada00000, 0x00000007adc00000|  0%| F|  |TAMS 0x00000007ada00000| PB 0x00000007ada00000| Untracked |  0
|1390|0x00000007adc00000, 0x00000007adc00000, 0x00000007ade00000|  0%| F|  |TAMS 0x00000007adc00000| PB 0x00000007adc00000| Untracked |  0
|1391|0x00000007ade00000, 0x00000007ade00000, 0x00000007ae000000|  0%| F|  |TAMS 0x00000007ade00000| PB 0x00000007ade00000| Untracked |  0
|1392|0x00000007ae000000, 0x00000007ae000000, 0x00000007ae200000|  0%| F|  |TAMS 0x00000007ae000000| PB 0x00000007ae000000| Untracked |  0
|1393|0x00000007ae200000, 0x00000007ae200000, 0x00000007ae400000|  0%| F|  |TAMS 0x00000007ae200000| PB 0x00000007ae200000| Untracked |  0
|1394|0x00000007ae400000, 0x00000007ae400000, 0x00000007ae600000|  0%| F|  |TAMS 0x00000007ae400000| PB 0x00000007ae400000| Untracked |  0
|1395|0x00000007ae600000, 0x00000007ae600000, 0x00000007ae800000|  0%| F|  |TAMS 0x00000007ae600000| PB 0x00000007ae600000| Untracked |  0
|1396|0x00000007ae800000, 0x00000007ae800000, 0x00000007aea00000|  0%| F|  |TAMS 0x00000007ae800000| PB 0x00000007ae800000| Untracked |  0
|1397|0x00000007aea00000, 0x00000007aea00000, 0x00000007aec00000|  0%| F|  |TAMS 0x00000007aea00000| PB 0x00000007aea00000| Untracked |  0
|1398|0x00000007aec00000, 0x00000007aec00000, 0x00000007aee00000|  0%| F|  |TAMS 0x00000007aec00000| PB 0x00000007aec00000| Untracked |  0
|1399|0x00000007aee00000, 0x00000007aee00000, 0x00000007af000000|  0%| F|  |TAMS 0x00000007aee00000| PB 0x00000007aee00000| Untracked |  0
|1400|0x00000007af000000, 0x00000007af000000, 0x00000007af200000|  0%| F|  |TAMS 0x00000007af000000| PB 0x00000007af000000| Untracked |  0
|1401|0x00000007af200000, 0x00000007af200000, 0x00000007af400000|  0%| F|  |TAMS 0x00000007af200000| PB 0x00000007af200000| Untracked |  0
|1402|0x00000007af400000, 0x00000007af400000, 0x00000007af600000|  0%| F|  |TAMS 0x00000007af400000| PB 0x00000007af400000| Untracked |  0
|1403|0x00000007af600000, 0x00000007af600000, 0x00000007af800000|  0%| F|  |TAMS 0x00000007af600000| PB 0x00000007af600000| Untracked |  0
|1404|0x00000007af800000, 0x00000007af800000, 0x00000007afa00000|  0%| F|  |TAMS 0x00000007af800000| PB 0x00000007af800000| Untracked |  0
|1405|0x00000007afa00000, 0x00000007afa00000, 0x00000007afc00000|  0%| F|  |TAMS 0x00000007afa00000| PB 0x00000007afa00000| Untracked |  0
|1406|0x00000007afc00000, 0x00000007afc00000, 0x00000007afe00000|  0%| F|  |TAMS 0x00000007afc00000| PB 0x00000007afc00000| Untracked |  0
|1407|0x00000007afe00000, 0x00000007afe00000, 0x00000007b0000000|  0%| F|  |TAMS 0x00000007afe00000| PB 0x00000007afe00000| Untracked |  0
|1408|0x00000007b0000000, 0x00000007b0000000, 0x00000007b0200000|  0%| F|  |TAMS 0x00000007b0000000| PB 0x00000007b0000000| Untracked |  0
|1409|0x00000007b0200000, 0x00000007b0200000, 0x00000007b0400000|  0%| F|  |TAMS 0x00000007b0200000| PB 0x00000007b0200000| Untracked |  0
|1410|0x00000007b0400000, 0x00000007b0400000, 0x00000007b0600000|  0%| F|  |TAMS 0x00000007b0400000| PB 0x00000007b0400000| Untracked |  0
|1411|0x00000007b0600000, 0x00000007b0600000, 0x00000007b0800000|  0%| F|  |TAMS 0x00000007b0600000| PB 0x00000007b0600000| Untracked |  0
|1412|0x00000007b0800000, 0x00000007b0800000, 0x00000007b0a00000|  0%| F|  |TAMS 0x00000007b0800000| PB 0x00000007b0800000| Untracked |  0
|1413|0x00000007b0a00000, 0x00000007b0a00000, 0x00000007b0c00000|  0%| F|  |TAMS 0x00000007b0a00000| PB 0x00000007b0a00000| Untracked |  0
|1414|0x00000007b0c00000, 0x00000007b0c00000, 0x00000007b0e00000|  0%| F|  |TAMS 0x00000007b0c00000| PB 0x00000007b0c00000| Untracked |  0
|1415|0x00000007b0e00000, 0x00000007b0e00000, 0x00000007b1000000|  0%| F|  |TAMS 0x00000007b0e00000| PB 0x00000007b0e00000| Untracked |  0
|1416|0x00000007b1000000, 0x00000007b1000000, 0x00000007b1200000|  0%| F|  |TAMS 0x00000007b1000000| PB 0x00000007b1000000| Untracked |  0
|1417|0x00000007b1200000, 0x00000007b1200000, 0x00000007b1400000|  0%| F|  |TAMS 0x00000007b1200000| PB 0x00000007b1200000| Untracked |  0
|1418|0x00000007b1400000, 0x00000007b1400000, 0x00000007b1600000|  0%| F|  |TAMS 0x00000007b1400000| PB 0x00000007b1400000| Untracked |  0
|1419|0x00000007b1600000, 0x00000007b1600000, 0x00000007b1800000|  0%| F|  |TAMS 0x00000007b1600000| PB 0x00000007b1600000| Untracked |  0
|1420|0x00000007b1800000, 0x00000007b1800000, 0x00000007b1a00000|  0%| F|  |TAMS 0x00000007b1800000| PB 0x00000007b1800000| Untracked |  0
|1421|0x00000007b1a00000, 0x00000007b1a00000, 0x00000007b1c00000|  0%| F|  |TAMS 0x00000007b1a00000| PB 0x00000007b1a00000| Untracked |  0
|1422|0x00000007b1c00000, 0x00000007b1c00000, 0x00000007b1e00000|  0%| F|  |TAMS 0x00000007b1c00000| PB 0x00000007b1c00000| Untracked |  0
|1423|0x00000007b1e00000, 0x00000007b1e00000, 0x00000007b2000000|  0%| F|  |TAMS 0x00000007b1e00000| PB 0x00000007b1e00000| Untracked |  0
|1424|0x00000007b2000000, 0x00000007b2000000, 0x00000007b2200000|  0%| F|  |TAMS 0x00000007b2000000| PB 0x00000007b2000000| Untracked |  0
|1425|0x00000007b2200000, 0x00000007b2200000, 0x00000007b2400000|  0%| F|  |TAMS 0x00000007b2200000| PB 0x00000007b2200000| Untracked |  0
|1426|0x00000007b2400000, 0x00000007b2400000, 0x00000007b2600000|  0%| F|  |TAMS 0x00000007b2400000| PB 0x00000007b2400000| Untracked |  0
|1427|0x00000007b2600000, 0x00000007b2600000, 0x00000007b2800000|  0%| F|  |TAMS 0x00000007b2600000| PB 0x00000007b2600000| Untracked |  0
|1428|0x00000007b2800000, 0x00000007b2800000, 0x00000007b2a00000|  0%| F|  |TAMS 0x00000007b2800000| PB 0x00000007b2800000| Untracked |  0
|1429|0x00000007b2a00000, 0x00000007b2a00000, 0x00000007b2c00000|  0%| F|  |TAMS 0x00000007b2a00000| PB 0x00000007b2a00000| Untracked |  0
|1430|0x00000007b2c00000, 0x00000007b2c00000, 0x00000007b2e00000|  0%| F|  |TAMS 0x00000007b2c00000| PB 0x00000007b2c00000| Untracked |  0
|1431|0x00000007b2e00000, 0x00000007b2e00000, 0x00000007b3000000|  0%| F|  |TAMS 0x00000007b2e00000| PB 0x00000007b2e00000| Untracked |  0
|1432|0x00000007b3000000, 0x00000007b3000000, 0x00000007b3200000|  0%| F|  |TAMS 0x00000007b3000000| PB 0x00000007b3000000| Untracked |  0
|1433|0x00000007b3200000, 0x00000007b3200000, 0x00000007b3400000|  0%| F|  |TAMS 0x00000007b3200000| PB 0x00000007b3200000| Untracked |  0
|1434|0x00000007b3400000, 0x00000007b3400000, 0x00000007b3600000|  0%| F|  |TAMS 0x00000007b3400000| PB 0x00000007b3400000| Untracked |  0
|1435|0x00000007b3600000, 0x00000007b3600000, 0x00000007b3800000|  0%| F|  |TAMS 0x00000007b3600000| PB 0x00000007b3600000| Untracked |  0
|1436|0x00000007b3800000, 0x00000007b3800000, 0x00000007b3a00000|  0%| F|  |TAMS 0x00000007b3800000| PB 0x00000007b3800000| Untracked |  0
|1437|0x00000007b3a00000, 0x00000007b3a00000, 0x00000007b3c00000|  0%| F|  |TAMS 0x00000007b3a00000| PB 0x00000007b3a00000| Untracked |  0
|1438|0x00000007b3c00000, 0x00000007b3c00000, 0x00000007b3e00000|  0%| F|  |TAMS 0x00000007b3c00000| PB 0x00000007b3c00000| Untracked |  0
|1439|0x00000007b3e00000, 0x00000007b3e00000, 0x00000007b4000000|  0%| F|  |TAMS 0x00000007b3e00000| PB 0x00000007b3e00000| Untracked |  0
|1440|0x00000007b4000000, 0x00000007b4000000, 0x00000007b4200000|  0%| F|  |TAMS 0x00000007b4000000| PB 0x00000007b4000000| Untracked |  0
|1441|0x00000007b4200000, 0x00000007b4200000, 0x00000007b4400000|  0%| F|  |TAMS 0x00000007b4200000| PB 0x00000007b4200000| Untracked |  0
|1442|0x00000007b4400000, 0x00000007b4400000, 0x00000007b4600000|  0%| F|  |TAMS 0x00000007b4400000| PB 0x00000007b4400000| Untracked |  0
|1443|0x00000007b4600000, 0x00000007b4600000, 0x00000007b4800000|  0%| F|  |TAMS 0x00000007b4600000| PB 0x00000007b4600000| Untracked |  0
|1444|0x00000007b4800000, 0x00000007b4800000, 0x00000007b4a00000|  0%| F|  |TAMS 0x00000007b4800000| PB 0x00000007b4800000| Untracked |  0
|1445|0x00000007b4a00000, 0x00000007b4a00000, 0x00000007b4c00000|  0%| F|  |TAMS 0x00000007b4a00000| PB 0x00000007b4a00000| Untracked |  0
|1446|0x00000007b4c00000, 0x00000007b4c00000, 0x00000007b4e00000|  0%| F|  |TAMS 0x00000007b4c00000| PB 0x00000007b4c00000| Untracked |  0
|1447|0x00000007b4e00000, 0x00000007b4e00000, 0x00000007b5000000|  0%| F|  |TAMS 0x00000007b4e00000| PB 0x00000007b4e00000| Untracked |  0
|1448|0x00000007b5000000, 0x00000007b5000000, 0x00000007b5200000|  0%| F|  |TAMS 0x00000007b5000000| PB 0x00000007b5000000| Untracked |  0
|1449|0x00000007b5200000, 0x00000007b5200000, 0x00000007b5400000|  0%| F|  |TAMS 0x00000007b5200000| PB 0x00000007b5200000| Untracked |  0
|1450|0x00000007b5400000, 0x00000007b5400000, 0x00000007b5600000|  0%| F|  |TAMS 0x00000007b5400000| PB 0x00000007b5400000| Untracked |  0
|1451|0x00000007b5600000, 0x00000007b5600000, 0x00000007b5800000|  0%| F|  |TAMS 0x00000007b5600000| PB 0x00000007b5600000| Untracked |  0
|1452|0x00000007b5800000, 0x00000007b5800000, 0x00000007b5a00000|  0%| F|  |TAMS 0x00000007b5800000| PB 0x00000007b5800000| Untracked |  0
|1453|0x00000007b5a00000, 0x00000007b5a00000, 0x00000007b5c00000|  0%| F|  |TAMS 0x00000007b5a00000| PB 0x00000007b5a00000| Untracked |  0
|1454|0x00000007b5c00000, 0x00000007b5c00000, 0x00000007b5e00000|  0%| F|  |TAMS 0x00000007b5c00000| PB 0x00000007b5c00000| Untracked |  0
|1455|0x00000007b5e00000, 0x00000007b5e00000, 0x00000007b6000000|  0%| F|  |TAMS 0x00000007b5e00000| PB 0x00000007b5e00000| Untracked |  0
|1456|0x00000007b6000000, 0x00000007b6000000, 0x00000007b6200000|  0%| F|  |TAMS 0x00000007b6000000| PB 0x00000007b6000000| Untracked |  0
|1457|0x00000007b6200000, 0x00000007b6200000, 0x00000007b6400000|  0%| F|  |TAMS 0x00000007b6200000| PB 0x00000007b6200000| Untracked |  0
|1458|0x00000007b6400000, 0x00000007b6400000, 0x00000007b6600000|  0%| F|  |TAMS 0x00000007b6400000| PB 0x00000007b6400000| Untracked |  0
|1459|0x00000007b6600000, 0x00000007b6600000, 0x00000007b6800000|  0%| F|  |TAMS 0x00000007b6600000| PB 0x00000007b6600000| Untracked |  0
|1460|0x00000007b6800000, 0x00000007b6800000, 0x00000007b6a00000|  0%| F|  |TAMS 0x00000007b6800000| PB 0x00000007b6800000| Untracked |  0
|1461|0x00000007b6a00000, 0x00000007b6a00000, 0x00000007b6c00000|  0%| F|  |TAMS 0x00000007b6a00000| PB 0x00000007b6a00000| Untracked |  0
|1462|0x00000007b6c00000, 0x00000007b6c00000, 0x00000007b6e00000|  0%| F|  |TAMS 0x00000007b6c00000| PB 0x00000007b6c00000| Untracked |  0
|1463|0x00000007b6e00000, 0x00000007b6e00000, 0x00000007b7000000|  0%| F|  |TAMS 0x00000007b6e00000| PB 0x00000007b6e00000| Untracked |  0
|1464|0x00000007b7000000, 0x00000007b7000000, 0x00000007b7200000|  0%| F|  |TAMS 0x00000007b7000000| PB 0x00000007b7000000| Untracked |  0
|1465|0x00000007b7200000, 0x00000007b7200000, 0x00000007b7400000|  0%| F|  |TAMS 0x00000007b7200000| PB 0x00000007b7200000| Untracked |  0
|1466|0x00000007b7400000, 0x00000007b7400000, 0x00000007b7600000|  0%| F|  |TAMS 0x00000007b7400000| PB 0x00000007b7400000| Untracked |  0
|1467|0x00000007b7600000, 0x00000007b7600000, 0x00000007b7800000|  0%| F|  |TAMS 0x00000007b7600000| PB 0x00000007b7600000| Untracked |  0
|1468|0x00000007b7800000, 0x00000007b7800000, 0x00000007b7a00000|  0%| F|  |TAMS 0x00000007b7800000| PB 0x00000007b7800000| Untracked |  0
|1469|0x00000007b7a00000, 0x00000007b7a00000, 0x00000007b7c00000|  0%| F|  |TAMS 0x00000007b7a00000| PB 0x00000007b7a00000| Untracked |  0
|1470|0x00000007b7c00000, 0x00000007b7c00000, 0x00000007b7e00000|  0%| F|  |TAMS 0x00000007b7c00000| PB 0x00000007b7c00000| Untracked |  0
|1471|0x00000007b7e00000, 0x00000007b7e00000, 0x00000007b8000000|  0%| F|  |TAMS 0x00000007b7e00000| PB 0x00000007b7e00000| Untracked |  0
|1472|0x00000007b8000000, 0x00000007b8000000, 0x00000007b8200000|  0%| F|  |TAMS 0x00000007b8000000| PB 0x00000007b8000000| Untracked |  0
|1473|0x00000007b8200000, 0x00000007b8200000, 0x00000007b8400000|  0%| F|  |TAMS 0x00000007b8200000| PB 0x00000007b8200000| Untracked |  0
|1474|0x00000007b8400000, 0x00000007b8400000, 0x00000007b8600000|  0%| F|  |TAMS 0x00000007b8400000| PB 0x00000007b8400000| Untracked |  0
|1475|0x00000007b8600000, 0x00000007b8600000, 0x00000007b8800000|  0%| F|  |TAMS 0x00000007b8600000| PB 0x00000007b8600000| Untracked |  0
|1476|0x00000007b8800000, 0x00000007b8800000, 0x00000007b8a00000|  0%| F|  |TAMS 0x00000007b8800000| PB 0x00000007b8800000| Untracked |  0
|1477|0x00000007b8a00000, 0x00000007b8a00000, 0x00000007b8c00000|  0%| F|  |TAMS 0x00000007b8a00000| PB 0x00000007b8a00000| Untracked |  0
|1478|0x00000007b8c00000, 0x00000007b8c00000, 0x00000007b8e00000|  0%| F|  |TAMS 0x00000007b8c00000| PB 0x00000007b8c00000| Untracked |  0
|1479|0x00000007b8e00000, 0x00000007b8e00000, 0x00000007b9000000|  0%| F|  |TAMS 0x00000007b8e00000| PB 0x00000007b8e00000| Untracked |  0
|1480|0x00000007b9000000, 0x00000007b9000000, 0x00000007b9200000|  0%| F|  |TAMS 0x00000007b9000000| PB 0x00000007b9000000| Untracked |  0
|1481|0x00000007b9200000, 0x00000007b9200000, 0x00000007b9400000|  0%| F|  |TAMS 0x00000007b9200000| PB 0x00000007b9200000| Untracked |  0
|1482|0x00000007b9400000, 0x00000007b9400000, 0x00000007b9600000|  0%| F|  |TAMS 0x00000007b9400000| PB 0x00000007b9400000| Untracked |  0
|1483|0x00000007b9600000, 0x00000007b9600000, 0x00000007b9800000|  0%| F|  |TAMS 0x00000007b9600000| PB 0x00000007b9600000| Untracked |  0
|1484|0x00000007b9800000, 0x00000007b9800000, 0x00000007b9a00000|  0%| F|  |TAMS 0x00000007b9800000| PB 0x00000007b9800000| Untracked |  0
|1485|0x00000007b9a00000, 0x00000007b9a00000, 0x00000007b9c00000|  0%| F|  |TAMS 0x00000007b9a00000| PB 0x00000007b9a00000| Untracked |  0
|1486|0x00000007b9c00000, 0x00000007b9c00000, 0x00000007b9e00000|  0%| F|  |TAMS 0x00000007b9c00000| PB 0x00000007b9c00000| Untracked |  0
|1487|0x00000007b9e00000, 0x00000007b9e00000, 0x00000007ba000000|  0%| F|  |TAMS 0x00000007b9e00000| PB 0x00000007b9e00000| Untracked |  0
|1488|0x00000007ba000000, 0x00000007ba000000, 0x00000007ba200000|  0%| F|  |TAMS 0x00000007ba000000| PB 0x00000007ba000000| Untracked |  0
|1489|0x00000007ba200000, 0x00000007ba200000, 0x00000007ba400000|  0%| F|  |TAMS 0x00000007ba200000| PB 0x00000007ba200000| Untracked |  0
|1490|0x00000007ba400000, 0x00000007ba400000, 0x00000007ba600000|  0%| F|  |TAMS 0x00000007ba400000| PB 0x00000007ba400000| Untracked |  0
|1491|0x00000007ba600000, 0x00000007ba600000, 0x00000007ba800000|  0%| F|  |TAMS 0x00000007ba600000| PB 0x00000007ba600000| Untracked |  0
|1492|0x00000007ba800000, 0x00000007ba800000, 0x00000007baa00000|  0%| F|  |TAMS 0x00000007ba800000| PB 0x00000007ba800000| Untracked |  0
|1493|0x00000007baa00000, 0x00000007baa00000, 0x00000007bac00000|  0%| F|  |TAMS 0x00000007baa00000| PB 0x00000007baa00000| Untracked |  0
|1494|0x00000007bac00000, 0x00000007bac00000, 0x00000007bae00000|  0%| F|  |TAMS 0x00000007bac00000| PB 0x00000007bac00000| Untracked |  0
|1495|0x00000007bae00000, 0x00000007bae00000, 0x00000007bb000000|  0%| F|  |TAMS 0x00000007bae00000| PB 0x00000007bae00000| Untracked |  0
|1496|0x00000007bb000000, 0x00000007bb000000, 0x00000007bb200000|  0%| F|  |TAMS 0x00000007bb000000| PB 0x00000007bb000000| Untracked |  0
|1497|0x00000007bb200000, 0x00000007bb200000, 0x00000007bb400000|  0%| F|  |TAMS 0x00000007bb200000| PB 0x00000007bb200000| Untracked |  0
|1498|0x00000007bb400000, 0x00000007bb400000, 0x00000007bb600000|  0%| F|  |TAMS 0x00000007bb400000| PB 0x00000007bb400000| Untracked |  0
|1499|0x00000007bb600000, 0x00000007bb600000, 0x00000007bb800000|  0%| F|  |TAMS 0x00000007bb600000| PB 0x00000007bb600000| Untracked |  0
|1500|0x00000007bb800000, 0x00000007bb800000, 0x00000007bba00000|  0%| F|  |TAMS 0x00000007bb800000| PB 0x00000007bb800000| Untracked |  0
|1501|0x00000007bba00000, 0x00000007bba00000, 0x00000007bbc00000|  0%| F|  |TAMS 0x00000007bba00000| PB 0x00000007bba00000| Untracked |  0
|1502|0x00000007bbc00000, 0x00000007bbc00000, 0x00000007bbe00000|  0%| F|  |TAMS 0x00000007bbc00000| PB 0x00000007bbc00000| Untracked |  0
|1503|0x00000007bbe00000, 0x00000007bbe00000, 0x00000007bc000000|  0%| F|  |TAMS 0x00000007bbe00000| PB 0x00000007bbe00000| Untracked |  0
|1504|0x00000007bc000000, 0x00000007bc000000, 0x00000007bc200000|  0%| F|  |TAMS 0x00000007bc000000| PB 0x00000007bc000000| Untracked |  0
|1505|0x00000007bc200000, 0x00000007bc200000, 0x00000007bc400000|  0%| F|  |TAMS 0x00000007bc200000| PB 0x00000007bc200000| Untracked |  0
|1506|0x00000007bc400000, 0x00000007bc400000, 0x00000007bc600000|  0%| F|  |TAMS 0x00000007bc400000| PB 0x00000007bc400000| Untracked |  0
|1507|0x00000007bc600000, 0x00000007bc600000, 0x00000007bc800000|  0%| F|  |TAMS 0x00000007bc600000| PB 0x00000007bc600000| Untracked |  0
|1508|0x00000007bc800000, 0x00000007bc800000, 0x00000007bca00000|  0%| F|  |TAMS 0x00000007bc800000| PB 0x00000007bc800000| Untracked |  0
|1509|0x00000007bca00000, 0x00000007bca00000, 0x00000007bcc00000|  0%| F|  |TAMS 0x00000007bca00000| PB 0x00000007bca00000| Untracked |  0
|1510|0x00000007bcc00000, 0x00000007bcc00000, 0x00000007bce00000|  0%| F|  |TAMS 0x00000007bcc00000| PB 0x00000007bcc00000| Untracked |  0
|1511|0x00000007bce00000, 0x00000007bce00000, 0x00000007bd000000|  0%| F|  |TAMS 0x00000007bce00000| PB 0x00000007bce00000| Untracked |  0
|1512|0x00000007bd000000, 0x00000007bd000000, 0x00000007bd200000|  0%| F|  |TAMS 0x00000007bd000000| PB 0x00000007bd000000| Untracked |  0
|1513|0x00000007bd200000, 0x00000007bd200000, 0x00000007bd400000|  0%| F|  |TAMS 0x00000007bd200000| PB 0x00000007bd200000| Untracked |  0
|1514|0x00000007bd400000, 0x00000007bd400000, 0x00000007bd600000|  0%| F|  |TAMS 0x00000007bd400000| PB 0x00000007bd400000| Untracked |  0
|1515|0x00000007bd600000, 0x00000007bd600000, 0x00000007bd800000|  0%| F|  |TAMS 0x00000007bd600000| PB 0x00000007bd600000| Untracked |  0
|1516|0x00000007bd800000, 0x00000007bd800000, 0x00000007bda00000|  0%| F|  |TAMS 0x00000007bd800000| PB 0x00000007bd800000| Untracked |  0
|1517|0x00000007bda00000, 0x00000007bda00000, 0x00000007bdc00000|  0%| F|  |TAMS 0x00000007bda00000| PB 0x00000007bda00000| Untracked |  0
|1518|0x00000007bdc00000, 0x00000007bdc00000, 0x00000007bde00000|  0%| F|  |TAMS 0x00000007bdc00000| PB 0x00000007bdc00000| Untracked |  0
|1519|0x00000007bde00000, 0x00000007bde00000, 0x00000007be000000|  0%| F|  |TAMS 0x00000007bde00000| PB 0x00000007bde00000| Untracked |  0
|1520|0x00000007be000000, 0x00000007be000000, 0x00000007be200000|  0%| F|  |TAMS 0x00000007be000000| PB 0x00000007be000000| Untracked |  0
|1521|0x00000007be200000, 0x00000007be200000, 0x00000007be400000|  0%| F|  |TAMS 0x00000007be200000| PB 0x00000007be200000| Untracked |  0
|1522|0x00000007be400000, 0x00000007be400000, 0x00000007be600000|  0%| F|  |TAMS 0x00000007be400000| PB 0x00000007be400000| Untracked |  0
|1523|0x00000007be600000, 0x00000007be600000, 0x00000007be800000|  0%| F|  |TAMS 0x00000007be600000| PB 0x00000007be600000| Untracked |  0
|1524|0x00000007be800000, 0x00000007be800000, 0x00000007bea00000|  0%| F|  |TAMS 0x00000007be800000| PB 0x00000007be800000| Untracked |  0
|1525|0x00000007bea00000, 0x00000007bea00000, 0x00000007bec00000|  0%| F|  |TAMS 0x00000007bea00000| PB 0x00000007bea00000| Untracked |  0
|1526|0x00000007bec00000, 0x00000007bec00000, 0x00000007bee00000|  0%| F|  |TAMS 0x00000007bec00000| PB 0x00000007bec00000| Untracked |  0
|1527|0x00000007bee00000, 0x00000007bee00000, 0x00000007bf000000|  0%| F|  |TAMS 0x00000007bee00000| PB 0x00000007bee00000| Untracked |  0
|1528|0x00000007bf000000, 0x00000007bf000000, 0x00000007bf200000|  0%| F|  |TAMS 0x00000007bf000000| PB 0x00000007bf000000| Untracked |  0
|1529|0x00000007bf200000, 0x00000007bf200000, 0x00000007bf400000|  0%| F|  |TAMS 0x00000007bf200000| PB 0x00000007bf200000| Untracked |  0
|1530|0x00000007bf400000, 0x00000007bf400000, 0x00000007bf600000|  0%| F|  |TAMS 0x00000007bf400000| PB 0x00000007bf400000| Untracked |  0
|1531|0x00000007bf600000, 0x00000007bf600000, 0x00000007bf800000|  0%| F|  |TAMS 0x00000007bf600000| PB 0x00000007bf600000| Untracked |  0
|1532|0x00000007bf800000, 0x00000007bf800000, 0x00000007bfa00000|  0%| F|  |TAMS 0x00000007bf800000| PB 0x00000007bf800000| Untracked |  0
|1533|0x00000007bfa00000, 0x00000007bfa00000, 0x00000007bfc00000|  0%| F|  |TAMS 0x00000007bfa00000| PB 0x00000007bfa00000| Untracked |  0
|1534|0x00000007bfc00000, 0x00000007bfc00000, 0x00000007bfe00000|  0%| F|  |TAMS 0x00000007bfc00000| PB 0x00000007bfc00000| Untracked |  0
|1535|0x00000007bfe00000, 0x00000007bfe00000, 0x00000007c0000000|  0%| F|  |TAMS 0x00000007bfe00000| PB 0x00000007bfe00000| Untracked |  0
|1536|0x00000007c0000000, 0x00000007c0000000, 0x00000007c0200000|  0%| F|  |TAMS 0x00000007c0000000| PB 0x00000007c0000000| Untracked |  0
|1537|0x00000007c0200000, 0x00000007c0200000, 0x00000007c0400000|  0%| F|  |TAMS 0x00000007c0200000| PB 0x00000007c0200000| Untracked |  0
|1538|0x00000007c0400000, 0x00000007c0400000, 0x00000007c0600000|  0%| F|  |TAMS 0x00000007c0400000| PB 0x00000007c0400000| Untracked |  0
|1539|0x00000007c0600000, 0x00000007c0600000, 0x00000007c0800000|  0%| F|  |TAMS 0x00000007c0600000| PB 0x00000007c0600000| Untracked |  0
|1540|0x00000007c0800000, 0x00000007c0800000, 0x00000007c0a00000|  0%| F|  |TAMS 0x00000007c0800000| PB 0x00000007c0800000| Untracked |  0
|1541|0x00000007c0a00000, 0x00000007c0a00000, 0x00000007c0c00000|  0%| F|  |TAMS 0x00000007c0a00000| PB 0x00000007c0a00000| Untracked |  0
|1542|0x00000007c0c00000, 0x00000007c0c00000, 0x00000007c0e00000|  0%| F|  |TAMS 0x00000007c0c00000| PB 0x00000007c0c00000| Untracked |  0
|1543|0x00000007c0e00000, 0x00000007c0e00000, 0x00000007c1000000|  0%| F|  |TAMS 0x00000007c0e00000| PB 0x00000007c0e00000| Untracked |  0
|1544|0x00000007c1000000, 0x00000007c1000000, 0x00000007c1200000|  0%| F|  |TAMS 0x00000007c1000000| PB 0x00000007c1000000| Untracked |  0
|1545|0x00000007c1200000, 0x00000007c1200000, 0x00000007c1400000|  0%| F|  |TAMS 0x00000007c1200000| PB 0x00000007c1200000| Untracked |  0
|1546|0x00000007c1400000, 0x00000007c1400000, 0x00000007c1600000|  0%| F|  |TAMS 0x00000007c1400000| PB 0x00000007c1400000| Untracked |  0
|1547|0x00000007c1600000, 0x00000007c1600000, 0x00000007c1800000|  0%| F|  |TAMS 0x00000007c1600000| PB 0x00000007c1600000| Untracked |  0
|1548|0x00000007c1800000, 0x00000007c1800000, 0x00000007c1a00000|  0%| F|  |TAMS 0x00000007c1800000| PB 0x00000007c1800000| Untracked |  0
|1549|0x00000007c1a00000, 0x00000007c1a00000, 0x00000007c1c00000|  0%| F|  |TAMS 0x00000007c1a00000| PB 0x00000007c1a00000| Untracked |  0
|1550|0x00000007c1c00000, 0x00000007c1c00000, 0x00000007c1e00000|  0%| F|  |TAMS 0x00000007c1c00000| PB 0x00000007c1c00000| Untracked |  0
|1551|0x00000007c1e00000, 0x00000007c1e00000, 0x00000007c2000000|  0%| F|  |TAMS 0x00000007c1e00000| PB 0x00000007c1e00000| Untracked |  0
|1552|0x00000007c2000000, 0x00000007c2000000, 0x00000007c2200000|  0%| F|  |TAMS 0x00000007c2000000| PB 0x00000007c2000000| Untracked |  0
|1553|0x00000007c2200000, 0x00000007c2200000, 0x00000007c2400000|  0%| F|  |TAMS 0x00000007c2200000| PB 0x00000007c2200000| Untracked |  0
|1554|0x00000007c2400000, 0x00000007c2400000, 0x00000007c2600000|  0%| F|  |TAMS 0x00000007c2400000| PB 0x00000007c2400000| Untracked |  0
|1555|0x00000007c2600000, 0x00000007c2600000, 0x00000007c2800000|  0%| F|  |TAMS 0x00000007c2600000| PB 0x00000007c2600000| Untracked |  0
|1556|0x00000007c2800000, 0x00000007c2800000, 0x00000007c2a00000|  0%| F|  |TAMS 0x00000007c2800000| PB 0x00000007c2800000| Untracked |  0
|1557|0x00000007c2a00000, 0x00000007c2a00000, 0x00000007c2c00000|  0%| F|  |TAMS 0x00000007c2a00000| PB 0x00000007c2a00000| Untracked |  0
|1558|0x00000007c2c00000, 0x00000007c2c00000, 0x00000007c2e00000|  0%| F|  |TAMS 0x00000007c2c00000| PB 0x00000007c2c00000| Untracked |  0
|1559|0x00000007c2e00000, 0x00000007c2e00000, 0x00000007c3000000|  0%| F|  |TAMS 0x00000007c2e00000| PB 0x00000007c2e00000| Untracked |  0
|1560|0x00000007c3000000, 0x00000007c3000000, 0x00000007c3200000|  0%| F|  |TAMS 0x00000007c3000000| PB 0x00000007c3000000| Untracked |  0
|1561|0x00000007c3200000, 0x00000007c3200000, 0x00000007c3400000|  0%| F|  |TAMS 0x00000007c3200000| PB 0x00000007c3200000| Untracked |  0
|1562|0x00000007c3400000, 0x00000007c3400000, 0x00000007c3600000|  0%| F|  |TAMS 0x00000007c3400000| PB 0x00000007c3400000| Untracked |  0
|1563|0x00000007c3600000, 0x00000007c3600000, 0x00000007c3800000|  0%| F|  |TAMS 0x00000007c3600000| PB 0x00000007c3600000| Untracked |  0
|1564|0x00000007c3800000, 0x00000007c3800000, 0x00000007c3a00000|  0%| F|  |TAMS 0x00000007c3800000| PB 0x00000007c3800000| Untracked |  0
|1565|0x00000007c3a00000, 0x00000007c3a00000, 0x00000007c3c00000|  0%| F|  |TAMS 0x00000007c3a00000| PB 0x00000007c3a00000| Untracked |  0
|1566|0x00000007c3c00000, 0x00000007c3c00000, 0x00000007c3e00000|  0%| F|  |TAMS 0x00000007c3c00000| PB 0x00000007c3c00000| Untracked |  0
|1567|0x00000007c3e00000, 0x00000007c3e00000, 0x00000007c4000000|  0%| F|  |TAMS 0x00000007c3e00000| PB 0x00000007c3e00000| Untracked |  0
|1568|0x00000007c4000000, 0x00000007c4000000, 0x00000007c4200000|  0%| F|  |TAMS 0x00000007c4000000| PB 0x00000007c4000000| Untracked |  0
|1569|0x00000007c4200000, 0x00000007c4200000, 0x00000007c4400000|  0%| F|  |TAMS 0x00000007c4200000| PB 0x00000007c4200000| Untracked |  0
|1570|0x00000007c4400000, 0x00000007c4400000, 0x00000007c4600000|  0%| F|  |TAMS 0x00000007c4400000| PB 0x00000007c4400000| Untracked |  0
|1571|0x00000007c4600000, 0x00000007c4600000, 0x00000007c4800000|  0%| F|  |TAMS 0x00000007c4600000| PB 0x00000007c4600000| Untracked |  0
|1572|0x00000007c4800000, 0x00000007c4800000, 0x00000007c4a00000|  0%| F|  |TAMS 0x00000007c4800000| PB 0x00000007c4800000| Untracked |  0
|1573|0x00000007c4a00000, 0x00000007c4a00000, 0x00000007c4c00000|  0%| F|  |TAMS 0x00000007c4a00000| PB 0x00000007c4a00000| Untracked |  0
|1574|0x00000007c4c00000, 0x00000007c4c00000, 0x00000007c4e00000|  0%| F|  |TAMS 0x00000007c4c00000| PB 0x00000007c4c00000| Untracked |  0
|1575|0x00000007c4e00000, 0x00000007c4e00000, 0x00000007c5000000|  0%| F|  |TAMS 0x00000007c4e00000| PB 0x00000007c4e00000| Untracked |  0
|1576|0x00000007c5000000, 0x00000007c5000000, 0x00000007c5200000|  0%| F|  |TAMS 0x00000007c5000000| PB 0x00000007c5000000| Untracked |  0
|1577|0x00000007c5200000, 0x00000007c5200000, 0x00000007c5400000|  0%| F|  |TAMS 0x00000007c5200000| PB 0x00000007c5200000| Untracked |  0
|1578|0x00000007c5400000, 0x00000007c5400000, 0x00000007c5600000|  0%| F|  |TAMS 0x00000007c5400000| PB 0x00000007c5400000| Untracked |  0
|1579|0x00000007c5600000, 0x00000007c5600000, 0x00000007c5800000|  0%| F|  |TAMS 0x00000007c5600000| PB 0x00000007c5600000| Untracked |  0
|1580|0x00000007c5800000, 0x00000007c5800000, 0x00000007c5a00000|  0%| F|  |TAMS 0x00000007c5800000| PB 0x00000007c5800000| Untracked |  0
|1581|0x00000007c5a00000, 0x00000007c5a00000, 0x00000007c5c00000|  0%| F|  |TAMS 0x00000007c5a00000| PB 0x00000007c5a00000| Untracked |  0
|1582|0x00000007c5c00000, 0x00000007c5c00000, 0x00000007c5e00000|  0%| F|  |TAMS 0x00000007c5c00000| PB 0x00000007c5c00000| Untracked |  0
|1583|0x00000007c5e00000, 0x00000007c5e00000, 0x00000007c6000000|  0%| F|  |TAMS 0x00000007c5e00000| PB 0x00000007c5e00000| Untracked |  0
|1584|0x00000007c6000000, 0x00000007c6000000, 0x00000007c6200000|  0%| F|  |TAMS 0x00000007c6000000| PB 0x00000007c6000000| Untracked |  0
|1585|0x00000007c6200000, 0x00000007c6200000, 0x00000007c6400000|  0%| F|  |TAMS 0x00000007c6200000| PB 0x00000007c6200000| Untracked |  0
|1586|0x00000007c6400000, 0x00000007c6400000, 0x00000007c6600000|  0%| F|  |TAMS 0x00000007c6400000| PB 0x00000007c6400000| Untracked |  0
|1587|0x00000007c6600000, 0x00000007c6600000, 0x00000007c6800000|  0%| F|  |TAMS 0x00000007c6600000| PB 0x00000007c6600000| Untracked |  0
|1588|0x00000007c6800000, 0x00000007c6800000, 0x00000007c6a00000|  0%| F|  |TAMS 0x00000007c6800000| PB 0x00000007c6800000| Untracked |  0
|1589|0x00000007c6a00000, 0x00000007c6a00000, 0x00000007c6c00000|  0%| F|  |TAMS 0x00000007c6a00000| PB 0x00000007c6a00000| Untracked |  0
|1590|0x00000007c6c00000, 0x00000007c6c00000, 0x00000007c6e00000|  0%| F|  |TAMS 0x00000007c6c00000| PB 0x00000007c6c00000| Untracked |  0
|1591|0x00000007c6e00000, 0x00000007c6e00000, 0x00000007c7000000|  0%| F|  |TAMS 0x00000007c6e00000| PB 0x00000007c6e00000| Untracked |  0
|1592|0x00000007c7000000, 0x00000007c7000000, 0x00000007c7200000|  0%| F|  |TAMS 0x00000007c7000000| PB 0x00000007c7000000| Untracked |  0
|1593|0x00000007c7200000, 0x00000007c7200000, 0x00000007c7400000|  0%| F|  |TAMS 0x00000007c7200000| PB 0x00000007c7200000| Untracked |  0
|1594|0x00000007c7400000, 0x00000007c7400000, 0x00000007c7600000|  0%| F|  |TAMS 0x00000007c7400000| PB 0x00000007c7400000| Untracked |  0
|1595|0x00000007c7600000, 0x00000007c7600000, 0x00000007c7800000|  0%| F|  |TAMS 0x00000007c7600000| PB 0x00000007c7600000| Untracked |  0
|1596|0x00000007c7800000, 0x00000007c7800000, 0x00000007c7a00000|  0%| F|  |TAMS 0x00000007c7800000| PB 0x00000007c7800000| Untracked |  0
|1597|0x00000007c7a00000, 0x00000007c7a00000, 0x00000007c7c00000|  0%| F|  |TAMS 0x00000007c7a00000| PB 0x00000007c7a00000| Untracked |  0
|1598|0x00000007c7c00000, 0x00000007c7c00000, 0x00000007c7e00000|  0%| F|  |TAMS 0x00000007c7c00000| PB 0x00000007c7c00000| Untracked |  0
|1599|0x00000007c7e00000, 0x00000007c7e00000, 0x00000007c8000000|  0%| F|  |TAMS 0x00000007c7e00000| PB 0x00000007c7e00000| Untracked |  0
|1600|0x00000007c8000000, 0x00000007c8000000, 0x00000007c8200000|  0%| F|  |TAMS 0x00000007c8000000| PB 0x00000007c8000000| Untracked |  0
|1601|0x00000007c8200000, 0x00000007c8200000, 0x00000007c8400000|  0%| F|  |TAMS 0x00000007c8200000| PB 0x00000007c8200000| Untracked |  0
|1602|0x00000007c8400000, 0x00000007c8400000, 0x00000007c8600000|  0%| F|  |TAMS 0x00000007c8400000| PB 0x00000007c8400000| Untracked |  0
|1603|0x00000007c8600000, 0x00000007c8600000, 0x00000007c8800000|  0%| F|  |TAMS 0x00000007c8600000| PB 0x00000007c8600000| Untracked |  0
|1604|0x00000007c8800000, 0x00000007c8800000, 0x00000007c8a00000|  0%| F|  |TAMS 0x00000007c8800000| PB 0x00000007c8800000| Untracked |  0
|1605|0x00000007c8a00000, 0x00000007c8a00000, 0x00000007c8c00000|  0%| F|  |TAMS 0x00000007c8a00000| PB 0x00000007c8a00000| Untracked |  0
|1606|0x00000007c8c00000, 0x00000007c8c00000, 0x00000007c8e00000|  0%| F|  |TAMS 0x00000007c8c00000| PB 0x00000007c8c00000| Untracked |  0
|1607|0x00000007c8e00000, 0x00000007c8e00000, 0x00000007c9000000|  0%| F|  |TAMS 0x00000007c8e00000| PB 0x00000007c8e00000| Untracked |  0
|1608|0x00000007c9000000, 0x00000007c9000000, 0x00000007c9200000|  0%| F|  |TAMS 0x00000007c9000000| PB 0x00000007c9000000| Untracked |  0
|1609|0x00000007c9200000, 0x00000007c9200000, 0x00000007c9400000|  0%| F|  |TAMS 0x00000007c9200000| PB 0x00000007c9200000| Untracked |  0
|1610|0x00000007c9400000, 0x00000007c9400000, 0x00000007c9600000|  0%| F|  |TAMS 0x00000007c9400000| PB 0x00000007c9400000| Untracked |  0
|1611|0x00000007c9600000, 0x00000007c9600000, 0x00000007c9800000|  0%| F|  |TAMS 0x00000007c9600000| PB 0x00000007c9600000| Untracked |  0
|1612|0x00000007c9800000, 0x00000007c9800000, 0x00000007c9a00000|  0%| F|  |TAMS 0x00000007c9800000| PB 0x00000007c9800000| Untracked |  0
|1613|0x00000007c9a00000, 0x00000007c9a00000, 0x00000007c9c00000|  0%| F|  |TAMS 0x00000007c9a00000| PB 0x00000007c9a00000| Untracked |  0
|1614|0x00000007c9c00000, 0x00000007c9c00000, 0x00000007c9e00000|  0%| F|  |TAMS 0x00000007c9c00000| PB 0x00000007c9c00000| Untracked |  0
|1615|0x00000007c9e00000, 0x00000007c9e00000, 0x00000007ca000000|  0%| F|  |TAMS 0x00000007c9e00000| PB 0x00000007c9e00000| Untracked |  0
|1616|0x00000007ca000000, 0x00000007ca000000, 0x00000007ca200000|  0%| F|  |TAMS 0x00000007ca000000| PB 0x00000007ca000000| Untracked |  0
|1617|0x00000007ca200000, 0x00000007ca200000, 0x00000007ca400000|  0%| F|  |TAMS 0x00000007ca200000| PB 0x00000007ca200000| Untracked |  0
|1618|0x00000007ca400000, 0x00000007ca400000, 0x00000007ca600000|  0%| F|  |TAMS 0x00000007ca400000| PB 0x00000007ca400000| Untracked |  0
|1619|0x00000007ca600000, 0x00000007ca600000, 0x00000007ca800000|  0%| F|  |TAMS 0x00000007ca600000| PB 0x00000007ca600000| Untracked |  0
|1620|0x00000007ca800000, 0x00000007ca800000, 0x00000007caa00000|  0%| F|  |TAMS 0x00000007ca800000| PB 0x00000007ca800000| Untracked |  0
|1621|0x00000007caa00000, 0x00000007caa00000, 0x00000007cac00000|  0%| F|  |TAMS 0x00000007caa00000| PB 0x00000007caa00000| Untracked |  0
|1622|0x00000007cac00000, 0x00000007cac00000, 0x00000007cae00000|  0%| F|  |TAMS 0x00000007cac00000| PB 0x00000007cac00000| Untracked |  0
|1623|0x00000007cae00000, 0x00000007cae00000, 0x00000007cb000000|  0%| F|  |TAMS 0x00000007cae00000| PB 0x00000007cae00000| Untracked |  0
|1624|0x00000007cb000000, 0x00000007cb000000, 0x00000007cb200000|  0%| F|  |TAMS 0x00000007cb000000| PB 0x00000007cb000000| Untracked |  0
|1625|0x00000007cb200000, 0x00000007cb200000, 0x00000007cb400000|  0%| F|  |TAMS 0x00000007cb200000| PB 0x00000007cb200000| Untracked |  0
|1626|0x00000007cb400000, 0x00000007cb400000, 0x00000007cb600000|  0%| F|  |TAMS 0x00000007cb400000| PB 0x00000007cb400000| Untracked |  0
|1627|0x00000007cb600000, 0x00000007cb600000, 0x00000007cb800000|  0%| F|  |TAMS 0x00000007cb600000| PB 0x00000007cb600000| Untracked |  0
|1628|0x00000007cb800000, 0x00000007cb800000, 0x00000007cba00000|  0%| F|  |TAMS 0x00000007cb800000| PB 0x00000007cb800000| Untracked |  0
|1629|0x00000007cba00000, 0x00000007cba00000, 0x00000007cbc00000|  0%| F|  |TAMS 0x00000007cba00000| PB 0x00000007cba00000| Untracked |  0
|1630|0x00000007cbc00000, 0x00000007cbc00000, 0x00000007cbe00000|  0%| F|  |TAMS 0x00000007cbc00000| PB 0x00000007cbc00000| Untracked |  0
|1631|0x00000007cbe00000, 0x00000007cbe00000, 0x00000007cc000000|  0%| F|  |TAMS 0x00000007cbe00000| PB 0x00000007cbe00000| Untracked |  0
|1632|0x00000007cc000000, 0x00000007cc000000, 0x00000007cc200000|  0%| F|  |TAMS 0x00000007cc000000| PB 0x00000007cc000000| Untracked |  0
|1633|0x00000007cc200000, 0x00000007cc200000, 0x00000007cc400000|  0%| F|  |TAMS 0x00000007cc200000| PB 0x00000007cc200000| Untracked |  0
|1634|0x00000007cc400000, 0x00000007cc400000, 0x00000007cc600000|  0%| F|  |TAMS 0x00000007cc400000| PB 0x00000007cc400000| Untracked |  0
|1635|0x00000007cc600000, 0x00000007cc600000, 0x00000007cc800000|  0%| F|  |TAMS 0x00000007cc600000| PB 0x00000007cc600000| Untracked |  0
|1636|0x00000007cc800000, 0x00000007cc800000, 0x00000007cca00000|  0%| F|  |TAMS 0x00000007cc800000| PB 0x00000007cc800000| Untracked |  0
|1637|0x00000007cca00000, 0x00000007cca00000, 0x00000007ccc00000|  0%| F|  |TAMS 0x00000007cca00000| PB 0x00000007cca00000| Untracked |  0
|1638|0x00000007ccc00000, 0x00000007ccc00000, 0x00000007cce00000|  0%| F|  |TAMS 0x00000007ccc00000| PB 0x00000007ccc00000| Untracked |  0
|1639|0x00000007cce00000, 0x00000007cce00000, 0x00000007cd000000|  0%| F|  |TAMS 0x00000007cce00000| PB 0x00000007cce00000| Untracked |  0
|1640|0x00000007cd000000, 0x00000007cd000000, 0x00000007cd200000|  0%| F|  |TAMS 0x00000007cd000000| PB 0x00000007cd000000| Untracked |  0
|1641|0x00000007cd200000, 0x00000007cd200000, 0x00000007cd400000|  0%| F|  |TAMS 0x00000007cd200000| PB 0x00000007cd200000| Untracked |  0
|1642|0x00000007cd400000, 0x00000007cd400000, 0x00000007cd600000|  0%| F|  |TAMS 0x00000007cd400000| PB 0x00000007cd400000| Untracked |  0
|1643|0x00000007cd600000, 0x00000007cd600000, 0x00000007cd800000|  0%| F|  |TAMS 0x00000007cd600000| PB 0x00000007cd600000| Untracked |  0
|1644|0x00000007cd800000, 0x00000007cd800000, 0x00000007cda00000|  0%| F|  |TAMS 0x00000007cd800000| PB 0x00000007cd800000| Untracked |  0
|1645|0x00000007cda00000, 0x00000007cda00000, 0x00000007cdc00000|  0%| F|  |TAMS 0x00000007cda00000| PB 0x00000007cda00000| Untracked |  0
|1646|0x00000007cdc00000, 0x00000007cdc00000, 0x00000007cde00000|  0%| F|  |TAMS 0x00000007cdc00000| PB 0x00000007cdc00000| Untracked |  0
|1647|0x00000007cde00000, 0x00000007cde00000, 0x00000007ce000000|  0%| F|  |TAMS 0x00000007cde00000| PB 0x00000007cde00000| Untracked |  0
|1648|0x00000007ce000000, 0x00000007ce000000, 0x00000007ce200000|  0%| F|  |TAMS 0x00000007ce000000| PB 0x00000007ce000000| Untracked |  0
|1649|0x00000007ce200000, 0x00000007ce200000, 0x00000007ce400000|  0%| F|  |TAMS 0x00000007ce200000| PB 0x00000007ce200000| Untracked |  0
|1650|0x00000007ce400000, 0x00000007ce400000, 0x00000007ce600000|  0%| F|  |TAMS 0x00000007ce400000| PB 0x00000007ce400000| Untracked |  0
|1651|0x00000007ce600000, 0x00000007ce600000, 0x00000007ce800000|  0%| F|  |TAMS 0x00000007ce600000| PB 0x00000007ce600000| Untracked |  0
|1652|0x00000007ce800000, 0x00000007ce800000, 0x00000007cea00000|  0%| F|  |TAMS 0x00000007ce800000| PB 0x00000007ce800000| Untracked |  0
|1653|0x00000007cea00000, 0x00000007cea00000, 0x00000007cec00000|  0%| F|  |TAMS 0x00000007cea00000| PB 0x00000007cea00000| Untracked |  0
|1654|0x00000007cec00000, 0x00000007cec00000, 0x00000007cee00000|  0%| F|  |TAMS 0x00000007cec00000| PB 0x00000007cec00000| Untracked |  0
|1655|0x00000007cee00000, 0x00000007cee00000, 0x00000007cf000000|  0%| F|  |TAMS 0x00000007cee00000| PB 0x00000007cee00000| Untracked |  0
|1656|0x00000007cf000000, 0x00000007cf000000, 0x00000007cf200000|  0%| F|  |TAMS 0x00000007cf000000| PB 0x00000007cf000000| Untracked |  0
|1657|0x00000007cf200000, 0x00000007cf200000, 0x00000007cf400000|  0%| F|  |TAMS 0x00000007cf200000| PB 0x00000007cf200000| Untracked |  0
|1658|0x00000007cf400000, 0x00000007cf400000, 0x00000007cf600000|  0%| F|  |TAMS 0x00000007cf400000| PB 0x00000007cf400000| Untracked |  0
|1659|0x00000007cf600000, 0x00000007cf600000, 0x00000007cf800000|  0%| F|  |TAMS 0x00000007cf600000| PB 0x00000007cf600000| Untracked |  0
|1660|0x00000007cf800000, 0x00000007cf800000, 0x00000007cfa00000|  0%| F|  |TAMS 0x00000007cf800000| PB 0x00000007cf800000| Untracked |  0
|1661|0x00000007cfa00000, 0x00000007cfa00000, 0x00000007cfc00000|  0%| F|  |TAMS 0x00000007cfa00000| PB 0x00000007cfa00000| Untracked |  0
|1662|0x00000007cfc00000, 0x00000007cfc00000, 0x00000007cfe00000|  0%| F|  |TAMS 0x00000007cfc00000| PB 0x00000007cfc00000| Untracked |  0
|1663|0x00000007cfe00000, 0x00000007cfe00000, 0x00000007d0000000|  0%| F|  |TAMS 0x00000007cfe00000| PB 0x00000007cfe00000| Untracked |  0
|1664|0x00000007d0000000, 0x00000007d0000000, 0x00000007d0200000|  0%| F|  |TAMS 0x00000007d0000000| PB 0x00000007d0000000| Untracked |  0
|1665|0x00000007d0200000, 0x00000007d0200000, 0x00000007d0400000|  0%| F|  |TAMS 0x00000007d0200000| PB 0x00000007d0200000| Untracked |  0
|1666|0x00000007d0400000, 0x00000007d0400000, 0x00000007d0600000|  0%| F|  |TAMS 0x00000007d0400000| PB 0x00000007d0400000| Untracked |  0
|1667|0x00000007d0600000, 0x00000007d0600000, 0x00000007d0800000|  0%| F|  |TAMS 0x00000007d0600000| PB 0x00000007d0600000| Untracked |  0
|1668|0x00000007d0800000, 0x00000007d0800000, 0x00000007d0a00000|  0%| F|  |TAMS 0x00000007d0800000| PB 0x00000007d0800000| Untracked |  0
|1669|0x00000007d0a00000, 0x00000007d0a00000, 0x00000007d0c00000|  0%| F|  |TAMS 0x00000007d0a00000| PB 0x00000007d0a00000| Untracked |  0
|1670|0x00000007d0c00000, 0x00000007d0c00000, 0x00000007d0e00000|  0%| F|  |TAMS 0x00000007d0c00000| PB 0x00000007d0c00000| Untracked |  0
|1671|0x00000007d0e00000, 0x00000007d0e00000, 0x00000007d1000000|  0%| F|  |TAMS 0x00000007d0e00000| PB 0x00000007d0e00000| Untracked |  0
|1672|0x00000007d1000000, 0x00000007d1000000, 0x00000007d1200000|  0%| F|  |TAMS 0x00000007d1000000| PB 0x00000007d1000000| Untracked |  0
|1673|0x00000007d1200000, 0x00000007d1200000, 0x00000007d1400000|  0%| F|  |TAMS 0x00000007d1200000| PB 0x00000007d1200000| Untracked |  0
|1674|0x00000007d1400000, 0x00000007d1400000, 0x00000007d1600000|  0%| F|  |TAMS 0x00000007d1400000| PB 0x00000007d1400000| Untracked |  0
|1675|0x00000007d1600000, 0x00000007d1600000, 0x00000007d1800000|  0%| F|  |TAMS 0x00000007d1600000| PB 0x00000007d1600000| Untracked |  0
|1676|0x00000007d1800000, 0x00000007d1800000, 0x00000007d1a00000|  0%| F|  |TAMS 0x00000007d1800000| PB 0x00000007d1800000| Untracked |  0
|1677|0x00000007d1a00000, 0x00000007d1a00000, 0x00000007d1c00000|  0%| F|  |TAMS 0x00000007d1a00000| PB 0x00000007d1a00000| Untracked |  0
|1678|0x00000007d1c00000, 0x00000007d1c00000, 0x00000007d1e00000|  0%| F|  |TAMS 0x00000007d1c00000| PB 0x00000007d1c00000| Untracked |  0
|1679|0x00000007d1e00000, 0x00000007d1e00000, 0x00000007d2000000|  0%| F|  |TAMS 0x00000007d1e00000| PB 0x00000007d1e00000| Untracked |  0
|1680|0x00000007d2000000, 0x00000007d2000000, 0x00000007d2200000|  0%| F|  |TAMS 0x00000007d2000000| PB 0x00000007d2000000| Untracked |  0
|1681|0x00000007d2200000, 0x00000007d2200000, 0x00000007d2400000|  0%| F|  |TAMS 0x00000007d2200000| PB 0x00000007d2200000| Untracked |  0
|1682|0x00000007d2400000, 0x00000007d2400000, 0x00000007d2600000|  0%| F|  |TAMS 0x00000007d2400000| PB 0x00000007d2400000| Untracked |  0
|1683|0x00000007d2600000, 0x00000007d2600000, 0x00000007d2800000|  0%| F|  |TAMS 0x00000007d2600000| PB 0x00000007d2600000| Untracked |  0
|1684|0x00000007d2800000, 0x00000007d2800000, 0x00000007d2a00000|  0%| F|  |TAMS 0x00000007d2800000| PB 0x00000007d2800000| Untracked |  0
|1685|0x00000007d2a00000, 0x00000007d2a00000, 0x00000007d2c00000|  0%| F|  |TAMS 0x00000007d2a00000| PB 0x00000007d2a00000| Untracked |  0
|1686|0x00000007d2c00000, 0x00000007d2c00000, 0x00000007d2e00000|  0%| F|  |TAMS 0x00000007d2c00000| PB 0x00000007d2c00000| Untracked |  0
|1687|0x00000007d2e00000, 0x00000007d2e00000, 0x00000007d3000000|  0%| F|  |TAMS 0x00000007d2e00000| PB 0x00000007d2e00000| Untracked |  0
|1688|0x00000007d3000000, 0x00000007d3000000, 0x00000007d3200000|  0%| F|  |TAMS 0x00000007d3000000| PB 0x00000007d3000000| Untracked |  0
|1689|0x00000007d3200000, 0x00000007d3200000, 0x00000007d3400000|  0%| F|  |TAMS 0x00000007d3200000| PB 0x00000007d3200000| Untracked |  0
|1690|0x00000007d3400000, 0x00000007d3400000, 0x00000007d3600000|  0%| F|  |TAMS 0x00000007d3400000| PB 0x00000007d3400000| Untracked |  0
|1691|0x00000007d3600000, 0x00000007d3600000, 0x00000007d3800000|  0%| F|  |TAMS 0x00000007d3600000| PB 0x00000007d3600000| Untracked |  0
|1692|0x00000007d3800000, 0x00000007d3800000, 0x00000007d3a00000|  0%| F|  |TAMS 0x00000007d3800000| PB 0x00000007d3800000| Untracked |  0
|1693|0x00000007d3a00000, 0x00000007d3a00000, 0x00000007d3c00000|  0%| F|  |TAMS 0x00000007d3a00000| PB 0x00000007d3a00000| Untracked |  0
|1694|0x00000007d3c00000, 0x00000007d3c00000, 0x00000007d3e00000|  0%| F|  |TAMS 0x00000007d3c00000| PB 0x00000007d3c00000| Untracked |  0
|1695|0x00000007d3e00000, 0x00000007d3e00000, 0x00000007d4000000|  0%| F|  |TAMS 0x00000007d3e00000| PB 0x00000007d3e00000| Untracked |  0
|1696|0x00000007d4000000, 0x00000007d4000000, 0x00000007d4200000|  0%| F|  |TAMS 0x00000007d4000000| PB 0x00000007d4000000| Untracked |  0
|1697|0x00000007d4200000, 0x00000007d4200000, 0x00000007d4400000|  0%| F|  |TAMS 0x00000007d4200000| PB 0x00000007d4200000| Untracked |  0
|1698|0x00000007d4400000, 0x00000007d4400000, 0x00000007d4600000|  0%| F|  |TAMS 0x00000007d4400000| PB 0x00000007d4400000| Untracked |  0
|1699|0x00000007d4600000, 0x00000007d4600000, 0x00000007d4800000|  0%| F|  |TAMS 0x00000007d4600000| PB 0x00000007d4600000| Untracked |  0
|1700|0x00000007d4800000, 0x00000007d4800000, 0x00000007d4a00000|  0%| F|  |TAMS 0x00000007d4800000| PB 0x00000007d4800000| Untracked |  0
|1701|0x00000007d4a00000, 0x00000007d4a00000, 0x00000007d4c00000|  0%| F|  |TAMS 0x00000007d4a00000| PB 0x00000007d4a00000| Untracked |  0
|1702|0x00000007d4c00000, 0x00000007d4c00000, 0x00000007d4e00000|  0%| F|  |TAMS 0x00000007d4c00000| PB 0x00000007d4c00000| Untracked |  0
|1703|0x00000007d4e00000, 0x00000007d4e00000, 0x00000007d5000000|  0%| F|  |TAMS 0x00000007d4e00000| PB 0x00000007d4e00000| Untracked |  0
|1704|0x00000007d5000000, 0x00000007d5000000, 0x00000007d5200000|  0%| F|  |TAMS 0x00000007d5000000| PB 0x00000007d5000000| Untracked |  0
|1705|0x00000007d5200000, 0x00000007d5200000, 0x00000007d5400000|  0%| F|  |TAMS 0x00000007d5200000| PB 0x00000007d5200000| Untracked |  0
|1706|0x00000007d5400000, 0x00000007d5400000, 0x00000007d5600000|  0%| F|  |TAMS 0x00000007d5400000| PB 0x00000007d5400000| Untracked |  0
|1707|0x00000007d5600000, 0x00000007d5600000, 0x00000007d5800000|  0%| F|  |TAMS 0x00000007d5600000| PB 0x00000007d5600000| Untracked |  0
|1708|0x00000007d5800000, 0x00000007d5800000, 0x00000007d5a00000|  0%| F|  |TAMS 0x00000007d5800000| PB 0x00000007d5800000| Untracked |  0
|1709|0x00000007d5a00000, 0x00000007d5a00000, 0x00000007d5c00000|  0%| F|  |TAMS 0x00000007d5a00000| PB 0x00000007d5a00000| Untracked |  0
|1710|0x00000007d5c00000, 0x00000007d5c00000, 0x00000007d5e00000|  0%| F|  |TAMS 0x00000007d5c00000| PB 0x00000007d5c00000| Untracked |  0
|1711|0x00000007d5e00000, 0x00000007d5e00000, 0x00000007d6000000|  0%| F|  |TAMS 0x00000007d5e00000| PB 0x00000007d5e00000| Untracked |  0
|1712|0x00000007d6000000, 0x00000007d6000000, 0x00000007d6200000|  0%| F|  |TAMS 0x00000007d6000000| PB 0x00000007d6000000| Untracked |  0
|1713|0x00000007d6200000, 0x00000007d6200000, 0x00000007d6400000|  0%| F|  |TAMS 0x00000007d6200000| PB 0x00000007d6200000| Untracked |  0
|1714|0x00000007d6400000, 0x00000007d6400000, 0x00000007d6600000|  0%| F|  |TAMS 0x00000007d6400000| PB 0x00000007d6400000| Untracked |  0
|1715|0x00000007d6600000, 0x00000007d6600000, 0x00000007d6800000|  0%| F|  |TAMS 0x00000007d6600000| PB 0x00000007d6600000| Untracked |  0
|1716|0x00000007d6800000, 0x00000007d6800000, 0x00000007d6a00000|  0%| F|  |TAMS 0x00000007d6800000| PB 0x00000007d6800000| Untracked |  0
|1717|0x00000007d6a00000, 0x00000007d6a00000, 0x00000007d6c00000|  0%| F|  |TAMS 0x00000007d6a00000| PB 0x00000007d6a00000| Untracked |  0
|1718|0x00000007d6c00000, 0x00000007d6c00000, 0x00000007d6e00000|  0%| F|  |TAMS 0x00000007d6c00000| PB 0x00000007d6c00000| Untracked |  0
|1719|0x00000007d6e00000, 0x00000007d6e00000, 0x00000007d7000000|  0%| F|  |TAMS 0x00000007d6e00000| PB 0x00000007d6e00000| Untracked |  0
|1720|0x00000007d7000000, 0x00000007d7000000, 0x00000007d7200000|  0%| F|  |TAMS 0x00000007d7000000| PB 0x00000007d7000000| Untracked |  0
|1721|0x00000007d7200000, 0x00000007d7200000, 0x00000007d7400000|  0%| F|  |TAMS 0x00000007d7200000| PB 0x00000007d7200000| Untracked |  0
|1722|0x00000007d7400000, 0x00000007d7400000, 0x00000007d7600000|  0%| F|  |TAMS 0x00000007d7400000| PB 0x00000007d7400000| Untracked |  0
|1723|0x00000007d7600000, 0x00000007d7600000, 0x00000007d7800000|  0%| F|  |TAMS 0x00000007d7600000| PB 0x00000007d7600000| Untracked |  0
|1724|0x00000007d7800000, 0x00000007d7800000, 0x00000007d7a00000|  0%| F|  |TAMS 0x00000007d7800000| PB 0x00000007d7800000| Untracked |  0
|1725|0x00000007d7a00000, 0x00000007d7a00000, 0x00000007d7c00000|  0%| F|  |TAMS 0x00000007d7a00000| PB 0x00000007d7a00000| Untracked |  0
|1726|0x00000007d7c00000, 0x00000007d7c00000, 0x00000007d7e00000|  0%| F|  |TAMS 0x00000007d7c00000| PB 0x00000007d7c00000| Untracked |  0
|1727|0x00000007d7e00000, 0x00000007d7e00000, 0x00000007d8000000|  0%| F|  |TAMS 0x00000007d7e00000| PB 0x00000007d7e00000| Untracked |  0
|1728|0x00000007d8000000, 0x00000007d8000000, 0x00000007d8200000|  0%| F|  |TAMS 0x00000007d8000000| PB 0x00000007d8000000| Untracked |  0
|1729|0x00000007d8200000, 0x00000007d8200000, 0x00000007d8400000|  0%| F|  |TAMS 0x00000007d8200000| PB 0x00000007d8200000| Untracked |  0
|1730|0x00000007d8400000, 0x00000007d8400000, 0x00000007d8600000|  0%| F|  |TAMS 0x00000007d8400000| PB 0x00000007d8400000| Untracked |  0
|1731|0x00000007d8600000, 0x00000007d8600000, 0x00000007d8800000|  0%| F|  |TAMS 0x00000007d8600000| PB 0x00000007d8600000| Untracked |  0
|1732|0x00000007d8800000, 0x00000007d8800000, 0x00000007d8a00000|  0%| F|  |TAMS 0x00000007d8800000| PB 0x00000007d8800000| Untracked |  0
|1733|0x00000007d8a00000, 0x00000007d8a00000, 0x00000007d8c00000|  0%| F|  |TAMS 0x00000007d8a00000| PB 0x00000007d8a00000| Untracked |  0
|1734|0x00000007d8c00000, 0x00000007d8c00000, 0x00000007d8e00000|  0%| F|  |TAMS 0x00000007d8c00000| PB 0x00000007d8c00000| Untracked |  0
|1735|0x00000007d8e00000, 0x00000007d8e00000, 0x00000007d9000000|  0%| F|  |TAMS 0x00000007d8e00000| PB 0x00000007d8e00000| Untracked |  0
|1736|0x00000007d9000000, 0x00000007d9000000, 0x00000007d9200000|  0%| F|  |TAMS 0x00000007d9000000| PB 0x00000007d9000000| Untracked |  0
|1737|0x00000007d9200000, 0x00000007d9200000, 0x00000007d9400000|  0%| F|  |TAMS 0x00000007d9200000| PB 0x00000007d9200000| Untracked |  0
|1738|0x00000007d9400000, 0x00000007d9400000, 0x00000007d9600000|  0%| F|  |TAMS 0x00000007d9400000| PB 0x00000007d9400000| Untracked |  0
|1739|0x00000007d9600000, 0x00000007d9600000, 0x00000007d9800000|  0%| F|  |TAMS 0x00000007d9600000| PB 0x00000007d9600000| Untracked |  0
|1740|0x00000007d9800000, 0x00000007d9800000, 0x00000007d9a00000|  0%| F|  |TAMS 0x00000007d9800000| PB 0x00000007d9800000| Untracked |  0
|1741|0x00000007d9a00000, 0x00000007d9a00000, 0x00000007d9c00000|  0%| F|  |TAMS 0x00000007d9a00000| PB 0x00000007d9a00000| Untracked |  0
|1742|0x00000007d9c00000, 0x00000007d9c00000, 0x00000007d9e00000|  0%| F|  |TAMS 0x00000007d9c00000| PB 0x00000007d9c00000| Untracked |  0
|1743|0x00000007d9e00000, 0x00000007d9e00000, 0x00000007da000000|  0%| F|  |TAMS 0x00000007d9e00000| PB 0x00000007d9e00000| Untracked |  0
|1744|0x00000007da000000, 0x00000007da000000, 0x00000007da200000|  0%| F|  |TAMS 0x00000007da000000| PB 0x00000007da000000| Untracked |  0
|1745|0x00000007da200000, 0x00000007da200000, 0x00000007da400000|  0%| F|  |TAMS 0x00000007da200000| PB 0x00000007da200000| Untracked |  0
|1746|0x00000007da400000, 0x00000007da400000, 0x00000007da600000|  0%| F|  |TAMS 0x00000007da400000| PB 0x00000007da400000| Untracked |  0
|1747|0x00000007da600000, 0x00000007da600000, 0x00000007da800000|  0%| F|  |TAMS 0x00000007da600000| PB 0x00000007da600000| Untracked |  0
|1748|0x00000007da800000, 0x00000007da800000, 0x00000007daa00000|  0%| F|  |TAMS 0x00000007da800000| PB 0x00000007da800000| Untracked |  0
|1749|0x00000007daa00000, 0x00000007daa00000, 0x00000007dac00000|  0%| F|  |TAMS 0x00000007daa00000| PB 0x00000007daa00000| Untracked |  0
|1750|0x00000007dac00000, 0x00000007dac00000, 0x00000007dae00000|  0%| F|  |TAMS 0x00000007dac00000| PB 0x00000007dac00000| Untracked |  0
|1751|0x00000007dae00000, 0x00000007dae00000, 0x00000007db000000|  0%| F|  |TAMS 0x00000007dae00000| PB 0x00000007dae00000| Untracked |  0
|1752|0x00000007db000000, 0x00000007db000000, 0x00000007db200000|  0%| F|  |TAMS 0x00000007db000000| PB 0x00000007db000000| Untracked |  0
|1753|0x00000007db200000, 0x00000007db200000, 0x00000007db400000|  0%| F|  |TAMS 0x00000007db200000| PB 0x00000007db200000| Untracked |  0
|1754|0x00000007db400000, 0x00000007db400000, 0x00000007db600000|  0%| F|  |TAMS 0x00000007db400000| PB 0x00000007db400000| Untracked |  0
|1755|0x00000007db600000, 0x00000007db600000, 0x00000007db800000|  0%| F|  |TAMS 0x00000007db600000| PB 0x00000007db600000| Untracked |  0
|1756|0x00000007db800000, 0x00000007db800000, 0x00000007dba00000|  0%| F|  |TAMS 0x00000007db800000| PB 0x00000007db800000| Untracked |  0
|1757|0x00000007dba00000, 0x00000007dba00000, 0x00000007dbc00000|  0%| F|  |TAMS 0x00000007dba00000| PB 0x00000007dba00000| Untracked |  0
|1758|0x00000007dbc00000, 0x00000007dbc00000, 0x00000007dbe00000|  0%| F|  |TAMS 0x00000007dbc00000| PB 0x00000007dbc00000| Untracked |  0
|1759|0x00000007dbe00000, 0x00000007dbe00000, 0x00000007dc000000|  0%| F|  |TAMS 0x00000007dbe00000| PB 0x00000007dbe00000| Untracked |  0
|1760|0x00000007dc000000, 0x00000007dc000000, 0x00000007dc200000|  0%| F|  |TAMS 0x00000007dc000000| PB 0x00000007dc000000| Untracked |  0
|1761|0x00000007dc200000, 0x00000007dc200000, 0x00000007dc400000|  0%| F|  |TAMS 0x00000007dc200000| PB 0x00000007dc200000| Untracked |  0
|1762|0x00000007dc400000, 0x00000007dc400000, 0x00000007dc600000|  0%| F|  |TAMS 0x00000007dc400000| PB 0x00000007dc400000| Untracked |  0
|1763|0x00000007dc600000, 0x00000007dc600000, 0x00000007dc800000|  0%| F|  |TAMS 0x00000007dc600000| PB 0x00000007dc600000| Untracked |  0
|1764|0x00000007dc800000, 0x00000007dc800000, 0x00000007dca00000|  0%| F|  |TAMS 0x00000007dc800000| PB 0x00000007dc800000| Untracked |  0
|1765|0x00000007dca00000, 0x00000007dca00000, 0x00000007dcc00000|  0%| F|  |TAMS 0x00000007dca00000| PB 0x00000007dca00000| Untracked |  0
|1766|0x00000007dcc00000, 0x00000007dcc00000, 0x00000007dce00000|  0%| F|  |TAMS 0x00000007dcc00000| PB 0x00000007dcc00000| Untracked |  0
|1767|0x00000007dce00000, 0x00000007dce00000, 0x00000007dd000000|  0%| F|  |TAMS 0x00000007dce00000| PB 0x00000007dce00000| Untracked |  0
|1768|0x00000007dd000000, 0x00000007dd000000, 0x00000007dd200000|  0%| F|  |TAMS 0x00000007dd000000| PB 0x00000007dd000000| Untracked |  0
|1769|0x00000007dd200000, 0x00000007dd200000, 0x00000007dd400000|  0%| F|  |TAMS 0x00000007dd200000| PB 0x00000007dd200000| Untracked |  0
|1770|0x00000007dd400000, 0x00000007dd400000, 0x00000007dd600000|  0%| F|  |TAMS 0x00000007dd400000| PB 0x00000007dd400000| Untracked |  0
|1771|0x00000007dd600000, 0x00000007dd600000, 0x00000007dd800000|  0%| F|  |TAMS 0x00000007dd600000| PB 0x00000007dd600000| Untracked |  0
|1772|0x00000007dd800000, 0x00000007dd800000, 0x00000007dda00000|  0%| F|  |TAMS 0x00000007dd800000| PB 0x00000007dd800000| Untracked |  0
|1773|0x00000007dda00000, 0x00000007dda00000, 0x00000007ddc00000|  0%| F|  |TAMS 0x00000007dda00000| PB 0x00000007dda00000| Untracked |  0
|1774|0x00000007ddc00000, 0x00000007ddc00000, 0x00000007dde00000|  0%| F|  |TAMS 0x00000007ddc00000| PB 0x00000007ddc00000| Untracked |  0
|1775|0x00000007dde00000, 0x00000007dde00000, 0x00000007de000000|  0%| F|  |TAMS 0x00000007dde00000| PB 0x00000007dde00000| Untracked |  0
|1776|0x00000007de000000, 0x00000007de000000, 0x00000007de200000|  0%| F|  |TAMS 0x00000007de000000| PB 0x00000007de000000| Untracked |  0
|1777|0x00000007de200000, 0x00000007de200000, 0x00000007de400000|  0%| F|  |TAMS 0x00000007de200000| PB 0x00000007de200000| Untracked |  0
|1778|0x00000007de400000, 0x00000007de400000, 0x00000007de600000|  0%| F|  |TAMS 0x00000007de400000| PB 0x00000007de400000| Untracked |  0
|1779|0x00000007de600000, 0x00000007de600000, 0x00000007de800000|  0%| F|  |TAMS 0x00000007de600000| PB 0x00000007de600000| Untracked |  0
|1780|0x00000007de800000, 0x00000007de800000, 0x00000007dea00000|  0%| F|  |TAMS 0x00000007de800000| PB 0x00000007de800000| Untracked |  0
|1781|0x00000007dea00000, 0x00000007dea00000, 0x00000007dec00000|  0%| F|  |TAMS 0x00000007dea00000| PB 0x00000007dea00000| Untracked |  0
|1782|0x00000007dec00000, 0x00000007dec00000, 0x00000007dee00000|  0%| F|  |TAMS 0x00000007dec00000| PB 0x00000007dec00000| Untracked |  0
|1783|0x00000007dee00000, 0x00000007dee00000, 0x00000007df000000|  0%| F|  |TAMS 0x00000007dee00000| PB 0x00000007dee00000| Untracked |  0
|1784|0x00000007df000000, 0x00000007df000000, 0x00000007df200000|  0%| F|  |TAMS 0x00000007df000000| PB 0x00000007df000000| Untracked |  0
|1785|0x00000007df200000, 0x00000007df200000, 0x00000007df400000|  0%| F|  |TAMS 0x00000007df200000| PB 0x00000007df200000| Untracked |  0
|1786|0x00000007df400000, 0x00000007df400000, 0x00000007df600000|  0%| F|  |TAMS 0x00000007df400000| PB 0x00000007df400000| Untracked |  0
|1787|0x00000007df600000, 0x00000007df600000, 0x00000007df800000|  0%| F|  |TAMS 0x00000007df600000| PB 0x00000007df600000| Untracked |  0
|1788|0x00000007df800000, 0x00000007df800000, 0x00000007dfa00000|  0%| F|  |TAMS 0x00000007df800000| PB 0x00000007df800000| Untracked |  0
|1789|0x00000007dfa00000, 0x00000007dfa00000, 0x00000007dfc00000|  0%| F|  |TAMS 0x00000007dfa00000| PB 0x00000007dfa00000| Untracked |  0
|1790|0x00000007dfc00000, 0x00000007dfc00000, 0x00000007dfe00000|  0%| F|  |TAMS 0x00000007dfc00000| PB 0x00000007dfc00000| Untracked |  0
|1791|0x00000007dfe00000, 0x00000007dfe00000, 0x00000007e0000000|  0%| F|  |TAMS 0x00000007dfe00000| PB 0x00000007dfe00000| Untracked |  0
|1792|0x00000007e0000000, 0x00000007e0000000, 0x00000007e0200000|  0%| F|  |TAMS 0x00000007e0000000| PB 0x00000007e0000000| Untracked |  0
|1793|0x00000007e0200000, 0x00000007e0200000, 0x00000007e0400000|  0%| F|  |TAMS 0x00000007e0200000| PB 0x00000007e0200000| Untracked |  0
|1794|0x00000007e0400000, 0x00000007e0400000, 0x00000007e0600000|  0%| F|  |TAMS 0x00000007e0400000| PB 0x00000007e0400000| Untracked |  0
|1795|0x00000007e0600000, 0x00000007e0600000, 0x00000007e0800000|  0%| F|  |TAMS 0x00000007e0600000| PB 0x00000007e0600000| Untracked |  0
|1796|0x00000007e0800000, 0x00000007e0800000, 0x00000007e0a00000|  0%| F|  |TAMS 0x00000007e0800000| PB 0x00000007e0800000| Untracked |  0
|1797|0x00000007e0a00000, 0x00000007e0a00000, 0x00000007e0c00000|  0%| F|  |TAMS 0x00000007e0a00000| PB 0x00000007e0a00000| Untracked |  0
|1798|0x00000007e0c00000, 0x00000007e0c00000, 0x00000007e0e00000|  0%| F|  |TAMS 0x00000007e0c00000| PB 0x00000007e0c00000| Untracked |  0
|1799|0x00000007e0e00000, 0x00000007e0e00000, 0x00000007e1000000|  0%| F|  |TAMS 0x00000007e0e00000| PB 0x00000007e0e00000| Untracked |  0
|1800|0x00000007e1000000, 0x00000007e1000000, 0x00000007e1200000|  0%| F|  |TAMS 0x00000007e1000000| PB 0x00000007e1000000| Untracked |  0
|1801|0x00000007e1200000, 0x00000007e1200000, 0x00000007e1400000|  0%| F|  |TAMS 0x00000007e1200000| PB 0x00000007e1200000| Untracked |  0
|1802|0x00000007e1400000, 0x00000007e1400000, 0x00000007e1600000|  0%| F|  |TAMS 0x00000007e1400000| PB 0x00000007e1400000| Untracked |  0
|1803|0x00000007e1600000, 0x00000007e1600000, 0x00000007e1800000|  0%| F|  |TAMS 0x00000007e1600000| PB 0x00000007e1600000| Untracked |  0
|1804|0x00000007e1800000, 0x00000007e1800000, 0x00000007e1a00000|  0%| F|  |TAMS 0x00000007e1800000| PB 0x00000007e1800000| Untracked |  0
|1805|0x00000007e1a00000, 0x00000007e1a00000, 0x00000007e1c00000|  0%| F|  |TAMS 0x00000007e1a00000| PB 0x00000007e1a00000| Untracked |  0
|1806|0x00000007e1c00000, 0x00000007e1c00000, 0x00000007e1e00000|  0%| F|  |TAMS 0x00000007e1c00000| PB 0x00000007e1c00000| Untracked |  0
|1807|0x00000007e1e00000, 0x00000007e1e00000, 0x00000007e2000000|  0%| F|  |TAMS 0x00000007e1e00000| PB 0x00000007e1e00000| Untracked |  0
|1808|0x00000007e2000000, 0x00000007e2000000, 0x00000007e2200000|  0%| F|  |TAMS 0x00000007e2000000| PB 0x00000007e2000000| Untracked |  0
|1809|0x00000007e2200000, 0x00000007e2200000, 0x00000007e2400000|  0%| F|  |TAMS 0x00000007e2200000| PB 0x00000007e2200000| Untracked |  0
|1810|0x00000007e2400000, 0x00000007e2400000, 0x00000007e2600000|  0%| F|  |TAMS 0x00000007e2400000| PB 0x00000007e2400000| Untracked |  0
|1811|0x00000007e2600000, 0x00000007e2600000, 0x00000007e2800000|  0%| F|  |TAMS 0x00000007e2600000| PB 0x00000007e2600000| Untracked |  0
|1812|0x00000007e2800000, 0x00000007e2800000, 0x00000007e2a00000|  0%| F|  |TAMS 0x00000007e2800000| PB 0x00000007e2800000| Untracked |  0
|1813|0x00000007e2a00000, 0x00000007e2a00000, 0x00000007e2c00000|  0%| F|  |TAMS 0x00000007e2a00000| PB 0x00000007e2a00000| Untracked |  0
|1814|0x00000007e2c00000, 0x00000007e2c00000, 0x00000007e2e00000|  0%| F|  |TAMS 0x00000007e2c00000| PB 0x00000007e2c00000| Untracked |  0
|1815|0x00000007e2e00000, 0x00000007e2e00000, 0x00000007e3000000|  0%| F|  |TAMS 0x00000007e2e00000| PB 0x00000007e2e00000| Untracked |  0
|1816|0x00000007e3000000, 0x00000007e3000000, 0x00000007e3200000|  0%| F|  |TAMS 0x00000007e3000000| PB 0x00000007e3000000| Untracked |  0
|1817|0x00000007e3200000, 0x00000007e3200000, 0x00000007e3400000|  0%| F|  |TAMS 0x00000007e3200000| PB 0x00000007e3200000| Untracked |  0
|1818|0x00000007e3400000, 0x00000007e3400000, 0x00000007e3600000|  0%| F|  |TAMS 0x00000007e3400000| PB 0x00000007e3400000| Untracked |  0
|1819|0x00000007e3600000, 0x00000007e3600000, 0x00000007e3800000|  0%| F|  |TAMS 0x00000007e3600000| PB 0x00000007e3600000| Untracked |  0
|1820|0x00000007e3800000, 0x00000007e3800000, 0x00000007e3a00000|  0%| F|  |TAMS 0x00000007e3800000| PB 0x00000007e3800000| Untracked |  0
|1821|0x00000007e3a00000, 0x00000007e3a00000, 0x00000007e3c00000|  0%| F|  |TAMS 0x00000007e3a00000| PB 0x00000007e3a00000| Untracked |  0
|1822|0x00000007e3c00000, 0x00000007e3c00000, 0x00000007e3e00000|  0%| F|  |TAMS 0x00000007e3c00000| PB 0x00000007e3c00000| Untracked |  0
|1823|0x00000007e3e00000, 0x00000007e3e00000, 0x00000007e4000000|  0%| F|  |TAMS 0x00000007e3e00000| PB 0x00000007e3e00000| Untracked |  0
|1824|0x00000007e4000000, 0x00000007e4000000, 0x00000007e4200000|  0%| F|  |TAMS 0x00000007e4000000| PB 0x00000007e4000000| Untracked |  0
|1825|0x00000007e4200000, 0x00000007e4200000, 0x00000007e4400000|  0%| F|  |TAMS 0x00000007e4200000| PB 0x00000007e4200000| Untracked |  0
|1826|0x00000007e4400000, 0x00000007e4400000, 0x00000007e4600000|  0%| F|  |TAMS 0x00000007e4400000| PB 0x00000007e4400000| Untracked |  0
|1827|0x00000007e4600000, 0x00000007e4600000, 0x00000007e4800000|  0%| F|  |TAMS 0x00000007e4600000| PB 0x00000007e4600000| Untracked |  0
|1828|0x00000007e4800000, 0x00000007e4800000, 0x00000007e4a00000|  0%| F|  |TAMS 0x00000007e4800000| PB 0x00000007e4800000| Untracked |  0
|1829|0x00000007e4a00000, 0x00000007e4a00000, 0x00000007e4c00000|  0%| F|  |TAMS 0x00000007e4a00000| PB 0x00000007e4a00000| Untracked |  0
|1830|0x00000007e4c00000, 0x00000007e4c00000, 0x00000007e4e00000|  0%| F|  |TAMS 0x00000007e4c00000| PB 0x00000007e4c00000| Untracked |  0
|1831|0x00000007e4e00000, 0x00000007e4e00000, 0x00000007e5000000|  0%| F|  |TAMS 0x00000007e4e00000| PB 0x00000007e4e00000| Untracked |  0
|1832|0x00000007e5000000, 0x00000007e5000000, 0x00000007e5200000|  0%| F|  |TAMS 0x00000007e5000000| PB 0x00000007e5000000| Untracked |  0
|1833|0x00000007e5200000, 0x00000007e5200000, 0x00000007e5400000|  0%| F|  |TAMS 0x00000007e5200000| PB 0x00000007e5200000| Untracked |  0
|1834|0x00000007e5400000, 0x00000007e5400000, 0x00000007e5600000|  0%| F|  |TAMS 0x00000007e5400000| PB 0x00000007e5400000| Untracked |  0
|1835|0x00000007e5600000, 0x00000007e5600000, 0x00000007e5800000|  0%| F|  |TAMS 0x00000007e5600000| PB 0x00000007e5600000| Untracked |  0
|1836|0x00000007e5800000, 0x00000007e5800000, 0x00000007e5a00000|  0%| F|  |TAMS 0x00000007e5800000| PB 0x00000007e5800000| Untracked |  0
|1837|0x00000007e5a00000, 0x00000007e5a00000, 0x00000007e5c00000|  0%| F|  |TAMS 0x00000007e5a00000| PB 0x00000007e5a00000| Untracked |  0
|1838|0x00000007e5c00000, 0x00000007e5c00000, 0x00000007e5e00000|  0%| F|  |TAMS 0x00000007e5c00000| PB 0x00000007e5c00000| Untracked |  0
|1839|0x00000007e5e00000, 0x00000007e5e00000, 0x00000007e6000000|  0%| F|  |TAMS 0x00000007e5e00000| PB 0x00000007e5e00000| Untracked |  0
|1840|0x00000007e6000000, 0x00000007e6000000, 0x00000007e6200000|  0%| F|  |TAMS 0x00000007e6000000| PB 0x00000007e6000000| Untracked |  0
|1841|0x00000007e6200000, 0x00000007e6200000, 0x00000007e6400000|  0%| F|  |TAMS 0x00000007e6200000| PB 0x00000007e6200000| Untracked |  0
|1842|0x00000007e6400000, 0x00000007e6400000, 0x00000007e6600000|  0%| F|  |TAMS 0x00000007e6400000| PB 0x00000007e6400000| Untracked |  0
|1843|0x00000007e6600000, 0x00000007e6600000, 0x00000007e6800000|  0%| F|  |TAMS 0x00000007e6600000| PB 0x00000007e6600000| Untracked |  0
|1844|0x00000007e6800000, 0x00000007e6800000, 0x00000007e6a00000|  0%| F|  |TAMS 0x00000007e6800000| PB 0x00000007e6800000| Untracked |  0
|1845|0x00000007e6a00000, 0x00000007e6a00000, 0x00000007e6c00000|  0%| F|  |TAMS 0x00000007e6a00000| PB 0x00000007e6a00000| Untracked |  0
|1846|0x00000007e6c00000, 0x00000007e6c00000, 0x00000007e6e00000|  0%| F|  |TAMS 0x00000007e6c00000| PB 0x00000007e6c00000| Untracked |  0
|1847|0x00000007e6e00000, 0x00000007e6e00000, 0x00000007e7000000|  0%| F|  |TAMS 0x00000007e6e00000| PB 0x00000007e6e00000| Untracked |  0
|1848|0x00000007e7000000, 0x00000007e7000000, 0x00000007e7200000|  0%| F|  |TAMS 0x00000007e7000000| PB 0x00000007e7000000| Untracked |  0
|1849|0x00000007e7200000, 0x00000007e7200000, 0x00000007e7400000|  0%| F|  |TAMS 0x00000007e7200000| PB 0x00000007e7200000| Untracked |  0
|1850|0x00000007e7400000, 0x00000007e7400000, 0x00000007e7600000|  0%| F|  |TAMS 0x00000007e7400000| PB 0x00000007e7400000| Untracked |  0
|1851|0x00000007e7600000, 0x00000007e7600000, 0x00000007e7800000|  0%| F|  |TAMS 0x00000007e7600000| PB 0x00000007e7600000| Untracked |  0
|1852|0x00000007e7800000, 0x00000007e7800000, 0x00000007e7a00000|  0%| F|  |TAMS 0x00000007e7800000| PB 0x00000007e7800000| Untracked |  0
|1853|0x00000007e7a00000, 0x00000007e7a00000, 0x00000007e7c00000|  0%| F|  |TAMS 0x00000007e7a00000| PB 0x00000007e7a00000| Untracked |  0
|1854|0x00000007e7c00000, 0x00000007e7c00000, 0x00000007e7e00000|  0%| F|  |TAMS 0x00000007e7c00000| PB 0x00000007e7c00000| Untracked |  0
|1855|0x00000007e7e00000, 0x00000007e7e00000, 0x00000007e8000000|  0%| F|  |TAMS 0x00000007e7e00000| PB 0x00000007e7e00000| Untracked |  0
|1856|0x00000007e8000000, 0x00000007e8000000, 0x00000007e8200000|  0%| F|  |TAMS 0x00000007e8000000| PB 0x00000007e8000000| Untracked |  0
|1857|0x00000007e8200000, 0x00000007e8200000, 0x00000007e8400000|  0%| F|  |TAMS 0x00000007e8200000| PB 0x00000007e8200000| Untracked |  0
|1858|0x00000007e8400000, 0x00000007e8400000, 0x00000007e8600000|  0%| F|  |TAMS 0x00000007e8400000| PB 0x00000007e8400000| Untracked |  0
|1859|0x00000007e8600000, 0x00000007e8600000, 0x00000007e8800000|  0%| F|  |TAMS 0x00000007e8600000| PB 0x00000007e8600000| Untracked |  0
|1860|0x00000007e8800000, 0x00000007e8800000, 0x00000007e8a00000|  0%| F|  |TAMS 0x00000007e8800000| PB 0x00000007e8800000| Untracked |  0
|1861|0x00000007e8a00000, 0x00000007e8a00000, 0x00000007e8c00000|  0%| F|  |TAMS 0x00000007e8a00000| PB 0x00000007e8a00000| Untracked |  0
|1862|0x00000007e8c00000, 0x00000007e8c00000, 0x00000007e8e00000|  0%| F|  |TAMS 0x00000007e8c00000| PB 0x00000007e8c00000| Untracked |  0
|1863|0x00000007e8e00000, 0x00000007e8e00000, 0x00000007e9000000|  0%| F|  |TAMS 0x00000007e8e00000| PB 0x00000007e8e00000| Untracked |  0
|1864|0x00000007e9000000, 0x00000007e9000000, 0x00000007e9200000|  0%| F|  |TAMS 0x00000007e9000000| PB 0x00000007e9000000| Untracked |  0
|1865|0x00000007e9200000, 0x00000007e9200000, 0x00000007e9400000|  0%| F|  |TAMS 0x00000007e9200000| PB 0x00000007e9200000| Untracked |  0
|1866|0x00000007e9400000, 0x00000007e9400000, 0x00000007e9600000|  0%| F|  |TAMS 0x00000007e9400000| PB 0x00000007e9400000| Untracked |  0
|1867|0x00000007e9600000, 0x00000007e9600000, 0x00000007e9800000|  0%| F|  |TAMS 0x00000007e9600000| PB 0x00000007e9600000| Untracked |  0
|1868|0x00000007e9800000, 0x00000007e9800000, 0x00000007e9a00000|  0%| F|  |TAMS 0x00000007e9800000| PB 0x00000007e9800000| Untracked |  0
|1869|0x00000007e9a00000, 0x00000007e9a00000, 0x00000007e9c00000|  0%| F|  |TAMS 0x00000007e9a00000| PB 0x00000007e9a00000| Untracked |  0
|1870|0x00000007e9c00000, 0x00000007e9c00000, 0x00000007e9e00000|  0%| F|  |TAMS 0x00000007e9c00000| PB 0x00000007e9c00000| Untracked |  0
|1871|0x00000007e9e00000, 0x00000007e9e00000, 0x00000007ea000000|  0%| F|  |TAMS 0x00000007e9e00000| PB 0x00000007e9e00000| Untracked |  0
|1872|0x00000007ea000000, 0x00000007ea000000, 0x00000007ea200000|  0%| F|  |TAMS 0x00000007ea000000| PB 0x00000007ea000000| Untracked |  0
|1873|0x00000007ea200000, 0x00000007ea200000, 0x00000007ea400000|  0%| F|  |TAMS 0x00000007ea200000| PB 0x00000007ea200000| Untracked |  0
|1874|0x00000007ea400000, 0x00000007ea400000, 0x00000007ea600000|  0%| F|  |TAMS 0x00000007ea400000| PB 0x00000007ea400000| Untracked |  0
|1875|0x00000007ea600000, 0x00000007ea600000, 0x00000007ea800000|  0%| F|  |TAMS 0x00000007ea600000| PB 0x00000007ea600000| Untracked |  0
|1876|0x00000007ea800000, 0x00000007ea800000, 0x00000007eaa00000|  0%| F|  |TAMS 0x00000007ea800000| PB 0x00000007ea800000| Untracked |  0
|1877|0x00000007eaa00000, 0x00000007eaa00000, 0x00000007eac00000|  0%| F|  |TAMS 0x00000007eaa00000| PB 0x00000007eaa00000| Untracked |  0
|1878|0x00000007eac00000, 0x00000007eac00000, 0x00000007eae00000|  0%| F|  |TAMS 0x00000007eac00000| PB 0x00000007eac00000| Untracked |  0
|1879|0x00000007eae00000, 0x00000007eae00000, 0x00000007eb000000|  0%| F|  |TAMS 0x00000007eae00000| PB 0x00000007eae00000| Untracked |  0
|1880|0x00000007eb000000, 0x00000007eb000000, 0x00000007eb200000|  0%| F|  |TAMS 0x00000007eb000000| PB 0x00000007eb000000| Untracked |  0
|1881|0x00000007eb200000, 0x00000007eb200000, 0x00000007eb400000|  0%| F|  |TAMS 0x00000007eb200000| PB 0x00000007eb200000| Untracked |  0
|1882|0x00000007eb400000, 0x00000007eb400000, 0x00000007eb600000|  0%| F|  |TAMS 0x00000007eb400000| PB 0x00000007eb400000| Untracked |  0
|1883|0x00000007eb600000, 0x00000007eb600000, 0x00000007eb800000|  0%| F|  |TAMS 0x00000007eb600000| PB 0x00000007eb600000| Untracked |  0
|1884|0x00000007eb800000, 0x00000007eb800000, 0x00000007eba00000|  0%| F|  |TAMS 0x00000007eb800000| PB 0x00000007eb800000| Untracked |  0
|1885|0x00000007eba00000, 0x00000007eba00000, 0x00000007ebc00000|  0%| F|  |TAMS 0x00000007eba00000| PB 0x00000007eba00000| Untracked |  0
|1886|0x00000007ebc00000, 0x00000007ebc00000, 0x00000007ebe00000|  0%| F|  |TAMS 0x00000007ebc00000| PB 0x00000007ebc00000| Untracked |  0
|1887|0x00000007ebe00000, 0x00000007ebe00000, 0x00000007ec000000|  0%| F|  |TAMS 0x00000007ebe00000| PB 0x00000007ebe00000| Untracked |  0
|1888|0x00000007ec000000, 0x00000007ec000000, 0x00000007ec200000|  0%| F|  |TAMS 0x00000007ec000000| PB 0x00000007ec000000| Untracked |  0
|1889|0x00000007ec200000, 0x00000007ec200000, 0x00000007ec400000|  0%| F|  |TAMS 0x00000007ec200000| PB 0x00000007ec200000| Untracked |  0
|1890|0x00000007ec400000, 0x00000007ec400000, 0x00000007ec600000|  0%| F|  |TAMS 0x00000007ec400000| PB 0x00000007ec400000| Untracked |  0
|1891|0x00000007ec600000, 0x00000007ec600000, 0x00000007ec800000|  0%| F|  |TAMS 0x00000007ec600000| PB 0x00000007ec600000| Untracked |  0
|1892|0x00000007ec800000, 0x00000007ec800000, 0x00000007eca00000|  0%| F|  |TAMS 0x00000007ec800000| PB 0x00000007ec800000| Untracked |  0
|1893|0x00000007eca00000, 0x00000007eca00000, 0x00000007ecc00000|  0%| F|  |TAMS 0x00000007eca00000| PB 0x00000007eca00000| Untracked |  0
|1894|0x00000007ecc00000, 0x00000007ecc00000, 0x00000007ece00000|  0%| F|  |TAMS 0x00000007ecc00000| PB 0x00000007ecc00000| Untracked |  0
|1895|0x00000007ece00000, 0x00000007ece00000, 0x00000007ed000000|  0%| F|  |TAMS 0x00000007ece00000| PB 0x00000007ece00000| Untracked |  0
|1896|0x00000007ed000000, 0x00000007ed000000, 0x00000007ed200000|  0%| F|  |TAMS 0x00000007ed000000| PB 0x00000007ed000000| Untracked |  0
|1897|0x00000007ed200000, 0x00000007ed200000, 0x00000007ed400000|  0%| F|  |TAMS 0x00000007ed200000| PB 0x00000007ed200000| Untracked |  0
|1898|0x00000007ed400000, 0x00000007ed400000, 0x00000007ed600000|  0%| F|  |TAMS 0x00000007ed400000| PB 0x00000007ed400000| Untracked |  0
|1899|0x00000007ed600000, 0x00000007ed600000, 0x00000007ed800000|  0%| F|  |TAMS 0x00000007ed600000| PB 0x00000007ed600000| Untracked |  0
|1900|0x00000007ed800000, 0x00000007ed800000, 0x00000007eda00000|  0%| F|  |TAMS 0x00000007ed800000| PB 0x00000007ed800000| Untracked |  0
|1901|0x00000007eda00000, 0x00000007eda00000, 0x00000007edc00000|  0%| F|  |TAMS 0x00000007eda00000| PB 0x00000007eda00000| Untracked |  0
|1902|0x00000007edc00000, 0x00000007edc00000, 0x00000007ede00000|  0%| F|  |TAMS 0x00000007edc00000| PB 0x00000007edc00000| Untracked |  0
|1903|0x00000007ede00000, 0x00000007ede00000, 0x00000007ee000000|  0%| F|  |TAMS 0x00000007ede00000| PB 0x00000007ede00000| Untracked |  0
|1904|0x00000007ee000000, 0x00000007ee000000, 0x00000007ee200000|  0%| F|  |TAMS 0x00000007ee000000| PB 0x00000007ee000000| Untracked |  0
|1905|0x00000007ee200000, 0x00000007ee200000, 0x00000007ee400000|  0%| F|  |TAMS 0x00000007ee200000| PB 0x00000007ee200000| Untracked |  0
|1906|0x00000007ee400000, 0x00000007ee400000, 0x00000007ee600000|  0%| F|  |TAMS 0x00000007ee400000| PB 0x00000007ee400000| Untracked |  0
|1907|0x00000007ee600000, 0x00000007ee600000, 0x00000007ee800000|  0%| F|  |TAMS 0x00000007ee600000| PB 0x00000007ee600000| Untracked |  0
|1908|0x00000007ee800000, 0x00000007ee800000, 0x00000007eea00000|  0%| F|  |TAMS 0x00000007ee800000| PB 0x00000007ee800000| Untracked |  0
|1909|0x00000007eea00000, 0x00000007eea00000, 0x00000007eec00000|  0%| F|  |TAMS 0x00000007eea00000| PB 0x00000007eea00000| Untracked |  0
|1910|0x00000007eec00000, 0x00000007eec00000, 0x00000007eee00000|  0%| F|  |TAMS 0x00000007eec00000| PB 0x00000007eec00000| Untracked |  0
|1911|0x00000007eee00000, 0x00000007eee00000, 0x00000007ef000000|  0%| F|  |TAMS 0x00000007eee00000| PB 0x00000007eee00000| Untracked |  0
|1912|0x00000007ef000000, 0x00000007ef000000, 0x00000007ef200000|  0%| F|  |TAMS 0x00000007ef000000| PB 0x00000007ef000000| Untracked |  0
|1913|0x00000007ef200000, 0x00000007ef200000, 0x00000007ef400000|  0%| F|  |TAMS 0x00000007ef200000| PB 0x00000007ef200000| Untracked |  0
|1914|0x00000007ef400000, 0x00000007ef400000, 0x00000007ef600000|  0%| F|  |TAMS 0x00000007ef400000| PB 0x00000007ef400000| Untracked |  0
|1915|0x00000007ef600000, 0x00000007ef600000, 0x00000007ef800000|  0%| F|  |TAMS 0x00000007ef600000| PB 0x00000007ef600000| Untracked |  0
|1916|0x00000007ef800000, 0x00000007ef800000, 0x00000007efa00000|  0%| F|  |TAMS 0x00000007ef800000| PB 0x00000007ef800000| Untracked |  0
|1917|0x00000007efa00000, 0x00000007efa00000, 0x00000007efc00000|  0%| F|  |TAMS 0x00000007efa00000| PB 0x00000007efa00000| Untracked |  0
|1918|0x00000007efc00000, 0x00000007efc00000, 0x00000007efe00000|  0%| F|  |TAMS 0x00000007efc00000| PB 0x00000007efc00000| Untracked |  0
|1919|0x00000007efe00000, 0x00000007efe00000, 0x00000007f0000000|  0%| F|  |TAMS 0x00000007efe00000| PB 0x00000007efe00000| Untracked |  0
|1920|0x00000007f0000000, 0x00000007f0000000, 0x00000007f0200000|  0%| F|  |TAMS 0x00000007f0000000| PB 0x00000007f0000000| Untracked |  0
|1921|0x00000007f0200000, 0x00000007f0200000, 0x00000007f0400000|  0%| F|  |TAMS 0x00000007f0200000| PB 0x00000007f0200000| Untracked |  0
|1922|0x00000007f0400000, 0x00000007f0400000, 0x00000007f0600000|  0%| F|  |TAMS 0x00000007f0400000| PB 0x00000007f0400000| Untracked |  0
|1923|0x00000007f0600000, 0x00000007f0600000, 0x00000007f0800000|  0%| F|  |TAMS 0x00000007f0600000| PB 0x00000007f0600000| Untracked |  0
|1924|0x00000007f0800000, 0x00000007f0800000, 0x00000007f0a00000|  0%| F|  |TAMS 0x00000007f0800000| PB 0x00000007f0800000| Untracked |  0
|1925|0x00000007f0a00000, 0x00000007f0a00000, 0x00000007f0c00000|  0%| F|  |TAMS 0x00000007f0a00000| PB 0x00000007f0a00000| Untracked |  0
|1926|0x00000007f0c00000, 0x00000007f0c00000, 0x00000007f0e00000|  0%| F|  |TAMS 0x00000007f0c00000| PB 0x00000007f0c00000| Untracked |  0
|1927|0x00000007f0e00000, 0x00000007f0e00000, 0x00000007f1000000|  0%| F|  |TAMS 0x00000007f0e00000| PB 0x00000007f0e00000| Untracked |  0
|1928|0x00000007f1000000, 0x00000007f1000000, 0x00000007f1200000|  0%| F|  |TAMS 0x00000007f1000000| PB 0x00000007f1000000| Untracked |  0
|1929|0x00000007f1200000, 0x00000007f1200000, 0x00000007f1400000|  0%| F|  |TAMS 0x00000007f1200000| PB 0x00000007f1200000| Untracked |  0
|1930|0x00000007f1400000, 0x00000007f1400000, 0x00000007f1600000|  0%| F|  |TAMS 0x00000007f1400000| PB 0x00000007f1400000| Untracked |  0
|1931|0x00000007f1600000, 0x00000007f1600000, 0x00000007f1800000|  0%| F|  |TAMS 0x00000007f1600000| PB 0x00000007f1600000| Untracked |  0
|1932|0x00000007f1800000, 0x00000007f1800000, 0x00000007f1a00000|  0%| F|  |TAMS 0x00000007f1800000| PB 0x00000007f1800000| Untracked |  0
|1933|0x00000007f1a00000, 0x00000007f1a00000, 0x00000007f1c00000|  0%| F|  |TAMS 0x00000007f1a00000| PB 0x00000007f1a00000| Untracked |  0
|1934|0x00000007f1c00000, 0x00000007f1c00000, 0x00000007f1e00000|  0%| F|  |TAMS 0x00000007f1c00000| PB 0x00000007f1c00000| Untracked |  0
|1935|0x00000007f1e00000, 0x00000007f1e00000, 0x00000007f2000000|  0%| F|  |TAMS 0x00000007f1e00000| PB 0x00000007f1e00000| Untracked |  0
|1936|0x00000007f2000000, 0x00000007f2000000, 0x00000007f2200000|  0%| F|  |TAMS 0x00000007f2000000| PB 0x00000007f2000000| Untracked |  0
|1937|0x00000007f2200000, 0x00000007f2200000, 0x00000007f2400000|  0%| F|  |TAMS 0x00000007f2200000| PB 0x00000007f2200000| Untracked |  0
|1938|0x00000007f2400000, 0x00000007f2400000, 0x00000007f2600000|  0%| F|  |TAMS 0x00000007f2400000| PB 0x00000007f2400000| Untracked |  0
|1939|0x00000007f2600000, 0x00000007f2600000, 0x00000007f2800000|  0%| F|  |TAMS 0x00000007f2600000| PB 0x00000007f2600000| Untracked |  0
|1940|0x00000007f2800000, 0x00000007f2800000, 0x00000007f2a00000|  0%| F|  |TAMS 0x00000007f2800000| PB 0x00000007f2800000| Untracked |  0
|1941|0x00000007f2a00000, 0x00000007f2a00000, 0x00000007f2c00000|  0%| F|  |TAMS 0x00000007f2a00000| PB 0x00000007f2a00000| Untracked |  0
|1942|0x00000007f2c00000, 0x00000007f2c00000, 0x00000007f2e00000|  0%| F|  |TAMS 0x00000007f2c00000| PB 0x00000007f2c00000| Untracked |  0
|1943|0x00000007f2e00000, 0x00000007f2e00000, 0x00000007f3000000|  0%| F|  |TAMS 0x00000007f2e00000| PB 0x00000007f2e00000| Untracked |  0
|1944|0x00000007f3000000, 0x00000007f3000000, 0x00000007f3200000|  0%| F|  |TAMS 0x00000007f3000000| PB 0x00000007f3000000| Untracked |  0
|1945|0x00000007f3200000, 0x00000007f3200000, 0x00000007f3400000|  0%| F|  |TAMS 0x00000007f3200000| PB 0x00000007f3200000| Untracked |  0
|1946|0x00000007f3400000, 0x00000007f3400000, 0x00000007f3600000|  0%| F|  |TAMS 0x00000007f3400000| PB 0x00000007f3400000| Untracked |  0
|1947|0x00000007f3600000, 0x00000007f3600000, 0x00000007f3800000|  0%| F|  |TAMS 0x00000007f3600000| PB 0x00000007f3600000| Untracked |  0
|1948|0x00000007f3800000, 0x00000007f3800000, 0x00000007f3a00000|  0%| F|  |TAMS 0x00000007f3800000| PB 0x00000007f3800000| Untracked |  0
|1949|0x00000007f3a00000, 0x00000007f3c00000, 0x00000007f3c00000|100%| E|  |TAMS 0x00000007f3a00000| PB 0x00000007f3a00000| Complete |  0
|1950|0x00000007f3c00000, 0x00000007f3e00000, 0x00000007f3e00000|100%| E|CS|TAMS 0x00000007f3c00000| PB 0x00000007f3c00000| Complete |  0
|1951|0x00000007f3e00000, 0x00000007f4000000, 0x00000007f4000000|100%| E|CS|TAMS 0x00000007f3e00000| PB 0x00000007f3e00000| Complete |  0
|1952|0x00000007f4000000, 0x00000007f4200000, 0x00000007f4200000|100%| E|CS|TAMS 0x00000007f4000000| PB 0x00000007f4000000| Complete |  0
|1953|0x00000007f4200000, 0x00000007f4400000, 0x00000007f4400000|100%| E|CS|TAMS 0x00000007f4200000| PB 0x00000007f4200000| Complete |  0
|1954|0x00000007f4400000, 0x00000007f4600000, 0x00000007f4600000|100%| E|CS|TAMS 0x00000007f4400000| PB 0x00000007f4400000| Complete |  0
|1955|0x00000007f4600000, 0x00000007f4800000, 0x00000007f4800000|100%| E|CS|TAMS 0x00000007f4600000| PB 0x00000007f4600000| Complete |  0
|1956|0x00000007f4800000, 0x00000007f4a00000, 0x00000007f4a00000|100%| E|CS|TAMS 0x00000007f4800000| PB 0x00000007f4800000| Complete |  0
|1957|0x00000007f4a00000, 0x00000007f4c00000, 0x00000007f4c00000|100%| E|CS|TAMS 0x00000007f4a00000| PB 0x00000007f4a00000| Complete |  0
|1958|0x00000007f4c00000, 0x00000007f4e00000, 0x00000007f4e00000|100%| E|CS|TAMS 0x00000007f4c00000| PB 0x00000007f4c00000| Complete |  0
|1959|0x00000007f4e00000, 0x00000007f5000000, 0x00000007f5000000|100%| S|CS|TAMS 0x00000007f4e00000| PB 0x00000007f4e00000| Complete |  0
|1960|0x00000007f5000000, 0x00000007f5200000, 0x00000007f5200000|100%| S|CS|TAMS 0x00000007f5000000| PB 0x00000007f5000000| Complete |  0
|1961|0x00000007f5200000, 0x00000007f5400000, 0x00000007f5400000|100%| S|CS|TAMS 0x00000007f5200000| PB 0x00000007f5200000| Complete |  0
|1962|0x00000007f5400000, 0x00000007f5600000, 0x00000007f5600000|100%| S|CS|TAMS 0x00000007f5400000| PB 0x00000007f5400000| Complete |  0
|1963|0x00000007f5600000, 0x00000007f5800000, 0x00000007f5800000|100%| S|CS|TAMS 0x00000007f5600000| PB 0x00000007f5600000| Complete |  0
|1964|0x00000007f5800000, 0x00000007f5a00000, 0x00000007f5a00000|100%| S|CS|TAMS 0x00000007f5800000| PB 0x00000007f5800000| Complete |  0
|1965|0x00000007f5a00000, 0x00000007f5c00000, 0x00000007f5c00000|100%| S|CS|TAMS 0x00000007f5a00000| PB 0x00000007f5a00000| Complete |  0
|1966|0x00000007f5c00000, 0x00000007f5e00000, 0x00000007f5e00000|100%| S|CS|TAMS 0x00000007f5c00000| PB 0x00000007f5c00000| Complete |  0
|1967|0x00000007f5e00000, 0x00000007f6000000, 0x00000007f6000000|100%| S|CS|TAMS 0x00000007f5e00000| PB 0x00000007f5e00000| Complete |  0
|1968|0x00000007f6000000, 0x00000007f6200000, 0x00000007f6200000|100%| S|CS|TAMS 0x00000007f6000000| PB 0x00000007f6000000| Complete |  0
|1969|0x00000007f6200000, 0x00000007f6400000, 0x00000007f6400000|100%| S|CS|TAMS 0x00000007f6200000| PB 0x00000007f6200000| Complete |  0
|1970|0x00000007f6400000, 0x00000007f6600000, 0x00000007f6600000|100%| S|CS|TAMS 0x00000007f6400000| PB 0x00000007f6400000| Complete |  0
|1971|0x00000007f6600000, 0x00000007f6800000, 0x00000007f6800000|100%| S|CS|TAMS 0x00000007f6600000| PB 0x00000007f6600000| Complete |  0
|1972|0x00000007f6800000, 0x00000007f6a00000, 0x00000007f6a00000|100%| S|CS|TAMS 0x00000007f6800000| PB 0x00000007f6800000| Complete |  0
|1973|0x00000007f6a00000, 0x00000007f6c00000, 0x00000007f6c00000|100%| S|CS|TAMS 0x00000007f6a00000| PB 0x00000007f6a00000| Complete |  0
|1974|0x00000007f6c00000, 0x00000007f6e00000, 0x00000007f6e00000|100%| S|CS|TAMS 0x00000007f6c00000| PB 0x00000007f6c00000| Complete |  0
|1975|0x00000007f6e00000, 0x00000007f7000000, 0x00000007f7000000|100%| S|CS|TAMS 0x00000007f6e00000| PB 0x00000007f6e00000| Complete |  0
|1976|0x00000007f7000000, 0x00000007f7200000, 0x00000007f7200000|100%| S|CS|TAMS 0x00000007f7000000| PB 0x00000007f7000000| Complete |  0
|1977|0x00000007f7200000, 0x00000007f7400000, 0x00000007f7400000|100%| S|CS|TAMS 0x00000007f7200000| PB 0x00000007f7200000| Complete |  0
|1978|0x00000007f7400000, 0x00000007f7600000, 0x00000007f7600000|100%| S|CS|TAMS 0x00000007f7400000| PB 0x00000007f7400000| Complete |  0
|1979|0x00000007f7600000, 0x00000007f7800000, 0x00000007f7800000|100%| S|CS|TAMS 0x00000007f7600000| PB 0x00000007f7600000| Complete |  0
|1980|0x00000007f7800000, 0x00000007f7a00000, 0x00000007f7a00000|100%| S|CS|TAMS 0x00000007f7800000| PB 0x00000007f7800000| Complete |  0
|1981|0x00000007f7a00000, 0x00000007f7c00000, 0x00000007f7c00000|100%| S|CS|TAMS 0x00000007f7a00000| PB 0x00000007f7a00000| Complete |  0
|1982|0x00000007f7c00000, 0x00000007f7e00000, 0x00000007f7e00000|100%| S|CS|TAMS 0x00000007f7c00000| PB 0x00000007f7c00000| Complete |  0
|1983|0x00000007f7e00000, 0x00000007f8000000, 0x00000007f8000000|100%| S|CS|TAMS 0x00000007f7e00000| PB 0x00000007f7e00000| Complete |  0
|1984|0x00000007f8000000, 0x00000007f8200000, 0x00000007f8200000|100%| S|CS|TAMS 0x00000007f8000000| PB 0x00000007f8000000| Complete |  0
|1985|0x00000007f8200000, 0x00000007f8400000, 0x00000007f8400000|100%| S|CS|TAMS 0x00000007f8200000| PB 0x00000007f8200000| Complete |  0
|1986|0x00000007f8400000, 0x00000007f8600000, 0x00000007f8600000|100%| E|CS|TAMS 0x00000007f8400000| PB 0x00000007f8400000| Complete |  0
|1987|0x00000007f8600000, 0x00000007f8800000, 0x00000007f8800000|100%| E|CS|TAMS 0x00000007f8600000| PB 0x00000007f8600000| Complete |  0
|1988|0x00000007f8800000, 0x00000007f8a00000, 0x00000007f8a00000|100%| E|CS|TAMS 0x00000007f8800000| PB 0x00000007f8800000| Complete |  0
|1989|0x00000007f8a00000, 0x00000007f8c00000, 0x00000007f8c00000|100%| E|CS|TAMS 0x00000007f8a00000| PB 0x00000007f8a00000| Complete |  0
|1990|0x00000007f8c00000, 0x00000007f8e00000, 0x00000007f8e00000|100%| E|CS|TAMS 0x00000007f8c00000| PB 0x00000007f8c00000| Complete |  0
|1991|0x00000007f8e00000, 0x00000007f9000000, 0x00000007f9000000|100%| E|CS|TAMS 0x00000007f8e00000| PB 0x00000007f8e00000| Complete |  0
|1992|0x00000007f9000000, 0x00000007f9200000, 0x00000007f9200000|100%| E|CS|TAMS 0x00000007f9000000| PB 0x00000007f9000000| Complete |  0
|1993|0x00000007f9200000, 0x00000007f9400000, 0x00000007f9400000|100%| E|CS|TAMS 0x00000007f9200000| PB 0x00000007f9200000| Complete |  0
|1994|0x00000007f9400000, 0x00000007f9600000, 0x00000007f9600000|100%| E|CS|TAMS 0x00000007f9400000| PB 0x00000007f9400000| Complete |  0
|1995|0x00000007f9600000, 0x00000007f9800000, 0x00000007f9800000|100%| E|CS|TAMS 0x00000007f9600000| PB 0x00000007f9600000| Complete |  0
|1996|0x00000007f9800000, 0x00000007f9a00000, 0x00000007f9a00000|100%| E|CS|TAMS 0x00000007f9800000| PB 0x00000007f9800000| Complete |  0
|1997|0x00000007f9a00000, 0x00000007f9c00000, 0x00000007f9c00000|100%| E|CS|TAMS 0x00000007f9a00000| PB 0x00000007f9a00000| Complete |  0
|1998|0x00000007f9c00000, 0x00000007f9e00000, 0x00000007f9e00000|100%| E|CS|TAMS 0x00000007f9c00000| PB 0x00000007f9c00000| Complete |  0
|1999|0x00000007f9e00000, 0x00000007fa000000, 0x00000007fa000000|100%| E|CS|TAMS 0x00000007f9e00000| PB 0x00000007f9e00000| Complete |  0
|2000|0x00000007fa000000, 0x00000007fa200000, 0x00000007fa200000|100%| E|CS|TAMS 0x00000007fa000000| PB 0x00000007fa000000| Complete |  0
|2001|0x00000007fa200000, 0x00000007fa400000, 0x00000007fa400000|100%| E|CS|TAMS 0x00000007fa200000| PB 0x00000007fa200000| Complete |  0
|2002|0x00000007fa400000, 0x00000007fa600000, 0x00000007fa600000|100%| E|CS|TAMS 0x00000007fa400000| PB 0x00000007fa400000| Complete |  0
|2003|0x00000007fa600000, 0x00000007fa800000, 0x00000007fa800000|100%| E|CS|TAMS 0x00000007fa600000| PB 0x00000007fa600000| Complete |  0
|2004|0x00000007fa800000, 0x00000007faa00000, 0x00000007faa00000|100%| E|CS|TAMS 0x00000007fa800000| PB 0x00000007fa800000| Complete |  0
|2005|0x00000007faa00000, 0x00000007fac00000, 0x00000007fac00000|100%| E|CS|TAMS 0x00000007faa00000| PB 0x00000007faa00000| Complete |  0
|2006|0x00000007fac00000, 0x00000007fae00000, 0x00000007fae00000|100%| E|CS|TAMS 0x00000007fac00000| PB 0x00000007fac00000| Complete |  0
|2007|0x00000007fae00000, 0x00000007fb000000, 0x00000007fb000000|100%| E|CS|TAMS 0x00000007fae00000| PB 0x00000007fae00000| Complete |  0
|2008|0x00000007fb000000, 0x00000007fb200000, 0x00000007fb200000|100%| E|CS|TAMS 0x00000007fb000000| PB 0x00000007fb000000| Complete |  0
|2009|0x00000007fb200000, 0x00000007fb400000, 0x00000007fb400000|100%| E|CS|TAMS 0x00000007fb200000| PB 0x00000007fb200000| Complete |  0
|2010|0x00000007fb400000, 0x00000007fb600000, 0x00000007fb600000|100%| E|CS|TAMS 0x00000007fb400000| PB 0x00000007fb400000| Complete |  0
|2011|0x00000007fb600000, 0x00000007fb800000, 0x00000007fb800000|100%| E|CS|TAMS 0x00000007fb600000| PB 0x00000007fb600000| Complete |  0
|2012|0x00000007fb800000, 0x00000007fba00000, 0x00000007fba00000|100%| E|CS|TAMS 0x00000007fb800000| PB 0x00000007fb800000| Complete |  0
|2013|0x00000007fba00000, 0x00000007fbc00000, 0x00000007fbc00000|100%| E|CS|TAMS 0x00000007fba00000| PB 0x00000007fba00000| Complete |  0
|2014|0x00000007fbc00000, 0x00000007fbe00000, 0x00000007fbe00000|100%| E|CS|TAMS 0x00000007fbc00000| PB 0x00000007fbc00000| Complete |  0
|2015|0x00000007fbe00000, 0x00000007fc000000, 0x00000007fc000000|100%| E|CS|TAMS 0x00000007fbe00000| PB 0x00000007fbe00000| Complete |  0
|2016|0x00000007fc000000, 0x00000007fc200000, 0x00000007fc200000|100%| E|CS|TAMS 0x00000007fc000000| PB 0x00000007fc000000| Complete |  0
|2017|0x00000007fc200000, 0x00000007fc400000, 0x00000007fc400000|100%| E|CS|TAMS 0x00000007fc200000| PB 0x00000007fc200000| Complete |  0
|2018|0x00000007fc400000, 0x00000007fc600000, 0x00000007fc600000|100%| E|CS|TAMS 0x00000007fc400000| PB 0x00000007fc400000| Complete |  0
|2019|0x00000007fc600000, 0x00000007fc800000, 0x00000007fc800000|100%| E|CS|TAMS 0x00000007fc600000| PB 0x00000007fc600000| Complete |  0
|2020|0x00000007fc800000, 0x00000007fca00000, 0x00000007fca00000|100%| E|CS|TAMS 0x00000007fc800000| PB 0x00000007fc800000| Complete |  0
|2021|0x00000007fca00000, 0x00000007fcc00000, 0x00000007fcc00000|100%| E|CS|TAMS 0x00000007fca00000| PB 0x00000007fca00000| Complete |  0
|2022|0x00000007fcc00000, 0x00000007fce00000, 0x00000007fce00000|100%| E|CS|TAMS 0x00000007fcc00000| PB 0x00000007fcc00000| Complete |  0
|2023|0x00000007fce00000, 0x00000007fd000000, 0x00000007fd000000|100%| E|CS|TAMS 0x00000007fce00000| PB 0x00000007fce00000| Complete |  0
|2024|0x00000007fd000000, 0x00000007fd200000, 0x00000007fd200000|100%| E|CS|TAMS 0x00000007fd000000| PB 0x00000007fd000000| Complete |  0
|2025|0x00000007fd200000, 0x00000007fd400000, 0x00000007fd400000|100%| E|CS|TAMS 0x00000007fd200000| PB 0x00000007fd200000| Complete |  0
|2026|0x00000007fd400000, 0x00000007fd600000, 0x00000007fd600000|100%| E|CS|TAMS 0x00000007fd400000| PB 0x00000007fd400000| Complete |  0
|2027|0x00000007fd600000, 0x00000007fd800000, 0x00000007fd800000|100%| E|CS|TAMS 0x00000007fd600000| PB 0x00000007fd600000| Complete |  0
|2028|0x00000007fd800000, 0x00000007fda00000, 0x00000007fda00000|100%| E|CS|TAMS 0x00000007fd800000| PB 0x00000007fd800000| Complete |  0
|2029|0x00000007fda00000, 0x00000007fdc00000, 0x00000007fdc00000|100%| S|CS|TAMS 0x00000007fda00000| PB 0x00000007fda00000| Complete |  0
|2030|0x00000007fdc00000, 0x00000007fde00000, 0x00000007fde00000|100%| S|CS|TAMS 0x00000007fdc00000| PB 0x00000007fdc00000| Complete |  0
|2031|0x00000007fde00000, 0x00000007fe000000, 0x00000007fe000000|100%| S|CS|TAMS 0x00000007fde00000| PB 0x00000007fde00000| Complete |  0
|2032|0x00000007fe000000, 0x00000007fe200000, 0x00000007fe200000|100%| S|CS|TAMS 0x00000007fe000000| PB 0x00000007fe000000| Complete |  0
|2033|0x00000007fe200000, 0x00000007fe400000, 0x00000007fe400000|100%| S|CS|TAMS 0x00000007fe200000| PB 0x00000007fe200000| Complete |  0
|2034|0x00000007fe400000, 0x00000007fe600000, 0x00000007fe600000|100%| S|CS|TAMS 0x00000007fe400000| PB 0x00000007fe400000| Complete |  0
|2035|0x00000007fe600000, 0x00000007fe800000, 0x00000007fe800000|100%| S|CS|TAMS 0x00000007fe600000| PB 0x00000007fe600000| Complete |  0
|2036|0x00000007fe800000, 0x00000007fea00000, 0x00000007fea00000|100%| S|CS|TAMS 0x00000007fe800000| PB 0x00000007fe800000| Complete |  0
|2037|0x00000007fea00000, 0x00000007fec00000, 0x00000007fec00000|100%| S|CS|TAMS 0x00000007fea00000| PB 0x00000007fea00000| Complete |  0
|2038|0x00000007fec00000, 0x00000007fee00000, 0x00000007fee00000|100%| S|CS|TAMS 0x00000007fec00000| PB 0x00000007fec00000| Complete |  0
|2039|0x00000007fee00000, 0x00000007ff000000, 0x00000007ff000000|100%| S|CS|TAMS 0x00000007fee00000| PB 0x00000007fee00000| Complete |  0
|2040|0x00000007ff000000, 0x00000007ff200000, 0x00000007ff200000|100%| S|CS|TAMS 0x00000007ff000000| PB 0x00000007ff000000| Complete |  0
|2041|0x00000007ff200000, 0x00000007ff400000, 0x00000007ff400000|100%| S|CS|TAMS 0x00000007ff200000| PB 0x00000007ff200000| Complete |  0
|2042|0x00000007ff400000, 0x00000007ff600000, 0x00000007ff600000|100%| S|CS|TAMS 0x00000007ff400000| PB 0x00000007ff400000| Complete |  0
|2043|0x00000007ff600000, 0x00000007ff800000, 0x00000007ff800000|100%| S|CS|TAMS 0x00000007ff600000| PB 0x00000007ff600000| Complete |  0
|2044|0x00000007ff800000, 0x00000007ffa00000, 0x00000007ffa00000|100%| E|CS|TAMS 0x00000007ff800000| PB 0x00000007ff800000| Complete |  0
|2045|0x00000007ffa00000, 0x00000007ffc00000, 0x00000007ffc00000|100%| E|CS|TAMS 0x00000007ffa00000| PB 0x00000007ffa00000| Complete |  0
|2046|0x00000007ffc00000, 0x00000007ffe00000, 0x00000007ffe00000|100%| E|CS|TAMS 0x00000007ffc00000| PB 0x00000007ffc00000| Complete |  0
|2047|0x00000007ffe00000, 0x0000000800000000, 0x0000000800000000|100%| E|CS|TAMS 0x00000007ffe00000| PB 0x00000007ffe00000| Complete |  0

Card table byte_map: [0x0000007a39000000,0x0000007a39800000] _byte_map_base: 0x0000007a35800000

Marking Bits: (CMBitMap*) 0x0000007b7e62c7b0
 Bits: [0x0000007a35000000, 0x0000007a39000000)

Polling page: 0x0000007dd4f69000

Metaspace:
Metaspace        used 110953K, committed 112064K, reserved 1179648K
 class space     used 18035K, committed 18496K, reserved 1048576K

Usage:
  Non-class:     90.74 MB used.
      Class:     17.61 MB used.
       Both:    108.35 MB used.

Virtual space:
  Non-class space:      128.00 MB reserved,      91.38 MB ( 71%) committed,  2 nodes.
      Class space:        1.00 GB reserved,      18.06 MB (  2%) committed,  1 nodes.
             Both:        1.12 GB reserved,     109.44 MB (  9%) committed. 

Chunk freelists:
   Non-Class:  4.22 MB
       Class:  13.97 MB
        Both:  18.19 MB

MaxMetaspaceSize: unlimited
CompressedClassSpaceSize: 1.00 GB
Initial GC threshold: 21.00 MB
Current GC threshold: 166.06 MB
CDS: off
 - commit_granule_bytes: 65536.
 - commit_granule_words: 8192.
 - virtual_space_node_default_size: 8388608.
 - enlarge_chunks_in_place: 1.
UseCompressedClassPointers 1, UseCompactObjectHeaders 0
Narrow klass pointer bits 32, Max shift 3
Narrow klass base: 0x0000000000000000, Narrow klass shift: 0
Encoding Range: [0x0000000000000000 - 0x0000000100000000), (4294967296 bytes)
Klass Range:    [0x0000000055000000 - 0x0000000095000000), (1073741824 bytes)
Klass ID Range:  [1426063360 - 2499805177) (1073741817)
No protection zone.


Internal statistics:

num_allocs_failed_limit: 21.
num_arena_births: 1516.
num_arena_deaths: 0.
num_vsnodes_births: 3.
num_vsnodes_deaths: 0.
num_space_committed: 1746.
num_space_uncommitted: 0.
num_chunks_returned_to_freelist: 21.
num_chunks_taken_from_freelist: 5434.
num_chunk_merges: 18.
num_chunk_splits: 3510.
num_chunks_enlarged: 2523.
num_inconsistent_stats: 0.

CodeHeap 'non-profiled nmethods': size=120032Kb used=4368Kb max_used=4497Kb free=115663Kb
 bounds [0x0000007a41ac8000, 0x0000007a41f38000, 0x0000007a49000000]
CodeHeap 'profiled nmethods': size=120028Kb used=10244Kb max_used=11277Kb free=109783Kb
 bounds [0x0000007a3a000000, 0x0000007a3ab10000, 0x0000007a41537000]
CodeHeap 'non-nmethods': size=5700Kb used=2564Kb max_used=2666Kb free=3135Kb
 bounds [0x0000007a41537000, 0x0000007a417e7000, 0x0000007a41ac8000]
CodeCache: size=245760Kb, used=17176Kb, max_used=18440Kb, free=228581Kb
 total_blobs=10022, nmethods=8091, adapters=1839, full_count=0
Compilation: enabled, stopped_count=0, restarted_count=0

Compilation events (20 events):
Event: 18.429 Thread 0x0000007c1e63dea0 9456       3       sun.security.util.math.intpoly.IntegerPolynomial$MutableElement::setSquare (5 bytes)
Event: 18.430 Thread 0x0000007c1e63dea0 nmethod 9456 0x0000007a3a765b88 code [0x0000007a3a765c80, 0x0000007a3a765df8]
Event: 18.430 Thread 0x0000007c1e63dea0 9459       3       sun.security.util.math.intpoly.IntegerPolynomial$MutableElement::conditionalSwapWith (65 bytes)
Event: 18.430 Thread 0x0000007c1e63dea0 nmethod 9459 0x0000007a3a7656c8 code [0x0000007a3a7657c0, 0x0000007a3a765a48]
Event: 18.430 Thread 0x0000007c1e63dea0 9460       3       sun.security.ec.XECOperations::cswap (9 bytes)
Event: 18.430 Thread 0x0000007c1e642f20 9461       4       sun.security.util.math.intpoly.IntegerPolynomial$MutableElement::setDifference (147 bytes)
Event: 18.430 Thread 0x0000007c1e63dea0 nmethod 9460 0x0000007a3a46dec8 code [0x0000007a3a46dfc0, 0x0000007a3a46e140]
Event: 18.431 Thread 0x0000007c1e63dea0 9444       3       sun.security.util.math.intpoly.IntegerPolynomial$MutableElement::setValue (60 bytes)
Event: 18.431 Thread 0x0000007c1e63dea0 nmethod 9444 0x0000007a3a46db08 code [0x0000007a3a46dc00, 0x0000007a3a46deb8]
Event: 18.431 Thread 0x0000007c1e63dea0 9463       3       sun.security.util.math.intpoly.IntegerPolynomial::multByInt (30 bytes)
Event: 18.431 Thread 0x0000007c1e63dea0 nmethod 9463 0x0000007a3a46d748 code [0x0000007a3a46d840, 0x0000007a3a46daf8]
Event: 18.432 Thread 0x0000007c1e63dea0 9445       3       sun.security.util.math.intpoly.IntegerPolynomial$MutableElement::setValue (6 bytes)
Event: 18.432 Thread 0x0000007c1e63dea0 nmethod 9445 0x0000007a3a46d4c8 code [0x0000007a3a46d5c0, 0x0000007a3a46d738]
Event: 18.432 Thread 0x0000007c1e63dea0 9448       3       sun.security.util.math.intpoly.IntegerPolynomial$MutableElement::setProduct (118 bytes)
Event: 18.433 Thread 0x0000007c1e63dea0 nmethod 9448 0x0000007a3a57cf88 code [0x0000007a3a57d080, 0x0000007a3a57d5e0]
Event: 18.433 Thread 0x0000007c1e63dea0 9464       3       sun.security.util.math.intpoly.IntegerPolynomial25519::reduce (40 bytes)
Event: 18.433 Thread 0x0000007c1e63dea0 nmethod 9464 0x0000007a3a57cb48 code [0x0000007a3a57cc40, 0x0000007a3a57cf60]
Event: 18.434 Thread 0x0000007c1e63dea0 9465       3       sun.security.util.math.intpoly.IntegerPolynomial25519::carryReduce (391 bytes)
Event: 18.435 Thread 0x0000007c1e63dea0 nmethod 9465 0x0000007a3a57c688 code [0x0000007a3a57c780, 0x0000007a3a57cb30]
Event: 18.435 Thread 0x0000007c1e63dea0 9469       3       java.math.BigInteger::testBit (38 bytes)

GC Heap Usage History (14 events):
Event: 1.235 {heap Before GC invocations=0 (full 0):
 garbage-first heap   total reserved 4194304K, committed 4194304K, used 71680K [0x0000000700000000, 0x0000000800000000)
  region size 2048K, 23 young (47104K), 0 survivors (0K)
}
Event: 1.248 {heap After GC invocations=1 (full 0):
 garbage-first heap   total reserved 4194304K, committed 4194304K, used 27136K [0x0000000700000000, 0x0000000800000000)
  region size 2048K, 4 young (8192K), 4 survivors (8192K)
}
Event: 3.360 {heap Before GC invocations=2 (full 0):
 garbage-first heap   total reserved 4194304K, committed 4194304K, used 358912K [0x0000000700000000, 0x0000000800000000)
  region size 2048K, 142 young (290816K), 4 survivors (8192K)
}
Event: 3.414 {heap After GC invocations=3 (full 0):
 garbage-first heap   total reserved 4194304K, committed 4194304K, used 77080K [0x0000000700000000, 0x0000000800000000)
  region size 2048K, 22 young (45056K), 22 survivors (45056K)
}
Event: 6.867 {heap Before GC invocations=4 (full 0):
 garbage-first heap   total reserved 4194304K, committed 4194304K, used 566552K [0x0000000700000000, 0x0000000800000000)
  region size 2048K, 253 young (518144K), 22 survivors (45056K)
}
Event: 6.946 {heap After GC invocations=5 (full 0):
 garbage-first heap   total reserved 4194304K, committed 4194304K, used 121559K [0x0000000700000000, 0x0000000800000000)
  region size 2048K, 17 young (34816K), 17 survivors (34816K)
}
Event: 9.216 {heap Before GC invocations=5 (full 0):
 garbage-first heap   total reserved 4194304K, committed 4194304K, used 320215K [0x0000000700000000, 0x0000000800000000)
  region size 2048K, 115 young (235520K), 17 survivors (34816K)
}
Event: 9.260 {heap After GC invocations=6 (full 0):
 garbage-first heap   total reserved 4194304K, committed 4194304K, used 133647K [0x0000000700000000, 0x0000000800000000)
  region size 2048K, 23 young (47104K), 23 survivors (47104K)
}
Event: 16.847 {heap Before GC invocations=7 (full 0):
 garbage-first heap   total reserved 4194304K, committed 4194304K, used 1260047K [0x0000000700000000, 0x0000000800000000)
  region size 2048K, 574 young (1175552K), 23 survivors (47104K)
}
Event: 16.934 {heap After GC invocations=8 (full 0):
 garbage-first heap   total reserved 4194304K, committed 4194304K, used 174088K [0x0000000700000000, 0x0000000800000000)
  region size 2048K, 43 young (88064K), 43 survivors (88064K)
}
Event: 17.236 {heap Before GC invocations=8 (full 0):
 garbage-first heap   total reserved 4194304K, committed 4194304K, used 210952K [0x0000000700000000, 0x0000000800000000)
  region size 2048K, 62 young (126976K), 43 survivors (88064K)
}
Event: 17.298 {heap After GC invocations=9 (full 0):
 garbage-first heap   total reserved 4194304K, committed 4194304K, used 173389K [0x0000000700000000, 0x0000000800000000)
  region size 2048K, 43 young (88064K), 43 survivors (88064K)
}
Event: 17.343 {heap Before GC invocations=9 (full 0):
 garbage-first heap   total reserved 4194304K, committed 4194304K, used 179533K [0x0000000700000000, 0x0000000800000000)
  region size 2048K, 47 young (96256K), 43 survivors (88064K)
}
Event: 17.396 {heap After GC invocations=10 (full 0):
 garbage-first heap   total reserved 4194304K, committed 4194304K, used 172365K [0x0000000700000000, 0x0000000800000000)
  region size 2048K, 42 young (86016K), 42 survivors (86016K)
}

Metaspace Usage History (14 events):
Event: 1.235 {metaspace Before GC invocations=0 (full 0):
 Metaspace       used 21252K, committed 21504K, reserved 1114112K
  class space    used 2248K, committed 2368K, reserved 1048576K
}
Event: 1.248 {metaspace After GC invocations=1 (full 0):
 Metaspace       used 21252K, committed 21504K, reserved 1114112K
  class space    used 2248K, committed 2368K, reserved 1048576K
}
Event: 3.360 {metaspace Before GC invocations=2 (full 0):
 Metaspace       used 35438K, committed 35968K, reserved 1114112K
  class space    used 3923K, committed 4160K, reserved 1048576K
}
Event: 3.414 {metaspace After GC invocations=3 (full 0):
 Metaspace       used 35438K, committed 35968K, reserved 1114112K
  class space    used 3923K, committed 4160K, reserved 1048576K
}
Event: 6.867 {metaspace Before GC invocations=4 (full 0):
 Metaspace       used 50664K, committed 51328K, reserved 1114112K
  class space    used 6145K, committed 6400K, reserved 1048576K
}
Event: 6.946 {metaspace After GC invocations=5 (full 0):
 Metaspace       used 50664K, committed 51328K, reserved 1114112K
  class space    used 6145K, committed 6400K, reserved 1048576K
}
Event: 9.216 {metaspace Before GC invocations=5 (full 0):
 Metaspace       used 59378K, committed 60096K, reserved 1114112K
  class space    used 7431K, committed 7744K, reserved 1048576K
}
Event: 9.260 {metaspace After GC invocations=6 (full 0):
 Metaspace       used 59378K, committed 60096K, reserved 1114112K
  class space    used 7431K, committed 7744K, reserved 1048576K
}
Event: 16.847 {metaspace Before GC invocations=7 (full 0):
 Metaspace       used 97492K, committed 98496K, reserved 1179648K
  class space    used 16142K, committed 16576K, reserved 1048576K
}
Event: 16.934 {metaspace After GC invocations=8 (full 0):
 Metaspace       used 97492K, committed 98496K, reserved 1179648K
  class space    used 16142K, committed 16576K, reserved 1048576K
}
Event: 17.236 {metaspace Before GC invocations=8 (full 0):
 Metaspace       used 100426K, committed 101376K, reserved 1179648K
  class space    used 16627K, committed 17024K, reserved 1048576K
}
Event: 17.298 {metaspace After GC invocations=9 (full 0):
 Metaspace       used 100426K, committed 101376K, reserved 1179648K
  class space    used 16627K, committed 17024K, reserved 1048576K
}
Event: 17.343 {metaspace Before GC invocations=9 (full 0):
 Metaspace       used 100742K, committed 101696K, reserved 1179648K
  class space    used 16665K, committed 17024K, reserved 1048576K
}
Event: 17.396 {metaspace After GC invocations=10 (full 0):
 Metaspace       used 100742K, committed 101696K, reserved 1179648K
  class space    used 16665K, committed 17024K, reserved 1048576K
}

Dll operation events (20 events):
Event: 0.005 Loaded shared library /data/data/com.movtery.zalithlauncher.v2/files/games/runtimes/Internal-25/lib/libzip.so
Event: 0.206 Loaded shared library /data/data/com.movtery.zalithlauncher.v2/files/games/runtimes/Internal-25/lib/libinstrument.so
Event: 0.219 Loaded shared library /data/data/com.movtery.zalithlauncher.v2/files/games/runtimes/Internal-25/lib/libnio.so
Event: 0.247 Loaded shared library /data/data/com.movtery.zalithlauncher.v2/files/games/runtimes/Internal-25/lib/libzip.so
Event: 0.456 Loaded shared library /data/data/com.movtery.zalithlauncher.v2/files/games/runtimes/Internal-25/lib/libjimage.so
Event: 0.463 Loaded shared library /data/data/com.movtery.zalithlauncher.v2/files/games/runtimes/Internal-25/lib/libnet.so
Event: 0.523 Loaded shared library /data/data/com.movtery.zalithlauncher.v2/files/games/runtimes/Internal-25/lib/libawt.so
Event: 0.524 Loaded shared library /data/data/com.movtery.zalithlauncher.v2/files/games/runtimes/Internal-25/lib/libawt_xawt.so
Event: 0.549 Loaded shared library /data/app/~~YuncQEj0Rruyt6y_-RebSA==/com.movtery.zalithlauncher.v2-JtRzSV7VpInkzDcyzopsqQ==/lib/arm64/libpojavexec_awt.so
Event: 0.617 Loaded shared library /data/data/com.movtery.zalithlauncher.v2/files/games/runtimes/Internal-25/lib/libmanagement.so
Event: 0.618 Loaded shared library /data/data/com.movtery.zalithlauncher.v2/files/games/runtimes/Internal-25/lib/libmanagement_ext.so
Event: 2.209 Loaded shared library /data/app/~~YuncQEj0Rruyt6y_-RebSA==/com.movtery.zalithlauncher.v2-JtRzSV7VpInkzDcyzopsqQ==/lib/arm64/libpojavexec.so
Event: 2.290 Loaded shared library /data/app/~~YuncQEj0Rruyt6y_-RebSA==/com.movtery.zalithlauncher.v2-JtRzSV7VpInkzDcyzopsqQ==/lib/arm64/liblwjgl.so
Event: 2.382 Loaded shared library /data/app/~~YuncQEj0Rruyt6y_-RebSA==/com.movtery.zalithlauncher.v2-JtRzSV7VpInkzDcyzopsqQ==/lib/arm64/liblwjgl_stb.so
Event: 2.409 Loaded shared library /data/app/~~YuncQEj0Rruyt6y_-RebSA==/com.movtery.zalithlauncher.v2-JtRzSV7VpInkzDcyzopsqQ==/lib/arm64/liblwjgl_opengl.so
Event: 3.074 Loaded shared library /data/data/com.movtery.zalithlauncher.v2/files/games/runtimes/Internal-25/lib/libverify.so
Event: 4.896 Loaded shared library /data/app/~~YuncQEj0Rruyt6y_-RebSA==/com.movtery.zalithlauncher.v2-JtRzSV7VpInkzDcyzopsqQ==/lib/arm64/liblwjgl_vma.so
Event: 4.914 Loaded shared library /data/app/~~YuncQEj0Rruyt6y_-RebSA==/com.movtery.zalithlauncher.v2-JtRzSV7VpInkzDcyzopsqQ==/lib/arm64/liblwjgl_tinyfd.so
Event: 6.202 Loaded shared library /data/data/com.movtery.zalithlauncher.v2/files/games/jna_dir/jna/5.17.0/libjnidispatch.so
Event: 18.227 Loaded shared library /data/data/com.movtery.zalithlauncher.v2/files/games/runtimes/Internal-25/lib/libextnet.so

Deoptimization events (20 events):
Event: 18.385 Thread 0x0000007c1e8cf1f0 DEOPT PACKING pc=0x0000007a41d2dac8 sp=0x00000079f49fd100
Event: 18.385 Thread 0x0000007c1e8d6ab0 DEOPT PACKING pc=0x0000007a41d2dac8 sp=0x00000079eb5fd1b0
Event: 18.385 Thread 0x0000007c1e8cf1f0 DEOPT UNPACKING pc=0x0000007a415b719c sp=0x00000079f49fd0b0 mode 2
Event: 18.385 Thread 0x0000007c1e8d6ab0 DEOPT UNPACKING pc=0x0000007a415b719c sp=0x00000079eb5fd160 mode 2
Event: 18.385 Thread 0x0000007c1e8d4c80 Uncommon trap: trap_request=0xffffffc6 fr.pc=0x0000007a41d2dac8 relative=0x0000000000000348
Event: 18.385 Thread 0x0000007c1e8d4c80 Uncommon trap: reason=bimorphic_or_optimized_type_check action=maybe_recompile pc=0x0000007a41d2dac8 method=java.util.Collections$UnmodifiableCollection.contains(Ljava/lang/Object;)Z @ 5 c2
Event: 18.385 Thread 0x0000007c1e8d4c80 DEOPT PACKING pc=0x0000007a41d2dac8 sp=0x00000079f35fd130
Event: 18.385 Thread 0x0000007c1e8d4c80 DEOPT UNPACKING pc=0x0000007a415b719c sp=0x00000079f35fd0e0 mode 2
Event: 18.385 Thread 0x0000007c1e8cf1f0 Uncommon trap: trap_request=0xffffffc6 fr.pc=0x0000007a41d2dac8 relative=0x0000000000000348
Event: 18.385 Thread 0x0000007c1e8cf1f0 Uncommon trap: reason=bimorphic_or_optimized_type_check action=maybe_recompile pc=0x0000007a41d2dac8 method=java.util.Collections$UnmodifiableCollection.contains(Ljava/lang/Object;)Z @ 5 c2
Event: 18.385 Thread 0x0000007c1e8cf1f0 DEOPT PACKING pc=0x0000007a41d2dac8 sp=0x00000079f49fd000
Event: 18.385 Thread 0x0000007c1e8cf1f0 DEOPT UNPACKING pc=0x0000007a415b719c sp=0x00000079f49fcfb0 mode 2
Event: 18.423 Thread 0x0000007c1e8cf1f0 Uncommon trap: trap_request=0xffffffde fr.pc=0x0000007a41b4e634 relative=0x00000000000000b4
Event: 18.423 Thread 0x0000007c1e8cf1f0 Uncommon trap: reason=class_check action=maybe_recompile pc=0x0000007a41b4e634 method=java.util.AbstractList$Itr.hasNext()Z @ 8 c2
Event: 18.423 Thread 0x0000007c1e8cf1f0 DEOPT PACKING pc=0x0000007a41b4e634 sp=0x00000079f49fbda0
Event: 18.423 Thread 0x0000007c1e8cf1f0 DEOPT UNPACKING pc=0x0000007a415b719c sp=0x00000079f49fbd40 mode 2
Event: 18.423 Thread 0x0000007c1e8cf1f0 Uncommon trap: trap_request=0xffffffde fr.pc=0x0000007a41b22f04 relative=0x0000000000000144
Event: 18.423 Thread 0x0000007c1e8cf1f0 Uncommon trap: reason=class_check action=maybe_recompile pc=0x0000007a41b22f04 method=java.util.AbstractList$Itr.next()Ljava/lang/Object; @ 14 c2
Event: 18.423 Thread 0x0000007c1e8cf1f0 DEOPT PACKING pc=0x0000007a41b22f04 sp=0x00000079f49fbd90
Event: 18.423 Thread 0x0000007c1e8cf1f0 DEOPT UNPACKING pc=0x0000007a415b719c sp=0x00000079f49fbd30 mode 2

Classes loaded (20 events):
Event: 18.433 Loading class java/security/KeyPair done
Event: 18.433 Loading class sun/security/ec/XDHPublicKeyImpl
Event: 18.433 Loading class it/unimi/dsi/fastutil/longs/LongArrays$ArrayHashStrategy
Event: 18.433 Loading class it/unimi/dsi/fastutil/longs/LongArrays$ArrayHashStrategy done
Event: 18.433 Loading class java/security/interfaces/XECPublicKey
Event: 18.433 Loading class java/security/interfaces/XECKey
Event: 18.433 Loading class java/security/interfaces/XECKey done
Event: 18.433 Loading class java/security/interfaces/XECPublicKey done
Event: 18.434 Loading class org/lwjgl/vulkan/VkAndroidSurfaceCreateInfoKHR
Event: 18.434 Loading class org/lwjgl/vulkan/VkAndroidSurfaceCreateInfoKHR done
Event: 18.434 Loading class sun/security/ec/XDHPublicKeyImpl done
Event: 18.434 Loading class sun/security/ec/XDHPrivateKeyImpl
Event: 18.434 Loading class java/security/interfaces/XECPrivateKey
Event: 18.434 Loading class java/security/interfaces/XECPrivateKey done
Event: 18.434 Loading class sun/security/ec/XDHPrivateKeyImpl done
Event: 18.434 Loading class org/lwjgl/vulkan/KHRAndroidSurface
Event: 18.434 Loading class org/lwjgl/vulkan/KHRAndroidSurface done
Event: 18.435 Loading class sun/security/ssl/XDHKeyExchange$1
Event: 18.435 Loading class sun/security/ssl/XDHKeyExchange$1 done
Event: 18.435 Loading class sun/security/ssl/KeyShareExtension$KeyShareEntry

Classes unloaded (0 events):
No events

Classes redefined (0 events):
No events

Internal exceptions (20 events):
Event: 17.509 Thread 0x0000007c1e84c4f0 Exception <a 'java/lang/NoSuchMethodError'{0x00000007fd7b50a0}: 'java.lang.Object java.lang.invoke.Invokers$Holder.invoke_MT(java.lang.Object, java.lang.Object, java.lang.Object, java.lang.Object, java.lang.Object)'> (0x00000007fd7b50a0) 
thrown [src/hotspot/share/interpreter/linkResolver.cpp, line 804]
Event: 17.526 Thread 0x0000007c1e8c28b0 Exception <a 'sun/nio/fs/UnixException'{0x00000007fd500178}> (0x00000007fd500178) 
thrown [src/hotspot/share/prims/jni.cpp, line 516]
Event: 17.571 Thread 0x0000007c1e63d490 Exception <a 'java/lang/NoSuchMethodError'{0x00000007fd097a18}: 'void java.lang.invoke.DirectMethodHandle$Holder.invokeStaticInit(java.lang.Object, java.lang.Object, int)'> (0x00000007fd097a18) 
thrown [src/hotspot/share/interpreter/linkResolver.cpp, line 804]
Event: 17.579 Thread 0x0000007c1e63d490 Exception <a 'java/lang/NoSuchMethodError'{0x00000007fd158bf8}: 'void java.lang.invoke.DirectMethodHandle$Holder.invokeStaticInit(java.lang.Object, java.lang.Object, float)'> (0x00000007fd158bf8) 
thrown [src/hotspot/share/interpreter/linkResolver.cpp, line 804]
Event: 17.637 Thread 0x0000007c1e63d490 Exception <a 'java/lang/NoSuchMethodError'{0x00000007fcb73a60}: 'java.lang.Object java.lang.invoke.DirectMethodHandle$Holder.newInvokeSpecial(java.lang.Object, long, long, java.lang.Object, java.lang.Object)'> (0x00000007fcb73a60) 
thrown [src/hotspot/share/interpreter/linkResolver.cpp, line 804]
Event: 17.829 Thread 0x0000007c1e63d490 Exception <a 'sun/nio/fs/UnixException'{0x00000007fb3f36c0}> (0x00000007fb3f36c0) 
thrown [src/hotspot/share/prims/jni.cpp, line 516]
Event: 17.934 Thread 0x0000007c1e63d490 Exception <a 'java/lang/NoSuchMethodError'{0x00000007fa3328b8}: 'java.lang.Object java.lang.invoke.DirectMethodHandle$Holder.invokeStatic(java.lang.Object, java.lang.Object, double)'> (0x00000007fa3328b8) 
thrown [src/hotspot/share/interpreter/linkResolver.cpp, line 804]
Event: 17.995 Thread 0x0000007c1e63d490 Exception <a 'java/lang/NoSuchMethodError'{0x00000007f96fc938}: 'double java.lang.invoke.DirectMethodHandle$Holder.invokeStatic(java.lang.Object, int)'> (0x00000007f96fc938) 
thrown [src/hotspot/share/interpreter/linkResolver.cpp, line 804]
Event: 18.013 Thread 0x0000007c1e63d490 Exception <a 'java/lang/NoSuchMethodError'{0x00000007f923ce98}: 'java.lang.Object java.lang.invoke.Invokers$Holder.linkToTargetMethod(java.lang.Object, int, java.lang.Object, java.lang.Object)'> (0x00000007f923ce98) 
thrown [src/hotspot/share/interpreter/linkResolver.cpp, line 804]
Event: 18.028 Thread 0x0000007c1e63d490 Exception <a 'java/lang/NoSuchMethodError'{0x00000007f93be838}: 'java.lang.Object java.lang.invoke.DirectMethodHandle$Holder.invokeInterface(java.lang.Object, java.lang.Object, double)'> (0x00000007f93be838) 
thrown [src/hotspot/share/interpreter/linkResolver.cpp, line 804]
Event: 18.053 Thread 0x0000007c1e63d490 Exception <a 'java/lang/IncompatibleClassChangeError'{0x00000007f8f14560}: Found class java.lang.Object, but interface was expected> (0x00000007f8f14560) 
thrown [src/hotspot/share/interpreter/linkResolver.cpp, line 871]
Event: 18.060 Thread 0x0000007c1e63d490 Exception <a 'java/lang/NoSuchMethodError'{0x00000007f8f89c68}: 'double java.lang.invoke.DirectMethodHandle$Holder.invokeVirtual(java.lang.Object, java.lang.Object)'> (0x00000007f8f89c68) 
thrown [src/hotspot/share/interpreter/linkResolver.cpp, line 804]
Event: 18.077 Thread 0x0000007c1e63d490 Implicit null exception at 0x0000007a41cc9750 to 0x0000007a41cc9d18
Event: 18.132 Thread 0x0000007c1e63d490 Exception <a 'java/lang/NoSuchMethodError'{0x00000007f8484480}: 'void java.lang.invoke.DirectMethodHandle$Holder.invokeSpecial(java.lang.Object, java.lang.Object, int, java.lang.Object, java.lang.Object)'> (0x00000007f8484480) 
thrown [src/hotspot/share/interpreter/linkResolver.cpp, line 804]
Event: 18.194 Thread 0x0000007c1e63d490 Exception <a 'java/lang/NoSuchMethodError'{0x00000007f4bf81f8}: 'long java.lang.invoke.DirectMethodHandle$Holder.fieldAccess(java.lang.Object, java.lang.Object)'> (0x00000007f4bf81f8) 
thrown [src/hotspot/share/interpreter/linkResolver.cpp, line 804]
Event: 18.197 Thread 0x0000007c1e63d490 Exception <a 'java/lang/NoSuchMethodError'{0x00000007f48377b8}: 'int java.lang.invoke.DirectMethodHandle$Holder.invokeSpecial(java.lang.Object, java.lang.Object, long, long)'> (0x00000007f48377b8) 
thrown [src/hotspot/share/interpreter/linkResolver.cpp, line 804]
Event: 18.199 Thread 0x0000007c1e63d490 Exception <a 'java/lang/NoSuchMethodError'{0x00000007f4850100}: 'void java.lang.invoke.DirectMethodHandle$Holder.invokeSpecial(java.lang.Object, java.lang.Object, int, long)'> (0x00000007f4850100) 
thrown [src/hotspot/share/interpreter/linkResolver.cpp, line 804]
Event: 18.201 Thread 0x0000007c1e63d490 Exception <a 'java/lang/NoSuchMethodError'{0x00000007f48797c0}: 'void java.lang.invoke.DirectMethodHandle$Holder.invokeStatic(java.lang.Object, int, long)'> (0x00000007f48797c0) 
thrown [src/hotspot/share/interpreter/linkResolver.cpp, line 804]
Event: 18.333 Thread 0x0000007c1e63d490 Exception <a 'java/lang/NoSuchMethodError'{0x00000007f45cc5f8}: 'java.lang.Object java.lang.invoke.Invokers$Holder.linkToTargetMethod(long, long, java.lang.Object)'> (0x00000007f45cc5f8) 
thrown [src/hotspot/share/interpreter/linkResolver.cpp, line 804]
Event: 18.374 Thread 0x0000007c1e63d490 Exception <a 'java/lang/NoSuchMethodError'{0x00000007f41f22c0}: 'long java.lang.invoke.DirectMethodHandle$Holder.invokeStatic(java.lang.Object, long)'> (0x00000007f41f22c0) 
thrown [src/hotspot/share/interpreter/linkResolver.cpp, line 804]

VM Operations (20 events):
Event: 17.721 Executing non-safepoint VM operation: HandshakeAllThreads (Deoptimize)
Event: 17.721 Executing non-safepoint VM operation: HandshakeAllThreads (Deoptimize) done
Event: 17.803 Executing non-safepoint VM operation: HandshakeAllThreads (Deoptimize)
Event: 17.803 Executing non-safepoint VM operation: HandshakeAllThreads (Deoptimize) done
Event: 17.895 Executing non-safepoint VM operation: HandshakeAllThreads (Deoptimize)
Event: 17.895 Executing non-safepoint VM operation: HandshakeAllThreads (Deoptimize) done
Event: 17.963 Executing non-safepoint VM operation: HandshakeAllThreads (Deoptimize)
Event: 17.964 Executing non-safepoint VM operation: HandshakeAllThreads (Deoptimize) done
Event: 18.079 Executing non-safepoint VM operation: HandshakeAllThreads (Deoptimize)
Event: 18.079 Executing non-safepoint VM operation: HandshakeAllThreads (Deoptimize) done
Event: 18.128 Executing non-safepoint VM operation: HandshakeAllThreads (Deoptimize)
Event: 18.128 Executing non-safepoint VM operation: HandshakeAllThreads (Deoptimize) done
Event: 18.151 Executing non-safepoint VM operation: HandshakeAllThreads (Deoptimize)
Event: 18.152 Executing non-safepoint VM operation: HandshakeAllThreads (Deoptimize) done
Event: 18.313 Executing non-safepoint VM operation: HandshakeAllThreads (Deoptimize)
Event: 18.313 Executing non-safepoint VM operation: HandshakeAllThreads (Deoptimize) done
Event: 18.316 Executing non-safepoint VM operation: HandshakeAllThreads (Deoptimize)
Event: 18.316 Executing non-safepoint VM operation: HandshakeAllThreads (Deoptimize) done
Event: 18.384 Executing non-safepoint VM operation: HandshakeAllThreads (Deoptimize)
Event: 18.384 Executing non-safepoint VM operation: HandshakeAllThreads (Deoptimize) done

Memory protections (20 events):
Event: 6.130 Protecting memory [0x0000007a12e00000,0x0000007a12e04000] with protection modes 0
Event: 6.327 Protecting memory [0x0000007a03e00000,0x0000007a03e04000] with protection modes 0
Event: 6.452 Protecting memory [0x0000007dc9f60000,0x0000007dc9f64000] with protection modes 0
Event: 7.331 Protecting memory [0x0000007dde037000,0x0000007dde038000] with protection modes 1
Event: 7.883 Protecting memory [0x0000007a12e00000,0x0000007a12e04000] with protection modes 0
Event: 8.058 Protecting memory [0x0000007a0f600000,0x0000007a0f604000] with protection modes 0
Event: 8.068 Protecting memory [0x0000007a0e200000,0x0000007a0e204000] with protection modes 0
Event: 9.414 Protecting memory [0x0000007a0f600000,0x0000007a0f604000] with protection modes 0
Event: 9.580 Protecting memory [0x0000007a0e200000,0x0000007a0e204000] with protection modes 0
Event: 12.443 Protecting memory [0x0000007a0e200000,0x0000007a0e204000] with protection modes 0
Event: 13.840 Protecting memory [0x0000007a0f600000,0x0000007a0f604000] with protection modes 0
Event: 16.558 Protecting memory [0x0000007a54c00000,0x0000007a54c04000] with protection modes 0
Event: 16.560 Protecting memory [0x0000007a54600000,0x0000007a54604000] with protection modes 0
Event: 17.048 Protecting memory [0x0000007a54000000,0x0000007a54004000] with protection modes 0
Event: 17.523 Protecting memory [0x0000007a12e00000,0x0000007a12e04000] with protection modes 0
Event: 17.523 Protecting memory [0x0000007a0e600000,0x0000007a0e604000] with protection modes 0
Event: 17.561 Protecting memory [0x0000007a0e200000,0x0000007a0e204000] with protection modes 0
Event: 17.860 Protecting memory [0x00000079f4800000,0x00000079f4804000] with protection modes 0
Event: 17.898 Protecting memory [0x00000079f3400000,0x00000079f3404000] with protection modes 0
Event: 17.902 Protecting memory [0x00000079eb400000,0x00000079eb404000] with protection modes 0

Nmethod flushes (20 events):
Event: 17.468 Thread 0x0000007cde62ca40 flushing  nmethod 0x0000007a3a144bc8
Event: 17.468 Thread 0x0000007cde62ca40 flushing  nmethod 0x0000007a3a277808
Event: 17.468 Thread 0x0000007cde62ca40 flushing  nmethod 0x0000007a3a302108
Event: 17.468 Thread 0x0000007cde62ca40 flushing  nmethod 0x0000007a3a3037c8
Event: 17.468 Thread 0x0000007cde62ca40 flushing  nmethod 0x0000007a3a4954c8
Event: 17.468 Thread 0x0000007cde62ca40 flushing  nmethod 0x0000007a3a496388
Event: 17.468 Thread 0x0000007cde62ca40 flushing  nmethod 0x0000007a3a4982c8
Event: 17.468 Thread 0x0000007cde62ca40 flushing  nmethod 0x0000007a3a62da88
Event: 17.468 Thread 0x0000007cde62ca40 flushing  nmethod 0x0000007a3a62dd08
Event: 17.468 Thread 0x0000007cde62ca40 flushing  nmethod 0x0000007a3a723d08
Event: 17.468 Thread 0x0000007cde62ca40 flushing  nmethod 0x0000007a3a725308
Event: 17.468 Thread 0x0000007cde62ca40 flushing  nmethod 0x0000007a3a725c48
Event: 17.468 Thread 0x0000007cde62ca40 flushing  nmethod 0x0000007a3a728108
Event: 17.468 Thread 0x0000007cde62ca40 flushing  nmethod 0x0000007a3a7287c8
Event: 17.468 Thread 0x0000007cde62ca40 flushing  nmethod 0x0000007a3a729188
Event: 17.468 Thread 0x0000007cde62ca40 flushing  nmethod 0x0000007a3a853988
Event: 17.468 Thread 0x0000007cde62ca40 flushing  nmethod 0x0000007a3a853ec8
Event: 17.468 Thread 0x0000007cde62ca40 flushing  nmethod 0x0000007a3a855a08
Event: 17.468 Thread 0x0000007cde62ca40 flushing  nmethod 0x0000007a3a857808
Event: 17.468 Thread 0x0000007cde62ca40 flushing  nmethod 0x0000007a3a8aa148

Events (20 events):
Event: 12.325 Thread 0x0000007c1e6a9750 Thread exited: 0x0000007c1e6a9750
Event: 12.443 Thread 0x0000007c1e63dea0 Thread added: 0x0000007c1e82ec00
Event: 13.581 Thread 0x0000007c1e82ec00 Thread exited: 0x0000007c1e82ec00
Event: 13.583 Thread 0x0000007c1e63e8b0 Thread exited: 0x0000007c1e63e8b0
Event: 13.840 Thread 0x0000007c1e63dea0 Thread added: 0x0000007c1e86da40
Event: 15.061 Thread 0x0000007c1e86da40 Thread exited: 0x0000007c1e86da40
Event: 16.405 Thread 0x0000007c1e7c0100 Thread exited: 0x0000007c1e7c0100
Event: 16.521 Thread 0x0000007c1e75b700 Thread exited: 0x0000007c1e75b700
Event: 16.521 Thread 0x0000007c1e7460e0 Thread exited: 0x0000007c1e7460e0
Event: 16.522 Thread 0x0000007c1e65ad80 Thread exited: 0x0000007c1e65ad80
Event: 16.522 Thread 0x0000007c1e74a750 Thread exited: 0x0000007c1e74a750
Event: 16.558 Thread 0x0000007c1e63d490 Thread added: 0x0000007c1e65ad80
Event: 16.558 Thread 0x0000007c1e65ad80 Thread added: 0x0000007c1e896850
Event: 17.048 Thread 0x0000007c1e63d490 Thread added: 0x0000007c1e84c4f0
Event: 17.523 Thread 0x0000007c1e84c4f0 Thread added: 0x0000007c1e8c28b0
Event: 17.523 Thread 0x0000007c1e84c4f0 Thread added: 0x0000007c1e8cbfa0
Event: 17.560 Thread 0x0000007c1e63d490 Thread added: 0x0000007c1e8aa040
Event: 17.860 Thread 0x0000007c1e63d490 Thread added: 0x0000007c1e8cf1f0
Event: 17.898 Thread 0x0000007c1e63d490 Thread added: 0x0000007c1e8d4c80
Event: 17.902 Thread 0x0000007c1e63d490 Thread added: 0x0000007c1e8d6ab0


Dynamic libraries:
01b7c000-01e8c000 rw-p 00000000 00:00 0                                  [anon:dalvik-/system/framework/boot.art]
01e8c000-01ee0000 rw-p 00000000 00:00 0                                  [anon:dalvik-/system/framework/boot-core-libart.art]
01ee0000-01f0c000 rw-p 00000000 00:00 0                                  [anon:dalvik-/system/framework/boot-okhttp.art]
01f0c000-01f60000 rw-p 00000000 00:00 0                                  [anon:dalvik-/system/framework/boot-bouncycastle.art]
01f60000-01f80000 rw-p 00000000 00:00 0                                  [anon:dalvik-/system/framework/boot-apache-xml.art]
01f80000-03038000 rw-p 00000000 00:00 0                                  [anon:dalvik-/system/framework/boot-framework.art]
03038000-0303c000 rw-p 00000000 00:00 0                                  [anon:dalvik-/system/framework/boot-framework-graphics.art]
0303c000-03060000 rw-p 00000000 00:00 0                                  [anon:dalvik-/system/framework/boot-framework-location.art]
03060000-03090000 rw-p 00000000 00:00 0                                  [anon:dalvik-/system/framework/boot-ext.art]
03090000-03208000 rw-p 00000000 00:00 0                                  [anon:dalvik-/system/framework/boot-telephony-common.art]
03208000-032b0000 rw-p 00000000 00:00 0                                  [anon:dalvik-/system/framework/boot-voip-common.art]
032b0000-032f4000 rw-p 00000000 00:00 0                                  [anon:dalvik-/system/framework/boot-ims-common.art]
032f4000-032f8000 rw-p 00000000 00:00 0                                  [anon:dalvik-/system/framework/boot-framework-ondeviceintelligence-platform.art]
032f8000-03328000 rw-p 00000000 00:00 0                                  [anon:dalvik-/system/framework/boot-framework-nfc.art]
03328000-0332c000 rw-p 00000000 00:00 0                                  [anon:dalvik-/system/framework/boot-tcmiface.art]
0332c000-03330000 rw-p 00000000 00:00 0                                  [anon:dalvik-/system/framework/boot-telephony-ext.art]
03330000-03334000 rw-p 00000000 00:00 0                                  [anon:dalvik-/system/framework/boot-qcom.fmradio.art]
03334000-03338000 rw-p 00000000 00:00 0                                  [anon:dalvik-/system/framework/boot-QPerformance.art]
03338000-0333c000 rw-p 00000000 00:00 0                                  [anon:dalvik-/system/framework/boot-UxPerformance.art]
0333c000-03340000 rw-p 00000000 00:00 0                                  [anon:dalvik-/system/framework/boot-WfdCommon.art]
03340000-0343c000 rw-p 00000000 00:00 0                                  [anon:dalvik-/system/framework/boot-vivo-framework.art]
0343c000-03490000 rw-p 00000000 00:00 0                                  [anon:dalvik-/system/framework/boot-vivo-media.art]
03490000-03494000 rw-p 00000000 00:00 0                                  [anon:dalvik-/system/framework/boot-framework-adapter.art]
03494000-03498000 rw-p 00000000 00:00 0                                  [anon:dalvik-/system/framework/boot-soc-framework.art]
03498000-0349c000 rw-p 00000000 00:00 0                                  [anon:dalvik-/system/framework/boot-vivo-vgcclient.art]
0349c000-034a0000 rw-p 00000000 00:00 0                                  [anon:dalvik-/system/framework/boot-vivo-emmclient.art]
034a0000-034a8000 rw-p 00000000 00:00 0                                  [anon:dalvik-/system/framework/boot-vivo-coworkclient.art]
034a8000-03630000 rw-p 00000000 00:00 0                                  [anon:dalvik-/system/framework/boot-core-icu4j.art]
03630000-036e0000 r--p 00000000 fe:0c 187598146                          /system/framework/arm64/boot.oat
036e0000-039b9000 r-xp 000b0000 fe:0c 187598146                          /system/framework/arm64/boot.oat
039b9000-039bc000 ---p 00000000 00:00 0                                  [anon:dalvik-Boot image reservation]
039bc000-039bd000 rw-p 00000000 00:00 0                                  [anon:.bss]
039bd000-039c0000 ---p 00000000 00:00 0                                  [anon:dalvik-Boot image reservation]
039c0000-039dc000 rw-p 00000000 fe:0c 187594362                          /system/framework/boot.vdex
039dc000-039f0000 r--p 00000000 fe:0c 179368688                          /system/framework/arm64/boot-core-libart.oat
039f0000-03a3e000 r-xp 00014000 fe:0c 179368688                          /system/framework/arm64/boot-core-libart.oat
03a3e000-03a40000 ---p 00000000 00:00 0                                  [anon:dalvik-Boot image reservation]
03a40000-03a44000 rw-p 00000000 fe:0c 187590779                          /system/framework/boot-core-libart.vdex
03a44000-03a54000 r--p 00000000 fe:0c 179372398                          /system/framework/arm64/boot-okhttp.oat
03a54000-03a88000 r-xp 00010000 fe:0c 179372398                          /system/framework/arm64/boot-okhttp.oat
03a88000-03a89000 rw-p 00000000 00:00 0                                  [anon:.bss]
03a89000-03a8c000 ---p 00000000 00:00 0                                  [anon:dalvik-Boot image reservation]
03a8c000-03a8e000 rw-p 00000000 fe:0c 179089278                          /system/framework/boot-okhttp.vdex
03a8e000-03a90000 ---p 00000000 00:00 0                                  [anon:dalvik-Boot image reservation]
03a90000-03a98000 r--p 00000000 fe:0c 179023985                          /system/framework/arm64/boot-bouncycastle.oat
03a98000-03ab4000 r-xp 00008000 fe:0c 179023985                          /system/framework/arm64/boot-bouncycastle.oat
03ab4000-03aba000 rw-p 00000000 fe:0c 187584763                          /system/framework/boot-bouncycastle.vdex
03aba000-03abc000 ---p 00000000 00:00 0                                  [anon:dalvik-Boot image reservation]
03abc000-03ac4000 r--p 00000000 fe:0c 179086712                          /system/framework/arm64/boot-apache-xml.oat
03ac4000-03adc000 r-xp 00008000 fe:0c 179086712                          /system/framework/arm64/boot-apache-xml.oat
03adc000-03ae1000 rw-p 00000000 fe:0c 179085949                          /system/framework/boot-apache-xml.vdex
03ae1000-03ae4000 ---p 00000000 00:00 0                                  [anon:dalvik-Boot image reservation]
03ae4000-03d80000 r--p 00000000 fe:0c 197077888                          /system/framework/arm64/boot-framework.oat
03d80000-04791000 r-xp 0029c000 fe:0c 197077888                          /system/framework/arm64/boot-framework.oat
04791000-04794000 ---p 00000000 00:00 0                                  [anon:dalvik-Boot image reservation]
04794000-04795000 rw-p 00000000 00:00 0                                  [anon:.bss]
04795000-04798000 ---p 00000000 00:00 0                                  [anon:dalvik-Boot image reservation]
04798000-04851000 rw-p 00000000 fe:0c 179032434                          /system/framework/boot-framework.vdex
04851000-04854000 ---p 00000000 00:00 0                                  [anon:dalvik-Boot image reservation]
04854000-04858000 r--p 00000000 fe:0c 179071342                          /system/framework/arm64/boot-framework-graphics.oat
04858000-04859000 r-xp 00004000 fe:0c 179071342                          /system/framework/arm64/boot-framework-graphics.oat
04859000-0485c000 ---p 00000000 00:00 0                                  [anon:dalvik-Boot image reservation]
0485c000-0485d000 rw-p 00000000 fe:0c 187596410                          /system/framework/boot-framework-graphics.vdex
0485d000-04860000 ---p 00000000 00:00 0                                  [anon:dalvik-Boot image reservation]
04860000-04868000 r--p 00000000 fe:0c 179175662                          /system/framework/arm64/boot-framework-location.oat
04868000-04879000 r-xp 00008000 fe:0c 179175662                          /system/framework/arm64/boot-framework-location.oat
04879000-0487c000 ---p 00000000 00:00 0                                  [anon:dalvik-Boot image reservation]
0487c000-0487e000 rw-p 00000000 fe:0c 195693952                          /system/framework/boot-framework-location.vdex
0487e000-04880000 ---p 00000000 00:00 0                                  [anon:dalvik-Boot image reservation]
04880000-04888000 r--p 00000000 fe:0c 179354738                          /system/framework/arm64/boot-ext.oat
04888000-048a1000 r-xp 00008000 fe:0c 179354738                          /system/framework/arm64/boot-ext.oat
048a1000-048a4000 ---p 00000000 00:00 0                                  [anon:dalvik-Boot image reservation]
048a4000-048a5000 rw-p 00000000 fe:0c 195691904                          /system/framework/boot-ext.vdex
048a5000-048a8000 ---p 00000000 00:00 0                                  [anon:dalvik-Boot image reservation]
048a8000-048b4000 r--p 00000000 fe:0c 179251950                          /system/framework/arm64/boot-telephony-common.oat
048b4000-048b7000 r-xp 0000c000 fe:0c 179251950                          /system/framework/arm64/boot-telephony-common.oat
048b7000-048b8000 ---p 00000000 00:00 0                                  [anon:dalvik-Boot image reservation]
048b8000-048c9000 rw-p 00000000 fe:0c 187594618                          /system/framework/boot-telephony-common.vdex
048c9000-048cc000 ---p 00000000 00:00 0                                  [anon:dalvik-Boot image reservation]
048cc000-048d0000 r--p 00000000 fe:0c 179057901                          /system/framework/arm64/boot-voip-common.oat
048d0000-048d1000 r-xp 00004000 fe:0c 179057901                          /system/framework/arm64/boot-voip-common.oat
048d1000-048d4000 ---p 00000000 00:00 0                                  [anon:dalvik-Boot image reservation]
048d4000-048d9000 rw-p 00000000 fe:0c 179063805                          /system/framework/boot-voip-common.vdex
048d9000-048dc000 ---p 00000000 00:00 0                                  [anon:dalvik-Boot image reservation]
048dc000-048e0000 r--p 00000000 fe:0c 179368956                          /system/framework/arm64/boot-ims-common.oat
048e0000-048e2000 rw-p 00000000 fe:0c 179149182                          /system/framework/boot-ims-common.vdex
048e2000-048e4000 ---p 00000000 00:00 0                                  [anon:dalvik-Boot image reservation]
048e4000-048e8000 r--p 00000000 fe:0c 179367406                          /system/framework/arm64/boot-framework-ondeviceintelligence-platform.oat
048e8000-048e9000 rw-p 00000000 fe:0c 195694080                          /system/framework/boot-framework-ondeviceintelligence-platform.vdex
048e9000-048ec000 ---p 00000000 00:00 0                                  [anon:dalvik-Boot image reservation]
048ec000-048f0000 r--p 00000000 fe:0c 179354094                          /system/framework/arm64/boot-framework-nfc.oat
048f0000-048f4000 r-xp 00004000 fe:0c 179354094                          /system/framework/arm64/boot-framework-nfc.oat
048f4000-048f7000 rw-p 00000000 fe:0c 179390461                          /system/framework/boot-framework-nfc.vdex
048f7000-048f8000 ---p 00000000 00:00 0                                  [anon:dalvik-Boot image reservation]
048f8000-048fc000 r--p 00000000 fe:0c 187591419                          /system/framework/arm64/boot-tcmiface.oat
048fc000-048fd000 rw-p 00000000 fe:0c 187595642                          /system/framework/boot-tcmiface.vdex
048fd000-04900000 ---p 00000000 00:00 0                                  [anon:dalvik-Boot image reservation]
04900000-04904000 r--p 00000000 fe:0c 179343470                          /system/framework/arm64/boot-telephony-ext.oat
04904000-04905000 rw-p 00000000 fe:0c 187595239                          /system/framework/boot-telephony-ext.vdex
04905000-04908000 ---p 00000000 00:00 0                                  [anon:dalvik-Boot image reservation]
04908000-0490c000 r--p 00000000 fe:0c 179053806                          /system/framework/arm64/boot-qcom.fmradio.oat
0490c000-0490d000 r-xp 00004000 fe:0c 179053806                          /system/framework/arm64/boot-qcom.fmradio.oat
0490d000-04910000 ---p 00000000 00:00 0                                  [anon:dalvik-Boot image reservation]
04910000-04911000 rw-p 00000000 fe:0c 179165806                          /system/framework/boot-qcom.fmradio.vdex
04911000-04914000 ---p 00000000 00:00 0                                  [anon:dalvik-Boot image reservation]
04914000-04918000 r--p 00000000 fe:0c 179079795                          /system/framework/arm64/boot-QPerformance.oat
04918000-04919000 r-xp 00004000 fe:0c 179079795                          /system/framework/arm64/boot-QPerformance.oat
04919000-0491c000 ---p 00000000 00:00 0                                  [anon:dalvik-Boot image reservation]
0491c000-0491d000 rw-p 00000000 fe:0c 187588597                          /system/framework/boot-QPerformance.vdex
0491d000-04920000 ---p 00000000 00:00 0                                  [anon:dalvik-Boot image reservation]
04920000-04924000 r--p 00000000 fe:0c 179067764                          /system/framework/arm64/boot-UxPerformance.oat
04924000-04925000 r-xp 00004000 fe:0c 179067764                          /system/framework/arm64/boot-UxPerformance.oat
04925000-04928000 ---p 00000000 00:00 0                                  [anon:dalvik-Boot image reservation]
04928000-04929000 rw-p 00000000 fe:0c 187595383                          /system/framework/boot-UxPerformance.vdex
04929000-0492c000 ---p 00000000 00:00 0                                  [anon:dalvik-Boot image reservation]
0492c000-04930000 r--p 00000000 fe:0c 179341046                          /system/framework/arm64/boot-WfdCommon.oat
04930000-04931000 rw-p 00000000 fe:0c 179360221                          /system/framework/boot-WfdCommon.vdex
04931000-04934000 ---p 00000000 00:00 0                                  [anon:dalvik-Boot image reservation]
04934000-04980000 r--p 00000000 fe:0c 179245159                          /system/framework/arm64/boot-vivo-framework.oat
04980000-04a8b000 r-xp 0004c000 fe:0c 179245159                          /system/framework/arm64/boot-vivo-framework.oat
04a8b000-04a8c000 ---p 00000000 00:00 0                                  [anon:dalvik-Boot image reservation]
04a8c000-04a8d000 rw-p 00000000 00:00 0                                  [anon:.bss]
04a8d000-04a90000 ---p 00000000 00:00 0                                  [anon:dalvik-Boot image reservation]
04a90000-04aac000 rw-p 00000000 fe:0c 187590394                          /system/framework/boot-vivo-framework.vdex
04aac000-04ac4000 r--p 00000000 fe:0c 179342701                          /system/framework/arm64/boot-vivo-media.oat
04ac4000-04b15000 r-xp 00018000 fe:0c 179342701                          /system/framework/arm64/boot-vivo-media.oat
04b15000-04b18000 ---p 00000000 00:00 0                                  [anon:dalvik-Boot image reservation]
04b18000-04b19000 rw-p 00000000 00:00 0                                  [anon:.bss]
04b19000-04b1c000 ---p 00000000 00:00 0                                  [anon:dalvik-Boot image reservation]
04b1c000-04b20000 rw-p 00000000 fe:0c 187594109                          /system/framework/boot-vivo-media.vdex
04b20000-04b24000 r--p 00000000 fe:0c 179237107                          /system/framework/arm64/boot-framework-adapter.oat
04b24000-04b25000 rw-p 00000000 fe:0c 187593975                          /system/framework/boot-framework-adapter.vdex
04b25000-04b28000 ---p 00000000 00:00 0                                  [anon:dalvik-Boot image reservation]
04b28000-04b2c000 r--p 00000000 fe:0c 179053820                          /system/framework/arm64/boot-soc-framework.oat
04b2c000-04b2d000 rw-p 00000000 fe:0c 187589370                          /system/framework/boot-soc-framework.vdex
04b2d000-04b30000 ---p 00000000 00:00 0                                  [anon:dalvik-Boot image reservation]
04b30000-04b34000 r--p 00000000 fe:0c 179347309                          /system/framework/arm64/boot-vivo-vgcclient.oat
04b34000-04b36000 r-xp 00004000 fe:0c 179347309                          /system/framework/arm64/boot-vivo-vgcclient.oat
04b36000-04b38000 ---p 00000000 00:00 0                                  [anon:dalvik-Boot image reservation]
04b38000-04b39000 rw-p 00000000 fe:0c 187591282                          /system/framework/boot-vivo-vgcclient.vdex
04b39000-04b3c000 ---p 00000000 00:00 0                                  [anon:dalvik-Boot image reservation]
04b3c000-04b40000 r--p 00000000 fe:0c 187589883                          /system/framework/arm64/boot-vivo-emmclient.oat
04b40000-04b41000 rw-p 00000000 fe:0c 187596246                          /system/framework/boot-vivo-emmclient.vdex
04b41000-04b44000 ---p 00000000 00:00 0                                  [anon:dalvik-Boot image reservation]
04b44000-04b48000 r--p 00000000 fe:0c 187589869                          /system/framework/arm64/boot-vivo-coworkclient.oat
04b48000-04b4a000 r-xp 00004000 fe:0c 187589869                          /system/framework/arm64/boot-vivo-coworkclient.oat
04b4a000-04b4c000 ---p 00000000 00:00 0                                  [anon:dalvik-Boot image reservation]
04b4c000-04b4e000 rw-p 00000000 fe:0c 179085694                          /system/framework/boot-vivo-coworkclient.vdex
04b4e000-04b50000 ---p 00000000 00:00 0                                  [anon:dalvik-Boot image reservation]
04b50000-04b80000 r--p 00000000 fe:0c 187594476                          /system/framework/arm64/boot-core-icu4j.oat
04b80000-04c56000 r-xp 00030000 fe:0c 187594476                          /system/framework/arm64/boot-core-icu4j.oat
04c56000-04c58000 ---p 00000000 00:00 0                                  [anon:dalvik-Boot image reservation]
04c58000-04c61000 rw-p 00000000 fe:0c 187594875                          /system/framework/boot-core-icu4j.vdex
04c61000-04c64000 ---p 00000000 00:00 0                                  [anon:dalvik-Boot image reservation]
04c64000-04f64000 rw-p 00000000 00:00 0                                  [anon:dalvik-/system/framework/boot-framework-adservices.art]
04f64000-04fb8000 r--p 00000000 fe:0c 179374183                          /system/framework/arm64/boot-framework-adservices.oat
04fb8000-050ad000 r-xp 00054000 fe:0c 179374183                          /system/framework/arm64/boot-framework-adservices.oat
050ad000-050b0000 ---p 00000000 00:00 0                                  [anon:dalvik-Boot image reservation]
050b0000-050b2000 r--p 0014c000 fe:0c 179374183                          /system/framework/arm64/boot-framework-adservices.oat
050b2000-050b4000 ---p 00000000 00:00 0                                  [anon:dalvik-Boot image reservation]
050b4000-050b5000 rw-p 00000000 00:00 0                                  [anon:.bss]
050b5000-050b8000 ---p 00000000 00:00 0                                  [anon:dalvik-Boot image reservation]
050b8000-050ea000 rw-p 00000000 fe:0c 187592059                          /system/framework/boot-framework-adservices.vdex
050ea000-050ec000 ---p 00000000 00:00 0                                  [anon:dalvik-Boot image reservation]
050ec000-0577c000 rw-p 00000000 00:00 0                                  [anon:dalvik-zygote space]
0577c000-0577d000 rw-p 00000000 00:00 0                                  [anon:dalvik-non moving space]
0577d000-05787000 rw-p 00000000 00:00 0                                  [anon:dalvik-non moving space]
05787000-0e8ed000 ---p 00000000 00:00 0                                  [anon:dalvik-non moving space]
0e8ed000-0f0ec000 rw-p 00000000 00:00 0                                  [anon:dalvik-non moving space]
18000000-38000000 rw-p 00000000 00:00 0                                  [anon:dalvik-main space (region space)]
55000000-55080000 rw-p 00000000 00:00 0 
55080000-550c0000 rw-p 00000000 00:00 0 
550c0000-55120000 rw-p 00000000 00:00 0 
55120000-55140000 rw-p 00000000 00:00 0 
55140000-551c0000 rw-p 00000000 00:00 0 
551c0000-55200000 rw-p 00000000 00:00 0 
55200000-55240000 rw-p 00000000 00:00 0 
55240000-552c0000 rw-p 00000000 00:00 0 
552c0000-55360000 rw-p 00000000 00:00 0 
55360000-55380000 rw-p 00000000 00:00 0 
55380000-55440000 rw-p 00000000 00:00 0 
55440000-55480000 rw-p 00000000 00:00 0 
55480000-56140000 rw-p 00000000 00:00 0 
56140000-56180000 rw-p 00000000 00:00 0 
56180000-561c0000 rw-p 00000000 00:00 0 
561c0000-56200000 rw-p 00000000 00:00 0 
56200000-56210000 rw-p 00000000 00:00 0 
56210000-95000000 ---p 00000000 00:00 0 
a8000000-b8000000 rw-p 00000000 00:00 0                                  [anon:dalvik-free list large object space]
ebad6000-ebad7000 ---p 00000000 00:00 0                                  [anon:dalvik-Sentinel fault page]
ebad7000-edad7000 r--s 00000000 00:01 3075                               /memfd:jit-zygote-cache (deleted)
edad7000-efad7000 r-xs 02000000 00:01 3075                               /memfd:jit-zygote-cache (deleted)
efad7000-f1ad7000 r--s 00000000 00:01 2657147                            /memfd:jit-cache (deleted)
f1ad7000-f3ad7000 r-xs 02000000 00:01 2657147                            /memfd:jit-cache (deleted)
f3ad7000-f3f7f000 rw-p 00000000 00:00 0                                  [anon:dalvik-/data/app/~~YuncQEj0Rruyt6y_-RebSA==/com.movtery.zalithlauncher.v2-JtRzSV7VpInkzDcyzopsqQ==/oat/arm64/base.art]
700000000-800000000 rw-p 00000000 00:00 0 
584ee71000-584ee74000 r--p 00000000 fe:0c 98295210                       /system/bin/app_process64
584ee74000-584ee76000 r-xp 00003000 fe:0c 98295210                       /system/bin/app_process64
584ee76000-584ee77000 r--p 00005000 fe:0c 98295210                       /system/bin/app_process64
584ee77000-584ee78000 rw-p 00006000 fe:0c 98295210                       /system/bin/app_process64
79dc200000-79de200000 rw-s 79dc200000 00:01 2660273                      /kgsl-3d0 (deleted)
79de300000-79de400000 r--s 00000000 00:11 627                            /dev/__properties__/u:object_r:wifi_log_prop:s0
79de400000-79de500000 r--s 00000000 00:11 624                            /dev/__properties__/u:object_r:vusbd_root_prop:s0
79de500000-79de600000 r--s 00000000 00:11 623                            /dev/__properties__/u:object_r:vts_status_prop:s0
79de600000-79de700000 r--s 00000000 00:11 622                            /dev/__properties__/u:object_r:vts_config_prop:s0
79de700000-79de800000 r--s 00000000 00:11 620                            /dev/__properties__/u:object_r:vold_prop:s0
79de800000-79de900000 r--s 00000000 00:11 618                            /dev/__properties__/u:object_r:vold_config_prop:s0
79de900000-79dea00000 r--s 00000000 00:11 616                            /dev/__properties__/u:object_r:vivo_video_prop:s0
79dea00000-79deb00000 r--s 00000000 00:11 585                            /dev/__properties__/u:object_r:vendor_vivo_camera_prop:s0
79deb00000-79dec00000 r--s 00000000 00:11 559                            /dev/__properties__/u:object_r:vendor_security_patch_level_prop:s0
79dec00000-79ded00000 r--s 00000000 00:11 534                            /dev/__properties__/u:object_r:vendor_persist_rcs_prop:s0
79ded00000-79dee00000 r--s 00000000 00:11 533                            /dev/__properties__/u:object_r:vendor_persist_ntn_prop:s0
79dee00000-79def00000 r--s 00000000 00:11 531                            /dev/__properties__/u:object_r:vendor_persist_camera_prop:s0
79def00000-79df000000 r--s 00000000 00:11 514                            /dev/__properties__/u:object_r:vendor_medsrv_set_64b:s0
79df000000-79e04c0000 rw-p 00000000 00:00 0 
79e04c0000-79e0500000 rw-p 00000000 00:00 0 
79e0500000-79e0700000 rw-p 00000000 00:00 0 
79e0700000-79e0900000 rw-p 00000000 00:00 0 
79e0900000-79e0a00000 rw-p 00000000 00:00 0 
79e0a00000-79e0b50000 rw-p 00000000 00:00 0 
79e0b50000-79e0b80000 ---p 00000000 00:00 0 
79e0b80000-79e0b90000 rw-p 00000000 00:00 0 
79e0b90000-79e3000000 ---p 00000000 00:00 0 
79e3002000-79e3102000 r--s 00000000 00:11 507                            /dev/__properties__/u:object_r:vendor_iop_prop:s0
79e3102000-79e3202000 r--s 00000000 00:11 495                            /dev/__properties__/u:object_r:vendor_exported_system_prop:s0
79e3202000-79e3302000 r--s 00000000 00:11 494                            /dev/__properties__/u:object_r:vendor_exported_odm_prop:s0
79e3302000-79e3402000 r--s 00000000 00:11 458                            /dev/__properties__/u:object_r:vendor_camera_prop:s0
79e3402000-79e3502000 r--s 00000000 00:11 448                            /dev/__properties__/u:object_r:vendor_adsprpc_prop:s0
79e3502000-79e3602000 r--s 00000000 00:11 446                            /dev/__properties__/u:object_r:userspace_reboot_test_prop:s0
79e3602000-79e3702000 r--s 00000000 00:11 445                            /dev/__properties__/u:object_r:userspace_reboot_log_prop:s0
79e3702000-79e3802000 r--s 00000000 00:11 444                            /dev/__properties__/u:object_r:userspace_reboot_exported_prop:s0
79e3802000-79e3902000 r--s 00000000 00:11 443                            /dev/__properties__/u:object_r:userspace_reboot_config_prop:s0
79e3902000-79e3a02000 r--s 00000000 00:11 439                            /dev/__properties__/u:object_r:usb_prop:s0
79e3a02000-79e3b02000 r--s 00000000 00:11 438                            /dev/__properties__/u:object_r:usb_control_prop:s0
79e3b02000-79e3c02000 r--s 00000000 00:11 437                            /dev/__properties__/u:object_r:usb_config_prop:s0
79e3c02000-79e3d26000 r--p 00000000 fe:0f 38372785                       /vendor/lib64/hw/vulkan.adreno.so
79e3d26000-79e3fab000 r-xp 00124000 fe:0f 38372785                       /vendor/lib64/hw/vulkan.adreno.so
79e3fab000-79e3fc0000 r--p 003a9000 fe:0f 38372785                       /vendor/lib64/hw/vulkan.adreno.so
79e3fc0000-79e3fe8000 rw-p 003bd000 fe:0f 38372785                       /vendor/lib64/hw/vulkan.adreno.so
79e3fe8000-79e3fff000 rw-p 00000000 00:00 0                              [anon:.bss]
79e4000000-79e5400000 ---p 00000000 00:00 0 
79e5400000-79e5500000 r--s 00000000 00:11 428                            /dev/__properties__/u:object_r:traced_oome_heap_session_count_prop:s0
79e5500000-79e5600000 r--s 00000000 00:11 418                            /dev/__properties__/u:object_r:test_harness_prop:s0
79e5600000-79e61dc000 ---p 00000000 00:00 0 
79e61dc000-79e61e0000 rw-p 00000000 00:00 0 
79e61e0000-79e6fb8000 ---p 00000000 00:00 0 
79e6fb8000-79e6fbc000 rw-p 00000000 00:00 0 
79e6fbc000-79e7a78000 ---p 00000000 00:00 0 
79e7a78000-79e7a7c000 rw-p 00000000 00:00 0 
79e7a7c000-79e94c0000 ---p 00000000 00:00 0 
79e94c0000-79e94c4000 rw-p 00000000 00:00 0 
79e94c4000-79e9eb0000 ---p 00000000 00:00 0 
79e9eb0000-79e9eb4000 rw-p 00000000 00:00 0 
79e9eb4000-79ea600000 ---p 00000000 00:00 0 
79ea600000-79ea700000 r--s 00000000 00:11 416                            /dev/__properties__/u:object_r:telephony_status_prop:s0
79ea700000-79ea800000 r--s 00000000 00:11 415                            /dev/__properties__/u:object_r:telephony_config_prop:s0
79ea800000-79ea900000 r--s 00000000 00:11 414                            /dev/__properties__/u:object_r:systemsound_config_prop:s0
79ea900000-79eaa00000 r--s 00000000 00:11 413                            /dev/__properties__/u:object_r:system_user_mode_emulation_prop:s0
79eaa00000-79eab00000 r--s 00000000 00:11 398                            /dev/__properties__/u:object_r:surfaceflinger_color_prop:s0
79eab00000-79eac00000 r--s 00000000 00:11 397                            /dev/__properties__/u:object_r:storagemanager_config_prop:s0
79eac00000-79ead00000 r--s 00000000 00:11 395                            /dev/__properties__/u:object_r:sqlite_log_prop:s0
79ead00000-79eae00000 r--s 00000000 00:11 394                            /dev/__properties__/u:object_r:socket_hook_prop:s0
79eae00000-79eaf00000 r--s 00000000 00:11 389                            /dev/__properties__/u:object_r:shell_prop:s0
79eaf00000-79eb000000 r--s 00000000 00:11 388                            /dev/__properties__/u:object_r:setupwizard_prop:s0
79eb000000-79eb2b6000 rw-p 00000000 00:00 0                              [anon:scudo:secondary]
79eb300000-79eb400000 r--s 00000000 00:11 387                            /dev/__properties__/u:object_r:setupwizard_mode_prop:s0
79eb400000-79eb404000 ---p 00000000 00:00 0 
79eb404000-79eb602000 rw-p 00000000 00:00 0                              [anon:stack_and_tls:13834]
79eb602000-79eb603000 ---p 00000000 00:00 0 
79eb694000-79eb9d8000 r-xp 00000000 fe:3c 2599090                        /data/app/~~YuncQEj0Rruyt6y_-RebSA==/com.movtery.zalithlauncher.v2-JtRzSV7VpInkzDcyzopsqQ==/lib/arm64/libspirv-cross-c-shared.so
79eb9d8000-79eb9e2000 r--p 00343000 fe:3c 2599090                        /data/app/~~YuncQEj0Rruyt6y_-RebSA==/com.movtery.zalithlauncher.v2-JtRzSV7VpInkzDcyzopsqQ==/lib/arm64/libspirv-cross-c-shared.so
79eb9e2000-79eb9e3000 rw-p 0034c000 fe:3c 2599090                        /data/app/~~YuncQEj0Rruyt6y_-RebSA==/com.movtery.zalithlauncher.v2-JtRzSV7VpInkzDcyzopsqQ==/lib/arm64/libspirv-cross-c-shared.so
79eb9e3000-79eb9e4000 rw-p 00000000 00:00 0                              [anon:.bss]
79eba00000-79eec00000 ---p 00000000 00:00 0 
79eec01000-79eed01000 r--s 00000000 00:11 383                            /dev/__properties__/u:object_r:sendbug_config_prop:s0
79eed01000-79eee01000 r--s 00000000 00:11 380                            /dev/__properties__/u:object_r:rollback_test_prop:s0
79eee01000-79ef51e000 r-xp 00000000 fe:3c 2450876                        /data/app/~~YuncQEj0Rruyt6y_-RebSA==/com.movtery.zalithlauncher.v2-JtRzSV7VpInkzDcyzopsqQ==/lib/arm64/libshaderc.so
79ef51e000-79ef58f000 r--p 0071c000 fe:3c 2450876                        /data/app/~~YuncQEj0Rruyt6y_-RebSA==/com.movtery.zalithlauncher.v2-JtRzSV7VpInkzDcyzopsqQ==/lib/arm64/libshaderc.so
79ef58f000-79ef590000 rw-p 0078c000 fe:3c 2450876                        /data/app/~~YuncQEj0Rruyt6y_-RebSA==/com.movtery.zalithlauncher.v2-JtRzSV7VpInkzDcyzopsqQ==/lib/arm64/libshaderc.so
79ef590000-79ef5a4000 rw-p 00000000 00:00 0                              [anon:.bss]
79ef600000-79f3200000 ---p 00000000 00:00 0 
79f3200000-79f3300000 r--s 00000000 00:11 378                            /dev/__properties__/u:object_r:restorecon_prop:s0
79f3300000-79f3400000 r--s 00000000 00:11 371                            /dev/__properties__/u:object_r:radio_control_prop:s0
79f3400000-79f3404000 ---p 00000000 00:00 0 
79f3404000-79f3602000 rw-p 00000000 00:00 0                              [anon:stack_and_tls:13829]
79f3602000-79f3603000 ---p 00000000 00:00 0 
79f3700000-79f3800000 r--s 00000000 00:11 360                            /dev/__properties__/u:object_r:powerctl_prop:s0
79f3800000-79f3848000 ---p 00000000 00:00 0 
79f3848000-79f384c000 rw-p 00000000 00:00 0 
79f384c000-79f4800000 ---p 00000000 00:00 0 
79f4800000-79f4804000 ---p 00000000 00:00 0 
79f4804000-79f4a02000 rw-p 00000000 00:00 0                              [anon:stack_and_tls:13828]
79f4a02000-79f4a03000 ---p 00000000 00:00 0 
79f4b00000-79f4c00000 r--s 00000000 00:11 358                            /dev/__properties__/u:object_r:pm_prop:s0
79f4c00000-79f59d8000 ---p 00000000 00:00 0 
79f59d8000-79f59dc000 rw-p 00000000 00:00 0 
79f59dc000-79f5e84000 ---p 00000000 00:00 0 
79f5e84000-79f5e88000 rw-p 00000000 00:00 0 
79f5e88000-79f6c18000 ---p 00000000 00:00 0 
79f6c18000-79f6c1c000 rw-p 00000000 00:00 0 
79f6c1c000-79f8b34000 ---p 00000000 00:00 0 
79f8b34000-79f8b38000 rw-p 00000000 00:00 0 
79f8b38000-79f8c00000 ---p 00000000 00:00 0 
79f8c00000-79f9a20000 rw-s 79f8c00000 00:01 2660273                      /kgsl-3d0 (deleted)
79f9b00000-79f9c00000 r--s 00000000 00:11 353                            /dev/__properties__/u:object_r:persist_sysui_ranking_update_prop:s0
79f9c00000-79f9f22000 rw-p 00000000 00:00 0                              [anon:scudo:secondary]
79fa000000-79fa2b0000 rw-s 79fa000000 00:01 2660273                      /kgsl-3d0 (deleted)
79fa300000-79fa400000 r--s 00000000 00:11 352                            /dev/__properties__/u:object_r:persist_sysui_builder_extras_prop:s0
79fa400000-79fa500000 r--s 00000000 00:11 350                            /dev/__properties__/u:object_r:permissive_mte_prop:s0
79fa500000-79fa600000 r--s 00000000 00:11 348                            /dev/__properties__/u:object_r:pan_result_prop:s0
79fa600000-79fa800000 rw-s 79fa600000 00:01 2660273                      /kgsl-3d0 (deleted)
79fa800000-79fa900000 r--s 00000000 00:11 344                            /dev/__properties__/u:object_r:ota_prop:s0
79fa900000-79faa00000 r--s 00000000 00:11 340                            /dev/__properties__/u:object_r:nnapi_ext_deny_product_prop:s0
79faa00000-79fab00000 r--s 00000000 00:11 339                            /dev/__properties__/u:object_r:nfc_prop:s0
79fab00000-79fac00000 r--s 00000000 00:11 336                            /dev/__properties__/u:object_r:net_radio_prop:s0
79fac00000-79fb50c000 ---p 00000000 00:00 0 
79fb50c000-79fb510000 rw-p 00000000 00:00 0 
79fb510000-79fbc00000 ---p 00000000 00:00 0 
79fbc00000-79fbc04000 ---p 00000000 00:00 0 
79fbc04000-79fbe02000 rw-p 00000000 00:00 0                              [anon:stack_and_tls:13726]
79fbe02000-79fbe03000 ---p 00000000 00:00 0 
79fbf00000-79fc000000 r--s 00000000 00:11 324                            /dev/__properties__/u:object_r:mm_activity_prop:s0
79fc000000-79fc898000 ---p 00000000 00:00 0 
79fc898000-79fc89c000 rw-p 00000000 00:00 0 
79fc89c000-79fd000000 ---p 00000000 00:00 0 
79fd000000-79fd004000 ---p 00000000 00:00 0 
79fd004000-79fd202000 rw-p 00000000 00:00 0                              [anon:stack_and_tls:13725]
79fd202000-79fd203000 ---p 00000000 00:00 0 
79fd300000-79fd400000 r--s 00000000 00:11 321                            /dev/__properties__/u:object_r:mediadrm_config_prop:s0
79fd400000-79fdee4000 ---p 00000000 00:00 0 
79fdee4000-79fdee8000 rw-p 00000000 00:00 0 
79fdee8000-79fe400000 ---p 00000000 00:00 0 
79fe400000-79fe404000 ---p 00000000 00:00 0 
79fe404000-79fe602000 rw-p 00000000 00:00 0                              [anon:stack_and_tls:13724]
79fe602000-79fe603000 ---p 00000000 00:00 0 
79fe700000-79fe800000 r--s 00000000 00:11 319                            /dev/__properties__/u:object_r:media_config_prop:s0
79fe800000-79fef5c000 ---p 00000000 00:00 0 
79fef5c000-79fef60000 rw-p 00000000 00:00 0 
79fef60000-79ff800000 ---p 00000000 00:00 0 
79ff800000-79ff804000 ---p 00000000 00:00 0 
79ff804000-79ffa02000 rw-p 00000000 00:00 0                              [anon:stack_and_tls:13722]
79ffa02000-79ffa03000 ---p 00000000 00:00 0 
79ffb00000-79ffc00000 r--s 00000000 00:11 309                            /dev/__properties__/u:object_r:localization_prop:s0
79ffc00000-79ffd38000 ---p 00000000 00:00 0 
79ffd38000-79ffd3c000 rw-p 00000000 00:00 0 
79ffd3c000-7a01108000 ---p 00000000 00:00 0 
7a01108000-7a0110c000 rw-p 00000000 00:00 0 
7a0110c000-7a01de0000 ---p 00000000 00:00 0 
7a01de0000-7a01de4000 rw-p 00000000 00:00 0 
7a01de4000-7a0357c000 ---p 00000000 00:00 0 
7a0357c000-7a03580000 rw-p 00000000 00:00 0 
7a03580000-7a03c00000 ---p 00000000 00:00 0 
7a03c00000-7a03d00000 r--s 00000000 00:11 294                            /dev/__properties__/u:object_r:init_service_status_prop:s0
7a03d00000-7a03e00000 r--s 00000000 00:11 293                            /dev/__properties__/u:object_r:init_service_status_private_prop:s0
7a03e00000-7a03e04000 ---p 00000000 00:00 0 
7a03e04000-7a04002000 rw-p 00000000 00:00 0                              [anon:stack_and_tls:13740]
7a04002000-7a04003000 ---p 00000000 00:00 0 
7a04100000-7a04200000 r--s 00000000 00:11 287                            /dev/__properties__/u:object_r:hypervisor_prop:s0
7a04200000-7a05074000 ---p 00000000 00:00 0 
7a05074000-7a05078000 rw-p 00000000 00:00 0 
7a05078000-7a05200000 ---p 00000000 00:00 0 
7a05200000-7a05201000 ---p 00000000 00:00 0 
7a05201000-7a05404000 rw-p 00000000 00:00 0                              [anon:stack_and_tls:13714]
7a05404000-7a05405000 ---p 00000000 00:00 0 
7a05500000-7a05600000 r--s 00000000 00:11 283                            /dev/__properties__/u:object_r:high_barometer_quality_prop:s0
7a05600000-7a05a70000 ---p 00000000 00:00 0 
7a05a70000-7a05a74000 rw-p 00000000 00:00 0 
7a05a74000-7a06600000 ---p 00000000 00:00 0 
7a06600000-7a06601000 ---p 00000000 00:00 0 
7a06601000-7a06804000 rw-p 00000000 00:00 0                              [anon:stack_and_tls:13713]
7a06804000-7a06805000 ---p 00000000 00:00 0 
7a06900000-7a06a00000 r--s 00000000 00:11 278                            /dev/__properties__/u:object_r:hal_instrumentation_prop:s0
7a06a00000-7a06b04000 ---p 00000000 00:00 0 
7a06b04000-7a06b08000 rw-p 00000000 00:00 0 
7a06b08000-7a07a00000 ---p 00000000 00:00 0 
7a07a00000-7a07a01000 ---p 00000000 00:00 0 
7a07a01000-7a07c04000 rw-p 00000000 00:00 0                              [anon:stack_and_tls:13712]
7a07c04000-7a07c05000 ---p 00000000 00:00 0 
7a07d00000-7a07e00000 r--s 00000000 00:11 263                            /dev/__properties__/u:object_r:ffs_config_prop:s0
7a07e00000-7a08af8000 ---p 00000000 00:00 0 
7a08af8000-7a08afc000 rw-p 00000000 00:00 0 
7a08afc000-7a08e00000 ---p 00000000 00:00 0 
7a08e00000-7a08e01000 ---p 00000000 00:00 0 
7a08e01000-7a09004000 rw-p 00000000 00:00 0                              [anon:stack_and_tls:13710]
7a09004000-7a09005000 ---p 00000000 00:00 0 
7a09100000-7a09200000 r--s 00000000 00:11 260                            /dev/__properties__/u:object_r:exported_pm_prop:s0
7a09200000-7a094d4000 ---p 00000000 00:00 0 
7a094d4000-7a094d8000 rw-p 00000000 00:00 0 
7a094d8000-7a0a200000 ---p 00000000 00:00 0 
7a0a200000-7a0a201000 ---p 00000000 00:00 0 
7a0a201000-7a0a404000 rw-p 00000000 00:00 0                              [anon:stack_and_tls:13708]
7a0a404000-7a0a405000 ---p 00000000 00:00 0 
7a0a500000-7a0a600000 r--s 00000000 00:11 258                            /dev/__properties__/u:object_r:exported_dumpstate_prop:s0
7a0a600000-7a0b4a4000 ---p 00000000 00:00 0 
7a0b4a4000-7a0b4a8000 rw-p 00000000 00:00 0 
7a0b4a8000-7a0b600000 ---p 00000000 00:00 0 
7a0b600000-7a0b601000 ---p 00000000 00:00 0 
7a0b601000-7a0b804000 rw-p 00000000 00:00 0                              [anon:stack_and_tls:13707]
7a0b804000-7a0b805000 ---p 00000000 00:00 0 
7a0b900000-7a0ba00000 r--s 00000000 00:11 254                            /dev/__properties__/u:object_r:exported3_system_prop:s0
7a0ba00000-7a0c194000 ---p 00000000 00:00 0 
7a0c194000-7a0c198000 rw-p 00000000 00:00 0 
7a0c198000-7a0ca00000 ---p 00000000 00:00 0 
7a0ca00000-7a0ca01000 ---p 00000000 00:00 0 
7a0ca01000-7a0cc04000 rw-p 00000000 00:00 0                              [anon:stack_and_tls:13706]
7a0cc04000-7a0cc05000 ---p 00000000 00:00 0 
7a0cd00000-7a0ce00000 r--s 00000000 00:11 251                            /dev/__properties__/u:object_r:dumpstate_prop:s0
7a0ce00000-7a0d824000 ---p 00000000 00:00 0 
7a0d824000-7a0d828000 rw-p 00000000 00:00 0 
7a0d828000-7a0de00000 ---p 00000000 00:00 0 
7a0de00000-7a0de01000 ---p 00000000 00:00 0 
7a0de01000-7a0e004000 rw-p 00000000 00:00 0                              [anon:stack_and_tls:13705]
7a0e004000-7a0e005000 ---p 00000000 00:00 0 
7a0e100000-7a0e200000 r--s 00000000 00:11 244                            /dev/__properties__/u:object_r:dhcp_prop:s0
7a0e200000-7a0e204000 ---p 00000000 00:00 0 
7a0e204000-7a0e402000 rw-p 00000000 00:00 0                              [anon:stack_and_tls:13821]
7a0e402000-7a0e403000 ---p 00000000 00:00 0 
7a0e500000-7a0e600000 r--s 00000000 00:11 226                            /dev/__properties__/u:object_r:device_config_nnapi_native_prop:s0
7a0e600000-7a0e604000 ---p 00000000 00:00 0 
7a0e604000-7a0e802000 rw-p 00000000 00:00 0                              [anon:stack_and_tls:13819]
7a0e802000-7a0e803000 ---p 00000000 00:00 0 
7a0e900000-7a0ea00000 r--s 00000000 00:11 221                            /dev/__properties__/u:object_r:device_config_memory_safety_native_boot_prop:s0
7a0ea00000-7a0f3a0000 ---p 00000000 00:00 0 
7a0f3a0000-7a0f3a4000 rw-p 00000000 00:00 0 
7a0f3a4000-7a10210000 ---p 00000000 00:00 0 
7a10210000-7a10214000 rw-p 00000000 00:00 0 
7a10214000-7a11260000 ---p 00000000 00:00 0 
7a11260000-7a11264000 rw-p 00000000 00:00 0 
7a11264000-7a11a00000 ---p 00000000 00:00 0 
7a11a00000-7a11a04000 ---p 00000000 00:00 0 
7a11a04000-7a11c02000 rw-p 00000000 00:00 0                              [anon:stack_and_tls:13702]
7a11c02000-7a11c03000 ---p 00000000 00:00 0 
7a11d00000-7a11e00000 r--s 00000000 00:11 220                            /dev/__properties__/u:object_r:device_config_media_native_prop:s0
7a11e00000-7a11e04000 ---p 00000000 00:00 0 
7a11e04000-7a12002000 rw-p 00000000 00:00 0                              [anon:stack_and_tls:13720]
7a12002000-7a12003000 ---p 00000000 00:00 0 
7a12100000-7a12200000 r--s 00000000 00:11 210                            /dev/__properties__/u:object_r:device_config_aconfig_flags_prop:s0
7a12200000-7a12204000 ---p 00000000 00:00 0 
7a12204000-7a12402000 rw-p 00000000 00:00 0                              [anon:stack_and_tls:13719]
7a12402000-7a12403000 ---p 00000000 00:00 0 
7a12500000-7a12600000 r--s 00000000 00:11 208                            /dev/__properties__/u:object_r:debuggerd_prop:s0
7a12600000-7a12604000 ---p 00000000 00:00 0 
7a12604000-7a12802000 rw-p 00000000 00:00 0                              [anon:stack_and_tls:13718]
7a12802000-7a12803000 ---p 00000000 00:00 0 
7a12900000-7a12a00000 r--s 00000000 00:11 204                            /dev/__properties__/u:object_r:dck_prop:s0
7a12a00000-7a12a04000 ---p 00000000 00:00 0 
7a12a04000-7a12c02000 rw-p 00000000 00:00 0                              [anon:stack_and_tls:13717]
7a12c02000-7a12c03000 ---p 00000000 00:00 0 
7a12d00000-7a12e00000 r--s 00000000 00:11 202                            /dev/__properties__/u:object_r:dalvik_prop:s0
7a12e00000-7a12e04000 ---p 00000000 00:00 0 
7a12e04000-7a13002000 rw-p 00000000 00:00 0                              [anon:stack_and_tls:13815]
7a13002000-7a13003000 ---p 00000000 00:00 0 
7a13100000-7a13200000 r--s 00000000 00:11 169                            /dev/__properties__/u:object_r:cppreopt_prop:s0
7a13200000-7a137c0000 ---p 00000000 00:00 0 
7a137c0000-7a137c4000 rw-p 00000000 00:00 0 
7a137c4000-7a14200000 ---p 00000000 00:00 0 
7a14200000-7a14204000 ---p 00000000 00:00 0 
7a14204000-7a14402000 rw-p 00000000 00:00 0                              [anon:stack_and_tls:13700]
7a14402000-7a14403000 ---p 00000000 00:00 0 
7a14500000-7a14600000 r--s 00000000 00:11 168                            /dev/__properties__/u:object_r:cotamnt_prop:s0
7a14600000-7a1beb9000 r--s 00000000 fe:3c 2491461                        /data/data/com.movtery.zalithlauncher.v2/files/games/runtimes/Internal-25/lib/modules
7a1bf00000-7a1c000000 r--s 00000000 00:11 162                            /dev/__properties__/u:object_r:codec2_config_prop:s0
7a1c000000-7a1c268000 ---p 00000000 00:00 0 
7a1c268000-7a1c26c000 rw-p 00000000 00:00 0 
7a1c26c000-7a1d000000 ---p 00000000 00:00 0 
7a1d000000-7a1d004000 ---p 00000000 00:00 0 
7a1d004000-7a1d202000 rw-p 00000000 00:00 0                              [anon:stack_and_tls:13693]
7a1d202000-7a1d203000 ---p 00000000 00:00 0 
7a1d300000-7a1d400000 r--s 00000000 00:11 157                            /dev/__properties__/u:object_r:camerax_extensions_prop:s0
7a1d400000-7a1ddac000 ---p 00000000 00:00 0 
7a1ddac000-7a1ddb0000 rw-p 00000000 00:00 0 
7a1ddb0000-7a1e400000 ---p 00000000 00:00 0 
7a1e400000-7a1e404000 ---p 00000000 00:00 0 
7a1e404000-7a1e602000 rw-p 00000000 00:00 0                              [anon:stack_and_tls:13692]
7a1e602000-7a1e603000 ---p 00000000 00:00 0 
7a1e700000-7a1e800000 r--s 00000000 00:11 155                            /dev/__properties__/u:object_r:camera_calibration_prop:s0
7a1e800000-7a1f2dc000 ---p 00000000 00:00 0 
7a1f2dc000-7a1f2e0000 rw-p 00000000 00:00 0 
7a1f2e0000-7a1f800000 ---p 00000000 00:00 0 
7a1f800000-7a1f804000 ---p 00000000 00:00 0 
7a1f804000-7a1fa02000 rw-p 00000000 00:00 0                              [anon:stack_and_tls:13691]
7a1fa02000-7a1fa03000 ---p 00000000 00:00 0 
7a1fb00000-7a1fc00000 r--s 00000000 00:11 154                            /dev/__properties__/u:object_r:camera2_extensions_prop:s0
7a1fc00000-7a2086c000 ---p 00000000 00:00 0 
7a2086c000-7a20870000 rw-p 00000000 00:00 0 
7a20870000-7a20c00000 ---p 00000000 00:00 0 
7a20c00000-7a20c04000 ---p 00000000 00:00 0 
7a20c04000-7a20e02000 rw-p 00000000 00:00 0                              [anon:stack_and_tls:13690]
7a20e02000-7a20e03000 ---p 00000000 00:00 0 
7a20f00000-7a21000000 r--s 00000000 00:11 135                            /dev/__properties__/u:object_r:bluetooth_config_prop:s0
7a21000000-7a21c2c000 ---p 00000000 00:00 0 
7a21c2c000-7a21c30000 rw-p 00000000 00:00 0 
7a21c30000-7a22000000 ---p 00000000 00:00 0 
7a22000000-7a22004000 ---p 00000000 00:00 0 
7a22004000-7a22202000 rw-p 00000000 00:00 0                              [anon:stack_and_tls:13689]
7a22202000-7a22203000 ---p 00000000 00:00 0 
7a22300000-7a22400000 r--s 00000000 00:11 132                            /dev/__properties__/u:object_r:bionic_linker_16kb_app_compat_prop:s0
7a22400000-7a224ac000 ---p 00000000 00:00 0 
7a224ac000-7a224b0000 rw-p 00000000 00:00 0 
7a224b0000-7a23400000 ---p 00000000 00:00 0 
7a23400000-7a23404000 ---p 00000000 00:00 0 
7a23404000-7a23602000 rw-p 00000000 00:00 0                              [anon:stack_and_tls:13687]
7a23602000-7a23603000 ---p 00000000 00:00 0 
7a23700000-7a23800000 r--s 00000000 00:11 131                            /dev/__properties__/u:object_r:binder_cache_telephony_server_prop:s0
7a23800000-7a23b28000 ---p 00000000 00:00 0 
7a23b28000-7a23b2c000 rw-p 00000000 00:00 0 
7a23b2c000-7a24800000 ---p 00000000 00:00 0 
7a24800000-7a24804000 ---p 00000000 00:00 0 
7a24804000-7a24a02000 rw-p 00000000 00:00 0                              [anon:stack_and_tls:13686]
7a24a02000-7a24a03000 ---p 00000000 00:00 0 
7a24b00000-7a24c00000 r--s 00000000 00:11 130                            /dev/__properties__/u:object_r:binder_cache_system_server_prop:s0
7a24c00000-7a25958000 ---p 00000000 00:00 0 
7a25958000-7a2595c000 rw-p 00000000 00:00 0 
7a2595c000-7a25c00000 ---p 00000000 00:00 0 
7a25c00000-7a25c04000 ---p 00000000 00:00 0 
7a25c04000-7a25e02000 rw-p 00000000 00:00 0                              [anon:stack_and_tls:13685]
7a25e02000-7a25e03000 ---p 00000000 00:00 0 
7a25f00000-7a26000000 r--s 00000000 00:11 129                            /dev/__properties__/u:object_r:binder_cache_bluetooth_server_prop:s0
7a26000000-7a26a60000 ---p 00000000 00:00 0 
7a26a60000-7a26a64000 rw-p 00000000 00:00 0 
7a26a64000-7a27000000 ---p 00000000 00:00 0 
7a27000000-7a27500000 rw-p 00000000 00:00 0 
7a27500000-7a27520000 rw-p 00000000 00:00 0 
7a27520000-7a27540000 rw-p 00000000 00:00 0 
7a27540000-7a27580000 rw-p 00000000 00:00 0 
7a27580000-7a27700000 rw-p 00000000 00:00 0 
7a27700000-7a27780000 rw-p 00000000 00:00 0 
7a27780000-7a27840000 rw-p 00000000 00:00 0 
7a27840000-7a27880000 rw-p 00000000 00:00 0 
7a27880000-7a27900000 rw-p 00000000 00:00 0 
7a27900000-7a27b00000 rw-p 00000000 00:00 0 
7a27b00000-7a27b40000 rw-p 00000000 00:00 0 
7a27b40000-7a27b80000 rw-p 00000000 00:00 0 
7a27b80000-7a27d00000 rw-p 00000000 00:00 0 
7a27d00000-7a27e00000 rw-p 00000000 00:00 0 
7a27e00000-7a27f00000 rw-p 00000000 00:00 0 
7a27f00000-7a28000000 rw-p 00000000 00:00 0 
7a28000000-7a28080000 rw-p 00000000 00:00 0 
7a28080000-7a28100000 rw-p 00000000 00:00 0 
7a28100000-7a28280000 rw-p 00000000 00:00 0 
7a28280000-7a28300000 rw-p 00000000 00:00 0 
7a28300000-7a28480000 rw-p 00000000 00:00 0 
7a28480000-7a28500000 rw-p 00000000 00:00 0 
7a28500000-7a28700000 rw-p 00000000 00:00 0 
7a28700000-7a28900000 rw-p 00000000 00:00 0 
7a28900000-7a28a00000 rw-p 00000000 00:00 0 
7a28a00000-7a28dc0000 rw-p 00000000 00:00 0 
7a28dc0000-7a28e00000 rw-p 00000000 00:00 0 
7a28e00000-7a29100000 rw-p 00000000 00:00 0 
7a29100000-7a29200000 rw-p 00000000 00:00 0 
7a29200000-7a29d00000 rw-p 00000000 00:00 0 
7a29d00000-7a2a0e0000 rw-p 00000000 00:00 0 
7a2a0e0000-7a2a1a0000 rw-p 00000000 00:00 0 
7a2a1a0000-7a2ab80000 rw-p 00000000 00:00 0 
7a2ab80000-7a2b000000 rw-p 00000000 00:00 0 
7a2b002000-7a2b003000 ---p 00000000 00:00 0 
7a2b003000-7a2b004000 ---p 00000000 00:00 0                              [anon:stack_and_tls:13758]
7a2b004000-7a2b0ff000 rw-p 00000000 00:00 0                              [anon:stack_and_tls:13758]
7a2b0ff000-7a2b100000 ---p 00000000 00:00 0 
7a2b100000-7a2b200000 rw-s 7a2b100000 00:01 2660273                      /kgsl-3d0 (deleted)
7a2b200000-7a2b201000 ---p 00000000 00:00 0 
7a2b201000-7a2b404000 rw-p 00000000 00:00 0                              [anon:stack_and_tls:13684]
7a2b404000-7a2b405000 ---p 00000000 00:00 0 
7a2b45b000-7a2b55c000 rw-p 00000000 00:00 0                              [anon:scudo:secondary]
7a2b55c000-7a2b5a1000 r--p 00000000 fe:3c 2597105                        /data/app/~~YuncQEj0Rruyt6y_-RebSA==/com.movtery.zalithlauncher.v2-JtRzSV7VpInkzDcyzopsqQ==/lib/arm64/liblwjgl.so
7a2b5a1000-7a2b5a4000 ---p 00000000 00:00 0 
7a2b5a4000-7a2b5df000 r-xp 00048000 fe:3c 2597105                        /data/app/~~YuncQEj0Rruyt6y_-RebSA==/com.movtery.zalithlauncher.v2-JtRzSV7VpInkzDcyzopsqQ==/lib/arm64/liblwjgl.so
7a2b5df000-7a2b5e0000 r--p 00082000 fe:3c 2597105                        /data/app/~~YuncQEj0Rruyt6y_-RebSA==/com.movtery.zalithlauncher.v2-JtRzSV7VpInkzDcyzopsqQ==/lib/arm64/liblwjgl.so
7a2b5e0000-7a2b5e1000 rw-p 00082000 fe:3c 2597105                        /data/app/~~YuncQEj0Rruyt6y_-RebSA==/com.movtery.zalithlauncher.v2-JtRzSV7VpInkzDcyzopsqQ==/lib/arm64/liblwjgl.so
7a2b600000-7a2b644000 ---p 00000000 00:00 0 
7a2b644000-7a2b648000 rw-p 00000000 00:00 0 
7a2b648000-7a2c600000 ---p 00000000 00:00 0 
7a2c600000-7a2c601000 ---p 00000000 00:00 0 
7a2c601000-7a2c804000 rw-p 00000000 00:00 0                              [anon:stack_and_tls:13683]
7a2c804000-7a2c805000 ---p 00000000 00:00 0 
7a2c900000-7a2ca00000 r--s 00000000 00:11 127                            /dev/__properties__/u:object_r:audio_prop:s0
7a2ca00000-7a2d418000 ---p 00000000 00:00 0 
7a2d418000-7a2d41c000 rw-p 00000000 00:00 0 
7a2d41c000-7a2da00000 ---p 00000000 00:00 0 
7a2da00000-7a2da01000 ---p 00000000 00:00 0 
7a2da01000-7a2dc04000 rw-p 00000000 00:00 0                              [anon:stack_and_tls:13681]
7a2dc04000-7a2dc05000 ---p 00000000 00:00 0 
7a2dc40000-7a2dd40000 r--s 00000000 00:11 125                            /dev/__properties__/u:object_r:arm64_memtag_prop:s0
7a2dd40000-7a2dd74000 r--p 00000000 fe:3c 2535706                        /data/app/~~YuncQEj0Rruyt6y_-RebSA==/com.movtery.zalithlauncher.v2-JtRzSV7VpInkzDcyzopsqQ==/lib/arm64/libfreetype.so
7a2dd74000-7a2ddeb000 r-xp 00033000 fe:3c 2535706                        /data/app/~~YuncQEj0Rruyt6y_-RebSA==/com.movtery.zalithlauncher.v2-JtRzSV7VpInkzDcyzopsqQ==/lib/arm64/libfreetype.so
7a2ddeb000-7a2ddf2000 r--p 000a9000 fe:3c 2535706                        /data/app/~~YuncQEj0Rruyt6y_-RebSA==/com.movtery.zalithlauncher.v2-JtRzSV7VpInkzDcyzopsqQ==/lib/arm64/libfreetype.so
7a2de00000-7a2ed34000 ---p 00000000 00:00 0 
7a2ed34000-7a2ed38000 rw-p 00000000 00:00 0 
7a2ed38000-7a2ee00000 ---p 00000000 00:00 0 
7a2ee00000-7a2ee01000 ---p 00000000 00:00 0 
7a2ee01000-7a2f004000 rw-p 00000000 00:00 0                              [anon:stack_and_tls:13676]
7a2f004000-7a2f005000 ---p 00000000 00:00 0 
7a2f0fd000-7a2f400000 rw-p 00000000 00:00 0                              [anon:scudo:secondary]
7a2f400000-7a31400000 rw-p 00000000 00:00 0 
7a31400000-7a321b4000 ---p 00000000 00:00 0 
7a321b4000-7a321b8000 rw-p 00000000 00:00 0 
7a321b8000-7a32400000 ---p 00000000 00:00 0 
7a32400000-7a32401000 ---p 00000000 00:00 0 
7a32401000-7a32604000 rw-p 00000000 00:00 0                              [anon:stack_and_tls:13675]
7a32604000-7a32605000 ---p 00000000 00:00 0 
7a326ff000-7a32800000 rw-p 00000000 00:00 0                              [anon:scudo:secondary]
7a32800000-7a32d00000 ---p 00000000 00:00 0 
7a32d00000-7a32d04000 rw-p 00000000 00:00 0 
7a32d04000-7a33800000 ---p 00000000 00:00 0 
7a33800000-7a33801000 ---p 00000000 00:00 0 
7a33801000-7a33a04000 rw-p 00000000 00:00 0                              [anon:stack_and_tls:13674]
7a33a04000-7a33a05000 ---p 00000000 00:00 0 
7a33aff000-7a33c00000 rw-p 00000000 00:00 0                              [anon:scudo:secondary]
7a33c00000-7a33e8c000 ---p 00000000 00:00 0 
7a33e8c000-7a33e90000 rw-p 00000000 00:00 0 
7a33e90000-7a34c00000 ---p 00000000 00:00 0 
7a34c00000-7a34c01000 ---p 00000000 00:00 0 
7a34c01000-7a34e04000 rw-p 00000000 00:00 0                              [anon:stack_and_tls:13673]
7a34e04000-7a34e05000 ---p 00000000 00:00 0 
7a34eff000-7a35000000 rw-p 00000000 00:00 0                              [anon:scudo:secondary]
7a35000000-7a3a000000 rw-p 00000000 00:00 0 
7a3a000000-7a3ab10000 rwxp 00000000 00:00 0 
7a3ab10000-7a41537000 ---p 00000000 00:00 0 
7a41537000-7a417e7000 rwxp 00000000 00:00 0 
7a417e7000-7a41ac8000 ---p 00000000 00:00 0 
7a41ac8000-7a41f38000 rwxp 00000000 00:00 0 
7a41f38000-7a49000000 ---p 00000000 00:00 0 
7a49000000-7a508b9000 r--s 00000000 fe:3c 2491461                        /data/data/com.movtery.zalithlauncher.v2/files/games/runtimes/Internal-25/lib/modules
7a508ff000-7a50a00000 rw-p 00000000 00:00 0                              [anon:scudo:secondary]
7a50a00000-7a516e0000 ---p 00000000 00:00 0 
7a516e0000-7a516e4000 rw-p 00000000 00:00 0 
7a516e4000-7a51a00000 ---p 00000000 00:00 0 
7a51a00000-7a51a04000 ---p 00000000 00:00 0 
7a51a04000-7a51c02000 rw-p 00000000 00:00 0                              [anon:stack_and_tls:13672]
7a51c02000-7a51c03000 ---p 00000000 00:00 0 
7a51cff000-7a51e00000 rw-p 00000000 00:00 0                              [anon:scudo:secondary]
7a51e00000-7a52684000 ---p 00000000 00:00 0 
7a52684000-7a52688000 rw-p 00000000 00:00 0 
7a52688000-7a53284000 ---p 00000000 00:00 0 
7a53284000-7a53288000 rw-p 00000000 00:00 0 
7a53288000-7a53e00000 ---p 00000000 00:00 0 
7a53e00000-7a53f00000 r--s 00000000 00:11 124                            /dev/__properties__/u:object_r:apexd_select_prop:s0
7a53f00000-7a54000000 r--s 00000000 00:11 120                            /dev/__properties__/u:object_r:apex_ready_prop:s0
7a54000000-7a54004000 ---p 00000000 00:00 0 
7a54004000-7a54202000 rw-p 00000000 00:00 0                              [anon:stack_and_tls:13804]
7a54202000-7a54203000 ---p 00000000 00:00 0 
7a54265000-7a542ab000 r--p 00000000 fe:3c 2602448                        /data/app/~~YuncQEj0Rruyt6y_-RebSA==/com.movtery.zalithlauncher.v2-JtRzSV7VpInkzDcyzopsqQ==/lib/arm64/liblwjgl_opengl.so
7a542ab000-7a542bc000 r-xp 00045000 fe:3c 2602448                        /data/app/~~YuncQEj0Rruyt6y_-RebSA==/com.movtery.zalithlauncher.v2-JtRzSV7VpInkzDcyzopsqQ==/lib/arm64/liblwjgl_opengl.so
7a542bc000-7a542bd000 r--p 00055000 fe:3c 2602448                        /data/app/~~YuncQEj0Rruyt6y_-RebSA==/com.movtery.zalithlauncher.v2-JtRzSV7VpInkzDcyzopsqQ==/lib/arm64/liblwjgl_opengl.so
7a542ff000-7a54400000 rw-p 00000000 00:00 0                              [anon:scudo:secondary]
7a54407000-7a54600000 rw-p 00000000 00:00 0                              [anon:scudo:secondary]
7a54600000-7a54604000 ---p 00000000 00:00 0 
7a54604000-7a54802000 rw-p 00000000 00:00 0                              [anon:stack_and_tls:13797]
7a54802000-7a54803000 ---p 00000000 00:00 0 
7a54843000-7a54858000 r--p 00000000 fe:3c 2506629                        /data/app/~~YuncQEj0Rruyt6y_-RebSA==/com.movtery.zalithlauncher.v2-JtRzSV7VpInkzDcyzopsqQ==/lib/arm64/liblwjgl_stb.so
7a54858000-7a548ab000 r-xp 00014000 fe:3c 2506629                        /data/app/~~YuncQEj0Rruyt6y_-RebSA==/com.movtery.zalithlauncher.v2-JtRzSV7VpInkzDcyzopsqQ==/lib/arm64/liblwjgl_stb.so
7a548ab000-7a548ad000 r--p 00066000 fe:3c 2506629                        /data/app/~~YuncQEj0Rruyt6y_-RebSA==/com.movtery.zalithlauncher.v2-JtRzSV7VpInkzDcyzopsqQ==/lib/arm64/liblwjgl_stb.so
7a548ad000-7a548ae000 rw-p 00067000 fe:3c 2506629                        /data/app/~~YuncQEj0Rruyt6y_-RebSA==/com.movtery.zalithlauncher.v2-JtRzSV7VpInkzDcyzopsqQ==/lib/arm64/liblwjgl_stb.so
7a548ff000-7a54a00000 rw-p 00000000 00:00 0                              [anon:scudo:secondary]
7a54a45000-7a54c00000 rw-p 00000000 00:00 0                              [anon:scudo:secondary]
7a54c00000-7a54c04000 ---p 00000000 00:00 0 
7a54c04000-7a54e02000 rw-p 00000000 00:00 0                              [anon:stack_and_tls:13794]
7a54e02000-7a54e03000 ---p 00000000 00:00 0 
7a54e30000-7a55106000 rw-p 00000000 00:00 0                              [anon:scudo:secondary]
7a5514b000-7a5524b000 r--s 00000000 00:11 117                            /dev/__properties__/u:object_r:adbd_config_prop:s0
7a5524b000-7a55493000 rw-p 00000000 00:00 0                              [anon:scudo:secondary]
7a554bc000-7a555bc000 r--s 00000000 00:11 114                            /dev/__properties__/u:object_r:aaudio_config_prop:s0
7a555bc000-7a55740000 rw-p 00000000 00:00 0                              [anon:scudo:secondary]
7a55740000-7a55800000 rw-s 7a55740000 00:01 2660273                      /kgsl-3d0 (deleted)
7a55800000-7a55c2c000 ---p 00000000 00:00 0 
7a55c2c000-7a55c30000 rw-p 00000000 00:00 0 
7a55c30000-7a57600000 ---p 00000000 00:00 0 
7a57600000-7a57604000 rw-p 00000000 00:00 0 
7a57604000-7a57800000 ---p 00000000 00:00 0 
7a57842000-7a57868000 r--p 00000000 fe:3c 2503393                        /data/app/~~YuncQEj0Rruyt6y_-RebSA==/com.movtery.zalithlauncher.v2-JtRzSV7VpInkzDcyzopsqQ==/lib/arm64/liblwjgl_vma.so
7a57868000-7a578b8000 r-xp 00025000 fe:3c 2503393                        /data/app/~~YuncQEj0Rruyt6y_-RebSA==/com.movtery.zalithlauncher.v2-JtRzSV7VpInkzDcyzopsqQ==/lib/arm64/liblwjgl_vma.so
7a578b8000-7a578be000 r--p 00074000 fe:3c 2503393                        /data/app/~~YuncQEj0Rruyt6y_-RebSA==/com.movtery.zalithlauncher.v2-JtRzSV7VpInkzDcyzopsqQ==/lib/arm64/liblwjgl_vma.so
7a578be000-7a578bf000 rw-p 00079000 fe:3c 2503393                        /data/app/~~YuncQEj0Rruyt6y_-RebSA==/com.movtery.zalithlauncher.v2-JtRzSV7VpInkzDcyzopsqQ==/lib/arm64/liblwjgl_vma.so
7a578bf000-7a578c0000 rw-p 00000000 00:00 0                              [anon:.bss]
7a578dc000-7a5795f000 rw-p 00000000 00:00 0                              [anon:scudo:secondary]
7a579cb000-7a579f1000 r-xp 00000000 fe:3c 2513392                        /data/data/com.movtery.zalithlauncher.v2/files/games/jna_dir/jna/5.17.0/libjnidispatch.so
7a579f1000-7a579f6000 ---p 00000000 00:00 0 
7a579f6000-7a579f7000 r--p 00027000 fe:3c 2513392                        /data/data/com.movtery.zalithlauncher.v2/files/games/jna_dir/jna/5.17.0/libjnidispatch.so
7a579f7000-7a579f8000 rw-p 00028000 fe:3c 2513392                        /data/data/com.movtery.zalithlauncher.v2/files/games/jna_dir/jna/5.17.0/libjnidispatch.so
7a57a00000-7a58044000 ---p 00000000 00:00 0 
7a58044000-7a58048000 rw-p 00000000 00:00 0 
7a58048000-7a58a00000 ---p 00000000 00:00 0 
7a58a2d000-7a58fc4000 r-xp 00000000 fe:3c 2501344                        /data/app/~~QKEs1JII7EGqWaUN30S5Ew==/com.fcl.plugin.mobileglues--v6YcgpMiEwZGl3weWR_XA==/lib/arm64/libmobileglues.so
7a58fc4000-7a58fe0000 r--p 00596000 fe:3c 2501344                        /data/app/~~QKEs1JII7EGqWaUN30S5Ew==/com.fcl.plugin.mobileglues--v6YcgpMiEwZGl3weWR_XA==/lib/arm64/libmobileglues.so
7a58fe0000-7a58fe1000 rw-p 005b1000 fe:3c 2501344                        /data/app/~~QKEs1JII7EGqWaUN30S5Ew==/com.fcl.plugin.mobileglues--v6YcgpMiEwZGl3weWR_XA==/lib/arm64/libmobileglues.so
7a58fe1000-7a58ff8000 rw-p 00000000 00:00 0                              [anon:.bss]
7a59000000-7a5ba00000 ---p 00000000 00:00 0 
7a5ba39000-7a5bc3b000 rw-p 00000000 00:00 0                              [anon:scudo:secondary]
7a5bc3b000-7a5bde3000 r-xp 00000000 fe:3c 2593091                        /data/app/~~YuncQEj0Rruyt6y_-RebSA==/com.movtery.zalithlauncher.v2-JtRzSV7VpInkzDcyzopsqQ==/lib/arm64/libopenal.so
7a5bde3000-7a5bde6000 ---p 00000000 00:00 0 
7a5bde6000-7a5bdfa000 r--p 001a7000 fe:3c 2593091                        /data/app/~~YuncQEj0Rruyt6y_-RebSA==/com.movtery.zalithlauncher.v2-JtRzSV7VpInkzDcyzopsqQ==/lib/arm64/libopenal.so
7a5bdfa000-7a5bdfd000 ---p 00000000 00:00 0 
7a5bdfd000-7a5be26000 rw-p 001ba000 fe:3c 2593091                        /data/app/~~YuncQEj0Rruyt6y_-RebSA==/com.movtery.zalithlauncher.v2-JtRzSV7VpInkzDcyzopsqQ==/lib/arm64/libopenal.so
7a5be26000-7a5bf0b000 rw-p 00000000 00:00 0                              [anon:.bss]
7a5bf38000-7a5c000000 rw-p 00000000 00:00 0                              [anon:scudo:secondary]
7a5c000000-7a5fc00000 ---p 00000000 00:00 0 
7a5fc3e000-7a5fe40000 rw-p 00000000 00:00 0                              [anon:scudo:secondary]
7a5fe40000-7a5fe4f000 r--p 00000000 fe:3c 2526438                        /data/data/com.movtery.zalithlauncher.v2/files/games/runtimes/Internal-25/lib/libmlib_image.so
7a5fe4f000-7a5fea8000 r-xp 0000e000 fe:3c 2526438                        /data/data/com.movtery.zalithlauncher.v2/files/games/runtimes/Internal-25/lib/libmlib_image.so
7a5fea8000-7a5fea9000 r--p 00066000 fe:3c 2526438                        /data/data/com.movtery.zalithlauncher.v2/files/games/runtimes/Internal-25/lib/libmlib_image.so
7a5feff000-7a60000000 rw-p 00000000 00:00 0                              [anon:scudo:secondary]
7a60000000-7a63a00000 ---p 00000000 00:00 0 
7a63a21000-7a63aa2000 rw-p 00000000 00:00 0                              [anon:scudo:secondary]
7a63aa2000-7a63ab4000 rw-p 00000000 00:00 0 
7a63ab4000-7a63c77000 ---p 00000000 00:00 0 
7a63c77000-7a63cc0000 r--p 00000000 fe:3c 2526402                        /data/data/com.movtery.zalithlauncher.v2/files/games/runtimes/Internal-25/lib/libfontmanager.so
7a63cc0000-7a63dab000 r-xp 00048000 fe:3c 2526402                        /data/data/com.movtery.zalithlauncher.v2/files/games/runtimes/Internal-25/lib/libfontmanager.so
7a63dab000-7a63dad000 r--p 00132000 fe:3c 2526402                        /data/data/com.movtery.zalithlauncher.v2/files/games/runtimes/Internal-25/lib/libfontmanager.so
7a63dad000-7a63dae000 rw-p 00133000 fe:3c 2526402                        /data/data/com.movtery.zalithlauncher.v2/files/games/runtimes/Internal-25/lib/libfontmanager.so
7a63dae000-7a63db0000 rw-p 00000000 00:00 0                              [anon:.bss]
7a63e00000-7a66800000 ---p 00000000 00:00 0 
7a66858000-7a66885000 rw-p 00000000 00:00 0 
7a66885000-7a66a2d000 ---p 00000000 00:00 0 
7a66a2d000-7a66a5f000 r--p 00000000 fe:3c 2526419                        /data/data/com.movtery.zalithlauncher.v2/files/games/runtimes/Internal-25/lib/libfreetype.so
7a66a5f000-7a66acf000 r-xp 00031000 fe:3c 2526419                        /data/data/com.movtery.zalithlauncher.v2/files/games/runtimes/Internal-25/lib/libfreetype.so
7a66acf000-7a66ad6000 r--p 000a0000 fe:3c 2526419                        /data/data/com.movtery.zalithlauncher.v2/files/games/runtimes/Internal-25/lib/libfreetype.so
7a66aff000-7a66c00000 rw-p 00000000 00:00 0                              [anon:scudo:secondary]
7a66c00000-7a6aa00000 ---p 00000000 00:00 0 
7a6aa2b000-7a6aac4000 rw-p 00000000 00:00 0                              [anon:scudo:secondary]
7a6aac4000-7a6aac5000 ---p 00000000 00:00 0 
7a6aac5000-7a6aac6000 ---p 00000000 00:00 0                              [anon:stack_and_tls:13669]
7a6aac6000-7a6abcd000 rw-p 00000000 00:00 0                              [anon:stack_and_tls:13669]
7a6abcd000-7a6abcf000 ---p 00000000 00:00 0 
7a6abcf000-7a6abd0000 ---p 00000000 00:00 0                              [anon:stack_and_tls:13666]
7a6abd0000-7a6acd7000 rw-p 00000000 00:00 0                              [anon:stack_and_tls:13666]
7a6acd7000-7a6acd8000 ---p 00000000 00:00 0 
7a6acd8000-7a6b2be000 r--p 00000000 fe:3c 2526392                        /data/data/com.movtery.zalithlauncher.v2/files/games/runtimes/Internal-25/lib/server/libjvm.so
7a6b2be000-7a6be4c000 r-xp 005e5000 fe:3c 2526392                        /data/data/com.movtery.zalithlauncher.v2/files/games/runtimes/Internal-25/lib/server/libjvm.so
7a6be4c000-7a6bf35000 r--p 01172000 fe:3c 2526392                        /data/data/com.movtery.zalithlauncher.v2/files/games/runtimes/Internal-25/lib/server/libjvm.so
7a6bf35000-7a6bf36000 ---p 00000000 00:00 0 
7a6bf36000-7a6bf4f000 rw-p 0125b000 fe:3c 2526392                        /data/data/com.movtery.zalithlauncher.v2/files/games/runtimes/Internal-25/lib/server/libjvm.so
7a6bf4f000-7a6bfec000 rw-p 00000000 00:00 0                              [anon:.bss]
7a6c000000-7a6e800000 ---p 00000000 00:00 0 
7a6e875000-7a6e8f6000 rw-p 00000000 00:00 0                              [anon:scudo:secondary]
7a6e8f6000-7a6e8f7000 ---p 00000000 00:00 0 
7a6e8f7000-7a6e8f8000 ---p 00000000 00:00 0                              [anon:stack_and_tls:13663]
7a6e8f8000-7a6e9ff000 rw-p 00000000 00:00 0                              [anon:stack_and_tls:13663]
7a6e9ff000-7a6ea00000 ---p 00000000 00:00 0 
7a6ea00000-7a6f5a8000 ---p 00000000 00:00 0 
7a6f5a8000-7a6f5ac000 rw-p 00000000 00:00 0 
7a6f5ac000-7a7057c000 ---p 00000000 00:00 0 
7a7057c000-7a70580000 rw-p 00000000 00:00 0 
7a70580000-7a7172c000 ---p 00000000 00:00 0 
7a7172c000-7a71730000 rw-p 00000000 00:00 0 
7a71730000-7a72614000 ---p 00000000 00:00 0 
7a72614000-7a72618000 rw-p 00000000 00:00 0 
7a72618000-7a737b8000 ---p 00000000 00:00 0 
7a737b8000-7a737bc000 rw-p 00000000 00:00 0 
7a737bc000-7a73a68000 ---p 00000000 00:00 0 
7a73a68000-7a73a6c000 rw-p 00000000 00:00 0 
7a73a6c000-7a74a00000 ---p 00000000 00:00 0 
7a74a71000-7a74af6000 rw-p 00000000 00:00 0 
7a74af6000-7a74af7000 ---p 00000000 00:00 0 
7a74af7000-7a74af8000 ---p 00000000 00:00 0                              [anon:stack_and_tls:13646]
7a74af8000-7a74bff000 rw-p 00000000 00:00 0                              [anon:stack_and_tls:13646]
7a74bff000-7a74c00000 ---p 00000000 00:00 0 
7a74c65000-7a74ce5000 rw-p 00000000 00:00 0                              [anon:scudo:secondary]
7a74d21000-7a74d27000 r--p 00000000 fe:3c 2596348                        /data/app/~~YuncQEj0Rruyt6y_-RebSA==/com.movtery.zalithlauncher.v2-JtRzSV7VpInkzDcyzopsqQ==/lib/arm64/liblwjgl_tinyfd.so
7a74d27000-7a74d37000 r-xp 00005000 fe:3c 2596348                        /data/app/~~YuncQEj0Rruyt6y_-RebSA==/com.movtery.zalithlauncher.v2-JtRzSV7VpInkzDcyzopsqQ==/lib/arm64/liblwjgl_tinyfd.so
7a74d37000-7a74d38000 r--p 00014000 fe:3c 2596348                        /data/app/~~YuncQEj0Rruyt6y_-RebSA==/com.movtery.zalithlauncher.v2-JtRzSV7VpInkzDcyzopsqQ==/lib/arm64/liblwjgl_tinyfd.so
7a74d38000-7a74d3a000 rw-p 00014000 fe:3c 2596348                        /data/app/~~YuncQEj0Rruyt6y_-RebSA==/com.movtery.zalithlauncher.v2-JtRzSV7VpInkzDcyzopsqQ==/lib/arm64/liblwjgl_tinyfd.so
7a74d3a000-7a74d3c000 rw-p 00000000 00:00 0                              [anon:.bss]
7a74d65000-7a74d66000 ---p 00000000 00:00 0 
7a74d66000-7a74d67000 ---p 00000000 00:00 0                              [anon:stack_and_tls:13661]
7a74d67000-7a74e6e000 rw-p 00000000 00:00 0                              [anon:stack_and_tls:13661]
7a74e6e000-7a74e6f000 ---p 00000000 00:00 0 
7a74e6f000-7a74e74000 r--p 00000000 fe:3c 2526437                        /data/data/com.movtery.zalithlauncher.v2/files/games/runtimes/Internal-25/lib/libinstrument.so
7a74e74000-7a74e7b000 r-xp 00004000 fe:3c 2526437                        /data/data/com.movtery.zalithlauncher.v2/files/games/runtimes/Internal-25/lib/libinstrument.so
7a74e7b000-7a74e7c000 r--p 0000a000 fe:3c 2526437                        /data/data/com.movtery.zalithlauncher.v2/files/games/runtimes/Internal-25/lib/libinstrument.so
7a74e7c000-7a74e7d000 rw-p 0000a000 fe:3c 2526437                        /data/data/com.movtery.zalithlauncher.v2/files/games/runtimes/Internal-25/lib/libinstrument.so
7a74e86000-7a74e87000 r--p 00000000 fe:3c 2526436                        /data/data/com.movtery.zalithlauncher.v2/files/games/runtimes/Internal-25/lib/libmanagement_agent.so
7a74e87000-7a74e88000 r-xp 00000000 fe:3c 2526436                        /data/data/com.movtery.zalithlauncher.v2/files/games/runtimes/Internal-25/lib/libmanagement_agent.so
7a74e88000-7a74e89000 r--p 00000000 fe:3c 2526436                        /data/data/com.movtery.zalithlauncher.v2/files/games/runtimes/Internal-25/lib/libmanagement_agent.so
7a74ee4000-7a74ee6000 r-xp 00000000 fe:3c 2526451                        /data/data/com.movtery.zalithlauncher.v2/files/games/runtimes/Internal-25/lib/libawt_xawt.so
7a74ee6000-7a74ee7000 r--p 00001000 fe:3c 2526451                        /data/data/com.movtery.zalithlauncher.v2/files/games/runtimes/Internal-25/lib/libawt_xawt.so
7a74f0f000-7a74f10000 r--p 00000000 fe:3c 2526422                        /data/data/com.movtery.zalithlauncher.v2/files/games/runtimes/Internal-25/lib/libjsig.so
7a74f10000-7a74f12000 r-xp 00000000 fe:3c 2526422                        /data/data/com.movtery.zalithlauncher.v2/files/games/runtimes/Internal-25/lib/libjsig.so
7a74f12000-7a74f13000 r--p 00001000 fe:3c 2526422                        /data/data/com.movtery.zalithlauncher.v2/files/games/runtimes/Internal-25/lib/libjsig.so
7a74f13000-7a74f14000 rw-p 00001000 fe:3c 2526422                        /data/data/com.movtery.zalithlauncher.v2/files/games/runtimes/Internal-25/lib/libjsig.so
7a74f14000-7a74f15000 rw-p 00000000 00:00 0                              [anon:.bss]
7a74f57000-7a74f5a000 r--p 00000000 fe:3c 2526415                        /data/data/com.movtery.zalithlauncher.v2/files/games/runtimes/Internal-25/lib/libsctp.so
7a74f5a000-7a74f5d000 r-xp 00002000 fe:3c 2526415                        /data/data/com.movtery.zalithlauncher.v2/files/games/runtimes/Internal-25/lib/libsctp.so
7a74f5d000-7a74f5e000 r--p 00004000 fe:3c 2526415                        /data/data/com.movtery.zalithlauncher.v2/files/games/runtimes/Internal-25/lib/libsctp.so
7a74f5e000-7a74f5f000 rw-p 00004000 fe:3c 2526415                        /data/data/com.movtery.zalithlauncher.v2/files/games/runtimes/Internal-25/lib/libsctp.so
7a74f8c000-7a74fa2000 r--p 00000000 fe:3c 2526413                        /data/data/com.movtery.zalithlauncher.v2/files/games/runtimes/Internal-25/lib/liblcms.so
7a74fa2000-7a74fe4000 r-xp 00015000 fe:3c 2526413                        /data/data/com.movtery.zalithlauncher.v2/files/games/runtimes/Internal-25/lib/liblcms.so
7a74fe4000-7a74fe6000 r--p 00056000 fe:3c 2526413                        /data/data/com.movtery.zalithlauncher.v2/files/games/runtimes/Internal-25/lib/liblcms.so
7a74fe6000-7a74fea000 rw-p 00057000 fe:3c 2526413                        /data/data/com.movtery.zalithlauncher.v2/files/games/runtimes/Internal-25/lib/liblcms.so
7a7501e000-7a75025000 r--p 00000000 fe:3c 2526412                        /data/data/com.movtery.zalithlauncher.v2/files/games/runtimes/Internal-25/lib/libj2pkcs11.so
7a75025000-7a75033000 r-xp 00006000 fe:3c 2526412                        /data/data/com.movtery.zalithlauncher.v2/files/games/runtimes/Internal-25/lib/libj2pkcs11.so
7a75033000-7a75034000 r--p 00013000 fe:3c 2526412                        /data/data/com.movtery.zalithlauncher.v2/files/games/runtimes/Internal-25/lib/libj2pkcs11.so
7a75034000-7a75035000 rw-p 00013000 fe:3c 2526412                        /data/data/com.movtery.zalithlauncher.v2/files/games/runtimes/Internal-25/lib/libj2pkcs11.so
7a75070000-7a75071000 r--p 00000000 fe:3c 2526411                        /data/data/com.movtery.zalithlauncher.v2/files/games/runtimes/Internal-25/lib/libjaas.so
7a75071000-7a75072000 r-xp 00000000 fe:3c 2526411                        /data/data/com.movtery.zalithlauncher.v2/files/games/runtimes/Internal-25/lib/libjaas.so
7a75072000-7a75073000 r--p 00000000 fe:3c 2526411                        /data/data/com.movtery.zalithlauncher.v2/files/games/runtimes/Internal-25/lib/libjaas.so
7a75087000-7a75089000 r--p 00000000 fe:3c 2526410                        /data/data/com.movtery.zalithlauncher.v2/files/games/runtimes/Internal-25/lib/libdt_socket.so
7a75089000-7a7508d000 r-xp 00001000 fe:3c 2526410                        /data/data/com.movtery.zalithlauncher.v2/files/games/runtimes/Internal-25/lib/libdt_socket.so
7a7508d000-7a7508f000 r--p 00004000 fe:3c 2526410                        /data/data/com.movtery.zalithlauncher.v2/files/games/runtimes/Internal-25/lib/libdt_socket.so
7a7508f000-7a75090000 rw-p 00005000 fe:3c 2526410                        /data/data/com.movtery.zalithlauncher.v2/files/games/runtimes/Internal-25/lib/libdt_socket.so
7a750eb000-7a750ef000 r--p 00000000 fe:3c 2526409                        /data/data/com.movtery.zalithlauncher.v2/files/games/runtimes/Internal-25/lib/libj2gss.so
7a750ef000-7a750f6000 r-xp 00003000 fe:3c 2526409                        /data/data/com.movtery.zalithlauncher.v2/files/games/runtimes/Internal-25/lib/libj2gss.so
7a750f6000-7a750f7000 r--p 00009000 fe:3c 2526409                        /data/data/com.movtery.zalithlauncher.v2/files/games/runtimes/Internal-25/lib/libj2gss.so
7a750f7000-7a750f8000 rw-p 00009000 fe:3c 2526409                        /data/data/com.movtery.zalithlauncher.v2/files/games/runtimes/Internal-25/lib/libj2gss.so
7a75107000-7a75109000 r--p 00000000 fe:3c 2526406                        /data/data/com.movtery.zalithlauncher.v2/files/games/runtimes/Internal-25/lib/libextnet.so
7a75109000-7a7510a000 r-xp 00001000 fe:3c 2526406                        /data/data/com.movtery.zalithlauncher.v2/files/games/runtimes/Internal-25/lib/libextnet.so
7a7510a000-7a7510b000 r--p 00001000 fe:3c 2526406                        /data/data/com.movtery.zalithlauncher.v2/files/games/runtimes/Internal-25/lib/libextnet.so
7a7516c000-7a7517e000 r--p 00000000 fe:3c 2526405                        /data/data/com.movtery.zalithlauncher.v2/files/games/runtimes/Internal-25/lib/libjdwp.so
7a7517e000-7a751ac000 r-xp 00011000 fe:3c 2526405                        /data/data/com.movtery.zalithlauncher.v2/files/games/runtimes/Internal-25/lib/libjdwp.so
7a751ac000-7a751ad000 r--p 0003e000 fe:3c 2526405                        /data/data/com.movtery.zalithlauncher.v2/files/games/runtimes/Internal-25/lib/libjdwp.so
7a751ad000-7a751af000 rw-p 0003e000 fe:3c 2526405                        /data/data/com.movtery.zalithlauncher.v2/files/games/runtimes/Internal-25/lib/libjdwp.so
7a751c5000-7a751c6000 r--p 00000000 fe:3c 2526404                        /data/data/com.movtery.zalithlauncher.v2/files/games/runtimes/Internal-25/lib/libjawt.so
7a751c6000-7a751c7000 r-xp 00000000 fe:3c 2526404                        /data/data/com.movtery.zalithlauncher.v2/files/games/runtimes/Internal-25/lib/libjawt.so
7a751c7000-7a751c8000 r--p 00000000 fe:3c 2526404                        /data/data/com.movtery.zalithlauncher.v2/files/games/runtimes/Internal-25/lib/libjawt.so
7a75210000-7a75211000 r--p 00000000 fe:3c 2526400                        /data/data/com.movtery.zalithlauncher.v2/files/games/runtimes/Internal-25/lib/server/libjsig.so
7a75211000-7a75213000 r-xp 00000000 fe:3c 2526400                        /data/data/com.movtery.zalithlauncher.v2/files/games/runtimes/Internal-25/lib/server/libjsig.so
7a75213000-7a75214000 r--p 00001000 fe:3c 2526400                        /data/data/com.movtery.zalithlauncher.v2/files/games/runtimes/Internal-25/lib/server/libjsig.so
7a75214000-7a75215000 rw-p 00001000 fe:3c 2526400                        /data/data/com.movtery.zalithlauncher.v2/files/games/runtimes/Internal-25/lib/server/libjsig.so
7a75215000-7a75216000 rw-p 00000000 00:00 0                              [anon:.bss]
7a7524c000-7a75255000 r--p 00000000 fe:3c 2526390                        /data/data/com.movtery.zalithlauncher.v2/files/games/runtimes/Internal-25/lib/libjavajpeg.so
7a75255000-7a7527e000 r-xp 00008000 fe:3c 2526390                        /data/data/com.movtery.zalithlauncher.v2/files/games/runtimes/Internal-25/lib/libjavajpeg.so
7a7527e000-7a7527f000 r--p 00030000 fe:3c 2526390                        /data/data/com.movtery.zalithlauncher.v2/files/games/runtimes/Internal-25/lib/libjavajpeg.so
7a7527f000-7a75280000 rw-p 00030000 fe:3c 2526390                        /data/data/com.movtery.zalithlauncher.v2/files/games/runtimes/Internal-25/lib/libjavajpeg.so
7a7529a000-7a7529b000 r--p 00000000 fe:3c 2526389                        /data/data/com.movtery.zalithlauncher.v2/files/games/runtimes/Internal-25/lib/librmi.so
7a7529b000-7a7529c000 r-xp 00000000 fe:3c 2526389                        /data/data/com.movtery.zalithlauncher.v2/files/games/runtimes/Internal-25/lib/librmi.so
7a7529c000-7a7529d000 r--p 00000000 fe:3c 2526389                        /data/data/com.movtery.zalithlauncher.v2/files/games/runtimes/Internal-25/lib/librmi.so
7a752d8000-7a752db000 r--p 00000000 fe:3c 2526388                        /data/data/com.movtery.zalithlauncher.v2/files/games/runtimes/Internal-25/lib/libmanagement.so
7a752db000-7a752dd000 r-xp 00002000 fe:3c 2526388                        /data/data/com.movtery.zalithlauncher.v2/files/games/runtimes/Internal-25/lib/libmanagement.so
7a752dd000-7a752de000 r--p 00003000 fe:3c 2526388                        /data/data/com.movtery.zalithlauncher.v2/files/games/runtimes/Internal-25/lib/libmanagement.so
7a752de000-7a752df000 rw-p 00003000 fe:3c 2526388                        /data/data/com.movtery.zalithlauncher.v2/files/games/runtimes/Internal-25/lib/libmanagement.so
7a7531c000-7a7531f000 r--p 00000000 fe:3c 2526386                        /data/data/com.movtery.zalithlauncher.v2/files/games/runtimes/Internal-25/lib/libmanagement_ext.so
7a7531f000-7a75322000 r-xp 00002000 fe:3c 2526386                        /data/data/com.movtery.zalithlauncher.v2/files/games/runtimes/Internal-25/lib/libmanagement_ext.so
7a75322000-7a75324000 r--p 00004000 fe:3c 2526386                        /data/data/com.movtery.zalithlauncher.v2/files/games/runtimes/Internal-25/lib/libmanagement_ext.so
7a75324000-7a75325000 rw-p 00005000 fe:3c 2526386                        /data/data/com.movtery.zalithlauncher.v2/files/games/runtimes/Internal-25/lib/libmanagement_ext.so
7a75368000-7a7536c000 r--p 00000000 fe:3c 2526385                        /data/data/com.movtery.zalithlauncher.v2/files/games/runtimes/Internal-25/lib/libzip.so
7a7536c000-7a75370000 r-xp 00003000 fe:3c 2526385                        /data/data/com.movtery.zalithlauncher.v2/files/games/runtimes/Internal-25/lib/libzip.so
7a75370000-7a75372000 r--p 00006000 fe:3c 2526385                        /data/data/com.movtery.zalithlauncher.v2/files/games/runtimes/Internal-25/lib/libzip.so
7a75372000-7a75373000 rw-p 00007000 fe:3c 2526385                        /data/data/com.movtery.zalithlauncher.v2/files/games/runtimes/Internal-25/lib/libzip.so
7a753b5000-7a753b6000 r--p 00000000 fe:3c 2526384                        /data/data/com.movtery.zalithlauncher.v2/files/games/runtimes/Internal-25/lib/libprefs.so
7a753b6000-7a753b7000 r-xp 00000000 fe:3c 2526384                        /data/data/com.movtery.zalithlauncher.v2/files/games/runtimes/Internal-25/lib/libprefs.so
7a753b7000-7a753b8000 r--p 00000000 fe:3c 2526384                        /data/data/com.movtery.zalithlauncher.v2/files/games/runtimes/Internal-25/lib/libprefs.so
7a753e4000-7a753e9000 r--p 00000000 fe:3c 2526381                        /data/data/com.movtery.zalithlauncher.v2/files/games/runtimes/Internal-25/lib/libjimage.so
7a753e9000-7a753f1000 r-xp 00004000 fe:3c 2526381                        /data/data/com.movtery.zalithlauncher.v2/files/games/runtimes/Internal-25/lib/libjimage.so
7a753f1000-7a753f2000 r--p 0000b000 fe:3c 2526381                        /data/data/com.movtery.zalithlauncher.v2/files/games/runtimes/Internal-25/lib/libjimage.so
7a753f2000-7a753f3000 rw-p 0000b000 fe:3c 2526381                        /data/data/com.movtery.zalithlauncher.v2/files/games/runtimes/Internal-25/lib/libjimage.so
7a7541f000-7a75420000 r--p 00000000 fe:3c 2526379                        /data/data/com.movtery.zalithlauncher.v2/files/games/runtimes/Internal-25/lib/libsyslookup.so
7a75420000-7a75421000 r-xp 00000000 fe:3c 2526379                        /data/data/com.movtery.zalithlauncher.v2/files/games/runtimes/Internal-25/lib/libsyslookup.so
7a75421000-7a75422000 r--p 00000000 fe:3c 2526379                        /data/data/com.movtery.zalithlauncher.v2/files/games/runtimes/Internal-25/lib/libsyslookup.so
7a7544a000-7a7545d000 r--p 00000000 fe:3c 2526378                        /data/data/com.movtery.zalithlauncher.v2/files/games/runtimes/Internal-25/lib/libsleef.so
7a7545d000-7a7546a000 r-xp 00012000 fe:3c 2526378                        /data/data/com.movtery.zalithlauncher.v2/files/games/runtimes/Internal-25/lib/libsleef.so
7a7546a000-7a7546c000 r--p 0001e000 fe:3c 2526378                        /data/data/com.movtery.zalithlauncher.v2/files/games/runtimes/Internal-25/lib/libsleef.so
7a75496000-7a7549a000 r--p 00000000 fe:3c 2526418                        /data/data/com.movtery.zalithlauncher.v2/files/games/runtimes/Internal-25/lib/libawt_headless.so
7a7549a000-7a7549e000 r-xp 00003000 fe:3c 2526418                        /data/data/com.movtery.zalithlauncher.v2/files/games/runtimes/Internal-25/lib/libawt_headless.so
7a7549e000-7a7549f000 r--p 00006000 fe:3c 2526418                        /data/data/com.movtery.zalithlauncher.v2/files/games/runtimes/Internal-25/lib/libawt_headless.so
7a7549f000-7a754a0000 rw-p 00006000 fe:3c 2526418                        /data/data/com.movtery.zalithlauncher.v2/files/games/runtimes/Internal-25/lib/libawt_headless.so
7a754c4000-7a754ef000 r--p 00000000 fe:3c 2526424                        /data/data/com.movtery.zalithlauncher.v2/files/games/runtimes/Internal-25/lib/libawt.so
7a754ef000-7a7554a000 r-xp 0002a000 fe:3c 2526424                        /data/data/com.movtery.zalithlauncher.v2/files/games/runtimes/Internal-25/lib/libawt.so
7a7554a000-7a7554b000 r--p 00084000 fe:3c 2526424                        /data/data/com.movtery.zalithlauncher.v2/files/games/runtimes/Internal-25/lib/libawt.so
7a7554b000-7a75557000 rw-p 00084000 fe:3c 2526424                        /data/data/com.movtery.zalithlauncher.v2/files/games/runtimes/Internal-25/lib/libawt.so
7a75557000-7a7557b000 rw-p 00000000 00:00 0                              [anon:.bss]
7a7559f000-7a755aa000 r--p 00000000 fe:3c 2526387                        /data/data/com.movtery.zalithlauncher.v2/files/games/runtimes/Internal-25/lib/libnio.so
7a755aa000-7a755b4000 r-xp 0000a000 fe:3c 2526387                        /data/data/com.movtery.zalithlauncher.v2/files/games/runtimes/Internal-25/lib/libnio.so
7a755b4000-7a755b6000 r--p 00013000 fe:3c 2526387                        /data/data/com.movtery.zalithlauncher.v2/files/games/runtimes/Internal-25/lib/libnio.so
7a755b6000-7a755b7000 rw-p 00014000 fe:3c 2526387                        /data/data/com.movtery.zalithlauncher.v2/files/games/runtimes/Internal-25/lib/libnio.so
7a755c1000-7a755c6000 r--p 00000000 fe:3c 2526435                        /data/data/com.movtery.zalithlauncher.v2/files/games/runtimes/Internal-25/lib/libnet.so
7a755c6000-7a755ce000 r-xp 00004000 fe:3c 2526435                        /data/data/com.movtery.zalithlauncher.v2/files/games/runtimes/Internal-25/lib/libnet.so
7a755ce000-7a755cf000 r--p 0000b000 fe:3c 2526435                        /data/data/com.movtery.zalithlauncher.v2/files/games/runtimes/Internal-25/lib/libnet.so
7a755cf000-7a755d0000 rw-p 0000b000 fe:3c 2526435                        /data/data/com.movtery.zalithlauncher.v2/files/games/runtimes/Internal-25/lib/libnet.so
7a7560d000-7a7561f000 r--p 00000000 fe:3c 2526407                        /data/data/com.movtery.zalithlauncher.v2/files/games/runtimes/Internal-25/lib/libjava.so
7a7561f000-7a7562e000 r-xp 00011000 fe:3c 2526407                        /data/data/com.movtery.zalithlauncher.v2/files/games/runtimes/Internal-25/lib/libjava.so
7a7562e000-7a75631000 r--p 0001f000 fe:3c 2526407                        /data/data/com.movtery.zalithlauncher.v2/files/games/runtimes/Internal-25/lib/libjava.so
7a75631000-7a75632000 rw-p 00021000 fe:3c 2526407                        /data/data/com.movtery.zalithlauncher.v2/files/games/runtimes/Internal-25/lib/libjava.so
7a75665000-7a7566b000 r--p 00000000 fe:3c 2526408                        /data/data/com.movtery.zalithlauncher.v2/files/games/runtimes/Internal-25/lib/libverify.so
7a7566b000-7a75673000 r-xp 00005000 fe:3c 2526408                        /data/data/com.movtery.zalithlauncher.v2/files/games/runtimes/Internal-25/lib/libverify.so
7a75673000-7a75675000 r--p 0000c000 fe:3c 2526408                        /data/data/com.movtery.zalithlauncher.v2/files/games/runtimes/Internal-25/lib/libverify.so
7a75684000-7a75776000 r-xp 00000000 fe:3c 2512499                        /data/app/~~YuncQEj0Rruyt6y_-RebSA==/com.movtery.zalithlauncher.v2-JtRzSV7VpInkzDcyzopsqQ==/lib/arm64/libc++_shared.so
7a75776000-7a75780000 r--p 000f1000 fe:3c 2512499                        /data/app/~~YuncQEj0Rruyt6y_-RebSA==/com.movtery.zalithlauncher.v2-JtRzSV7VpInkzDcyzopsqQ==/lib/arm64/libc++_shared.so
7a75780000-7a75781000 rw-p 000fa000 fe:3c 2512499                        /data/app/~~YuncQEj0Rruyt6y_-RebSA==/com.movtery.zalithlauncher.v2-JtRzSV7VpInkzDcyzopsqQ==/lib/arm64/libc++_shared.so
7a75781000-7a75788000 rw-p 00000000 00:00 0                              [anon:.bss]
7a757c3000-7a75883000 rw-s 7a757c3000 00:01 2660273                      /kgsl-3d0 (deleted)
7a75883000-7a75884000 ---p 00000000 00:00 0 
7a75884000-7a75885000 ---p 00000000 00:00 0                              [anon:stack_and_tls:13655]
7a75885000-7a75980000 rw-p 00000000 00:00 0                              [anon:stack_and_tls:13655]
7a75980000-7a75982000 ---p 00000000 00:00 0 
7a75982000-7a75a7e000 rw-p 00000000 00:00 0                              [anon:stack_and_tls:13651]
7a75a7e000-7a75a80000 ---p 00000000 00:00 0 
7a75a80000-7a75a81000 ---p 00000000 00:00 0                              [anon:stack_and_tls:13650]
7a75a81000-7a75b88000 rw-p 00000000 00:00 0                              [anon:stack_and_tls:13650]
7a75b88000-7a75b89000 ---p 00000000 00:00 0 
7a75b89000-7a75b98000 r-xp 00000000 fe:3c 2454335                        /data/app/~~YuncQEj0Rruyt6y_-RebSA==/com.movtery.zalithlauncher.v2-JtRzSV7VpInkzDcyzopsqQ==/lib/arm64/libbytehook.so
7a75b98000-7a75b99000 r--p 0000e000 fe:3c 2454335                        /data/app/~~YuncQEj0Rruyt6y_-RebSA==/com.movtery.zalithlauncher.v2-JtRzSV7VpInkzDcyzopsqQ==/lib/arm64/libbytehook.so
7a75b99000-7a75b9a000 rw-p 0000e000 fe:3c 2454335                        /data/app/~~YuncQEj0Rruyt6y_-RebSA==/com.movtery.zalithlauncher.v2-JtRzSV7VpInkzDcyzopsqQ==/lib/arm64/libbytehook.so
7a75b9a000-7a75bfd000 rw-p 00000000 00:00 0                              [anon:.bss]
7a75c04000-7a75c05000 ---p 00000000 00:00 0 
7a75c05000-7a75d01000 rw-p 00000000 00:00 0                              [anon:stack_and_tls:13647]
7a75d01000-7a75d03000 ---p 00000000 00:00 0 
7a75d03000-7a75dff000 rw-p 00000000 00:00 0                              [anon:stack_and_tls:13649]
7a75dff000-7a75e00000 ---p 00000000 00:00 0 
7a75e00000-7a769c8000 ---p 00000000 00:00 0 
7a769c8000-7a769cc000 rw-p 00000000 00:00 0 
7a769cc000-7a76e00000 ---p 00000000 00:00 0 
7a76e02000-7a76f02000 r--s 00000000 00:11 574                            /dev/__properties__/u:object_r:vendor_sys_gpp_prop:s0
7a76f02000-7a76f03000 ---p 00000000 00:00 0 
7a76f03000-7a76f04000 ---p 00000000 00:00 0                              [anon:stack_and_tls:13644]
7a76f04000-7a76fff000 rw-p 00000000 00:00 0                              [anon:stack_and_tls:13644]
7a76fff000-7a77000000 ---p 00000000 00:00 0 
7a77000000-7a77c94000 ---p 00000000 00:00 0 
7a77c94000-7a77c98000 rw-p 00000000 00:00 0 
7a77c98000-7a78000000 ---p 00000000 00:00 0 
7a78000000-7a7895f000 r--p 00000000 fe:3c 606730                         /data/vfonts/方正粗圆体.ttf
7a789a3000-7a789a9000 r--p 00000000 fe:3c 2526417                        /data/data/com.movtery.zalithlauncher.v2/files/games/runtimes/Internal-25/lib/libjli.so
7a789a9000-7a789b2000 r-xp 00005000 fe:3c 2526417                        /data/data/com.movtery.zalithlauncher.v2/files/games/runtimes/Internal-25/lib/libjli.so
7a789b2000-7a789b3000 r--p 0000d000 fe:3c 2526417                        /data/data/com.movtery.zalithlauncher.v2/files/games/runtimes/Internal-25/lib/libjli.so
7a789b3000-7a789b4000 rw-p 0000d000 fe:3c 2526417                        /data/data/com.movtery.zalithlauncher.v2/files/games/runtimes/Internal-25/lib/libjli.so
7a789f6000-7a78af6000 r--s 00000000 00:11 449                            /dev/__properties__/u:object_r:vendor_afp_prop:s0
7a78af6000-7a78af7000 ---p 00000000 00:00 0 
7a78af7000-7a78af8000 ---p 00000000 00:00 0                              [anon:stack_and_tls:13643]
7a78af8000-7a78bff000 rw-p 00000000 00:00 0                              [anon:stack_and_tls:13643]
7a78bff000-7a78c00000 ---p 00000000 00:00 0 
7a78c00000-7a791d0000 ---p 00000000 00:00 0 
7a791d0000-7a791d4000 rw-p 00000000 00:00 0 
7a791d4000-7a79c00000 ---p 00000000 00:00 0 
7a79c36000-7a79cf6000 rw-s 7a79c36000 00:01 2660273                      /kgsl-3d0 (deleted)
7a79cf6000-7a79cf7000 ---p 00000000 00:00 0 
7a79cf7000-7a79cf8000 ---p 00000000 00:00 0                              [anon:stack_and_tls:13641]
7a79cf8000-7a79dff000 rw-p 00000000 00:00 0                              [anon:stack_and_tls:13641]
7a79dff000-7a79e00000 ---p 00000000 00:00 0 
7a79e00000-7a7a474000 ---p 00000000 00:00 0 
7a7a474000-7a7a478000 rw-p 00000000 00:00 0 
7a7a478000-7a7b880000 ---p 00000000 00:00 0 
7a7b880000-7a7b884000 rw-p 00000000 00:00 0 
7a7b884000-7a7be00000 ---p 00000000 00:00 0 
7a7be04000-7a7bf02000 r--p 00000000 00:21 5                              /dev/binderfs/hwbinder
7a7bf02000-7a7bf03000 ---p 00000000 00:00 0 
7a7bf03000-7a7bf04000 ---p 00000000 00:00 0                              [anon:stack_and_tls:13640]
7a7bf04000-7a7bfff000 rw-p 00000000 00:00 0                              [anon:stack_and_tls:13640]
7a7bfff000-7a7c000000 ---p 00000000 00:00 0 
7a7c000000-7a7c208000 ---p 00000000 00:00 0 
7a7c208000-7a7c20c000 rw-p 00000000 00:00 0 
7a7c20c000-7a7d9ec000 ---p 00000000 00:00 0 
7a7d9ec000-7a7d9f0000 rw-p 00000000 00:00 0 
7a7d9f0000-7a7ecf0000 ---p 00000000 00:00 0 
7a7ecf0000-7a7ecf4000 rw-p 00000000 00:00 0 
7a7ecf4000-7a7f328000 ---p 00000000 00:00 0 
7a7f328000-7a7f32c000 rw-p 00000000 00:00 0 
7a7f32c000-7a803dc000 ---p 00000000 00:00 0 
7a803dc000-7a803e0000 rw-p 00000000 00:00 0 
7a803e0000-7a81034000 ---p 00000000 00:00 0 
7a81034000-7a81038000 rw-p 00000000 00:00 0 
7a81038000-7a827a8000 ---p 00000000 00:00 0 
7a827a8000-7a827ac000 rw-p 00000000 00:00 0 
7a827ac000-7a83254000 ---p 00000000 00:00 0 
7a83254000-7a83258000 rw-p 00000000 00:00 0 
7a83258000-7a84458000 ---p 00000000 00:00 0 
7a84458000-7a8445c000 rw-p 00000000 00:00 0 
7a8445c000-7a85a00000 ---p 00000000 00:00 0 
7a85a00000-7a85a04000 rw-p 00000000 00:00 0 
7a85a04000-7a86340000 ---p 00000000 00:00 0 
7a86340000-7a86344000 rw-p 00000000 00:00 0 
7a86344000-7a873d0000 ---p 00000000 00:00 0 
7a873d0000-7a873d4000 rw-p 00000000 00:00 0 
7a873d4000-7a88518000 ---p 00000000 00:00 0 
7a88518000-7a8851c000 rw-p 00000000 00:00 0 
7a8851c000-7a89a24000 ---p 00000000 00:00 0 
7a89a24000-7a89a28000 rw-p 00000000 00:00 0 
7a89a28000-7a8a84c000 ---p 00000000 00:00 0 
7a8a84c000-7a8a850000 rw-p 00000000 00:00 0 
7a8a850000-7a8bfc4000 ---p 00000000 00:00 0 
7a8bfc4000-7a8bfc8000 rw-p 00000000 00:00 0 
7a8bfc8000-7a8c908000 ---p 00000000 00:00 0 
7a8c908000-7a8c90c000 rw-p 00000000 00:00 0 
7a8c90c000-7a8db08000 ---p 00000000 00:00 0 
7a8db08000-7a8db0c000 rw-p 00000000 00:00 0 
7a8db0c000-7a8e000000 ---p 00000000 00:00 0 
7a8e02d000-7a8e2dd000 r--p 00000000 fe:3c 2654071                        /data/app/~~YuncQEj0Rruyt6y_-RebSA==/com.movtery.zalithlauncher.v2-JtRzSV7VpInkzDcyzopsqQ==/oat/arm64/base.odex
7a8e2dd000-7a8ef4b000 r-xp 002b0000 fe:3c 2654071                        /data/app/~~YuncQEj0Rruyt6y_-RebSA==/com.movtery.zalithlauncher.v2-JtRzSV7VpInkzDcyzopsqQ==/oat/arm64/base.odex
7a8ef4b000-7a8ef4d000 ---p 00000000 00:00 0 
7a8ef4d000-7a8ef5e000 r--p 00f20000 fe:3c 2654071                        /data/app/~~YuncQEj0Rruyt6y_-RebSA==/com.movtery.zalithlauncher.v2-JtRzSV7VpInkzDcyzopsqQ==/oat/arm64/base.odex
7a8ef5e000-7a8ef61000 ---p 00000000 00:00 0 
7a8ef61000-7a8ef6a000 rw-p 00000000 00:00 0                              [anon:.bss]
7a8ef6a000-7a8ef6d000 ---p 00000000 00:00 0 
7a8ef6d000-7a8f9b5000 rw-p 00000000 fe:3c 2654082                        /data/app/~~YuncQEj0Rruyt6y_-RebSA==/com.movtery.zalithlauncher.v2-JtRzSV7VpInkzDcyzopsqQ==/oat/arm64/base.vdex
7a8fa00000-7a8fe00000 ---p 00000000 00:00 0 
7a8fe04000-7a8fe05000 ---p 00000000 00:00 0 
7a8fe05000-7a8fe06000 ---p 00000000 00:00 0                              [anon:stack_and_tls:13639]
7a8fe06000-7a8ff01000 rw-p 00000000 00:00 0                              [anon:stack_and_tls:13639]
7a8ff01000-7a8ff03000 ---p 00000000 00:00 0 
7a8ff03000-7a8ffff000 rw-p 00000000 00:00 0                              [anon:stack_and_tls:13638]
7a8ffff000-7a90000000 ---p 00000000 00:00 0 
7a90000000-7a90498000 ---p 00000000 00:00 0 
7a90498000-7a9049c000 rw-p 00000000 00:00 0 
7a9049c000-7a91d7c000 ---p 00000000 00:00 0 
7a91d7c000-7a91d80000 rw-p 00000000 00:00 0 
7a91d80000-7a9219c000 ---p 00000000 00:00 0 
7a9219c000-7a921a0000 rw-p 00000000 00:00 0 
7a921a0000-7a933f0000 ---p 00000000 00:00 0 
7a933f0000-7a933f4000 rw-p 00000000 00:00 0 
7a933f4000-7a94bc8000 ---p 00000000 00:00 0 
7a94bc8000-7a94bcc000 rw-p 00000000 00:00 0 
7a94bcc000-7a95f8c000 ---p 00000000 00:00 0 
7a95f8c000-7a95f90000 rw-p 00000000 00:00 0 
7a95f90000-7a96df0000 ---p 00000000 00:00 0 
7a96df0000-7a96df4000 rw-p 00000000 00:00 0 
7a96df4000-7a9713c000 ---p 00000000 00:00 0 
7a9713c000-7a97140000 rw-p 00000000 00:00 0 
7a97140000-7a98000000 ---p 00000000 00:00 0 
7a98000000-7ad8000000 ---p 00000000 00:00 0                              [anon:libwebview reservation]
7ad8049000-7ad804c000 r-xp 00000000 fe:3c 2475907                        /data/app/~~YuncQEj0Rruyt6y_-RebSA==/com.movtery.zalithlauncher.v2-JtRzSV7VpInkzDcyzopsqQ==/lib/arm64/libpojavexec_awt.so
7ad804c000-7ad804d000 r--p 00002000 fe:3c 2475907                        /data/app/~~YuncQEj0Rruyt6y_-RebSA==/com.movtery.zalithlauncher.v2-JtRzSV7VpInkzDcyzopsqQ==/lib/arm64/libpojavexec_awt.so
7ad804d000-7ad804e000 rw-p 00002000 fe:3c 2475907                        /data/app/~~YuncQEj0Rruyt6y_-RebSA==/com.movtery.zalithlauncher.v2-JtRzSV7VpInkzDcyzopsqQ==/lib/arm64/libpojavexec_awt.so
7ad8082000-7ad80ed000 r--p 00000000 fe:17 78                             /apex/com.android.tethering/lib64/stable_cronet_libcrypto.so
7ad80ed000-7ad8133000 --xp 0006b000 fe:17 78                             /apex/com.android.tethering/lib64/stable_cronet_libcrypto.so
7ad8133000-7ad81d3000 r-xp 000b1000 fe:17 78                             /apex/com.android.tethering/lib64/stable_cronet_libcrypto.so
7ad81d3000-7ad81e2000 r--p 00151000 fe:17 78                             /apex/com.android.tethering/lib64/stable_cronet_libcrypto.so
7ad81e2000-7ad81e3000 rw-p 00160000 fe:17 78                             /apex/com.android.tethering/lib64/stable_cronet_libcrypto.so
7ad81e3000-7ad81eb000 rw-p 00000000 00:00 0                              [anon:.bss]
7ad8200000-7adb400000 ---p 00000000 00:00 0 
7adb428000-7adb429000 ---p 00000000 00:00 0 
7adb429000-7adb42a000 ---p 00000000 00:00 0                              [anon:stack_and_tls:13635]
7adb42a000-7adb531000 rw-p 00000000 00:00 0                              [anon:stack_and_tls:13635]
7adb531000-7adb533000 ---p 00000000 00:00 0 
7adb533000-7adb534000 ---p 00000000 00:00 0                              [anon:stack_and_tls:13632]
7adb534000-7adb63b000 rw-p 00000000 00:00 0                              [anon:stack_and_tls:13632]
7adb63b000-7adb63c000 ---p 00000000 00:00 0 
7adb63c000-7adb794000 r--p 00000000 fe:17 71                             /apex/com.android.tethering/lib64/libmainlinecronet.133.0.6876.3.so
7adb794000-7adbbbe000 r-xp 00158000 fe:17 71                             /apex/com.android.tethering/lib64/libmainlinecronet.133.0.6876.3.so
7adbbbe000-7adbbdc000 r--p 00582000 fe:17 71                             /apex/com.android.tethering/lib64/libmainlinecronet.133.0.6876.3.so
7adbbdc000-7adbbde000 rw-p 005a0000 fe:17 71                             /apex/com.android.tethering/lib64/libmainlinecronet.133.0.6876.3.so
7adbbde000-7adbbe6000 rw-p 00000000 00:00 0                              [anon:.bss]
7adbc00000-7adf200000 ---p 00000000 00:00 0 
7adf252000-7adf253000 r-xp 00000000 fe:3c 2593806                        /data/app/~~YuncQEj0Rruyt6y_-RebSA==/com.movtery.zalithlauncher.v2-JtRzSV7VpInkzDcyzopsqQ==/lib/arm64/libexithook.so
7adf253000-7adf254000 r--p 00000000 fe:3c 2593806                        /data/app/~~YuncQEj0Rruyt6y_-RebSA==/com.movtery.zalithlauncher.v2-JtRzSV7VpInkzDcyzopsqQ==/lib/arm64/libexithook.so
7adf254000-7adf255000 rw-p 00000000 fe:3c 2593806                        /data/app/~~YuncQEj0Rruyt6y_-RebSA==/com.movtery.zalithlauncher.v2-JtRzSV7VpInkzDcyzopsqQ==/lib/arm64/libexithook.so
7adf28e000-7adf297000 r--p 00000000 fe:0d 8139983                        /system_ext/lib64/libpenguin_impl.so
7adf297000-7adf2ac000 r-xp 00009000 fe:0d 8139983                        /system_ext/lib64/libpenguin_impl.so
7adf2ac000-7adf2ae000 r--p 0001e000 fe:0d 8139983                        /system_ext/lib64/libpenguin_impl.so
7adf2ae000-7adf2af000 rw-p 00020000 fe:0d 8139983                        /system_ext/lib64/libpenguin_impl.so
7adf2f3000-7adf3f3000 r--s 00000000 00:11 632                            /dev/__properties__/u:object_r:zygote_wrap_prop:s0
7adf3f3000-7adf3f4000 r--p 00000000 fe:0d 8140043                        /system_ext/lib64/libqti-at.so
7adf3f4000-7adf3f6000 r-xp 00001000 fe:0d 8140043                        /system_ext/lib64/libqti-at.so
7adf3f6000-7adf3f7000 r--p 00003000 fe:0d 8140043                        /system_ext/lib64/libqti-at.so
7adf40e000-7adf417000 r--p 00000000 fe:0c 209743591                      /system/lib64/vendor.vivo.hardware.vperf-V1-ndk.so
7adf417000-7adf41f000 r-xp 00009000 fe:0c 209743591                      /system/lib64/vendor.vivo.hardware.vperf-V1-ndk.so
7adf41f000-7adf420000 r--p 00011000 fe:0c 209743591                      /system/lib64/vendor.vivo.hardware.vperf-V1-ndk.so
7adf420000-7adf421000 rw-p 00012000 fe:0c 209743591                      /system/lib64/vendor.vivo.hardware.vperf-V1-ndk.so
7adf476000-7adf5c9000 r--p 00000000 fe:0f 36807424                       /vendor/lib64/egl/libGLESv2_adreno.so
7adf5c9000-7adf9ad000 r-xp 00153000 fe:0f 36807424                       /vendor/lib64/egl/libGLESv2_adreno.so
7adf9ad000-7adf9bd000 r--p 00537000 fe:0f 36807424                       /vendor/lib64/egl/libGLESv2_adreno.so
7adf9bd000-7adf9c3000 rw-p 00546000 fe:0f 36807424                       /vendor/lib64/egl/libGLESv2_adreno.so
7adf9c3000-7adf9e9000 rw-p 00000000 00:00 0                              [anon:.bss]
7adfa00000-7ae1000000 ---p 00000000 00:00 0 
7ae1044000-7ae1045000 r--p 00000000 fe:0c 209738604                      /system/lib64/libhidltransport.so
7ae1045000-7ae1046000 r-xp 00001000 fe:0c 209738604                      /system/lib64/libhidltransport.so
7ae1046000-7ae1047000 r--p 00002000 fe:0c 209738604                      /system/lib64/libhidltransport.so
7ae1080000-7ae110e000 r--p 00000000 fe:0c 209742571                      /system/lib64/libvivo_runtime.so
7ae110e000-7ae111e000 r-xp 0008e000 fe:0c 209742571                      /system/lib64/libvivo_runtime.so
7ae111e000-7ae111f000 r--p 0009e000 fe:0c 209742571                      /system/lib64/libvivo_runtime.so
7ae111f000-7ae1120000 rw-p 0009f000 fe:0c 209742571                      /system/lib64/libvivo_runtime.so
7ae1161000-7ae1163000 r--p 00000000 fe:0c 209739047                      /system/lib64/liblogger_file.so
7ae1163000-7ae1165000 r-xp 00002000 fe:0c 209739047                      /system/lib64/liblogger_file.so
7ae1165000-7ae1166000 r--p 00004000 fe:0c 209739047                      /system/lib64/liblogger_file.so
7ae1166000-7ae1167000 rw-p 00005000 fe:0c 209739047                      /system/lib64/liblogger_file.so
7ae1190000-7ae1198000 r--p 00000000 fe:0c 209743073                      /system/lib64/libvivo-vperfd-client_system.so
7ae1198000-7ae11a5000 r-xp 00008000 fe:0c 209743073                      /system/lib64/libvivo-vperfd-client_system.so
7ae11a5000-7ae11a6000 r--p 00015000 fe:0c 209743073                      /system/lib64/libvivo-vperfd-client_system.so
7ae11a6000-7ae11a7000 rw-p 00016000 fe:0c 209743073                      /system/lib64/libvivo-vperfd-client_system.so
7ae11a7000-7ae11a8000 rw-p 00000000 00:00 0                              [anon:.bss]
7ae11cd000-7ae11e0000 r--p 00000000 fe:0d 8141671                        /system_ext/lib64/vendor.vivo.hardware.vperf@1.0.so
7ae11e0000-7ae11fa000 r-xp 00013000 fe:0d 8141671                        /system_ext/lib64/vendor.vivo.hardware.vperf@1.0.so
7ae11fa000-7ae11fd000 r--p 0002d000 fe:0d 8141671                        /system_ext/lib64/vendor.vivo.hardware.vperf@1.0.so
7ae11fd000-7ae11fe000 rw-p 00030000 fe:0d 8141671                        /system_ext/lib64/vendor.vivo.hardware.vperf@1.0.so
7ae1222000-7ae122a000 r--p 00000000 fe:0c 209743587                      /system/lib64/vendor.vivo.hardware.vperf-V1-cpp.so
7ae122a000-7ae1232000 r-xp 00008000 fe:0c 209743587                      /system/lib64/vendor.vivo.hardware.vperf-V1-cpp.so
7ae1232000-7ae1235000 r--p 00010000 fe:0c 209743587                      /system/lib64/vendor.vivo.hardware.vperf-V1-cpp.so
7ae1235000-7ae1236000 rw-p 00013000 fe:0c 209743587                      /system/lib64/vendor.vivo.hardware.vperf-V1-cpp.so
7ae1257000-7ae1259000 r--p 00000000 fe:0c 209738997                      /system/lib64/liblcm_logger_file.so
7ae1259000-7ae125b000 r-xp 00002000 fe:0c 209738997                      /system/lib64/liblcm_logger_file.so
7ae125b000-7ae125c000 r--p 00004000 fe:0c 209738997                      /system/lib64/liblcm_logger_file.so
7ae125c000-7ae125d000 rw-p 00005000 fe:0c 209738997                      /system/lib64/liblcm_logger_file.so
7ae12b2000-7ae12f3000 r--p 00000000 fe:0f 41340586                       /vendor/lib64/libllvm-glnext.so
7ae12f3000-7ae13ba000 r-xp 00041000 fe:0f 41340586                       /vendor/lib64/libllvm-glnext.so
7ae13ba000-7ae13be000 r--p 00108000 fe:0f 41340586                       /vendor/lib64/libllvm-glnext.so
7ae13be000-7ae13cf000 rw-p 0010b000 fe:0f 41340586                       /vendor/lib64/libllvm-glnext.so
7ae13cf000-7ae13fa000 rw-p 00000000 00:00 0                              [anon:.bss]
7ae1400000-7ae4200000 ---p 00000000 00:00 0 
7ae4263000-7ae4264000 r--p 00000000 fe:0c 209742787                      /system/lib64/libwebviewchromium_loader.so
7ae4264000-7ae4265000 r-xp 00001000 fe:0c 209742787                      /system/lib64/libwebviewchromium_loader.so
7ae4265000-7ae4266000 r--p 00002000 fe:0c 209742787                      /system/lib64/libwebviewchromium_loader.so
7ae4266000-7ae4267000 rw-p 00000000 00:00 0                              [anon:.bss]
7ae4291000-7ae42b4000 r--p 00000000 fe:17 80                             /apex/com.android.tethering/lib64/stable_cronet_libssl.so
7ae42b4000-7ae42fb000 r-xp 00023000 fe:17 80                             /apex/com.android.tethering/lib64/stable_cronet_libssl.so
7ae42fb000-7ae42fe000 r--p 0006a000 fe:17 80                             /apex/com.android.tethering/lib64/stable_cronet_libssl.so
7ae42fe000-7ae42ff000 rw-p 0006d000 fe:17 80                             /apex/com.android.tethering/lib64/stable_cronet_libssl.so
7ae4308000-7ae4328000 r--p 00000000 fe:17 79                             /apex/com.android.tethering/lib64/stable_cronet_libpki.so
7ae4328000-7ae4376000 r-xp 00020000 fe:17 79                             /apex/com.android.tethering/lib64/stable_cronet_libpki.so
7ae4376000-7ae4379000 r--p 0006e000 fe:17 79                             /apex/com.android.tethering/lib64/stable_cronet_libpki.so
7ae4379000-7ae437a000 rw-p 00071000 fe:17 79                             /apex/com.android.tethering/lib64/stable_cronet_libpki.so
7ae437a000-7ae437b000 rw-p 00000000 00:00 0                              [anon:.bss]
7ae4393000-7ae43a1000 r--p 00000000 fe:0d 8141106                        /system_ext/lib64/vendor.qti.hardware.perf@2.3.so
7ae43a1000-7ae43b1000 r-xp 0000e000 fe:0d 8141106                        /system_ext/lib64/vendor.qti.hardware.perf@2.3.so
7ae43b1000-7ae43b4000 r--p 0001e000 fe:0d 8141106                        /system_ext/lib64/vendor.qti.hardware.perf@2.3.so
7ae43b4000-7ae43b5000 rw-p 00021000 fe:0d 8141106                        /system_ext/lib64/vendor.qti.hardware.perf@2.3.so
7ae43f0000-7ae43f5000 r--p 00000000 fe:0d 8140049                        /system_ext/lib64/libqti-perfd-client_system.so
7ae43f5000-7ae43fb000 r-xp 00005000 fe:0d 8140049                        /system_ext/lib64/libqti-perfd-client_system.so
7ae43fb000-7ae43fc000 r--p 0000b000 fe:0d 8140049                        /system_ext/lib64/libqti-perfd-client_system.so
7ae43fc000-7ae43fd000 rw-p 0000c000 fe:0d 8140049                        /system_ext/lib64/libqti-perfd-client_system.so
7ae43fd000-7ae43fe000 rw-p 00000000 00:00 0                              [anon:.bss]
7ae4407000-7ae440f000 r--p 00000000 fe:0c 209743686                      /system/lib64/vendor.qti.hardware.perf2-V1-ndk.so
7ae440f000-7ae441a000 r-xp 00008000 fe:0c 209743686                      /system/lib64/vendor.qti.hardware.perf2-V1-ndk.so
7ae441a000-7ae441b000 r--p 00013000 fe:0c 209743686                      /system/lib64/vendor.qti.hardware.perf2-V1-ndk.so
7ae441b000-7ae441c000 rw-p 00014000 fe:0c 209743686                      /system/lib64/vendor.qti.hardware.perf2-V1-ndk.so
7ae445f000-7ae446c000 r--p 00000000 fe:0d 8141102                        /system_ext/lib64/vendor.qti.hardware.perf@2.2.so
7ae446c000-7ae447c000 r-xp 0000d000 fe:0d 8141102                        /system_ext/lib64/vendor.qti.hardware.perf@2.2.so
7ae447c000-7ae447f000 r--p 0001d000 fe:0d 8141102                        /system_ext/lib64/vendor.qti.hardware.perf@2.2.so
7ae447f000-7ae4480000 rw-p 00020000 fe:0d 8141102                        /system_ext/lib64/vendor.qti.hardware.perf@2.2.so
7ae448c000-7ae4496000 r--p 00000000 fe:0d 8140795                        /system_ext/lib64/vendor.qti.hardware.iop@2.0.so
7ae4496000-7ae44a3000 r-xp 0000a000 fe:0d 8140795                        /system_ext/lib64/vendor.qti.hardware.iop@2.0.so
7ae44a3000-7ae44a5000 r--p 00017000 fe:0d 8140795                        /system_ext/lib64/vendor.qti.hardware.iop@2.0.so
7ae44a5000-7ae44a6000 rw-p 00019000 fe:0d 8140795                        /system_ext/lib64/vendor.qti.hardware.iop@2.0.so
7ae44df000-7ae44eb000 r--p 00000000 fe:0d 8141091                        /system_ext/lib64/vendor.qti.hardware.perf@2.0.so
7ae44eb000-7ae44fb000 r-xp 0000c000 fe:0d 8141091                        /system_ext/lib64/vendor.qti.hardware.perf@2.0.so
7ae44fb000-7ae44fd000 r--p 0001c000 fe:0d 8141091                        /system_ext/lib64/vendor.qti.hardware.perf@2.0.so
7ae44fd000-7ae44fe000 rw-p 0001e000 fe:0d 8141091                        /system_ext/lib64/vendor.qti.hardware.perf@2.0.so
7ae453e000-7ae4604000 r--p 00000000 fe:0f 41049615                       /vendor/lib64/libgsl.so
7ae4604000-7ae475e000 r-xp 000c6000 fe:0f 41049615                       /vendor/lib64/libgsl.so
7ae475e000-7ae475f000 r--p 00220000 fe:0f 41049615                       /vendor/lib64/libgsl.so
7ae475f000-7ae4760000 rw-p 00220000 fe:0f 41049615                       /vendor/lib64/libgsl.so
7ae4760000-7ae4761000 rw-p 00000000 00:00 0                              [anon:.bss]
7ae47cb000-7ae47db000 r--p 00000000 fe:0d 8141096                        /system_ext/lib64/vendor.qti.hardware.perf@2.1.so
7ae47db000-7ae47f1000 r-xp 00010000 fe:0d 8141096                        /system_ext/lib64/vendor.qti.hardware.perf@2.1.so
7ae47f1000-7ae47f5000 r--p 00026000 fe:0d 8141096                        /system_ext/lib64/vendor.qti.hardware.perf@2.1.so
7ae47f5000-7ae47f6000 rw-p 0002a000 fe:0d 8141096                        /system_ext/lib64/vendor.qti.hardware.perf@2.1.so
7ae4800000-7ae8600000 ---p 00000000 00:00 0 
7ae864c000-7ae864f000 r--p 00000000 fe:0d 8140053                        /system_ext/lib64/libqti_performance.so
7ae864f000-7ae8654000 r-xp 00003000 fe:0d 8140053                        /system_ext/lib64/libqti_performance.so
7ae8654000-7ae8655000 r--p 00008000 fe:0d 8140053                        /system_ext/lib64/libqti_performance.so
7ae8655000-7ae8656000 rw-p 00009000 fe:0d 8140053                        /system_ext/lib64/libqti_performance.so
7ae86aa000-7ae86af000 r--p 00000000 fe:0c 187593207                      /system/lib64/libcompiler_rt.so
7ae86af000-7ae86b7000 r-xp 00005000 fe:0c 187593207                      /system/lib64/libcompiler_rt.so
7ae86b7000-7ae86b8000 r--p 0000d000 fe:0c 187593207                      /system/lib64/libcompiler_rt.so
7ae86d8000-7ae86e7000 r--p 00000000 fe:0f 53041343                       /vendor/lib64/vendor.qti.hardware.display.mapper@2.0.so
7ae86e7000-7ae86f6000 r-xp 0000f000 fe:0f 53041343                       /vendor/lib64/vendor.qti.hardware.display.mapper@2.0.so
7ae86f6000-7ae86f9000 r--p 0001e000 fe:0f 53041343                       /vendor/lib64/vendor.qti.hardware.display.mapper@2.0.so
7ae86f9000-7ae86fa000 rw-p 00020000 fe:0f 53041343                       /vendor/lib64/vendor.qti.hardware.display.mapper@2.0.so
7ae8708000-7ae870f000 r--p 00000000 fe:0f 36620254                       /vendor/lib64/egl/eglSubDriverAndroid.so
7ae870f000-7ae871e000 r-xp 00007000 fe:0f 36620254                       /vendor/lib64/egl/eglSubDriverAndroid.so
7ae871e000-7ae8720000 r--p 00016000 fe:0f 36620254                       /vendor/lib64/egl/eglSubDriverAndroid.so
7ae8720000-7ae8721000 rw-p 00017000 fe:0f 36620254                       /vendor/lib64/egl/eglSubDriverAndroid.so
7ae8721000-7ae8724000 rw-p 00000000 00:00 0                              [anon:.bss]
7ae8740000-7ae8752000 r--p 00000000 fe:0f 36620262                       /vendor/lib64/egl/libGLESv1_CM_adreno.so
7ae8752000-7ae877d000 r-xp 00012000 fe:0f 36620262                       /vendor/lib64/egl/libGLESv1_CM_adreno.so
7ae877d000-7ae877e000 r--p 0003d000 fe:0f 36620262                       /vendor/lib64/egl/libGLESv1_CM_adreno.so
7ae877e000-7ae877f000 rw-p 0003d000 fe:0f 36620262                       /vendor/lib64/egl/libGLESv1_CM_adreno.so
7ae877f000-7ae8780000 rw-p 00000000 00:00 0                              [anon:.bss]
7ae878e000-7ae888e000 r--s 00000000 00:11 537                            /dev/__properties__/u:object_r:vendor_public_vendor_default_prop:s0
7ae888e000-7ae8896000 r--p 00000000 fe:0f 39247308                       /vendor/lib64/libadreno_utils.so
7ae8896000-7ae88a6000 r-xp 00008000 fe:0f 39247308                       /vendor/lib64/libadreno_utils.so
7ae88a6000-7ae88a7000 r--p 00018000 fe:0f 39247308                       /vendor/lib64/libadreno_utils.so
7ae88a7000-7ae88a8000 rw-p 00018000 fe:0f 39247308                       /vendor/lib64/libadreno_utils.so
7ae88a8000-7ae88aa000 rw-p 00000000 00:00 0                              [anon:.bss]
7ae88f4000-7ae88f9000 r--p 00000000 fe:0f 36620258                       /vendor/lib64/egl/libEGL_adreno.so
7ae88f9000-7ae88fe000 r-xp 00005000 fe:0f 36620258                       /vendor/lib64/egl/libEGL_adreno.so
7ae88fe000-7ae88ff000 r--p 0000a000 fe:0f 36620258                       /vendor/lib64/egl/libEGL_adreno.so
7ae88ff000-7ae8900000 rw-p 0000a000 fe:0f 36620258                       /vendor/lib64/egl/libEGL_adreno.so
7ae891d000-7ae8925000 r--p 00000000 07:78 346                            /apex/com.android.vndk.v33/lib64/libz.so
7ae8925000-7ae8935000 r-xp 00008000 07:78 346                            /apex/com.android.vndk.v33/lib64/libz.so
7ae8935000-7ae8936000 r--p 00018000 07:78 346                            /apex/com.android.vndk.v33/lib64/libz.so
7ae8936000-7ae8937000 rw-p 00018000 07:78 346                            /apex/com.android.vndk.v33/lib64/libz.so
7ae8966000-7ae8a66000 r--s 00000000 00:11 274                            /dev/__properties__/u:object_r:graphics_config_writable_prop:s0
7ae8a66000-7ae8b66000 r--s 00000000 00:11 631                            /dev/__properties__/u:object_r:zygote_config_prop:s0
7ae8b66000-7ae8b67000 r--p 00000000 07:78 300                            /apex/com.android.vndk.v33/lib64/libhardware.so
7ae8b67000-7ae8b68000 r-xp 00001000 07:78 300                            /apex/com.android.vndk.v33/lib64/libhardware.so
7ae8b68000-7ae8b69000 r--p 00002000 07:78 300                            /apex/com.android.vndk.v33/lib64/libhardware.so
7ae8b80000-7ae8b8b000 r--p 00000000 07:78 215                            /apex/com.android.vndk.v33/lib64/android.hardware.graphics.mapper@3.0.so
7ae8b8b000-7ae8b95000 r-xp 0000b000 07:78 215                            /apex/com.android.vndk.v33/lib64/android.hardware.graphics.mapper@3.0.so
7ae8b95000-7ae8b97000 r--p 00015000 07:78 215                            /apex/com.android.vndk.v33/lib64/android.hardware.graphics.mapper@3.0.so
7ae8b97000-7ae8b98000 rw-p 00016000 07:78 215                            /apex/com.android.vndk.v33/lib64/android.hardware.graphics.mapper@3.0.so
7ae8bc2000-7ae8bcd000 r--p 00000000 07:78 214                            /apex/com.android.vndk.v33/lib64/android.hardware.graphics.mapper@2.1.so
7ae8bcd000-7ae8bd6000 r-xp 0000b000 07:78 214                            /apex/com.android.vndk.v33/lib64/android.hardware.graphics.mapper@2.1.so
7ae8bd6000-7ae8bd8000 r--p 00014000 07:78 214                            /apex/com.android.vndk.v33/lib64/android.hardware.graphics.mapper@2.1.so
7ae8bd8000-7ae8bd9000 rw-p 00015000 07:78 214                            /apex/com.android.vndk.v33/lib64/android.hardware.graphics.mapper@2.1.so
7ae8c25000-7ae8c30000 r--p 00000000 fe:0f 36930338                       /vendor/lib64/hw/android.hardware.graphics.mapper@4.0-impl-qti-display.so
7ae8c30000-7ae8c3a000 r-xp 0000b000 fe:0f 36930338                       /vendor/lib64/hw/android.hardware.graphics.mapper@4.0-impl-qti-display.so
7ae8c3a000-7ae8c3c000 r--p 00015000 fe:0f 36930338                       /vendor/lib64/hw/android.hardware.graphics.mapper@4.0-impl-qti-display.so
7ae8c3c000-7ae8c3d000 rw-p 00016000 fe:0f 36930338                       /vendor/lib64/hw/android.hardware.graphics.mapper@4.0-impl-qti-display.so
7ae8c3d000-7ae8c3e000 rw-p 00000000 00:00 0                              [anon:.bss]
7ae8c5f000-7ae8c6a000 r--p 00000000 07:78 213                            /apex/com.android.vndk.v33/lib64/android.hardware.graphics.mapper@2.0.so
7ae8c6a000-7ae8c72000 r-xp 0000b000 07:78 213                            /apex/com.android.vndk.v33/lib64/android.hardware.graphics.mapper@2.0.so
7ae8c72000-7ae8c74000 r--p 00013000 07:78 213                            /apex/com.android.vndk.v33/lib64/android.hardware.graphics.mapper@2.0.so
7ae8c74000-7ae8c75000 rw-p 00014000 07:78 213                            /apex/com.android.vndk.v33/lib64/android.hardware.graphics.mapper@2.0.so
7ae8c82000-7ae8c94000 r--p 00000000 fe:0f 53041357                       /vendor/lib64/vendor.qti.hardware.display.mapperextensions@1.0.so
7ae8c94000-7ae8ca8000 r-xp 00012000 fe:0f 53041357                       /vendor/lib64/vendor.qti.hardware.display.mapperextensions@1.0.so
7ae8ca8000-7ae8cab000 r--p 00026000 fe:0f 53041357                       /vendor/lib64/vendor.qti.hardware.display.mapperextensions@1.0.so
7ae8cab000-7ae8cac000 rw-p 00028000 fe:0f 53041357                       /vendor/lib64/vendor.qti.hardware.display.mapperextensions@1.0.so
7ae8cdd000-7ae8ce6000 r--p 00000000 07:78 291                            /apex/com.android.vndk.v33/lib64/libdmabufheap.so
7ae8ce6000-7ae8cf1000 r-xp 00009000 07:78 291                            /apex/com.android.vndk.v33/lib64/libdmabufheap.so
7ae8cf1000-7ae8cf2000 r--p 00014000 07:78 291                            /apex/com.android.vndk.v33/lib64/libdmabufheap.so
7ae8cf2000-7ae8cf3000 rw-p 00014000 07:78 291                            /apex/com.android.vndk.v33/lib64/libdmabufheap.so
7ae8d01000-7ae8d0f000 r--p 00000000 07:78 216                            /apex/com.android.vndk.v33/lib64/android.hardware.graphics.mapper@4.0.so
7ae8d0f000-7ae8d1c000 r-xp 0000e000 07:78 216                            /apex/com.android.vndk.v33/lib64/android.hardware.graphics.mapper@4.0.so
7ae8d1c000-7ae8d1e000 r--p 0001b000 07:78 216                            /apex/com.android.vndk.v33/lib64/android.hardware.graphics.mapper@4.0.so
7ae8d1e000-7ae8d1f000 rw-p 0001c000 07:78 216                            /apex/com.android.vndk.v33/lib64/android.hardware.graphics.mapper@4.0.so
7ae8d4e000-7ae8d5b000 r--p 00000000 fe:0f 40956022                       /vendor/lib64/libgralloccore.so
7ae8d5b000-7ae8d6d000 r-xp 0000d000 fe:0f 40956022                       /vendor/lib64/libgralloccore.so
7ae8d6d000-7ae8d6e000 r--p 0001f000 fe:0f 40956022                       /vendor/lib64/libgralloccore.so
7ae8d6e000-7ae8d6f000 rw-p 0001f000 fe:0f 40956022                       /vendor/lib64/libgralloccore.so
7ae8d6f000-7ae8d72000 rw-p 00000000 00:00 0                              [anon:.bss]
7ae8d88000-7ae8d90000 r--p 00000000 07:78 298                            /apex/com.android.vndk.v33/lib64/libgralloctypes.so
7ae8d90000-7ae8d9a000 r-xp 00008000 07:78 298                            /apex/com.android.vndk.v33/lib64/libgralloctypes.so
7ae8d9a000-7ae8d9b000 r--p 00012000 07:78 298                            /apex/com.android.vndk.v33/lib64/libgralloctypes.so
7ae8d9b000-7ae8d9c000 rw-p 00012000 07:78 298                            /apex/com.android.vndk.v33/lib64/libgralloctypes.so
7ae8de7000-7ae8de8000 r--p 00000000 07:78 211                            /apex/com.android.vndk.v33/lib64/android.hardware.graphics.common@1.2.so
7ae8de8000-7ae8de9000 r-xp 00001000 07:78 211                            /apex/com.android.vndk.v33/lib64/android.hardware.graphics.common@1.2.so
7ae8de9000-7ae8dea000 r--p 00002000 07:78 211                            /apex/com.android.vndk.v33/lib64/android.hardware.graphics.common@1.2.so
7ae8e01000-7ae8e0f000 r--p 00000000 07:78 341                            /apex/com.android.vndk.v33/lib64/libutils.so
7ae8e0f000-7ae8e1c000 r-xp 0000e000 07:78 341                            /apex/com.android.vndk.v33/lib64/libutils.so
7ae8e1c000-7ae8e1d000 r--p 0001b000 07:78 341                            /apex/com.android.vndk.v33/lib64/libutils.so
7ae8e1d000-7ae8e1e000 rw-p 0001b000 07:78 341                            /apex/com.android.vndk.v33/lib64/libutils.so
7ae8e73000-7ae8e74000 r--p 00000000 07:78 210                            /apex/com.android.vndk.v33/lib64/android.hardware.graphics.common@1.1.so
7ae8e74000-7ae8e75000 r-xp 00001000 07:78 210                            /apex/com.android.vndk.v33/lib64/android.hardware.graphics.common@1.1.so
7ae8e75000-7ae8e76000 r--p 00002000 07:78 210                            /apex/com.android.vndk.v33/lib64/android.hardware.graphics.common@1.1.so
7ae8e86000-7ae8e94000 r--p 00000000 fe:0f 53041347                       /vendor/lib64/vendor.qti.hardware.display.mapper@3.0.so
7ae8e94000-7ae8ea3000 r-xp 0000e000 fe:0f 53041347                       /vendor/lib64/vendor.qti.hardware.display.mapper@3.0.so
7ae8ea3000-7ae8ea5000 r--p 0001d000 fe:0f 53041347                       /vendor/lib64/vendor.qti.hardware.display.mapper@3.0.so
7ae8ea5000-7ae8ea6000 rw-p 0001e000 fe:0f 53041347                       /vendor/lib64/vendor.qti.hardware.display.mapper@3.0.so
7ae8ed6000-7ae8ed8000 r--p 00000000 07:78 193                            /apex/com.android.vndk.v33/lib64/android.hardware.common-V2-ndk.so
7ae8ed8000-7ae8ed9000 r-xp 00002000 07:78 193                            /apex/com.android.vndk.v33/lib64/android.hardware.common-V2-ndk.so
7ae8ed9000-7ae8eda000 r--p 00003000 07:78 193                            /apex/com.android.vndk.v33/lib64/android.hardware.common-V2-ndk.so
7ae8eda000-7ae8edb000 rw-p 00003000 07:78 193                            /apex/com.android.vndk.v33/lib64/android.hardware.common-V2-ndk.so
7ae8f1d000-7ae8f27000 r--p 00000000 fe:0f 40956027                       /vendor/lib64/libgrallocutils.so
7ae8f27000-7ae8f39000 r-xp 0000a000 fe:0f 40956027                       /vendor/lib64/libgrallocutils.so
7ae8f39000-7ae8f3a000 r--p 0001c000 fe:0f 40956027                       /vendor/lib64/libgrallocutils.so
7ae8f3a000-7ae8f3b000 rw-p 0001c000 fe:0f 40956027                       /vendor/lib64/libgrallocutils.so
7ae8f3b000-7ae8f3d000 rw-p 00000000 00:00 0                              [anon:.bss]
7ae8f49000-7ae8f4d000 r--p 00000000 fe:0f 51844979                       /vendor/lib64/libvmmem.so
7ae8f4d000-7ae8f52000 r-xp 00004000 fe:0f 51844979                       /vendor/lib64/libvmmem.so
7ae8f52000-7ae8f53000 r--p 00009000 fe:0f 51844979                       /vendor/lib64/libvmmem.so
7ae8f53000-7ae8f54000 rw-p 00009000 fe:0f 51844979                       /vendor/lib64/libvmmem.so
7ae8f89000-7ae8f9d000 r--p 00000000 fe:0f 53041374                       /vendor/lib64/vendor.qti.hardware.display.mapperextensions@1.3.so
7ae8f9d000-7ae8fb0000 r-xp 00014000 fe:0f 53041374                       /vendor/lib64/vendor.qti.hardware.display.mapperextensions@1.3.so
7ae8fb0000-7ae8fb4000 r--p 00027000 fe:0f 53041374                       /vendor/lib64/vendor.qti.hardware.display.mapperextensions@1.3.so
7ae8fb4000-7ae8fb5000 rw-p 0002a000 fe:0f 53041374                       /vendor/lib64/vendor.qti.hardware.display.mapperextensions@1.3.so
7ae8fc7000-7ae8fca000 r--p 00000000 fe:0f 40956019                       /vendor/lib64/libgralloc.qti.so
7ae8fca000-7ae8fcf000 r-xp 00003000 fe:0f 40956019                       /vendor/lib64/libgralloc.qti.so
7ae8fcf000-7ae8fd0000 r--p 00008000 fe:0f 40956019                       /vendor/lib64/libgralloc.qti.so
7ae8fd0000-7ae8fd1000 rw-p 00008000 fe:0f 40956019                       /vendor/lib64/libgralloc.qti.so
7ae9006000-7ae904f000 r--p 00000000 07:78 279                            /apex/com.android.vndk.v33/lib64/libc++.so
7ae904f000-7ae90aa000 r-xp 00049000 07:78 279                            /apex/com.android.vndk.v33/lib64/libc++.so
7ae90aa000-7ae90b1000 r--p 000a4000 07:78 279                            /apex/com.android.vndk.v33/lib64/libc++.so
7ae90b1000-7ae90b2000 rw-p 000aa000 07:78 279                            /apex/com.android.vndk.v33/lib64/libc++.so
7ae90b2000-7ae90b5000 rw-p 00000000 00:00 0                              [anon:.bss]
7ae90c0000-7ae90c9000 r--p 00000000 07:78 289                            /apex/com.android.vndk.v33/lib64/libcutils.so
7ae90c9000-7ae90d3000 r-xp 00009000 07:78 289                            /apex/com.android.vndk.v33/lib64/libcutils.so
7ae90d3000-7ae90d5000 r--p 00013000 07:78 289                            /apex/com.android.vndk.v33/lib64/libcutils.so
7ae90d5000-7ae90d6000 rw-p 00014000 07:78 289                            /apex/com.android.vndk.v33/lib64/libcutils.so
7ae9101000-7ae9111000 r--p 00000000 fe:0f 53041352                       /vendor/lib64/vendor.qti.hardware.display.mapper@4.0.so
7ae9111000-7ae9121000 r-xp 00010000 fe:0f 53041352                       /vendor/lib64/vendor.qti.hardware.display.mapper@4.0.so
7ae9121000-7ae9124000 r--p 00020000 fe:0f 53041352                       /vendor/lib64/vendor.qti.hardware.display.mapper@4.0.so
7ae9124000-7ae9125000 rw-p 00022000 fe:0f 53041352                       /vendor/lib64/vendor.qti.hardware.display.mapper@4.0.so
7ae9163000-7ae9164000 r--p 00000000 07:78 305                            /apex/com.android.vndk.v33/lib64/libion.so
7ae9164000-7ae9166000 r-xp 00001000 07:78 305                            /apex/com.android.vndk.v33/lib64/libion.so
7ae9166000-7ae9167000 r--p 00003000 07:78 305                            /apex/com.android.vndk.v33/lib64/libion.so
7ae9167000-7ae9168000 rw-p 00003000 07:78 305                            /apex/com.android.vndk.v33/lib64/libion.so
7ae918a000-7ae918d000 r--p 00000000 07:78 208                            /apex/com.android.vndk.v33/lib64/android.hardware.graphics.common-V3-ndk.so
7ae918d000-7ae918f000 r-xp 00003000 07:78 208                            /apex/com.android.vndk.v33/lib64/android.hardware.graphics.common-V3-ndk.so
7ae918f000-7ae9190000 r--p 00005000 07:78 208                            /apex/com.android.vndk.v33/lib64/android.hardware.graphics.common-V3-ndk.so
7ae9190000-7ae9191000 rw-p 00005000 07:78 208                            /apex/com.android.vndk.v33/lib64/android.hardware.graphics.common-V3-ndk.so
7ae91c1000-7ae91d3000 r--p 00000000 07:78 274                            /apex/com.android.vndk.v33/lib64/libbase.so
7ae91d3000-7ae91fc000 r-xp 00012000 07:78 274                            /apex/com.android.vndk.v33/lib64/libbase.so
7ae91fc000-7ae91fd000 r--p 0003b000 07:78 274                            /apex/com.android.vndk.v33/lib64/libbase.so
7ae91fd000-7ae91fe000 rw-p 0003b000 07:78 274                            /apex/com.android.vndk.v33/lib64/libbase.so
7ae9208000-7ae921b000 r--p 00000000 fe:0f 53041368                       /vendor/lib64/vendor.qti.hardware.display.mapperextensions@1.2.so
7ae921b000-7ae922e000 r-xp 00013000 fe:0f 53041368                       /vendor/lib64/vendor.qti.hardware.display.mapperextensions@1.2.so
7ae922e000-7ae9231000 r--p 00026000 fe:0f 53041368                       /vendor/lib64/vendor.qti.hardware.display.mapperextensions@1.2.so
7ae9231000-7ae9232000 rw-p 00028000 fe:0f 53041368                       /vendor/lib64/vendor.qti.hardware.display.mapperextensions@1.2.so
7ae925d000-7ae929f000 r--p 00000000 07:78 303                            /apex/com.android.vndk.v33/lib64/libhidlbase.so
7ae929f000-7ae92f4000 r-xp 00042000 07:78 303                            /apex/com.android.vndk.v33/lib64/libhidlbase.so
7ae92f4000-7ae92ff000 r--p 00097000 07:78 303                            /apex/com.android.vndk.v33/lib64/libhidlbase.so
7ae92ff000-7ae9300000 rw-p 000a1000 07:78 303                            /apex/com.android.vndk.v33/lib64/libhidlbase.so
7ae9304000-7ae9315000 r--p 00000000 fe:0f 53041363                       /vendor/lib64/vendor.qti.hardware.display.mapperextensions@1.1.so
7ae9315000-7ae9325000 r-xp 00011000 fe:0f 53041363                       /vendor/lib64/vendor.qti.hardware.display.mapperextensions@1.1.so
7ae9325000-7ae9328000 r--p 00021000 fe:0f 53041363                       /vendor/lib64/vendor.qti.hardware.display.mapperextensions@1.1.so
7ae9328000-7ae9329000 rw-p 00023000 fe:0f 53041363                       /vendor/lib64/vendor.qti.hardware.display.mapperextensions@1.1.so
7ae9364000-7ae9365000 r--p 00000000 07:78 209                            /apex/com.android.vndk.v33/lib64/android.hardware.graphics.common@1.0.so
7ae9365000-7ae9366000 r-xp 00001000 07:78 209                            /apex/com.android.vndk.v33/lib64/android.hardware.graphics.common@1.0.so
7ae9366000-7ae9367000 r--p 00002000 07:78 209                            /apex/com.android.vndk.v33/lib64/android.hardware.graphics.common@1.0.so
7ae9389000-7ae9489000 r--s 00000000 00:11 617                            /dev/__properties__/u:object_r:vndk_prop:s0
7ae9489000-7ae948d000 r--p 00000000 fe:0d 5758330                        /system_ext/framework/oat/arm64/androidx.window.sidecar.odex
7ae948d000-7ae948e000 rw-p 00000000 fe:0d 5776906                        /system_ext/framework/oat/arm64/androidx.window.sidecar.vdex
7ae94e4000-7ae94e8000 r--p 00000000 fe:0d 5758205                        /system_ext/framework/oat/arm64/androidx.window.extensions.odex
7ae94e8000-7ae94ea000 rw-p 00000000 fe:0d 5756926                        /system_ext/framework/oat/arm64/androidx.window.extensions.vdex
7ae9502000-7ae9506000 r--p 00000000 fe:0c 179367543                      /system/framework/oat/arm64/com.android.location.provider.odex
7ae9506000-7ae9507000 rw-p 00000000 fe:0c 179161832                      /system/framework/oat/arm64/com.android.location.provider.vdex
7ae9571000-7ae9575000 r--p 00000000 fe:0c 179161852                      /system/framework/oat/arm64/com.android.media.remotedisplay.odex
7ae9575000-7ae9576000 rw-p 00000000 fe:0c 179089138                      /system/framework/oat/arm64/com.android.media.remotedisplay.vdex
7ae9590000-7ae95a4000 r--p 00000000 fe:0c 179065969                      /system/framework/oat/arm64/org.apache.http.legacy.odex
7ae95a4000-7ae95ef000 r-xp 00014000 fe:0c 179065969                      /system/framework/oat/arm64/org.apache.http.legacy.odex
7ae95ef000-7ae95f0000 ---p 00000000 00:00 0 
7ae95f0000-7ae95f1000 r--p 00060000 fe:0c 179065969                      /system/framework/oat/arm64/org.apache.http.legacy.odex
7ae95f1000-7ae95f4000 ---p 00000000 00:00 0 
7ae95f4000-7ae95f6000 rw-p 00000000 00:00 0                              [anon:.bss]
7ae95f6000-7ae95f8000 ---p 00000000 00:00 0 
7ae95f8000-7ae95fb000 rw-p 00000000 fe:0c 179065980                      /system/framework/oat/arm64/org.apache.http.legacy.vdex
7ae9600000-7ae9700000 r--s 00000000 00:11 532                            /dev/__properties__/u:object_r:vendor_persist_dpm_prop:s0
7ae9700000-7ae9800000 r--s 00000000 00:11 621                            /dev/__properties__/u:object_r:vold_status_prop:s0
7ae9800000-7ae9900000 r--s 00000000 00:11 279                            /dev/__properties__/u:object_r:hdmi_config_prop:s0
7ae9900000-7ae9a00000 r--s 00000000 00:11 346                            /dev/__properties__/u:object_r:packagemanager_config_prop:s0
7ae9a00000-7ae9faa000 r--s 066da000 fe:0c 195692032                      /system/framework/vivo-res.apk
7aea000000-7aea8eb000 r--s 02347000 fe:0c 195696512                      /system/framework/framework-res.apk
7aea941000-7aea945000 r--p 00000000 fe:0c 179068669                      /system/framework/oat/arm64/android.test.base.odex
7aea945000-7aea946000 rw-p 00000000 fe:0c 179363559                      /system/framework/oat/arm64/android.test.base.vdex
7aea99a000-7aeaa9a000 r--s 00000000 00:11 167                            /dev/__properties__/u:object_r:config_prop:s0
7aeaa9a000-7aeaac5000 r--p 00000000 fe:0c 209742507                      /system/lib64/libvintf.so
7aeaac5000-7aeab33000 r-xp 0002b000 fe:0c 209742507                      /system/lib64/libvintf.so
7aeab33000-7aeab36000 r--p 00099000 fe:0c 209742507                      /system/lib64/libvintf.so
7aeab36000-7aeab37000 rw-p 00000000 00:00 0                              [anon:.bss]
7aeaba3000-7aeaba7000 r--p 00000000 fe:0c 179068666                      /system/framework/oat/arm64/android.hidl.manager-V1.0-java.odex
7aeaba7000-7aeaba8000 rw-p 00000000 fe:0c 179066088                      /system/framework/oat/arm64/android.hidl.manager-V1.0-java.vdex
7aeabd1000-7aeabd5000 r--p 00000000 fe:0c 179067129                      /system/framework/oat/arm64/android.hidl.base-V1.0-java.odex
7aeabd5000-7aeabd6000 rw-p 00000000 fe:0c 179068648                      /system/framework/oat/arm64/android.hidl.base-V1.0-java.vdex
7aeac00000-7aed000000 ---p 00000000 00:00 0 
7aed058000-7aed05a000 r--p 00000000 fe:17 69                             /apex/com.android.tethering/lib64/libframework-connectivity-jni.so
7aed05a000-7aed05d000 r-xp 00002000 fe:17 69                             /apex/com.android.tethering/lib64/libframework-connectivity-jni.so
7aed05d000-7aed05e000 r--p 00005000 fe:17 69                             /apex/com.android.tethering/lib64/libframework-connectivity-jni.so
7aed05e000-7aed05f000 rw-p 00006000 fe:17 69                             /apex/com.android.tethering/lib64/libframework-connectivity-jni.so
7aed09a000-7aed0a0000 r--p 00000000 fe:0c 209740826                      /system/lib64/librs_jni.so
7aed0a0000-7aed0aa000 r-xp 00006000 fe:0c 209740826                      /system/lib64/librs_jni.so
7aed0aa000-7aed0ac000 r--p 00010000 fe:0c 209740826                      /system/lib64/librs_jni.so
7aed0ac000-7aed0ad000 rw-p 00000000 00:00 0                              [anon:.bss]
7aed0c5000-7aed17c000 r--s 071d6000 fe:0c 195692032                      /system/framework/vivo-res.apk
7aed17c000-7aed218000 r--s 02dd1000 fe:0c 195696512                      /system/framework/framework-res.apk
7aed218000-7aed21c000 r--p 00000000 fe:0c 209742520                      /system/lib64/libvintf_jni.so
7aed21c000-7aed222000 r-xp 00004000 fe:0c 209742520                      /system/lib64/libvintf_jni.so
7aed222000-7aed223000 r--p 0000a000 fe:0c 209742520                      /system/lib64/libvintf_jni.so
7aed223000-7aed224000 rw-p 00000000 00:00 0                              [anon:.bss]
7aed25f000-7aed35f000 r--s 00000000 00:11 311                            /dev/__properties__/u:object_r:log_prop:s0
7aed35f000-7aed36a000 r--p 00000000 fe:0c 209741167                      /system/lib64/libstagefright_amrnb_common.so
7aed36a000-7aed372000 r-xp 0000b000 fe:0c 209741167                      /system/lib64/libstagefright_amrnb_common.so
7aed372000-7aed373000 r--p 00013000 fe:0c 209741167                      /system/lib64/libstagefright_amrnb_common.so
7aed390000-7aed45b000 r--p 00000000 fe:0c 209740547                      /system/lib64/libprotobuf-cpp-full.so
7aed45b000-7aed5ac000 r-xp 000cb000 fe:0c 209740547                      /system/lib64/libprotobuf-cpp-full.so
7aed5ac000-7aed5b5000 r--p 0021c000 fe:0c 209740547                      /system/lib64/libprotobuf-cpp-full.so
7aed5b5000-7aed5b7000 rw-p 00225000 fe:0c 209740547                      /system/lib64/libprotobuf-cpp-full.so
7aed600000-7aef400000 ---p 00000000 00:00 0 
7aef46f000-7aef56f000 r--s 00000000 00:11 320                            /dev/__properties__/u:object_r:media_variant_prop:s0
7aef56f000-7aef5a1000 r--p 00000000 fe:0c 177423964                      /system/lib64/android.hardware.tv.tuner-V2-ndk.so
7aef5a1000-7aef5ec000 r-xp 00032000 fe:0c 177423964                      /system/lib64/android.hardware.tv.tuner-V2-ndk.so
7aef5ec000-7aef5f1000 r--p 0007d000 fe:0c 177423964                      /system/lib64/android.hardware.tv.tuner-V2-ndk.so
7aef5f1000-7aef5f2000 rw-p 00082000 fe:0c 177423964                      /system/lib64/android.hardware.tv.tuner-V2-ndk.so
7aef600000-7af0f0f000 r--p 00000000 fe:0c 187583339                      /system/fonts/NotoSerifCJK-Regular.ttc
7af0f85000-7af0f92000 r--p 00000000 fe:0c 209740834                      /system/lib64/librtp_jni.so
7af0f92000-7af0fb8000 r-xp 0000d000 fe:0c 209740834                      /system/lib64/librtp_jni.so
7af0fb8000-7af0fba000 r--p 00033000 fe:0c 209740834                      /system/lib64/librtp_jni.so
7af0fba000-7af0fbb000 rw-p 00035000 fe:0c 209740834                      /system/lib64/librtp_jni.so
7af0fe4000-7af0fe9000 r--p 00000000 fe:0c 177247867                      /system/lib64/libaudioeffect_jni.so
7af0fe9000-7af0ff2000 r-xp 00005000 fe:0c 177247867                      /system/lib64/libaudioeffect_jni.so
7af0ff2000-7af0ff3000 r--p 0000e000 fe:0c 177247867                      /system/lib64/libaudioeffect_jni.so
7af0ff3000-7af0ff4000 rw-p 00000000 00:00 0                              [anon:.bss]
7af1000000-7af2edc000 r--p 00000000 fe:0c 187580288                      /system/fonts/NotoSansCJK-Regular.ttc
7af2f4e000-7af2fc5000 r--p 00000000 fe:0c 209741121                      /system/lib64/libsonivox.so
7af2fc5000-7af2fdb000 r-xp 00077000 fe:0c 209741121                      /system/lib64/libsonivox.so
7af2fdb000-7af2fdc000 r--p 0008d000 fe:0c 209741121                      /system/lib64/libsonivox.so
7af2fdc000-7af2fdd000 rw-p 0008e000 fe:0c 209741121                      /system/lib64/libsonivox.so
7af2fdd000-7af2fe4000 rw-p 00000000 00:00 0                              [anon:.bss]
7af3000000-7af3244000 r--p 00000000 fe:0c 179355097                      /system/fonts/Roboto-Regular.ttf
7af329f000-7af3317000 r--p 00000000 fe:39 183                            /apex/com.android.conscrypt/lib64/libc++.so
7af3317000-7af331a000 ---p 00000000 00:00 0 
7af331a000-7af339a000 r-xp 00077000 fe:39 183                            /apex/com.android.conscrypt/lib64/libc++.so
7af339a000-7af339d000 ---p 00000000 00:00 0 
7af339d000-7af33a5000 r--p 000f6000 fe:39 183                            /apex/com.android.conscrypt/lib64/libc++.so
7af33a5000-7af33a8000 ---p 00000000 00:00 0 
7af33a8000-7af33a9000 rw-p 000fd000 fe:39 183                            /apex/com.android.conscrypt/lib64/libc++.so
7af33a9000-7af33b1000 rw-p 00000000 00:00 0                              [anon:.bss]
7af3400000-7af7000000 ---p 00000000 00:00 0 
7af7047000-7af7051000 r--p 00000000 fe:0c 209741137                      /system/lib64/libsoundpool.so
7af7051000-7af705f000 r-xp 0000a000 fe:0c 209741137                      /system/lib64/libsoundpool.so
7af705f000-7af7060000 r--p 00018000 fe:0c 209741137                      /system/lib64/libsoundpool.so
7af7060000-7af7061000 rw-p 00019000 fe:0c 209741137                      /system/lib64/libsoundpool.so
7af7089000-7af7094000 r--p 00000000 fe:0c 209739574                      /system/lib64/libmediadrmmetrics_full.so
7af7094000-7af70a2000 r-xp 0000b000 fe:0c 209739574                      /system/lib64/libmediadrmmetrics_full.so
7af70a2000-7af70a4000 r--p 00019000 fe:0c 209739574                      /system/lib64/libmediadrmmetrics_full.so
7af70a4000-7af70a5000 rw-p 0001b000 fe:0c 209739574                      /system/lib64/libmediadrmmetrics_full.so
7af70d9000-7af7110000 r--p 00000000 fe:0c 209739392                      /system/lib64/libmedia_jni.so
7af7110000-7af7165000 r-xp 00037000 fe:0c 209739392                      /system/lib64/libmedia_jni.so
7af7165000-7af716b000 r--p 0008c000 fe:0c 209739392                      /system/lib64/libmedia_jni.so
7af716b000-7af716c000 rw-p 00092000 fe:0c 209739392                      /system/lib64/libmedia_jni.so
7af71a9000-7af71c2000 r--p 00000000 fe:0c 209739703                      /system/lib64/libmtp.so
7af71c2000-7af71ec000 r-xp 00019000 fe:0c 209739703                      /system/lib64/libmtp.so
7af71ec000-7af71ef000 r--p 00043000 fe:0c 209739703                      /system/lib64/libmtp.so
7af71ef000-7af71f0000 rw-p 00046000 fe:0c 209739703                      /system/lib64/libmtp.so
7af7211000-7af7288000 r--p 00000000 fe:39 184                            /apex/com.android.conscrypt/lib64/libcrypto.so
7af7288000-7af72a2000 r-xp 00077000 fe:39 184                            /apex/com.android.conscrypt/lib64/libcrypto.so
7af72a2000-7af7303000 --xp 00091000 fe:39 184                            /apex/com.android.conscrypt/lib64/libcrypto.so
7af7303000-7af7384000 r-xp 000f2000 fe:39 184                            /apex/com.android.conscrypt/lib64/libcrypto.so
7af7384000-7af7394000 r--p 00173000 fe:39 184                            /apex/com.android.conscrypt/lib64/libcrypto.so
7af7394000-7af7395000 rw-p 00183000 fe:39 184                            /apex/com.android.conscrypt/lib64/libcrypto.so
7af7395000-7af739d000 rw-p 00000000 00:00 0                              [anon:.bss]
7af7400000-7af8600000 ---p 00000000 00:00 0 
7af8600000-7af8700000 r--s 00000000 00:11 156                            /dev/__properties__/u:object_r:camera_config_prop:s0
7af8702000-7af8703000 ---p 00000000 00:00 0 
7af8703000-7af8704000 ---p 00000000 00:00 0                              [anon:stack_and_tls:13637]
7af8704000-7af87ff000 rw-p 00000000 00:00 0                              [anon:stack_and_tls:13637]
7af87ff000-7af8800000 ---p 00000000 00:00 0 
7af8800000-7af8900000 r--s 00000000 00:11 400                            /dev/__properties__/u:object_r:surfaceflinger_prop:s0
7af8900000-7af8a00000 r--s 00000000 00:11 151                            /dev/__properties__/u:object_r:build_odm_prop:s0
7af8a00000-7af8b00000 r--s 00000000 00:11 355                            /dev/__properties__/u:object_r:persist_wm_debug_prop:s0
7af8b00000-7af8c00000 r--s 00000000 00:11 267                            /dev/__properties__/u:object_r:framework_status_prop:s0
7af8c00000-7afa7c0000 r--s 00000000 07:40 18                             /apex/com.android.i18n/etc/icu/icudt76l.dat
7afa800000-7afa900000 r--s 00000000 00:11 332                            /dev/__properties__/u:object_r:module_sdkextensions_prop:s0
7afa900000-7afaa00000 r--s 00000000 00:11 139                            /dev/__properties__/u:object_r:boot_status_prop:s0
7afaa00000-7afab00000 r--s 00000000 00:11 285                            /dev/__properties__/u:object_r:hw_timeout_multiplier_prop:s0
7afab00000-7afac00000 r--s 00000000 00:11 372                            /dev/__properties__/u:object_r:radio_prop:s0
7afac00000-7afad00000 r--s 00000000 00:11 393                            /dev/__properties__/u:object_r:soc_prop:s0
7afad00000-7afae00000 r--s 00000000 00:11 153                            /dev/__properties__/u:object_r:build_vendor_prop:s0
7afae4e000-7afae4f000 r--p 00000000 fe:0d 8139980                        /system_ext/lib64/libpenguin.so
7afae4f000-7afae51000 r-xp 00001000 fe:0d 8139980                        /system_ext/lib64/libpenguin.so
7afae51000-7afae52000 r--p 00003000 fe:0d 8139980                        /system_ext/lib64/libpenguin.so
7afae52000-7afae53000 rw-p 00000000 00:00 0                              [anon:.bss]
7afaebf000-7afaec0000 ---p 00000000 00:00 0 
7afaec0000-7afaec1000 ---p 00000000 00:00 0                              [anon:stack_and_tls:13631]
7afaec1000-7afafc8000 rw-p 00000000 00:00 0                              [anon:stack_and_tls:13631]
7afafc8000-7afafca000 ---p 00000000 00:00 0 
7afafca000-7afafcb000 ---p 00000000 00:00 0                              [anon:stack_and_tls:13629]
7afafcb000-7afb0d2000 rw-p 00000000 00:00 0                              [anon:stack_and_tls:13629]
7afb0d2000-7afb0d4000 ---p 00000000 00:00 0 
7afb0d4000-7afb0d5000 ---p 00000000 00:00 0                              [anon:stack_and_tls:13628]
7afb0d5000-7afb1dc000 rw-p 00000000 00:00 0                              [anon:stack_and_tls:13628]
7afb1dc000-7afb1dd000 ---p 00000000 00:00 0 
7afb1f8000-7afb1f9000 ---p 00000000 00:00 0 
7afb1f9000-7afb2f5000 rw-p 00000000 00:00 0                              [anon:stack_and_tls:13670]
7afb2f5000-7afb2f7000 ---p 00000000 00:00 0 
7afb2f7000-7afb2f8000 ---p 00000000 00:00 0                              [anon:stack_and_tls:13627]
7afb2f8000-7afb3ff000 rw-p 00000000 00:00 0                              [anon:stack_and_tls:13627]
7afb3ff000-7afb400000 ---p 00000000 00:00 0 
7afb400000-7afb681000 r--s 098ce000 fe:3c 2521356                        /data/app/~~YuncQEj0Rruyt6y_-RebSA==/com.movtery.zalithlauncher.v2-JtRzSV7VpInkzDcyzopsqQ==/base.apk
7afb6f6000-7afb6f7000 ---p 00000000 00:00 0 
7afb6f7000-7afb6f8000 ---p 00000000 00:00 0                              [anon:stack_and_tls:13626]
7afb6f8000-7afb7ff000 rw-p 00000000 00:00 0                              [anon:stack_and_tls:13626]
7afb7ff000-7afb800000 ---p 00000000 00:00 0 
7afb800000-7afb86c000 ---p 00000000 00:00 0 
7afb86c000-7afb870000 rw-p 00000000 00:00 0 
7afb870000-7afcb48000 ---p 00000000 00:00 0 
7afcb48000-7afcb4c000 rw-p 00000000 00:00 0 
7afcb4c000-7afd800000 ---p 00000000 00:00 0 
7afd800000-7aff800000 rw-s 00000000 00:01 2657147                        /memfd:jit-cache (deleted)
7aff800000-7affa66000 rw-p 00000000 00:00 0                              [anon:dalvik-allocspace non moving space mark-bitmap 1]
7affae1000-7affae3000 r-xp 00000000 fe:3c 2599186                        /data/app/~~YuncQEj0Rruyt6y_-RebSA==/com.movtery.zalithlauncher.v2-JtRzSV7VpInkzDcyzopsqQ==/lib/arm64/libdriver_helper.so
7affae3000-7affae4000 r--p 00001000 fe:3c 2599186                        /data/app/~~YuncQEj0Rruyt6y_-RebSA==/com.movtery.zalithlauncher.v2-JtRzSV7VpInkzDcyzopsqQ==/lib/arm64/libdriver_helper.so
7affae4000-7affae5000 rw-p 00001000 fe:3c 2599186                        /data/app/~~YuncQEj0Rruyt6y_-RebSA==/com.movtery.zalithlauncher.v2-JtRzSV7VpInkzDcyzopsqQ==/lib/arm64/libdriver_helper.so
7affb00000-7affc00000 r--s 00000000 00:11 273                            /dev/__properties__/u:object_r:graphics_config_prop:s0
7affc00000-7affe66000 rw-p 00000000 00:00 0                              [anon:dalvik-allocspace non moving space live-bitmap 1]
7affecc000-7affecd000 ---p 00000000 00:00 0 
7affecd000-7affece000 ---p 00000000 00:00 0                              [anon:stack_and_tls:13611]
7affece000-7afffd5000 rw-p 00000000 00:00 0                              [anon:stack_and_tls:13611]
7afffd5000-7afffd7000 ---p 00000000 00:00 0 
7afffd7000-7afffd8000 ---p 00000000 00:00 0                              [anon:stack_and_tls:13610]
7afffd8000-7b000d3000 rw-p 00000000 00:00 0                              [anon:stack_and_tls:13610]
7b000d3000-7b000d5000 ---p 00000000 00:00 0 
7b000d5000-7b000d6000 ---p 00000000 00:00 0                              [anon:stack_and_tls:13609]
7b000d6000-7b001dd000 rw-p 00000000 00:00 0                              [anon:stack_and_tls:13609]
7b001dd000-7b001df000 ---p 00000000 00:00 0 
7b001df000-7b001e0000 ---p 00000000 00:00 0                              [anon:stack_and_tls:13608]
7b001e0000-7b002db000 rw-p 00000000 00:00 0                              [anon:stack_and_tls:13608]
7b002db000-7b002dc000 ---p 00000000 00:00 0 
7b002dc000-7b003dc000 r--s 00000000 00:11 614                            /dev/__properties__/u:object_r:vivo_font_prop:s0
7b003dc000-7b004d6000 r--s 00000000 00:01 1144                           /dev/ashmem/fontMap (deleted)
7b004d6000-7b004d7000 ---p 00000000 00:00 0 
7b004d7000-7b004d8000 ---p 00000000 00:00 0                              [anon:stack_and_tls:13606]
7b004d8000-7b005df000 rw-p 00000000 00:00 0                              [anon:stack_and_tls:13606]
7b005df000-7b005e1000 ---p 00000000 00:00 0 
7b005e1000-7b005e2000 ---p 00000000 00:00 0                              [anon:stack_and_tls:13605]
7b005e2000-7b006dd000 rw-p 00000000 00:00 0                              [anon:stack_and_tls:13605]
7b006dd000-7b006de000 ---p 00000000 00:00 0 
7b006de000-7b007de000 r--s 00000000 00:11 441                            /dev/__properties__/u:object_r:use_memfd_prop:s0
7b007de000-7b007df000 ---p 00000000 00:00 0 
7b007df000-7b007e0000 ---p 00000000 00:00 0                              [anon:stack_and_tls:13587]
7b007e0000-7b008db000 rw-p 00000000 00:00 0                              [anon:stack_and_tls:13587]
7b008db000-7b008dc000 ---p 00000000 00:00 0 
7b008dc000-7b009dc000 r--s 00000000 00:11 386                            /dev/__properties__/u:object_r:servicemanager_prop:s0
7b009dc000-7b009dd000 ---p 00000000 00:00 0 
7b009dd000-7b009de000 ---p 00000000 00:00 0                              [anon:stack_and_tls:13586]
7b009de000-7b00ad9000 rw-p 00000000 00:00 0                              [anon:stack_and_tls:13586]
7b00ad9000-7b00ada000 ---p 00000000 00:00 0 
7b00ada000-7b00bd8000 r--p 00000000 00:21 4                              /dev/binderfs/binder
7b00bd8000-7b00bd9000 ---p 00000000 00:00 0 
7b00bd9000-7b00bda000 ---p 00000000 00:00 0                              [anon:stack_and_tls:13584]
7b00bda000-7b00ce1000 rw-p 00000000 00:00 0                              [anon:stack_and_tls:13584]
7b00ce1000-7b00ce3000 ---p 00000000 00:00 0 
7b00ce3000-7b00ce4000 ---p 00000000 00:00 0                              [anon:stack_and_tls:13583]
7b00ce4000-7b00deb000 rw-p 00000000 00:00 0                              [anon:stack_and_tls:13583]
7b00deb000-7b00ded000 ---p 00000000 00:00 0 
7b00ded000-7b00dee000 ---p 00000000 00:00 0                              [anon:stack_and_tls:13582]
7b00dee000-7b00ef5000 rw-p 00000000 00:00 0                              [anon:stack_and_tls:13582]
7b00ef5000-7b00ef7000 ---p 00000000 00:00 0 
7b00ef7000-7b00ef8000 ---p 00000000 00:00 0                              [anon:stack_and_tls:13581]
7b00ef8000-7b00fff000 rw-p 00000000 00:00 0                              [anon:stack_and_tls:13581]
7b00fff000-7b01000000 ---p 00000000 00:00 0 
7b01000000-7b011d8000 ---p 00000000 00:00 0 
7b011d8000-7b011dc000 rw-p 00000000 00:00 0 
7b011dc000-7b02000000 ---p 00000000 00:00 0 
7b02000000-7b04000000 rw-s 02000000 00:01 2657147                        /memfd:jit-cache (deleted)
7b04000000-7b05bc0000 r--s 00000000 07:40 18                             /apex/com.android.i18n/etc/icu/icudt76l.dat
7b05c05000-7b05c2d000 r--p 00000000 fe:39 186                            /apex/com.android.conscrypt/lib64/libssl.so
7b05c2d000-7b05c78000 r-xp 00028000 fe:39 186                            /apex/com.android.conscrypt/lib64/libssl.so
7b05c78000-7b05c7c000 r--p 00073000 fe:39 186                            /apex/com.android.conscrypt/lib64/libssl.so
7b05c7c000-7b05c7d000 rw-p 00077000 fe:39 186                            /apex/com.android.conscrypt/lib64/libssl.so
7b05cb5000-7b05db5000 r--s 00000000 00:11 143                            /dev/__properties__/u:object_r:bootloader_prop:s0
7b05db5000-7b05dc8000 r--p 00000000 fe:1e 31                             /apex/com.android.adbd/lib64/libadbconnection_client.so
7b05dc8000-7b05dfb000 r-xp 00013000 fe:1e 31                             /apex/com.android.adbd/lib64/libadbconnection_client.so
7b05dfb000-7b05dfe000 r--p 00046000 fe:1e 31                             /apex/com.android.adbd/lib64/libadbconnection_client.so
7b05dfe000-7b05dff000 rw-p 00049000 fe:1e 31                             /apex/com.android.adbd/lib64/libadbconnection_client.so
7b05dff000-7b05e00000 rw-p 00000000 00:00 0                              [anon:.bss]
7b05e00000-7b06400000 ---p 00000000 00:00 0 
7b0641b000-7b0651b000 r--s 00000000 00:11 261                            /dev/__properties__/u:object_r:exported_system_prop:s0
7b0651f000-7b06520000 ---p 00000000 00:00 0 
7b06520000-7b06521000 ---p 00000000 00:00 0                              [anon:stack_and_tls:13580]
7b06521000-7b06624000 rw-p 00000000 00:00 0                              [anon:stack_and_tls:13580]
7b06624000-7b06625000 ---p 00000000 00:00 0 
7b06625000-7b06641000 r--p 00000000 fe:1e 37                             /apex/com.android.adbd/lib64/libprocessgroup.so
7b06641000-7b0667c000 r-xp 0001c000 fe:1e 37                             /apex/com.android.adbd/lib64/libprocessgroup.so
7b0667c000-7b0667e000 r--p 00057000 fe:1e 37                             /apex/com.android.adbd/lib64/libprocessgroup.so
7b0667e000-7b0667f000 rw-p 00000000 00:00 0                              [anon:.bss]
7b066d5000-7b066d6000 r--p 00000000 fe:17 70                             /apex/com.android.tethering/lib64/libframework-connectivity-tiramisu-jni.so
7b066d6000-7b066d7000 r-xp 00001000 fe:17 70                             /apex/com.android.tethering/lib64/libframework-connectivity-tiramisu-jni.so
7b066d7000-7b066d8000 r--p 00002000 fe:17 70                             /apex/com.android.tethering/lib64/libframework-connectivity-tiramisu-jni.so
7b06702000-7b06703000 ---p 00000000 00:00 0 
7b06703000-7b06704000 ---p 00000000 00:00 0                              [anon:stack_and_tls:13578]
7b06704000-7b067ff000 rw-p 00000000 00:00 0                              [anon:stack_and_tls:13578]
7b067ff000-7b06800000 ---p 00000000 00:00 0 
7b06800000-7b08200000 ---p 00000000 00:00 0 
7b08253000-7b08353000 r--s 00000000 00:11 276                            /dev/__properties__/u:object_r:gwp_asan_prop:s0
7b08353000-7b08453000 r--s 00000000 00:11 222                            /dev/__properties__/u:object_r:device_config_memory_safety_native_prop:s0
7b08453000-7b084cb000 r--p 00000000 fe:1e 33                             /apex/com.android.adbd/lib64/libc++.so
7b084cb000-7b084ce000 ---p 00000000 00:00 0 
7b084ce000-7b0854e000 r-xp 00077000 fe:1e 33                             /apex/com.android.adbd/lib64/libc++.so
7b0854e000-7b08551000 ---p 00000000 00:00 0 
7b08551000-7b08559000 r--p 000f6000 fe:1e 33                             /apex/com.android.adbd/lib64/libc++.so
7b08559000-7b0855c000 ---p 00000000 00:00 0 
7b0855c000-7b0855d000 rw-p 000fd000 fe:1e 33                             /apex/com.android.adbd/lib64/libc++.so
7b0855d000-7b08565000 rw-p 00000000 00:00 0                              [anon:.bss]
7b085cc000-7b085cd000 r--p 00000000 fe:0c 175429877                      /system/lib64/libasyncio.so
7b085cd000-7b085ce000 r-xp 00001000 fe:0c 175429877                      /system/lib64/libasyncio.so
7b085ce000-7b085cf000 r--p 00002000 fe:0c 175429877                      /system/lib64/libasyncio.so
7b08600000-7b0a600000 ---p 00000000 00:00 0 
7b0a64a000-7b0a64c000 r--p 00000000 fe:0c 209739571                      /system/lib64/libmediadrmmetrics_consumer.so
7b0a64c000-7b0a64f000 r-xp 00002000 fe:0c 209739571                      /system/lib64/libmediadrmmetrics_consumer.so
7b0a64f000-7b0a650000 r--p 00005000 fe:0c 209739571                      /system/lib64/libmediadrmmetrics_consumer.so
7b0a686000-7b0a69c000 r--p 00000000 fe:39 185                            /apex/com.android.conscrypt/lib64/libjavacrypto.so
7b0a69c000-7b0a6bb000 r-xp 00016000 fe:39 185                            /apex/com.android.conscrypt/lib64/libjavacrypto.so
7b0a6bb000-7b0a6bd000 r--p 00035000 fe:39 185                            /apex/com.android.conscrypt/lib64/libjavacrypto.so
7b0a6bd000-7b0a6bf000 rw-p 00037000 fe:39 185                            /apex/com.android.conscrypt/lib64/libjavacrypto.so
7b0a700000-7b0a800000 r--s 00000000 00:11 306                            /dev/__properties__/u:object_r:lmkd_config_prop:s0
7b0a800000-7b0aa80000 rw-p 00000000 00:00 0                              [anon:dalvik-non-moving-space inter region ref bitmap]
7b0aacc000-7b0aacd000 r--p 00000000 07:80 34                             /apex/com.android.os.statsd/lib64/libstats_jni.so
7b0aacd000-7b0aace000 r-xp 00001000 07:80 34                             /apex/com.android.os.statsd/lib64/libstats_jni.so
7b0aace000-7b0aacf000 r--p 00002000 07:80 34                             /apex/com.android.os.statsd/lib64/libstats_jni.so
7b0ab2e000-7b0ab32000 r--p 00000000 fe:2f 105                            /apex/com.android.art/lib64/libopenjdkjvm.so
7b0ab32000-7b0ab36000 r-xp 00004000 fe:2f 105                            /apex/com.android.art/lib64/libopenjdkjvm.so
7b0ab36000-7b0ab37000 r--p 00008000 fe:2f 105                            /apex/com.android.art/lib64/libopenjdkjvm.so
7b0ab37000-7b0ab38000 rw-p 00000000 00:00 0                              [anon:.bss]
7b0ab41000-7b0ab5b000 r--p 00000000 fe:2f 104                            /apex/com.android.art/lib64/libopenjdk.so
7b0ab5b000-7b0ab78000 r-xp 0001a000 fe:2f 104                            /apex/com.android.art/lib64/libopenjdk.so
7b0ab78000-7b0ab79000 r--p 00037000 fe:2f 104                            /apex/com.android.art/lib64/libopenjdk.so
7b0ab79000-7b0ab7b000 rw-p 00038000 fe:2f 104                            /apex/com.android.art/lib64/libopenjdk.so
7b0ab83000-7b0ab98000 r--p 00000000 fe:2f 96                             /apex/com.android.art/lib64/libjavacore.so
7b0ab98000-7b0abc9000 r-xp 00015000 fe:2f 96                             /apex/com.android.art/lib64/libjavacore.so
7b0abc9000-7b0abca000 r--p 00046000 fe:2f 96                             /apex/com.android.art/lib64/libjavacore.so
7b0abca000-7b0abcc000 rw-p 00047000 fe:2f 96                             /apex/com.android.art/lib64/libjavacore.so
7b0ac00000-7b0d000000 rw-p 00000000 00:00 0                              [anon:dalvik-region-space inter region ref bitmap]
7b0d000000-7b0d200000 rw-p 00000000 00:00 0                              [anon:dalvik-rb copying gc mark stack]
7b0d200000-7b0da00000 rw-p 00000000 00:00 0                              [anon:dalvik-concurrent copying gc mark stack]
7b0da00000-7b0dc00000 rw-p 00000000 00:00 0                              [anon:dalvik-rb copying gc mark stack]
7b0dc00000-7b0e400000 rw-p 00000000 00:00 0                              [anon:dalvik-concurrent copying gc mark stack]
7b0e400000-7b0ec01000 rw-p 00000000 00:00 0                              [anon:dalvik-live stack]
7b0ec4e000-7b0ec56000 r--p 00000000 fe:2f 95                             /apex/com.android.art/lib64/libexpat.so
7b0ec56000-7b0ec74000 r-xp 00008000 fe:2f 95                             /apex/com.android.art/lib64/libexpat.so
7b0ec74000-7b0ec76000 r--p 00026000 fe:2f 95                             /apex/com.android.art/lib64/libexpat.so
7b0ec76000-7b0ec77000 rw-p 00000000 00:00 0                              [anon:.bss]
7b0ecbb000-7b0ecbc000 r--p 00000000 fe:2f 83                             /apex/com.android.art/lib64/libandroidio.so
7b0ecbc000-7b0ecbd000 r-xp 00001000 fe:2f 83                             /apex/com.android.art/lib64/libandroidio.so
7b0ecbd000-7b0ecbe000 r--p 00002000 fe:2f 83                             /apex/com.android.art/lib64/libandroidio.so
7b0ecbe000-7b0ecbf000 rw-p 00000000 00:00 0                              [anon:.bss]
7b0ecc5000-7b0ecce000 r--p 00000000 07:40 35                             /apex/com.android.i18n/lib64/libicu_jni.so
7b0ecce000-7b0ecdc000 r-xp 00009000 07:40 35                             /apex/com.android.i18n/lib64/libicu_jni.so
7b0ecdc000-7b0ecdd000 r--p 00017000 07:40 35                             /apex/com.android.i18n/lib64/libicu_jni.so
7b0ecdd000-7b0ecde000 rw-p 00018000 07:40 35                             /apex/com.android.i18n/lib64/libicu_jni.so
7b0ed0a000-7b0ed0d000 r--p 00000000 fe:0c 209742790                      /system/lib64/libwebviewchromium_plat_support.so
7b0ed0d000-7b0ed0f000 r-xp 00003000 fe:0c 209742790                      /system/lib64/libwebviewchromium_plat_support.so
7b0ed0f000-7b0ed10000 r--p 00005000 fe:0c 209742790                      /system/lib64/libwebviewchromium_plat_support.so
7b0ed10000-7b0ed11000 rw-p 00006000 fe:0c 209742790                      /system/lib64/libwebviewchromium_plat_support.so
7b0ed51000-7b0ed53000 r--p 00000000 fe:0c 209741693                      /system/lib64/libstdc++.so
7b0ed53000-7b0ed55000 r-xp 00002000 fe:0c 209741693                      /system/lib64/libstdc++.so
7b0ed55000-7b0ed56000 r--p 00004000 fe:0c 209741693                      /system/lib64/libstdc++.so
7b0ed56000-7b0ed57000 rw-p 00000000 00:00 0                              [anon:.bss]
7b0ed9c000-7b0edbd000 r--p 00000000 fe:0c 175152886                      /system/lib64/android.hardware.renderscript@1.0.so
7b0edbd000-7b0edf9000 r-xp 00021000 fe:0c 175152886                      /system/lib64/android.hardware.renderscript@1.0.so
7b0edf9000-7b0edfe000 r--p 0005d000 fe:0c 175152886                      /system/lib64/android.hardware.renderscript@1.0.so
7b0edfe000-7b0edff000 rw-p 00062000 fe:0c 175152886                      /system/lib64/android.hardware.renderscript@1.0.so
7b0ee00000-7b0f601000 rw-p 00000000 00:00 0                              [anon:dalvik-allocation stack]
7b0f65e000-7b0f665000 r--p 00000000 fe:0c 179152509                      /system/lib64/libRS.so
7b0f665000-7b0f66d000 r-xp 00007000 fe:0c 179152509                      /system/lib64/libRS.so
7b0f66d000-7b0f66e000 r--p 0000f000 fe:0c 179152509                      /system/lib64/libRS.so
7b0f66e000-7b0f66f000 rw-p 00000000 00:00 0                              [anon:.bss]
7b0f69d000-7b0f6a0000 r--p 00000000 fe:0c 209741948                      /system/lib64/libutilscallstack.so
7b0f6a0000-7b0f6a3000 r-xp 00003000 fe:0c 209741948                      /system/lib64/libutilscallstack.so
7b0f6a3000-7b0f6a4000 r--p 00006000 fe:0c 209741948                      /system/lib64/libutilscallstack.so
7b0f6a4000-7b0f6a5000 rw-p 00000000 00:00 0                              [anon:.bss]
7b0f6e4000-7b0f6e6000 r--p 00000000 fe:0c 209737465                      /system/lib64/libOpenSLES.so
7b0f6e6000-7b0f6e7000 r-xp 00002000 fe:0c 209737465                      /system/lib64/libOpenSLES.so
7b0f6e7000-7b0f6e8000 r--p 00003000 fe:0c 209737465                      /system/lib64/libOpenSLES.so
7b0f707000-7b0f709000 r--p 00000000 fe:0c 177417723                      /system/lib64/libOpenMAXAL.so
7b0f709000-7b0f70a000 r-xp 00002000 fe:0c 177417723                      /system/lib64/libOpenMAXAL.so
7b0f70a000-7b0f70b000 r--p 00003000 fe:0c 177417723                      /system/lib64/libOpenMAXAL.so
7b0f747000-7b0f74b000 r--p 00000000 fe:0c 209739325                      /system/lib64/libjnigraphics.so
7b0f74b000-7b0f74d000 r-xp 00004000 fe:0c 209739325                      /system/lib64/libjnigraphics.so
7b0f74d000-7b0f74e000 r--p 00006000 fe:0c 209739325                      /system/lib64/libjnigraphics.so
7b0f74e000-7b0f74f000 rw-p 00000000 00:00 0                              [anon:.bss]
7b0f781000-7b0f795000 r--p 00000000 fe:0c 209738101                      /system/lib64/libcamera2ndk.so
7b0f795000-7b0f7cf000 r-xp 00014000 fe:0c 209738101                      /system/lib64/libcamera2ndk.so
7b0f7cf000-7b0f7d2000 r--p 0004e000 fe:0c 209738101                      /system/lib64/libcamera2ndk.so
7b0f7d2000-7b0f7d3000 rw-p 00051000 fe:0c 209738101                      /system/lib64/libcamera2ndk.so
7b0f800000-7b0fc01000 rw-p 00000000 00:00 0                              [anon:dalvik-card table]
7b0fc59000-7b0fc5d000 r--p 00000000 fe:0c 178290266                      /system/lib64/libamidi.so
7b0fc5d000-7b0fc61000 r-xp 00004000 fe:0c 178290266                      /system/lib64/libamidi.so
7b0fc61000-7b0fc62000 r--p 00008000 fe:0c 178290266                      /system/lib64/libamidi.so
7b0fc62000-7b0fc63000 rw-p 00009000 fe:0c 178290266                      /system/lib64/libamidi.so
7b0fc8c000-7b0fc93000 r--p 00000000 fe:0c 201481713                      /system/lib64/aaudio-aidl-cpp.so
7b0fc93000-7b0fc9c000 r-xp 00007000 fe:0c 201481713                      /system/lib64/aaudio-aidl-cpp.so
7b0fc9c000-7b0fc9f000 r--p 00010000 fe:0c 201481713                      /system/lib64/aaudio-aidl-cpp.so
7b0fc9f000-7b0fca0000 rw-p 00013000 fe:0c 201481713                      /system/lib64/aaudio-aidl-cpp.so
7b0fcc8000-7b0fcef000 r--p 00000000 fe:0c 201451885                      /system/lib64/libaaudio_internal.so
7b0fcef000-7b0fd31000 r-xp 00027000 fe:0c 201451885                      /system/lib64/libaaudio_internal.so
7b0fd31000-7b0fd38000 r--p 00069000 fe:0c 201451885                      /system/lib64/libaaudio_internal.so
7b0fd38000-7b0fd39000 rw-p 00070000 fe:0c 201451885                      /system/lib64/libaaudio_internal.so
7b0fd6a000-7b0fd6f000 r--p 00000000 fe:0c 201451512                      /system/lib64/libaaudio.so
7b0fd6f000-7b0fd74000 r-xp 00005000 fe:0c 201451512                      /system/lib64/libaaudio.so
7b0fd74000-7b0fd75000 r--p 0000a000 fe:0c 201451512                      /system/lib64/libaaudio.so
7b0fd75000-7b0fd76000 rw-p 00000000 00:00 0                              [anon:.bss]
7b0fda9000-7b0fdaa000 r--p 00000000 fe:0c 179233527                      /system/lib64/com.android.media.aaudio-aconfig-cc.so
7b0fdaa000-7b0fdac000 r-xp 00001000 fe:0c 179233527                      /system/lib64/com.android.media.aaudio-aconfig-cc.so
7b0fdac000-7b0fdad000 r--p 00003000 fe:0c 179233527                      /system/lib64/com.android.media.aaudio-aconfig-cc.so
7b0fdad000-7b0fdae000 rw-p 00000000 00:00 0                              [anon:.bss]
7b0fdef000-7b0fdf5000 r--p 00000000 fe:0c 176824035                      /system/lib64/dynamic_instrumentation_manager_aidl-cpp.so
7b0fdf5000-7b0fdf8000 r-xp 00006000 fe:0c 176824035                      /system/lib64/dynamic_instrumentation_manager_aidl-cpp.so
7b0fdf8000-7b0fdfa000 r--p 00009000 fe:0c 176824035                      /system/lib64/dynamic_instrumentation_manager_aidl-cpp.so
7b0fdfa000-7b0fdfb000 rw-p 0000b000 fe:0c 176824035                      /system/lib64/dynamic_instrumentation_manager_aidl-cpp.so
7b0fe00000-7b0fe80000 rw-p 00000000 00:00 0                              [anon:dalvik-large object free list space allocation info map]
7b0fef6000-7b0fef7000 ---p 00000000 00:00 0 
7b0fef7000-7b0fef8000 ---p 00000000 00:00 0                              [anon:stack_and_tls:13625]
7b0fef8000-7b0ffff000 rw-p 00000000 00:00 0                              [anon:stack_and_tls:13625]
7b0ffff000-7b10000000 ---p 00000000 00:00 0 
7b10000000-7b10800000 rw-p 00000000 00:00 0                              [anon:dalvik-region space live bitmap]
7b10863000-7b10872000 r-xp 00000000 fe:3c 2554017                        /data/app/~~YuncQEj0Rruyt6y_-RebSA==/com.movtery.zalithlauncher.v2-JtRzSV7VpInkzDcyzopsqQ==/lib/arm64/libpojavexec.so
7b10872000-7b10874000 r--p 0000e000 fe:3c 2554017                        /data/app/~~YuncQEj0Rruyt6y_-RebSA==/com.movtery.zalithlauncher.v2-JtRzSV7VpInkzDcyzopsqQ==/lib/arm64/libpojavexec.so
7b10874000-7b10875000 rw-p 0000f000 fe:3c 2554017                        /data/app/~~YuncQEj0Rruyt6y_-RebSA==/com.movtery.zalithlauncher.v2-JtRzSV7VpInkzDcyzopsqQ==/lib/arm64/libpojavexec.so
7b1088c000-7b1088d000 ---p 00000000 00:00 0 
7b1088d000-7b1088e000 ---p 00000000 00:00 0                              [anon:stack_and_tls:13624]
7b1088e000-7b10995000 rw-p 00000000 00:00 0                              [anon:stack_and_tls:13624]
7b10995000-7b10996000 ---p 00000000 00:00 0 
7b10996000-7b10a96000 rw-p 00000000 00:00 0                              [anon:scudo:secondary]
7b10a96000-7b10a98000 r--p 00000000 fe:0f 36930411                       /vendor/lib64/hw/gralloc.default.so
7b10a98000-7b10a9a000 r-xp 00002000 fe:0f 36930411                       /vendor/lib64/hw/gralloc.default.so
7b10a9a000-7b10a9b000 r--p 00004000 fe:0f 36930411                       /vendor/lib64/hw/gralloc.default.so
7b10a9b000-7b10a9c000 rw-p 00004000 fe:0f 36930411                       /vendor/lib64/hw/gralloc.default.so
7b10afa000-7b10bfa000 r--s 00000000 00:11 504                            /dev/__properties__/u:object_r:vendor_gralloc_prop:s0
7b10bfa000-7b10cf8000 r--p 00000000 00:21 5                              /dev/binderfs/hwbinder
7b10cf8000-7b10df8000 r--s 00000000 00:11 286                            /dev/__properties__/u:object_r:hwservicemanager_prop:s0
7b10df8000-7b10df9000 ---p 00000000 00:00 0 
7b10df9000-7b10dfa000 ---p 00000000 00:00 0                              [anon:stack_and_tls:13617]
7b10dfa000-7b10ef5000 rw-p 00000000 00:00 0                              [anon:stack_and_tls:13617]
7b10ef5000-7b10ef7000 ---p 00000000 00:00 0 
7b10ef7000-7b10ef8000 ---p 00000000 00:00 0                              [anon:stack_and_tls:13616]
7b10ef8000-7b10fff000 rw-p 00000000 00:00 0                              [anon:stack_and_tls:13616]
7b10fff000-7b11000000 ---p 00000000 00:00 0 
7b11000000-7b11e58000 ---p 00000000 00:00 0 
7b11e58000-7b11e5c000 rw-p 00000000 00:00 0 
7b11e5c000-7b12000000 ---p 00000000 00:00 0 
7b12044000-7b12045000 ---p 00000000 00:00 0 
7b12045000-7b12046000 ---p 00000000 00:00 0                              [anon:stack_and_tls:13615]
7b12046000-7b1214d000 rw-p 00000000 00:00 0                              [anon:stack_and_tls:13615]
7b1214d000-7b1214f000 ---p 00000000 00:00 0 
7b1214f000-7b12150000 ---p 00000000 00:00 0                              [anon:stack_and_tls:13614]
7b12150000-7b12257000 rw-p 00000000 00:00 0                              [anon:stack_and_tls:13614]
7b12257000-7b12258000 ---p 00000000 00:00 0 
7b12258000-7b122e5000 r-xp 00000000 fe:3c 2476070                        /data/app/~~YuncQEj0Rruyt6y_-RebSA==/com.movtery.zalithlauncher.v2-JtRzSV7VpInkzDcyzopsqQ==/lib/arm64/libmmkv.so
7b122e5000-7b122e8000 ---p 00000000 00:00 0 
7b122e8000-7b122ed000 r--p 0008c000 fe:3c 2476070                        /data/app/~~YuncQEj0Rruyt6y_-RebSA==/com.movtery.zalithlauncher.v2-JtRzSV7VpInkzDcyzopsqQ==/lib/arm64/libmmkv.so
7b122ed000-7b122f0000 ---p 00000000 00:00 0 
7b122f0000-7b122f2000 rw-p 00090000 fe:3c 2476070                        /data/app/~~YuncQEj0Rruyt6y_-RebSA==/com.movtery.zalithlauncher.v2-JtRzSV7VpInkzDcyzopsqQ==/lib/arm64/libmmkv.so
7b12303000-7b123e3000 r-xp 00000000 fe:3c 2521335                        /data/app/~~YuncQEj0Rruyt6y_-RebSA==/com.movtery.zalithlauncher.v2-JtRzSV7VpInkzDcyzopsqQ==/lib/arm64/libfishnet.so
7b123e3000-7b123e6000 ---p 00000000 00:00 0 
7b123e6000-7b123ef000 r--p 000df000 fe:3c 2521335                        /data/app/~~YuncQEj0Rruyt6y_-RebSA==/com.movtery.zalithlauncher.v2-JtRzSV7VpInkzDcyzopsqQ==/lib/arm64/libfishnet.so
7b123ef000-7b123f2000 ---p 00000000 00:00 0 
7b123f2000-7b123f3000 rw-p 000e7000 fe:3c 2521335                        /data/app/~~YuncQEj0Rruyt6y_-RebSA==/com.movtery.zalithlauncher.v2-JtRzSV7VpInkzDcyzopsqQ==/lib/arm64/libfishnet.so
7b123f3000-7b123fe000 rw-p 00000000 00:00 0                              [anon:.bss]
7b12400000-7b12680000 rw-p 00000000 00:00 0                              [anon:dalvik-allocspace zygote / non moving space mark-bitmap 0]
7b126cb000-7b1271a000 r--p 00000000 fe:0c 209743232                      /system/lib64/libxml2.so
7b1271a000-7b127e9000 r-xp 0004f000 fe:0c 209743232                      /system/lib64/libxml2.so
7b127e9000-7b127ed000 r--p 0011e000 fe:0c 209743232                      /system/lib64/libxml2.so
7b127ed000-7b127ee000 rw-p 00122000 fe:0c 209743232                      /system/lib64/libxml2.so
7b127ee000-7b127ef000 rw-p 00000000 00:00 0                              [anon:.bss]
7b12800000-7b12a80000 rw-p 00000000 00:00 0                              [anon:dalvik-allocspace zygote / non moving space live-bitmap 0]
7b12ac6000-7b12ac8000 r--p 00000000 fe:0c 201452394                      /system/lib64/android.os.flags-aconfig-cc.so
7b12ac8000-7b12ac9000 r-xp 00002000 fe:0c 201452394                      /system/lib64/android.os.flags-aconfig-cc.so
7b12ac9000-7b12aca000 r--p 00003000 fe:0c 201452394                      /system/lib64/android.os.flags-aconfig-cc.so
7b12aca000-7b12acb000 rw-p 00000000 00:00 0                              [anon:.bss]
7b12b0e000-7b12b2f000 r--p 00000000 fe:0c 178290269                      /system/lib64/libandroid.so
7b12b2f000-7b12b52000 r-xp 00021000 fe:0c 178290269                      /system/lib64/libandroid.so
7b12b52000-7b12b56000 r--p 00044000 fe:0c 178290269                      /system/lib64/libandroid.so
7b12b56000-7b12b57000 rw-p 00048000 fe:0c 178290269                      /system/lib64/libandroid.so
7b12b80000-7b12b9f000 r--p 00000000 fe:2f 107                            /apex/com.android.art/lib64/libperfetto_hprof.so
7b12b9f000-7b12bfa000 r-xp 0001f000 fe:2f 107                            /apex/com.android.art/lib64/libperfetto_hprof.so
7b12bfa000-7b12bfe000 r--p 0007a000 fe:2f 107                            /apex/com.android.art/lib64/libperfetto_hprof.so
7b12bfe000-7b12bff000 rw-p 0007e000 fe:2f 107                            /apex/com.android.art/lib64/libperfetto_hprof.so
7b12bff000-7b12c00000 rw-p 00000000 00:00 0                              [anon:.bss]
7b12c1a000-7b12c22000 r--p 00000000 fe:2f 82                             /apex/com.android.art/lib64/libadbconnection.so
7b12c22000-7b12c32000 r-xp 00008000 fe:2f 82                             /apex/com.android.art/lib64/libadbconnection.so
7b12c32000-7b12c33000 r--p 00018000 fe:2f 82                             /apex/com.android.art/lib64/libadbconnection.so
7b12c33000-7b12c34000 rw-p 00000000 00:00 0                              [anon:.bss]
7b12c77000-7b12e00000 r--p 00000000 fe:15 36                             /apex/com.android.wifi/javalib/framework-wifi.jar
7b12e00000-7b13008000 r--p 00000000 fe:17 48                             /apex/com.android.tethering/javalib/framework-connectivity.jar
7b13044000-7b13053000 r--p 00000000 fe:1e 32                             /apex/com.android.adbd/lib64/libbase.so
7b13053000-7b13071000 r-xp 0000f000 fe:1e 32                             /apex/com.android.adbd/lib64/libbase.so
7b13071000-7b13072000 r--p 0002d000 fe:1e 32                             /apex/com.android.adbd/lib64/libbase.so
7b13072000-7b13073000 rw-p 0002e000 fe:1e 32                             /apex/com.android.adbd/lib64/libbase.so
7b13091000-7b13200000 r--p 00000000 07:60 41                             /apex/com.android.bt/javalib/framework-bluetooth.jar
7b13200000-7b134e3000 r--p 00004000 07:40 21                             /apex/com.android.i18n/javalib/core-icu4j.jar
7b134ea000-7b1357b000 rw-p 00000000 00:00 0                              [anon:scudo:secondary]
7b1357b000-7b13600000 r--p 00000000 fe:17 47                             /apex/com.android.tethering/javalib/framework-connectivity-t.jar
7b13600000-7b13ed6000 r--p 00001000 fe:0c 195694188                      /system/framework/vivo-framework.jar
7b13ed7000-7b13f45000 rw-p 00000000 00:00 0                              [anon:scudo:secondary]
7b13f45000-7b14000000 r--p 00000000 fe:24 33                             /apex/com.android.media/javalib/updatable-media.jar
7b14000000-7b14597000 r--p 00000000 fe:0c 195697664                      /system/framework/telephony-common.jar
7b14600000-7b14a84000 r--p 02d02000 fe:0c 195694817                      /system/framework/framework.jar
7b14a86000-7b14c00000 r--p 00000000 fe:0c 179252070                      /system/framework/vivo-media.jar
7b14c00000-7b15520000 r--p 023e3000 fe:0c 195694817                      /system/framework/framework.jar
7b15548000-7b15600000 r--p 00000000 fe:25 24                             /apex/com.android.ipsec/javalib/android.net.ipsec.ike.jar
7b15600000-7b15ef8000 r--p 01aec000 fe:0c 195694817                      /system/framework/framework.jar
7b15f32000-7b16000000 r--p 00000000 07:150 28                            /apex/com.android.healthfitness/javalib/framework-healthfitness.jar
7b16000000-7b168a4000 r--p 01249000 fe:0c 195694817                      /system/framework/framework.jar
7b168f5000-7b1697a000 r--p 00000000 fe:39 176                            /apex/com.android.conscrypt/javalib/conscrypt.jar
7b1697a000-7b16a00000 r--p 00000000 fe:27 28                             /apex/com.android.adservices/javalib/framework-adservices.jar
7b16a00000-7b17309000 r--p 00941000 fe:0c 195694817                      /system/framework/framework.jar
7b17336000-7b17400000 r--p 00000000 fe:0c 179069169                      /system/framework/voip-common.jar
7b17400000-7b17d3b000 r--p 00007000 fe:0c 195694817                      /system/framework/framework.jar
7b17d77000-7b17e03000 r--p 00000000 fe:0c 179060851                      /system/framework/ims-common.jar
7b17e03000-7b17f03000 r--p 00000000 fe:2f 46                             /apex/com.android.art/javalib/apache-xml.jar
7b17f03000-7b18000000 r--p 00000000 fe:2f 47                             /apex/com.android.art/javalib/bouncycastle.jar
7b18000000-7b185a3000 r--p 00000000 fe:2f 49                             /apex/com.android.art/javalib/core-oj.jar
7b185ab000-7b1862b000 r--p 00000000 fe:0c 179023219                      /system/framework/framework-location.jar
7b1862b000-7b1872b000 r--s 00000000 00:11 231                            /dev/__properties__/u:object_r:device_config_runtime_native_prop:s0
7b1872b000-7b1882b000 r--s 00000000 00:11 265                            /dev/__properties__/u:object_r:fingerprint_prop:s0
7b1882b000-7b1892b000 r--s 00000000 00:11 351                            /dev/__properties__/u:object_r:persist_debug_prop:s0
7b1892b000-7b18a2b000 r--s 00000000 00:11 308                            /dev/__properties__/u:object_r:locale_prop:s0
7b18a2b000-7b18b2b000 r--s 00000000 00:11 201                            /dev/__properties__/u:object_r:dalvik_dynamic_config_prop:s0
7b18b2b000-7b18c2b000 r--s 00000000 00:11 256                            /dev/__properties__/u:object_r:exported_config_prop:s0
7b18c2b000-7b18d2b000 r--s 00000000 00:11 209                            /dev/__properties__/u:object_r:default_prop:s0
7b18d2d000-7b18d2e000 ---p 00000000 00:00 0 
7b18d2e000-7b18d2f000 ---p 00000000 00:00 0                              [anon:stack_and_tls:13576]
7b18d2f000-7b18e2a000 rw-p 00000000 00:00 0                              [anon:stack_and_tls:13576]
7b18e2a000-7b18e2b000 ---p 00000000 00:00 0 
7b18e2b000-7b18fc7000 r--p 00000000 fe:2f 85                             /apex/com.android.art/lib64/libart.so
7b18fc7000-7b1902b000 ---p 00000000 00:00 0 
7b1902b000-7b197ae000 r-xp 00200000 fe:2f 85                             /apex/com.android.art/lib64/libart.so
7b197ae000-7b1982b000 ---p 00000000 00:00 0 
7b1982b000-7b19861000 r--p 00a00000 fe:2f 85                             /apex/com.android.art/lib64/libart.so
7b19861000-7b19a2b000 ---p 00000000 00:00 0 
7b19a2b000-7b19a2f000 rw-p 00c00000 fe:2f 85                             /apex/com.android.art/lib64/libart.so
7b19a2f000-7b19a4e000 rw-p 00000000 00:00 0                              [anon:.bss]
7b19a66000-7b19b00000 r--p 00000000 fe:2f 48                             /apex/com.android.art/javalib/core-libart.jar
7b19b00000-7b19c00000 r--s 00000000 00:11 230                            /dev/__properties__/u:object_r:device_config_runtime_native_boot_prop:s0
7b19c00000-7b1aa00000 ---p 00000000 00:00 0 
7b1aa09000-7b1aa75000 rw-p 00000000 00:00 0                              [anon:scudo:secondary]
7b1aa75000-7b1aa78000 r--p 00000000 fe:0c 175429874                      /system/lib64/libartpalette-system.so
7b1aa78000-7b1aa7a000 r-xp 00003000 fe:0c 175429874                      /system/lib64/libartpalette-system.so
7b1aa7a000-7b1aa7b000 r--p 00005000 fe:0c 175429874                      /system/lib64/libartpalette-system.so
7b1aa7b000-7b1aa7c000 rw-p 00000000 00:00 0                              [anon:.bss]
7b1aaa1000-7b1aaa3000 r--p 00000000 fe:0c 209742037                      /system/lib64/libtombstoned_client.so
7b1aaa3000-7b1aaa7000 r-xp 00002000 fe:0c 209742037                      /system/lib64/libtombstoned_client.so
7b1aaa7000-7b1aaa8000 r--p 00006000 fe:0c 209742037                      /system/lib64/libtombstoned_client.so
7b1aae7000-7b1abe7000 r--s 00000000 00:11 200                            /dev/__properties__/u:object_r:dalvik_config_prop:s0
7b1abe7000-7b1abeb000 r--p 00000000 fe:0c 175207779                      /system/lib64/heapprofd_client_api.so
7b1abeb000-7b1abf4000 r-xp 00004000 fe:0c 175207779                      /system/lib64/heapprofd_client_api.so
7b1abf4000-7b1abf5000 r--p 0000d000 fe:0c 175207779                      /system/lib64/heapprofd_client_api.so
7b1abf5000-7b1abf6000 rw-p 0000e000 fe:0c 175207779                      /system/lib64/heapprofd_client_api.so
7b1abf6000-7b1abff000 rw-p 00000000 00:00 0                              [anon:.bss]
7b1ac17000-7b1ac1c000 r--p 00000000 fe:2f 98                             /apex/com.android.art/lib64/liblz4.so
7b1ac1c000-7b1ac3c000 r-xp 00005000 fe:2f 98                             /apex/com.android.art/lib64/liblz4.so
7b1ac3c000-7b1ac3d000 r--p 00025000 fe:2f 98                             /apex/com.android.art/lib64/liblz4.so
7b1ac40000-7b1ac53000 r--p 00000000 fe:2f 92                             /apex/com.android.art/lib64/libdexfile.so
7b1ac53000-7b1ac7b000 r-xp 00013000 fe:2f 92                             /apex/com.android.art/lib64/libdexfile.so
7b1ac7b000-7b1ac7d000 r--p 0003b000 fe:2f 92                             /apex/com.android.art/lib64/libdexfile.so
7b1ac7d000-7b1ac7e000 rw-p 0003d000 fe:2f 92                             /apex/com.android.art/lib64/libdexfile.so
7b1aca8000-7b1acaa000 r--p 00000000 fe:2f 87                             /apex/com.android.art/lib64/libartpalette.so
7b1acaa000-7b1acab000 r-xp 00002000 fe:2f 87                             /apex/com.android.art/lib64/libartpalette.so
7b1acab000-7b1acac000 r--p 00003000 fe:2f 87                             /apex/com.android.art/lib64/libartpalette.so
7b1acac000-7b1acad000 rw-p 00000000 00:00 0                              [anon:.bss]
7b1acdd000-7b1ace6000 r--p 00000000 07:80 35                             /apex/com.android.os.statsd/lib64/libstatspull.so
7b1ace6000-7b1acf9000 r-xp 00009000 07:80 35                             /apex/com.android.os.statsd/lib64/libstatspull.so
7b1acf9000-7b1acfb000 r--p 0001c000 07:80 35                             /apex/com.android.os.statsd/lib64/libstatspull.so
7b1acfb000-7b1acfc000 rw-p 0001e000 07:80 35                             /apex/com.android.os.statsd/lib64/libstatspull.so
7b1ad07000-7b1ad11000 r--p 00000000 fe:2f 108                            /apex/com.android.art/lib64/libprofile.so
7b1ad11000-7b1ad2a000 r-xp 0000a000 fe:2f 108                            /apex/com.android.art/lib64/libprofile.so
7b1ad2a000-7b1ad2b000 r--p 00023000 fe:2f 108                            /apex/com.android.art/lib64/libprofile.so
7b1ad2b000-7b1ad2c000 rw-p 00000000 00:00 0                              [anon:.bss]
7b1ad45000-7b1ad6b000 r--p 00000000 fe:2f 86                             /apex/com.android.art/lib64/libartbase.so
7b1ad6b000-7b1ad9b000 r-xp 00026000 fe:2f 86                             /apex/com.android.art/lib64/libartbase.so
7b1ad9b000-7b1ad9e000 r--p 00056000 fe:2f 86                             /apex/com.android.art/lib64/libartbase.so
7b1ad9e000-7b1ad9f000 rw-p 00059000 fe:2f 86                             /apex/com.android.art/lib64/libartbase.so
7b1add6000-7b1addc000 r--p 00000000 07:80 36                             /apex/com.android.os.statsd/lib64/libstatssocket.so
7b1addc000-7b1ade4000 r-xp 00006000 07:80 36                             /apex/com.android.os.statsd/lib64/libstatssocket.so
7b1ade4000-7b1ade5000 r--p 0000e000 07:80 36                             /apex/com.android.os.statsd/lib64/libstatssocket.so
7b1ade5000-7b1ade6000 rw-p 0000f000 07:80 36                             /apex/com.android.os.statsd/lib64/libstatssocket.so
7b1ae01000-7b1af01000 r--s 00000000 00:11 203                            /dev/__properties__/u:object_r:dalvik_runtime_prop:s0
7b1af01000-7b1af04000 r--p 00000000 fe:2f 101                            /apex/com.android.art/lib64/libnativehelper.so
7b1af04000-7b1af07000 r-xp 00003000 fe:2f 101                            /apex/com.android.art/lib64/libnativehelper.so
7b1af07000-7b1af08000 r--p 00006000 fe:2f 101                            /apex/com.android.art/lib64/libnativehelper.so
7b1af08000-7b1af09000 rw-p 00000000 00:00 0                              [anon:.bss]
7b1af58000-7b1b058000 r--s 00000000 00:11 365                            /dev/__properties__/u:object_r:property_service_version_prop:s0
7b1b058000-7b1b0d5000 r--p 00000000 fe:0c 209739904                      /system/lib64/libmediaplayerservice.so
7b1b0d5000-7b1b1da000 r-xp 0007d000 fe:0c 209739904                      /system/lib64/libmediaplayerservice.so
7b1b1da000-7b1b1e6000 r--p 00182000 fe:0c 209739904                      /system/lib64/libmediaplayerservice.so
7b1b1e6000-7b1b1e7000 rw-p 0018e000 fe:0c 209739904                      /system/lib64/libmediaplayerservice.so
7b1b200000-7b1e000000 ---p 00000000 00:00 0 
7b1e017000-7b1e117000 r--s 00000000 00:11 423                            /dev/__properties__/u:object_r:timezone_prop:s0
7b1e117000-7b1e217000 r--s 00000000 00:11 442                            /dev/__properties__/u:object_r:userdebug_or_eng_prop:s0
7b1e217000-7b1e222000 r--p 00000000 fe:0c 179358940                      /system/lib64/android.hardware.power@1.1.so
7b1e222000-7b1e22f000 r-xp 0000b000 fe:0c 179358940                      /system/lib64/android.hardware.power@1.1.so
7b1e22f000-7b1e231000 r--p 00018000 fe:0c 179358940                      /system/lib64/android.hardware.power@1.1.so
7b1e231000-7b1e232000 rw-p 0001a000 fe:0c 179358940                      /system/lib64/android.hardware.power@1.1.so
7b1e250000-7b1e25d000 r--p 00000000 fe:0c 187596647                      /system/lib64/android.hardware.power-V6-ndk.so
7b1e25d000-7b1e26f000 r-xp 0000d000 fe:0c 187596647                      /system/lib64/android.hardware.power-V6-ndk.so
7b1e26f000-7b1e271000 r--p 0001f000 fe:0c 187596647                      /system/lib64/android.hardware.power-V6-ndk.so
7b1e271000-7b1e272000 rw-p 00021000 fe:0c 187596647                      /system/lib64/android.hardware.power-V6-ndk.so
7b1e285000-7b1e2c7000 r--p 00000000 fe:0d 8139757                        /system_ext/lib64/libavenhancements.so
7b1e2c7000-7b1e332000 r-xp 00042000 fe:0d 8139757                        /system_ext/lib64/libavenhancements.so
7b1e332000-7b1e338000 r--p 000ad000 fe:0d 8139757                        /system_ext/lib64/libavenhancements.so
7b1e338000-7b1e339000 rw-p 000b3000 fe:0d 8139757                        /system_ext/lib64/libavenhancements.so
7b1e356000-7b1e37a000 r--p 00000000 fe:0c 209741614                      /system/lib64/libstagefright_httplive.so
7b1e37a000-7b1e3d8000 r-xp 00024000 fe:0c 209741614                      /system/lib64/libstagefright_httplive.so
7b1e3d8000-7b1e3db000 r--p 00082000 fe:0c 209741614                      /system/lib64/libstagefright_httplive.so
7b1e3db000-7b1e3dc000 rw-p 00085000 fe:0c 209741614                      /system/lib64/libstagefright_httplive.so
7b1e400000-7b1e500000 r--s 00000000 00:11 257                            /dev/__properties__/u:object_r:exported_default_prop:s0
7b1e500000-7b1e600000 r--s 00000000 00:11 410                            /dev/__properties__/u:object_r:system_prop:s0
7b1e600000-7b1e60c000 ---p 00000000 00:00 0                              [anon:scudo:primary_reserve]
7b1e60c000-7b1e64c000 rw-p 00000000 00:00 0                              [anon:scudo:primary]
7b1e64c000-7b1e94c000 rw-p 00000000 00:00 0                              [anon:scudo:primary]
7b1e94c000-7b2e60f000 ---p 00000000 00:00 0                              [anon:scudo:primary_reserve]
7b2e60f000-7b2e64f000 rw-p 00000000 00:00 0                              [anon:scudo:primary]
7b2e64f000-7b2ec4f000 rw-p 00000000 00:00 0                              [anon:scudo:primary]
7b2ec4f000-7b3e60c000 ---p 00000000 00:00 0                              [anon:scudo:primary_reserve]
7b3e60c000-7b3e64c000 rw-p 00000000 00:00 0                              [anon:scudo:primary]
7b3e64c000-7b4178c000 rw-p 00000000 00:00 0                              [anon:scudo:primary]
7b4178c000-7b4e607000 ---p 00000000 00:00 0                              [anon:scudo:primary_reserve]
7b4e607000-7b4e647000 rw-p 00000000 00:00 0                              [anon:scudo:primary]
7b4e647000-7b4e947000 rw-p 00000000 00:00 0                              [anon:scudo:primary]
7b4e947000-7b5e60e000 ---p 00000000 00:00 0                              [anon:scudo:primary_reserve]
7b5e60e000-7b5e64e000 rw-p 00000000 00:00 0                              [anon:scudo:primary]
7b5e64e000-7b5eb8e000 rw-p 00000000 00:00 0                              [anon:scudo:primary]
7b5eb8e000-7b6e60b000 ---p 00000000 00:00 0                              [anon:scudo:primary_reserve]
7b6e60b000-7b6e64b000 rw-p 00000000 00:00 0                              [anon:scudo:primary]
7b6e64b000-7b6e7cb000 rw-p 00000000 00:00 0                              [anon:scudo:primary]
7b6e7cb000-7b7e602000 ---p 00000000 00:00 0                              [anon:scudo:primary_reserve]
7b7e602000-7b7e642000 rw-p 00000000 00:00 0                              [anon:scudo:primary]
7b7e642000-7b7eec2000 rw-p 00000000 00:00 0                              [anon:scudo:primary]
7b7eec2000-7b8e602000 ---p 00000000 00:00 0                              [anon:scudo:primary_reserve]
7b8e602000-7b8e682000 rw-p 00000000 00:00 0                              [anon:scudo:primary]
7b8e682000-7b8f302000 rw-p 00000000 00:00 0                              [anon:scudo:primary]
7b8f302000-7b9e60b000 ---p 00000000 00:00 0                              [anon:scudo:primary_reserve]
7b9e60b000-7b9e64b000 rw-p 00000000 00:00 0                              [anon:scudo:primary]
7b9e64b000-7b9e8cb000 rw-p 00000000 00:00 0                              [anon:scudo:primary]
7b9e8cb000-7bae609000 ---p 00000000 00:00 0                              [anon:scudo:primary_reserve]
7bae609000-7bae649000 rw-p 00000000 00:00 0                              [anon:scudo:primary]
7bae649000-7baf449000 rw-p 00000000 00:00 0                              [anon:scudo:primary]
7baf449000-7bbe60f000 ---p 00000000 00:00 0                              [anon:scudo:primary_reserve]
7bbe60f000-7bbe64f000 rw-p 00000000 00:00 0                              [anon:scudo:primary]
7bbe64f000-7bbedcf000 rw-p 00000000 00:00 0                              [anon:scudo:primary]
7bbedcf000-7bce609000 ---p 00000000 00:00 0                              [anon:scudo:primary_reserve]
7bce609000-7bce649000 rw-p 00000000 00:00 0                              [anon:scudo:primary]
7bce649000-7bcec89000 rw-p 00000000 00:00 0                              [anon:scudo:primary]
7bcec89000-7bde60e000 ---p 00000000 00:00 0                              [anon:scudo:primary_reserve]
7bde60e000-7bde64e000 rw-p 00000000 00:00 0                              [anon:scudo:primary]
7bde64e000-7bde80e000 rw-p 00000000 00:00 0                              [anon:scudo:primary]
7bde80e000-7bee607000 ---p 00000000 00:00 0                              [anon:scudo:primary_reserve]
7bee607000-7bee647000 rw-p 00000000 00:00 0                              [anon:scudo:primary]
7bee647000-7bf1ac7000 rw-p 00000000 00:00 0                              [anon:scudo:primary]
7bf1ac7000-7bfe60d000 ---p 00000000 00:00 0                              [anon:scudo:primary_reserve]
7bfe60d000-7bfe64d000 rw-p 00000000 00:00 0                              [anon:scudo:primary]
7bfe64d000-7bfe94d000 rw-p 00000000 00:00 0                              [anon:scudo:primary]
7bfe94d000-7c0e602000 ---p 00000000 00:00 0                              [anon:scudo:primary_reserve]
7c0e602000-7c0e682000 rw-p 00000000 00:00 0                              [anon:scudo:primary]
7c0e682000-7c0f042000 rw-p 00000000 00:00 0                              [anon:scudo:primary]
7c0f042000-7c1e610000 ---p 00000000 00:00 0                              [anon:scudo:primary_reserve]
7c1e610000-7c1e650000 rw-p 00000000 00:00 0                              [anon:scudo:primary]
7c1e650000-7c1e950000 rw-p 00000000 00:00 0                              [anon:scudo:primary]
7c1e950000-7c2e602000 ---p 00000000 00:00 0                              [anon:scudo:primary_reserve]
7c2e602000-7c2e682000 rw-p 00000000 00:00 0                              [anon:scudo:primary]
7c2e682000-7c2fb82000 rw-p 00000000 00:00 0                              [anon:scudo:primary]
7c2fb82000-7c3e607000 ---p 00000000 00:00 0                              [anon:scudo:primary_reserve]
7c3e607000-7c3e647000 rw-p 00000000 00:00 0                              [anon:scudo:primary]
7c3e647000-7c4e5c7000 rw-p 00000000 00:00 0                              [anon:scudo:primary]
7c4e5c7000-7c4e60a000 ---p 00000000 00:00 0                              [anon:scudo:primary_reserve]
7c4e60a000-7c4e64a000 rw-p 00000000 00:00 0                              [anon:scudo:primary]
7c4e64a000-7c4e9ca000 rw-p 00000000 00:00 0                              [anon:scudo:primary]
7c4e9ca000-7c5e603000 ---p 00000000 00:00 0                              [anon:scudo:primary_reserve]
7c5e603000-7c5e6c3000 rw-p 00000000 00:00 0                              [anon:scudo:primary]
7c5e6c3000-7c5eb43000 rw-p 00000000 00:00 0                              [anon:scudo:primary]
7c5eb43000-7c6e603000 ---p 00000000 00:00 0                              [anon:scudo:primary_reserve]
7c6e603000-7c6e643000 rw-p 00000000 00:00 0                              [anon:scudo:primary]
7c6e643000-7c6e803000 rw-p 00000000 00:00 0                              [anon:scudo:primary]
7c6e803000-7c7e603000 ---p 00000000 00:00 0                              [anon:scudo:primary_reserve]
7c7e603000-7c7e743000 rw-p 00000000 00:00 0                              [anon:scudo:primary]
7c7e743000-7c7ebc3000 rw-p 00000000 00:00 0                              [anon:scudo:primary]
7c7ebc3000-7c8e607000 ---p 00000000 00:00 0                              [anon:scudo:primary_reserve]
7c8e607000-7c8e687000 rw-p 00000000 00:00 0                              [anon:scudo:primary]
7c8e687000-7c8e807000 rw-p 00000000 00:00 0                              [anon:scudo:primary]
7c8e807000-7c9e60b000 ---p 00000000 00:00 0                              [anon:scudo:primary_reserve]
7c9e60b000-7c9e64b000 rw-p 00000000 00:00 0                              [anon:scudo:primary]
7c9e64b000-7c9e98b000 rw-p 00000000 00:00 0                              [anon:scudo:primary]
7c9e98b000-7cae603000 ---p 00000000 00:00 0                              [anon:scudo:primary_reserve]
7cae603000-7cae643000 rw-p 00000000 00:00 0                              [anon:scudo:primary]
7cae643000-7caf003000 rw-p 00000000 00:00 0                              [anon:scudo:primary]
7caf003000-7cbe603000 ---p 00000000 00:00 0                              [anon:scudo:primary_reserve]
7cbe603000-7cbe643000 rw-p 00000000 00:00 0                              [anon:scudo:primary]
7cbe643000-7ccd843000 rw-p 00000000 00:00 0                              [anon:scudo:primary]
7ccd843000-7cce60b000 ---p 00000000 00:00 0                              [anon:scudo:primary_reserve]
7cce60b000-7cce64b000 rw-p 00000000 00:00 0                              [anon:scudo:primary]
7cce64b000-7cce7cb000 rw-p 00000000 00:00 0                              [anon:scudo:primary]
7cce7cb000-7cde604000 ---p 00000000 00:00 0                              [anon:scudo:primary_reserve]
7cde604000-7cde644000 rw-p 00000000 00:00 0                              [anon:scudo:primary]
7cde644000-7cdea84000 rw-p 00000000 00:00 0                              [anon:scudo:primary]
7cdea84000-7cee603000 ---p 00000000 00:00 0                              [anon:scudo:primary_reserve]
7cee603000-7cee683000 rw-p 00000000 00:00 0                              [anon:scudo:primary]
7cee683000-7cefb03000 rw-p 00000000 00:00 0                              [anon:scudo:primary]
7cefb03000-7cfe60c000 ---p 00000000 00:00 0                              [anon:scudo:primary_reserve]
7cfe60c000-7cfe64c000 rw-p 00000000 00:00 0                              [anon:scudo:primary]
7cfe64c000-7cfeb8c000 rw-p 00000000 00:00 0                              [anon:scudo:primary]
7cfeb8c000-7d0e60f000 ---p 00000000 00:00 0                              [anon:scudo:primary_reserve]
7d0e60f000-7d0e68f000 rw-p 00000000 00:00 0                              [anon:scudo:primary]
7d0e68f000-7d0e9cf000 rw-p 00000000 00:00 0                              [anon:scudo:primary]
7d0e9cf000-7d1e602000 ---p 00000000 00:00 0                              [anon:scudo:primary_reserve]
7d1e602000-7d1e642000 rw-p 00000000 00:00 0                              [anon:scudo:primary]
7d1e642000-7d1e942000 rw-p 00000000 00:00 0                              [anon:scudo:primary]
7d1e942000-7d2e600000 ---p 00000000 00:00 0                              [anon:scudo:primary_reserve]
7d2e600000-7d2e601000 r--p 00000000 00:00 0                              [anon:cfi shadow]
7d2e601000-7d2e8c2000 ---p 00000000 00:00 0                              [anon:cfi shadow]
7d2e8c2000-7d2e8c3000 r--p 00000000 00:00 0                              [anon:cfi shadow]
7d2e8c3000-7d2e9ce000 ---p 00000000 00:00 0                              [anon:cfi shadow]
7d2e9ce000-7d2e9cf000 r--p 00000000 00:00 0                              [anon:cfi shadow]
7d2e9cf000-7d2e9d0000 r--p 00000000 00:00 0                              [anon:cfi shadow]
7d2e9d0000-7d2e9d1000 ---p 00000000 00:00 0                              [anon:cfi shadow]
7d2e9d1000-7d2e9d2000 r--p 00000000 00:00 0                              [anon:cfi shadow]
7d2e9d2000-7d2e9d3000 r--p 00000000 00:00 0                              [anon:cfi shadow]
7d2e9d3000-7d2e9d4000 r--p 00000000 00:00 0                              [anon:cfi shadow]
7d2e9d4000-7d2e9d5000 r--p 00000000 00:00 0                              [anon:cfi shadow]
7d2e9d5000-7d2e9d6000 ---p 00000000 00:00 0                              [anon:cfi shadow]
7d2e9d6000-7d2e9d7000 r--p 00000000 00:00 0                              [anon:cfi shadow]
7d2e9d7000-7d2e9d8000 r--p 00000000 00:00 0                              [anon:cfi shadow]
7d2e9d8000-7d2e9d9000 r--p 00000000 00:00 0                              [anon:cfi shadow]
7d2e9d9000-7d2e9ed000 ---p 00000000 00:00 0                              [anon:cfi shadow]
7d2e9ed000-7d2e9ee000 r--p 00000000 00:00 0                              [anon:cfi shadow]
7d2e9ee000-7d2e9ef000 r--p 00000000 00:00 0                              [anon:cfi shadow]
7d2e9ef000-7d2e9f0000 r--p 00000000 00:00 0                              [anon:cfi shadow]
7d2e9f0000-7dae600000 ---p 00000000 00:00 0                              [anon:cfi shadow]
7dae602000-7dae6c5000 r--p 00000000 07:40 37                             /apex/com.android.i18n/lib64/libicuuc.so
7dae6c5000-7dae7d6000 r-xp 000c3000 07:40 37                             /apex/com.android.i18n/lib64/libicuuc.so
7dae7d6000-7dae7eb000 r--p 001d4000 07:40 37                             /apex/com.android.i18n/lib64/libicuuc.so
7dae7eb000-7dae7ec000 rw-p 001e9000 07:40 37                             /apex/com.android.i18n/lib64/libicuuc.so
7dae7ec000-7dae7ee000 rw-p 00000000 00:00 0                              [anon:.bss]
7dae820000-7dae920000 r--s 00000000 00:11 314                            /dev/__properties__/u:object_r:logd_prop:s0
7dae920000-7dae9e8000 r--p 00000000 fe:0c 209739804                      /system/lib64/libinput.so
7dae9e8000-7daeb55000 r-xp 000c8000 fe:0c 209739804                      /system/lib64/libinput.so
7daeb55000-7daeb85000 r--p 00235000 fe:0c 209739804                      /system/lib64/libinput.so
7daeb85000-7daeb89000 rw-p 00265000 fe:0c 209739804                      /system/lib64/libinput.so
7daeb89000-7daec00000 rw-p 00000000 00:00 0                              [anon:scudo:secondary]
7daec00000-7db1a00000 ---p 00000000 00:00 0 
7db1a63000-7db1a66000 r--p 00000000 fe:0c 209739086                      /system/lib64/libmars-featureclient.so
7db1a66000-7db1a67000 r-xp 00003000 fe:0c 209739086                      /system/lib64/libmars-featureclient.so
7db1a67000-7db1a68000 r--p 00004000 fe:0c 209739086                      /system/lib64/libmars-featureclient.so
7db1a68000-7db1a69000 rw-p 00005000 fe:0c 209739086                      /system/lib64/libmars-featureclient.so
7db1a94000-7db1a9e000 r--p 00000000 fe:0c 187596665                      /system/lib64/android.hardware.power@1.0.so
7db1a9e000-7db1aab000 r-xp 0000a000 fe:0c 187596665                      /system/lib64/android.hardware.power@1.0.so
7db1aab000-7db1aad000 r--p 00017000 fe:0c 187596665                      /system/lib64/android.hardware.power@1.0.so
7db1aad000-7db1aae000 rw-p 00019000 fe:0c 187596665                      /system/lib64/android.hardware.power@1.0.so
7db1ac0000-7db1bc0000 r--s 00000000 00:11 310                            /dev/__properties__/u:object_r:log_file_logger_prop:s0
7db1bc0000-7db1cc0000 r--s 00000000 00:11 312                            /dev/__properties__/u:object_r:log_tag_prop:s0
7db1cc0000-7db1ce2000 r--p 00000000 fe:0c 176820708                      /system/lib64/android.hardware.media.c2-V1-ndk.so
7db1ce2000-7db1d11000 r-xp 00022000 fe:0c 176820708                      /system/lib64/android.hardware.media.c2-V1-ndk.so
7db1d11000-7db1d14000 r--p 00051000 fe:0c 176820708                      /system/lib64/android.hardware.media.c2-V1-ndk.so
7db1d14000-7db1d15000 rw-p 00054000 fe:0c 176820708                      /system/lib64/android.hardware.media.c2-V1-ndk.so
7db1d81000-7db1da6000 r--p 00000000 fe:0c 209740519                      /system/lib64/libpowermanager.so
7db1da6000-7db1dcf000 r-xp 00025000 fe:0c 209740519                      /system/lib64/libpowermanager.so
7db1dcf000-7db1dd9000 r--p 0004e000 fe:0c 209740519                      /system/lib64/libpowermanager.so
7db1dd9000-7db1dda000 rw-p 00058000 fe:0c 209740519                      /system/lib64/libpowermanager.so
7db1e00000-7db3400000 ---p 00000000 00:00 0 
7db3465000-7db3472000 r--p 00000000 fe:0c 209738223                      /system/lib64/libdrmframeworkcommon.so
7db3472000-7db347c000 r-xp 0000d000 fe:0c 209738223                      /system/lib64/libdrmframeworkcommon.so
7db347c000-7db347f000 r--p 00017000 fe:0c 209738223                      /system/lib64/libdrmframeworkcommon.so
7db347f000-7db3480000 rw-p 0001a000 fe:0c 209738223                      /system/lib64/libdrmframeworkcommon.so
7db348f000-7db358f000 r--s 00000000 00:11 147                            /dev/__properties__/u:object_r:bq_config_prop:s0
7db358f000-7db359b000 r--p 00000000 fe:0c 209737840                      /system/lib64/libgamemanager_aidl.so
7db359b000-7db35aa000 r-xp 0000c000 fe:0c 209737840                      /system/lib64/libgamemanager_aidl.so
7db35aa000-7db35ad000 r--p 0001b000 fe:0c 209737840                      /system/lib64/libgamemanager_aidl.so
7db35ad000-7db35ae000 rw-p 0001e000 fe:0c 209737840                      /system/lib64/libgamemanager_aidl.so
7db35c2000-7db35d4000 r--p 00000000 fe:0c 187588062                      /system/lib64/android.hardware.drm@1.3.so
7db35d4000-7db35ea000 r-xp 00012000 fe:0c 187588062                      /system/lib64/android.hardware.drm@1.3.so
7db35ea000-7db35ee000 r--p 00028000 fe:0c 187588062                      /system/lib64/android.hardware.drm@1.3.so
7db35ee000-7db35ef000 rw-p 0002c000 fe:0c 187588062                      /system/lib64/android.hardware.drm@1.3.so
7db360c000-7db3620000 r--p 00000000 fe:0c 176856308                      /system/lib64/audiopolicy-aidl-cpp.so
7db3620000-7db3654000 r-xp 00014000 fe:0c 176856308                      /system/lib64/audiopolicy-aidl-cpp.so
7db3654000-7db3658000 r--p 00048000 fe:0c 176856308                      /system/lib64/audiopolicy-aidl-cpp.so
7db3658000-7db3659000 rw-p 0004c000 fe:0c 176856308                      /system/lib64/audiopolicy-aidl-cpp.so
7db36ab000-7db3703000 r--p 00000000 fe:0c 179041754                      /system/lib64/libaudioclient.so
7db3703000-7db37ba000 r-xp 00058000 fe:0c 179041754                      /system/lib64/libaudioclient.so
7db37ba000-7db37c7000 r--p 0010f000 fe:0c 179041754                      /system/lib64/libaudioclient.so
7db37c7000-7db37c8000 rw-p 0011c000 fe:0c 179041754                      /system/lib64/libaudioclient.so
7db3800000-7db7600000 ---p 00000000 00:00 0 
7db765c000-7db7664000 r--p 00000000 fe:0c 179039227                      /system/lib64/libaudiopolicy.so
7db7664000-7db7674000 r-xp 00008000 fe:0c 179039227                      /system/lib64/libaudiopolicy.so
7db7674000-7db7675000 r--p 00018000 fe:0c 179039227                      /system/lib64/libaudiopolicy.so
7db7696000-7db7697000 r--p 00000000 fe:0c 201452388                      /system/lib64/android.media.audiopolicy-aconfig-cc.so
7db7697000-7db7699000 r-xp 00001000 fe:0c 201452388                      /system/lib64/android.media.audiopolicy-aconfig-cc.so
7db7699000-7db769a000 r--p 00003000 fe:0c 201452388                      /system/lib64/android.media.audiopolicy-aconfig-cc.so
7db769a000-7db769b000 rw-p 00000000 00:00 0                              [anon:.bss]
7db76c8000-7db76cb000 r--p 00000000 fe:0c 179052412                      /system/lib64/libaudiomanager.so
7db76cb000-7db76cd000 r-xp 00003000 fe:0c 179052412                      /system/lib64/libaudiomanager.so
7db76cd000-7db76ce000 r--p 00005000 fe:0c 179052412                      /system/lib64/libaudiomanager.so
7db76ce000-7db76cf000 rw-p 00006000 fe:0c 179052412                      /system/lib64/libaudiomanager.so
7db771c000-7db7733000 r--p 00000000 fe:0c 176820701                      /system/lib64/android.hardware.media.bufferpool@2.0.so
7db7733000-7db7758000 r-xp 00017000 fe:0c 176820701                      /system/lib64/android.hardware.media.bufferpool@2.0.so
7db7758000-7db775e000 r--p 0003c000 fe:0c 176820701                      /system/lib64/android.hardware.media.bufferpool@2.0.so
7db775e000-7db775f000 rw-p 00042000 fe:0c 176820701                      /system/lib64/android.hardware.media.bufferpool@2.0.so
7db77b2000-7db77c4000 r--p 00000000 fe:0c 179372506                      /system/lib64/libaudiofoundation.so
7db77c4000-7db77f5000 r-xp 00012000 fe:0c 179372506                      /system/lib64/libaudiofoundation.so
7db77f5000-7db77f7000 r--p 00043000 fe:0c 179372506                      /system/lib64/libaudiofoundation.so
7db77f7000-7db77f8000 rw-p 00000000 00:00 0                              [anon:.bss]
7db781b000-7db7843000 r--p 00000000 fe:0c 209740267                      /system/lib64/libperfetto_c.so
7db7843000-7db78db000 r-xp 00028000 fe:0c 209740267                      /system/lib64/libperfetto_c.so
7db78db000-7db78e0000 r--p 000c0000 fe:0c 209740267                      /system/lib64/libperfetto_c.so
7db78e0000-7db78e1000 rw-p 000c5000 fe:0c 209740267                      /system/lib64/libperfetto_c.so
7db78e1000-7db78e2000 rw-p 00000000 00:00 0                              [anon:.bss]
7db7960000-7db7965000 r--p 00000000 fe:0c 209742496                      /system/lib64/libvideopolicymanager.so
7db7965000-7db7969000 r-xp 00005000 fe:0c 209742496                      /system/lib64/libvideopolicymanager.so
7db7969000-7db796b000 r--p 00009000 fe:0c 209742496                      /system/lib64/libvideopolicymanager.so
7db796b000-7db796c000 rw-p 0000b000 fe:0c 209742496                      /system/lib64/libvideopolicymanager.so
7db7982000-7db7993000 r--p 00000000 fe:0c 179069947                      /system/lib64/libbinder_ndk.so
7db7993000-7db79a6000 r-xp 00011000 fe:0c 179069947                      /system/lib64/libbinder_ndk.so
7db79a6000-7db79a8000 r--p 00024000 fe:0c 179069947                      /system/lib64/libbinder_ndk.so
7db79a8000-7db79a9000 rw-p 00000000 00:00 0                              [anon:.bss]
7db79c9000-7db79d9000 r--p 00000000 fe:0c 209741554                      /system/lib64/libstagefright_framecapture_utils.so
7db79d9000-7db79f5000 r-xp 00010000 fe:0c 209741554                      /system/lib64/libstagefright_framecapture_utils.so
7db79f5000-7db79f7000 r--p 0002c000 fe:0c 209741554                      /system/lib64/libstagefright_framecapture_utils.so
7db79f7000-7db79f8000 rw-p 00000000 00:00 0                              [anon:.bss]
7db7a00000-7dbb600000 ---p 00000000 00:00 0 
7dbb652000-7dbb653000 r--p 00000000 fe:0c 179237245                      /system/lib64/android.hardware.drm.common-V1-ndk.so
7dbb653000-7dbb655000 r-xp 00001000 fe:0c 179237245                      /system/lib64/android.hardware.drm.common-V1-ndk.so
7dbb655000-7dbb656000 r--p 00003000 fe:0c 179237245                      /system/lib64/android.hardware.drm.common-V1-ndk.so
7dbb656000-7dbb657000 rw-p 00004000 fe:0c 179237245                      /system/lib64/android.hardware.drm.common-V1-ndk.so
7dbb6af000-7dbb6b0000 r--p 00000000 fe:0c 209739623                      /system/lib64/libmediandk_utils.so
7dbb6b0000-7dbb6b2000 r-xp 00001000 fe:0c 209739623                      /system/lib64/libmediandk_utils.so
7dbb6b2000-7dbb6b3000 r--p 00003000 fe:0c 209739623                      /system/lib64/libmediandk_utils.so
7dbb6d0000-7dbb6d1000 r--p 00000000 fe:0c 179390072                      /system/lib64/libcodec2_hidl_client@1.1.so
7dbb6d1000-7dbb6d3000 r-xp 00001000 fe:0c 179390072                      /system/lib64/libcodec2_hidl_client@1.1.so
7dbb6d3000-7dbb6d4000 r--p 00003000 fe:0c 179390072                      /system/lib64/libcodec2_hidl_client@1.1.so
7dbb71b000-7dbb724000 r--p 00000000 fe:0c 209743471                      /system/lib64/spatializer-aidl-cpp.so
7dbb724000-7dbb730000 r-xp 00009000 fe:0c 209743471                      /system/lib64/spatializer-aidl-cpp.so
7dbb730000-7dbb733000 r--p 00015000 fe:0c 209743471                      /system/lib64/spatializer-aidl-cpp.so
7dbb733000-7dbb734000 rw-p 00018000 fe:0c 209743471                      /system/lib64/spatializer-aidl-cpp.so
7dbb744000-7dbb753000 r--p 00000000 fe:0c 209739252                      /system/lib64/libincfs.so
7dbb753000-7dbb770000 r-xp 0000f000 fe:0c 209739252                      /system/lib64/libincfs.so
7dbb770000-7dbb771000 r--p 0002c000 fe:0c 209739252                      /system/lib64/libincfs.so
7dbb771000-7dbb772000 rw-p 0002d000 fe:0c 209739252                      /system/lib64/libincfs.so
7dbb7a2000-7dbb7a7000 r--p 00000000 fe:0c 176816245                      /system/lib64/libbinderdebug.so
7dbb7a7000-7dbb7b2000 r-xp 00005000 fe:0c 176816245                      /system/lib64/libbinderdebug.so
7dbb7b2000-7dbb7b3000 r--p 00010000 fe:0c 176816245                      /system/lib64/libbinderdebug.so
7dbb7b3000-7dbb7b4000 rw-p 00000000 00:00 0                              [anon:.bss]
7dbb7ca000-7dbb7cb000 r--p 00000000 fe:0c 179244666                      /system/lib64/android.hardware.graphics.common@1.0.so
7dbb7cb000-7dbb7cd000 r-xp 00001000 fe:0c 179244666                      /system/lib64/android.hardware.graphics.common@1.0.so
7dbb7cd000-7dbb7ce000 r--p 00003000 fe:0c 179244666                      /system/lib64/android.hardware.graphics.common@1.0.so
7dbb814000-7dbb826000 r--p 00000000 fe:0c 179152486                      /system/lib64/libGLESv2.so
7dbb826000-7dbb82c000 r-xp 00012000 fe:0c 179152486                      /system/lib64/libGLESv2.so
7dbb82c000-7dbb82d000 r--p 00018000 fe:0c 179152486                      /system/lib64/libGLESv2.so
7dbb847000-7dbb857000 r--p 00000000 fe:0c 179055707                      /system/lib64/libdatasource.so
7dbb857000-7dbb86b000 r-xp 00010000 fe:0c 179055707                      /system/lib64/libdatasource.so
7dbb86b000-7dbb86d000 r--p 00024000 fe:0c 179055707                      /system/lib64/libdatasource.so
7dbb86d000-7dbb86e000 rw-p 00026000 fe:0c 179055707                      /system/lib64/libdatasource.so
7dbb8b0000-7dbb8fa000 r--p 00000000 fe:0c 187593192                      /system/lib64/libcodec2_vndk.so
7dbb8fa000-7dbb96b000 r-xp 0004a000 fe:0c 187593192                      /system/lib64/libcodec2_vndk.so
7dbb96b000-7dbb970000 r--p 000bb000 fe:0c 187593192                      /system/lib64/libcodec2_vndk.so
7dbb970000-7dbb971000 rw-p 000c0000 fe:0c 187593192                      /system/lib64/libcodec2_vndk.so
7dbb97e000-7dbb9e3000 rw-p 00000000 00:00 0                              [anon:scudo:secondary]
7dbb9e3000-7dbb9e7000 r--p 00000000 fe:0c 176876794                      /system/lib64/libbpf_minimal.so
7dbb9e7000-7dbb9ef000 r-xp 00004000 fe:0c 176876794                      /system/lib64/libbpf_minimal.so
7dbb9ef000-7dbb9f0000 r--p 0000c000 fe:0c 176876794                      /system/lib64/libbpf_minimal.so
7dbb9f0000-7dbb9f1000 rw-p 0000d000 fe:0c 176876794                      /system/lib64/libbpf_minimal.so
7dbba00000-7dbc600000 ---p 00000000 00:00 0 
7dbc602000-7dbc65f000 rw-p 00000000 00:00 0                              [anon:scudo:secondary]
7dbc65f000-7dbc667000 r--p 00000000 fe:0c 209738490                      /system/lib64/libgralloctypes.so
7dbc667000-7dbc671000 r-xp 00008000 fe:0c 209738490                      /system/lib64/libgralloctypes.so
7dbc671000-7dbc672000 r--p 00012000 fe:0c 209738490                      /system/lib64/libgralloctypes.so
7dbc672000-7dbc673000 rw-p 00000000 00:00 0                              [anon:.bss]
7dbc68f000-7dbc698000 r--p 00000000 fe:0c 177423994                      /system/lib64/android.hidl.allocator@1.0.so
7dbc698000-7dbc6a0000 r-xp 00009000 fe:0c 177423994                      /system/lib64/android.hidl.allocator@1.0.so
7dbc6a0000-7dbc6a2000 r--p 00011000 fe:0c 177423994                      /system/lib64/android.hidl.allocator@1.0.so
7dbc6a2000-7dbc6a3000 rw-p 00013000 fe:0c 177423994                      /system/lib64/android.hidl.allocator@1.0.so
7dbc6fa000-7dbc6fb000 r--p 00000000 fe:0c 178290297                      /system/lib64/libandroid_net.so
7dbc6fb000-7dbc6fc000 r-xp 00001000 fe:0c 178290297                      /system/lib64/libandroid_net.so
7dbc6fc000-7dbc6fd000 r--p 00002000 fe:0c 178290297                      /system/lib64/libandroid_net.so
7dbc707000-7dbc748000 r--p 00000000 fe:0c 209738587                      /system/lib64/libhidlbase.so
7dbc748000-7dbc7a2000 r-xp 00041000 fe:0c 209738587                      /system/lib64/libhidlbase.so
7dbc7a2000-7dbc7ad000 r--p 0009b000 fe:0c 209738587                      /system/lib64/libhidlbase.so
7dbc7ad000-7dbc7ae000 rw-p 000a6000 fe:0c 209738587                      /system/lib64/libhidlbase.so
7dbc7ae000-7dbc7df000 rw-p 00000000 00:00 0                              [anon:scudo:secondary]
7dbc7df000-7dbc7eb000 r--p 00000000 fe:0c 175890297                      /system/lib64/android.hardware.media.bufferpool2-V2-ndk.so
7dbc7eb000-7dbc7f9000 r-xp 0000c000 fe:0c 175890297                      /system/lib64/android.hardware.media.bufferpool2-V2-ndk.so
7dbc7f9000-7dbc7fb000 r--p 0001a000 fe:0c 175890297                      /system/lib64/android.hardware.media.bufferpool2-V2-ndk.so
7dbc7fb000-7dbc7fc000 rw-p 0001c000 fe:0c 175890297                      /system/lib64/android.hardware.media.bufferpool2-V2-ndk.so
7dbc823000-7dbc825000 r--p 00000000 fe:0c 179363063                      /system/lib64/android.hardware.common-V2-cpp.so
7dbc825000-7dbc828000 r-xp 00002000 fe:0c 179363063                      /system/lib64/android.hardware.common-V2-cpp.so
7dbc828000-7dbc829000 r--p 00005000 fe:0c 179363063                      /system/lib64/android.hardware.common-V2-cpp.so
7dbc829000-7dbc82a000 rw-p 00000000 00:00 0                              [anon:.bss]
7dbc876000-7dbc8dd000 r--p 00000000 07:28 41                             /apex/com.android.runtime/lib64/bionic/libc.so
7dbc8dd000-7dbc9a8000 r-xp 00067000 07:28 41                             /apex/com.android.runtime/lib64/bionic/libc.so
7dbc9a8000-7dbc9af000 r--p 00132000 07:28 41                             /apex/com.android.runtime/lib64/bionic/libc.so
7dbc9af000-7dbc9bf000 rw-p 00139000 07:28 41                             /apex/com.android.runtime/lib64/bionic/libc.so
7dbc9bf000-7dbcbd1000 rw-p 00000000 00:00 0                              [anon:.bss]
7dbcbd1000-7dbcbd2000 r--p 00000000 00:00 0                              [anon:.bss]
7dbcbd2000-7dbcbda000 rw-p 00000000 00:00 0                              [anon:.bss]
7dbcc00000-7dbf800000 ---p 00000000 00:00 0 
7dbf85d000-7dbf863000 r--p 00000000 fe:0c 209737340                      /system/lib64/libGLESv1_CM.so
7dbf863000-7dbf865000 r-xp 00006000 fe:0c 209737340                      /system/lib64/libGLESv1_CM.so
7dbf865000-7dbf866000 r--p 00008000 fe:0c 209737340                      /system/lib64/libGLESv1_CM.so
7dbf86d000-7dbf8a6000 rw-p 00000000 00:00 0                              [anon:scudo:secondary]
7dbf8a6000-7dbf8ac000 r--p 00000000 fe:0c 176824051                      /system/lib64/framework-permission-aidl-cpp.so
7dbf8ac000-7dbf8b0000 r-xp 00006000 fe:0c 176824051                      /system/lib64/framework-permission-aidl-cpp.so
7dbf8b0000-7dbf8b2000 r--p 0000a000 fe:0c 176824051                      /system/lib64/framework-permission-aidl-cpp.so
7dbf8b2000-7dbf8b3000 rw-p 0000c000 fe:0c 176824051                      /system/lib64/framework-permission-aidl-cpp.so
7dbf8d3000-7dbf8f2000 r--p 00000000 fe:0c 179390041                      /system/lib64/libcodec2_client.so
7dbf8f2000-7dbf927000 r-xp 0001f000 fe:0c 179390041                      /system/lib64/libcodec2_client.so
7dbf927000-7dbf92a000 r--p 00054000 fe:0c 179390041                      /system/lib64/libcodec2_client.so
7dbf92a000-7dbf92b000 rw-p 00000000 00:00 0                              [anon:.bss]
7dbf949000-7dbf958000 r--p 00000000 fe:0c 176866932                      /system/lib64/libbase.so
7dbf958000-7dbf976000 r-xp 0000f000 fe:0c 176866932                      /system/lib64/libbase.so
7dbf976000-7dbf977000 r--p 0002d000 fe:0c 176866932                      /system/lib64/libbase.so
7dbf977000-7dbf978000 rw-p 0002e000 fe:0c 176866932                      /system/lib64/libbase.so
7dbf983000-7dbf999000 r--p 00000000 fe:0c 209742726                      /system/lib64/libvulkan.so
7dbf999000-7dbf9b5000 r-xp 00016000 fe:0c 209742726                      /system/lib64/libvulkan.so
7dbf9b5000-7dbf9b8000 r--p 00032000 fe:0c 209742726                      /system/lib64/libvulkan.so
7dbf9b8000-7dbf9b9000 rw-p 00035000 fe:0c 209742726                      /system/lib64/libvulkan.so
7dbf9cb000-7dbf9cc000 r--p 00000000 fe:0c 201481717                      /system/lib64/aconfig_mediacodec_flags_c_lib.so
7dbf9cc000-7dbf9ce000 r-xp 00001000 fe:0c 201481717                      /system/lib64/aconfig_mediacodec_flags_c_lib.so
7dbf9ce000-7dbf9cf000 r--p 00003000 fe:0c 201481717                      /system/lib64/aconfig_mediacodec_flags_c_lib.so
7dbf9cf000-7dbf9d0000 rw-p 00000000 00:00 0                              [anon:.bss]
7dbfa07000-7dbfa0a000 r--p 00000000 fe:0c 178650597                      /system/lib64/android.companion.virtualdevice.flags-aconfig-cc.so
7dbfa0a000-7dbfa0d000 r-xp 00003000 fe:0c 178650597                      /system/lib64/android.companion.virtualdevice.flags-aconfig-cc.so
7dbfa0d000-7dbfa0e000 r--p 00006000 fe:0c 178650597                      /system/lib64/android.companion.virtualdevice.flags-aconfig-cc.so
7dbfa0e000-7dbfa0f000 rw-p 00000000 00:00 0                              [anon:.bss]
7dbfa10000-7dbfa64000 rw-p 00000000 00:00 0                              [anon:scudo:secondary]
7dbfa64000-7dbfa6e000 r--p 00000000 fe:0c 179244656                      /system/lib64/android.hardware.graphics.allocator@4.0.so
7dbfa6e000-7dbfa7a000 r-xp 0000a000 fe:0c 179244656                      /system/lib64/android.hardware.graphics.allocator@4.0.so
7dbfa7a000-7dbfa7c000 r--p 00016000 fe:0c 179244656                      /system/lib64/android.hardware.graphics.allocator@4.0.so
7dbfa7c000-7dbfa7d000 rw-p 00018000 fe:0c 179244656                      /system/lib64/android.hardware.graphics.allocator@4.0.so
7dbfa82000-7dbfabb000 rw-p 00000000 00:00 0                              [anon:scudo:secondary]
7dbfabb000-7dbfada000 r--p 00000000 fe:0c 209741625                      /system/lib64/libstagefright_omx.so
7dbfada000-7dbfb06000 r-xp 0001f000 fe:0c 209741625                      /system/lib64/libstagefright_omx.so
7dbfb06000-7dbfb0c000 r--p 0004b000 fe:0c 209741625                      /system/lib64/libstagefright_omx.so
7dbfb0c000-7dbfb11000 rw-p 00051000 fe:0c 209741625                      /system/lib64/libstagefright_omx.so
7dbfb56000-7dbfb81000 rw-p 00000000 00:00 0                              [anon:scudo:secondary]
7dbfb81000-7dbfb89000 r--p 00000000 fe:0c 187585276                      /system/lib64/libaconfig_storage_read_api_cc.so
7dbfb89000-7dbfb97000 r-xp 00008000 fe:0c 187585276                      /system/lib64/libaconfig_storage_read_api_cc.so
7dbfb97000-7dbfb99000 r--p 00016000 fe:0c 187585276                      /system/lib64/libaconfig_storage_read_api_cc.so
7dbfb99000-7dbfb9a000 rw-p 00018000 fe:0c 187585276                      /system/lib64/libaconfig_storage_read_api_cc.so
7dbfbc2000-7dbfbcf000 r--p 00000000 fe:0c 201448954                      /system/lib64/android.media.audio.common.types-V4-cpp.so
7dbfbcf000-7dbfbe3000 r-xp 0000d000 fe:0c 201448954                      /system/lib64/android.media.audio.common.types-V4-cpp.so
7dbfbe3000-7dbfbe5000 r--p 00021000 fe:0c 201448954                      /system/lib64/android.media.audio.common.types-V4-cpp.so
7dbfc00000-7dc1600000 ---p 00000000 00:00 0 
7dc164d000-7dc1666000 r--p 00000000 fe:0c 179363055                      /system/lib64/android.hardware.cas@1.0.so
7dc1666000-7dc1693000 r-xp 00019000 fe:0c 179363055                      /system/lib64/android.hardware.cas@1.0.so
7dc1693000-7dc1699000 r--p 00046000 fe:0c 179363055                      /system/lib64/android.hardware.cas@1.0.so
7dc1699000-7dc169a000 rw-p 0004c000 fe:0c 179363055                      /system/lib64/android.hardware.cas@1.0.so
7dc16c2000-7dc16ce000 r--p 00000000 fe:0c 176829049                      /system/lib64/android.hardware.graphics.mapper@3.0.so
7dc16ce000-7dc16dd000 r-xp 0000c000 fe:0c 176829049                      /system/lib64/android.hardware.graphics.mapper@3.0.so
7dc16dd000-7dc16df000 r--p 0001b000 fe:0c 176829049                      /system/lib64/android.hardware.graphics.mapper@3.0.so
7dc16df000-7dc16e0000 rw-p 0001d000 fe:0c 176829049                      /system/lib64/android.hardware.graphics.mapper@3.0.so
7dc1703000-7dc173e000 r--p 00000000 fe:0c 209738525                      /system/lib64/libharfbuzz_ng.so
7dc173e000-7dc17fd000 r-xp 0003b000 fe:0c 209738525                      /system/lib64/libharfbuzz_ng.so
7dc17fd000-7dc17fe000 r--p 000fa000 fe:0c 209738525                      /system/lib64/libharfbuzz_ng.so
7dc17fe000-7dc17ff000 rw-p 000fb000 fe:0c 209738525                      /system/lib64/libharfbuzz_ng.so
7dc1824000-7dc18f6000 r--p 00000000 fe:0c 209741568                      /system/lib64/libstagefright.so
7dc18f6000-7dc1ab8000 r-xp 000d2000 fe:0c 209741568                      /system/lib64/libstagefright.so
7dc1ab8000-7dc1ac9000 r--p 00294000 fe:0c 209741568                      /system/lib64/libstagefright.so
7dc1ac9000-7dc1aca000 rw-p 002a5000 fe:0c 209741568                      /system/lib64/libstagefright.so
7dc1aca000-7dc1acb000 rw-p 00000000 00:00 0                              [anon:.bss]
7dc1ad0000-7dc1b12000 rw-p 00000000 00:00 0                              [anon:scudo:secondary]
7dc1b12000-7dc1b1b000 r--p 00000000 fe:2f 102                            /apex/com.android.art/lib64/libnativeloader.so
7dc1b1b000-7dc1b33000 r-xp 00009000 fe:2f 102                            /apex/com.android.art/lib64/libnativeloader.so
7dc1b33000-7dc1b34000 r--p 00021000 fe:2f 102                            /apex/com.android.art/lib64/libnativeloader.so
7dc1b34000-7dc1b35000 rw-p 00000000 00:00 0                              [anon:.bss]
7dc1b4f000-7dc1b5a000 r--p 00000000 fe:0c 179363050                      /system/lib64/android.hardware.cas.native@1.0.so
7dc1b5a000-7dc1b67000 r-xp 0000b000 fe:0c 179363050                      /system/lib64/android.hardware.cas.native@1.0.so
7dc1b67000-7dc1b69000 r--p 00018000 fe:0c 179363050                      /system/lib64/android.hardware.cas.native@1.0.so
7dc1b69000-7dc1b6a000 rw-p 0001a000 fe:0c 179363050                      /system/lib64/android.hardware.cas.native@1.0.so
7dc1b6e000-7dc1bba000 rw-p 00000000 00:00 0                              [anon:scudo:secondary]
7dc1bba000-7dc1bbb000 r--p 00000000 fe:0c 178650600                      /system/lib64/android.database.sqlite-aconfig-cc.so
7dc1bbb000-7dc1bbc000 r-xp 00001000 fe:0c 178650600                      /system/lib64/android.database.sqlite-aconfig-cc.so
7dc1bbc000-7dc1bbd000 r--p 00002000 fe:0c 178650600                      /system/lib64/android.database.sqlite-aconfig-cc.so
7dc1bbd000-7dc1bbe000 rw-p 00000000 00:00 0                              [anon:.bss]
7dc1be0000-7dc1be6000 r--p 00000000 fe:0c 179055703                      /system/lib64/libdataloader.so
7dc1be6000-7dc1bf1000 r-xp 00006000 fe:0c 179055703                      /system/lib64/libdataloader.so
7dc1bf1000-7dc1bf2000 r--p 00011000 fe:0c 179055703                      /system/lib64/libdataloader.so
7dc1bf2000-7dc1bf3000 rw-p 00000000 00:00 0                              [anon:.bss]
7dc1c00000-7dc3600000 ---p 00000000 00:00 0 
7dc362f000-7dc364f000 rw-p 00000000 00:00 0                              [anon:dalvik-LinearAlloc]
7dc364f000-7dc365a000 r--p 00000000 fe:0c 176829039                      /system/lib64/android.hardware.graphics.mapper@2.0.so
7dc365a000-7dc3668000 r-xp 0000b000 fe:0c 176829039                      /system/lib64/android.hardware.graphics.mapper@2.0.so
7dc3668000-7dc366a000 r--p 00019000 fe:0c 176829039                      /system/lib64/android.hardware.graphics.mapper@2.0.so
7dc366a000-7dc366b000 rw-p 0001b000 fe:0c 176829039                      /system/lib64/android.hardware.graphics.mapper@2.0.so
7dc3670000-7dc3682000 rw-p 00000000 00:00 0                              [anon:scudo:secondary]
7dc3682000-7dc36ba000 r--p 00000000 fe:0c 177428464                      /system/lib64/libcamera_client.so
7dc36ba000-7dc3713000 r-xp 00038000 fe:0c 177428464                      /system/lib64/libcamera_client.so
7dc3713000-7dc3721000 r--p 00091000 fe:0c 177428464                      /system/lib64/libcamera_client.so
7dc3721000-7dc3722000 rw-p 0009f000 fe:0c 177428464                      /system/lib64/libcamera_client.so
7dc3746000-7dc374a000 r--p 00000000 fe:0c 179050350                      /system/lib64/capture_state_listener-aidl-cpp.so
7dc374a000-7dc374d000 r-xp 00004000 fe:0c 179050350                      /system/lib64/capture_state_listener-aidl-cpp.so
7dc374d000-7dc374f000 r--p 00007000 fe:0c 179050350                      /system/lib64/capture_state_listener-aidl-cpp.so
7dc374f000-7dc3750000 rw-p 00009000 fe:0c 179050350                      /system/lib64/capture_state_listener-aidl-cpp.so
7dc3788000-7dc3796000 r--p 00000000 fe:0c 179237220                      /system/lib64/android.hardware.configstore@1.0.so
7dc3796000-7dc37a9000 r-xp 0000e000 fe:0c 179237220                      /system/lib64/android.hardware.configstore@1.0.so
7dc37a9000-7dc37ac000 r--p 00021000 fe:0c 179237220                      /system/lib64/android.hardware.configstore@1.0.so
7dc37ac000-7dc37ad000 rw-p 00024000 fe:0c 179237220                      /system/lib64/android.hardware.configstore@1.0.so
7dc37b9000-7dc37cb000 rw-p 00000000 00:00 0                              [anon:scudo:secondary]
7dc37cb000-7dc37cc000 r--p 00000000 fe:0c 179363069                      /system/lib64/android.hardware.common.fmq-V1-cpp.so
7dc37cc000-7dc37ce000 r-xp 00001000 fe:0c 179363069                      /system/lib64/android.hardware.common.fmq-V1-cpp.so
7dc37ce000-7dc37cf000 r--p 00003000 fe:0c 179363069                      /system/lib64/android.hardware.common.fmq-V1-cpp.so
7dc37cf000-7dc37d0000 rw-p 00000000 00:00 0                              [anon:.bss]
7dc37d0000-7dc37f0000 rw-p 00000000 00:00 0                              [anon:dalvik-LinearAlloc]
7dc37f0000-7dc3830000 rw-s 7dc37f0000 00:01 2660273                      /kgsl-3d0 (deleted)
7dc3830000-7dc3862000 r--p 00000000 fe:0c 209741497                      /system/lib64/libsqlite.so
7dc3862000-7dc39a9000 r-xp 00032000 fe:0c 209741497                      /system/lib64/libsqlite.so
7dc39a9000-7dc39ac000 r--p 00179000 fe:0c 209741497                      /system/lib64/libsqlite.so
7dc39ac000-7dc39af000 rw-p 0017c000 fe:0c 209741497                      /system/lib64/libsqlite.so
7dc39af000-7dc39b0000 rw-p 00000000 00:00 0                              [anon:.bss]
7dc39c0000-7dc3a00000 rw-s 7dc39c0000 00:01 2660273                      /kgsl-3d0 (deleted)
7dc3a00000-7dc5200000 ---p 00000000 00:00 0 
7dc520d000-7dc5249000 rw-p 00000000 00:00 0                              [anon:scudo:secondary]
7dc5249000-7dc5283000 r--p 00000000 fe:0c 209739101                      /system/lib64/libmedia.so
7dc5283000-7dc52e4000 r-xp 0003a000 fe:0c 209739101                      /system/lib64/libmedia.so
7dc52e4000-7dc52f7000 r--p 0009b000 fe:0c 209739101                      /system/lib64/libmedia.so
7dc52f7000-7dc52f8000 rw-p 000ae000 fe:0c 209739101                      /system/lib64/libmedia.so
7dc5301000-7dc5309000 r--p 00000000 fe:0c 195691758                      /system/lib64/libexpat.so
7dc5309000-7dc5327000 r-xp 00008000 fe:0c 195691758                      /system/lib64/libexpat.so
7dc5327000-7dc5329000 r--p 00026000 fe:0c 195691758                      /system/lib64/libexpat.so
7dc5329000-7dc532a000 rw-p 00000000 00:00 0                              [anon:.bss]
7dc5349000-7dc5378000 r--p 00000000 fe:0c 209741908                      /system/lib64/libui.so
7dc5378000-7dc53b8000 r-xp 0002f000 fe:0c 209741908                      /system/lib64/libui.so
7dc53b8000-7dc53bb000 r--p 0006f000 fe:0c 209741908                      /system/lib64/libui.so
7dc53bb000-7dc53bd000 rw-p 00000000 00:00 0                              [anon:.bss]
7dc53ca000-7dc53d3000 r--p 00000000 fe:0c 209739075                      /system/lib64/liblzma.so
7dc53d3000-7dc53f1000 r-xp 00009000 fe:0c 209739075                      /system/lib64/liblzma.so
7dc53f1000-7dc53f2000 r--p 00027000 fe:0c 209739075                      /system/lib64/liblzma.so
7dc53f2000-7dc53f3000 rw-p 00028000 fe:0c 209739075                      /system/lib64/liblzma.so
7dc53f3000-7dc53fe000 rw-p 00000000 00:00 0                              [anon:.bss]
7dc5400000-7dc5412000 rw-p 00000000 00:00 0                              [anon:scudo:secondary]
7dc5412000-7dc5416000 r--p 00000000 fe:0c 187588221                      /system/lib64/android.hardware.graphics.common-V6-ndk.so
7dc5416000-7dc541a000 r-xp 00004000 fe:0c 187588221                      /system/lib64/android.hardware.graphics.common-V6-ndk.so
7dc541a000-7dc541b000 r--p 00008000 fe:0c 187588221                      /system/lib64/android.hardware.graphics.common-V6-ndk.so
7dc541b000-7dc541c000 rw-p 00009000 fe:0c 187588221                      /system/lib64/android.hardware.graphics.common-V6-ndk.so
7dc541f000-7dc5449000 rw-p 00000000 00:00 0                              [anon:scudo:secondary]
7dc5449000-7dc5458000 r--p 00000000 fe:0c 209743428                      /system/lib64/media_quality_aidl_interface-cpp.so
7dc5458000-7dc5467000 r-xp 0000f000 fe:0c 209743428                      /system/lib64/media_quality_aidl_interface-cpp.so
7dc5467000-7dc546c000 r--p 0001e000 fe:0c 209743428                      /system/lib64/media_quality_aidl_interface-cpp.so
7dc546c000-7dc546d000 rw-p 00023000 fe:0c 209743428                      /system/lib64/media_quality_aidl_interface-cpp.so
7dc54ba000-7dc54bc000 r--p 00000000 fe:0c 209739132                      /system/lib64/libmedia_omx_client.so
7dc54bc000-7dc54bf000 r-xp 00002000 fe:0c 209739132                      /system/lib64/libmedia_omx_client.so
7dc54bf000-7dc54c0000 r--p 00005000 fe:0c 209739132                      /system/lib64/libmedia_omx_client.so
7dc54d0000-7dc55d2000 r--p 00000000 07:40 36                             /apex/com.android.i18n/lib64/libicui18n.so
7dc55d2000-7dc5772000 r-xp 00102000 07:40 36                             /apex/com.android.i18n/lib64/libicui18n.so
7dc5772000-7dc5786000 r--p 002a2000 07:40 36                             /apex/com.android.i18n/lib64/libicui18n.so
7dc5786000-7dc5787000 rw-p 002b6000 07:40 36                             /apex/com.android.i18n/lib64/libicui18n.so
7dc5787000-7dc5788000 rw-p 00000000 00:00 0                              [anon:.bss]
7dc578d000-7dc579f000 rw-p 00000000 00:00 0                              [anon:scudo:secondary]
7dc57c0000-7dc5800000 rw-s 7dc57c0000 00:01 2660273                      /kgsl-3d0 (deleted)
7dc5800000-7dc6000000 ---p 00000000 00:00 0 
7dc602a000-7dc605b000 rw-p 00000000 00:00 0                              [anon:scudo:secondary]
7dc605b000-7dc60a6000 r--p 00000000 fe:0c 176816218                      /system/lib64/libbinder.so
7dc60a6000-7dc611b000 r-xp 0004b000 fe:0c 176816218                      /system/lib64/libbinder.so
7dc611b000-7dc612a000 r--p 000c0000 fe:0c 176816218                      /system/lib64/libbinder.so
7dc612a000-7dc612b000 rw-p 000cf000 fe:0c 176816218                      /system/lib64/libbinder.so
7dc6138000-7dc614a000 rw-p 00000000 00:00 0                              [anon:scudo:secondary]
7dc614a000-7dc6153000 r--p 00000000 fe:0c 209738215                      /system/lib64/libdmabufheap.so
7dc6153000-7dc6160000 r-xp 00009000 fe:0c 209738215                      /system/lib64/libdmabufheap.so
7dc6160000-7dc6161000 r--p 00016000 fe:0c 209738215                      /system/lib64/libdmabufheap.so
7dc6161000-7dc6162000 rw-p 00017000 fe:0c 209738215                      /system/lib64/libdmabufheap.so
7dc6172000-7dc619f000 rw-p 00000000 00:00 0                              [anon:scudo:secondary]
7dc619f000-7dc61ba000 r--p 00000000 fe:0c 176856299                      /system/lib64/audioflinger-aidl-cpp.so
7dc61ba000-7dc61f3000 r-xp 0001b000 fe:0c 176856299                      /system/lib64/audioflinger-aidl-cpp.so
7dc61f3000-7dc61fb000 r--p 00054000 fe:0c 176856299                      /system/lib64/audioflinger-aidl-cpp.so
7dc61fb000-7dc61fc000 rw-p 0005c000 fe:0c 176856299                      /system/lib64/audioflinger-aidl-cpp.so
7dc620d000-7dc621c000 r--p 00000000 fe:0c 175429859                      /system/lib64/libapexsupport.so
7dc621c000-7dc6232000 r-xp 0000f000 fe:0c 175429859                      /system/lib64/libapexsupport.so
7dc6232000-7dc6235000 r--p 00025000 fe:0c 175429859                      /system/lib64/libapexsupport.so
7dc6235000-7dc6236000 rw-p 00028000 fe:0c 175429859                      /system/lib64/libapexsupport.so
7dc624d000-7dc624e000 r--p 00000000 fe:0c 179233533                      /system/lib64/com.android.media.audioclient-aconfig-cc.so
7dc624e000-7dc6250000 r-xp 00001000 fe:0c 179233533                      /system/lib64/com.android.media.audioclient-aconfig-cc.so
7dc6250000-7dc6251000 r--p 00003000 fe:0c 179233533                      /system/lib64/com.android.media.audioclient-aconfig-cc.so
7dc6251000-7dc6252000 rw-p 00000000 00:00 0                              [anon:.bss]
7dc6260000-7dc6280000 rw-s 7dc6260000 00:01 2660273                      /kgsl-3d0 (deleted)
7dc6280000-7dc62a6000 r--p 00000000 fe:0c 179235428                      /system/lib64/android.hardware.drm@1.0.so
7dc62a6000-7dc62ec000 r-xp 00026000 fe:0c 179235428                      /system/lib64/android.hardware.drm@1.0.so
7dc62ec000-7dc62f4000 r--p 0006c000 fe:0c 179235428                      /system/lib64/android.hardware.drm@1.0.so
7dc62f4000-7dc62f5000 rw-p 00074000 fe:0c 179235428                      /system/lib64/android.hardware.drm@1.0.so
7dc62fa000-7dc6310000 rw-p 00000000 00:00 0                              [anon:scudo:secondary]
7dc6310000-7dc632d000 r--p 00000000 fe:0c 179372776                      /system/lib64/android.hardware.graphics.composer3-V4-ndk.so
7dc632d000-7dc6357000 r-xp 0001d000 fe:0c 179372776                      /system/lib64/android.hardware.graphics.composer3-V4-ndk.so
7dc6357000-7dc6359000 r--p 00047000 fe:0c 179372776                      /system/lib64/android.hardware.graphics.composer3-V4-ndk.so
7dc6359000-7dc635a000 rw-p 00049000 fe:0c 179372776                      /system/lib64/android.hardware.graphics.composer3-V4-ndk.so
7dc636d000-7dc638e000 rw-p 00000000 00:00 0                              [anon:scudo:secondary]
7dc638e000-7dc63ae000 rw-s 7dc638e000 00:01 2660273                      /kgsl-3d0 (deleted)
7dc63ae000-7dc63b4000 r--p 00000000 fe:0c 209742592                      /system/lib64/libvivoaudiopolicymanager.so
7dc63b4000-7dc63b8000 r-xp 00006000 fe:0c 209742592                      /system/lib64/libvivoaudiopolicymanager.so
7dc63b8000-7dc63ba000 r--p 0000a000 fe:0c 209742592                      /system/lib64/libvivoaudiopolicymanager.so
7dc63ba000-7dc63bb000 rw-p 0000c000 fe:0c 209742592                      /system/lib64/libvivoaudiopolicymanager.so
7dc63ca000-7dc63e5000 rw-p 00000000 00:00 0                              [anon:scudo:secondary]
7dc63e5000-7dc63ee000 r--p 00000000 fe:0c 209740283                      /system/lib64/libpermission.so
7dc63ee000-7dc63f5000 r-xp 00009000 fe:0c 209740283                      /system/lib64/libpermission.so
7dc63f5000-7dc63f8000 r--p 00010000 fe:0c 209740283                      /system/lib64/libpermission.so
7dc63f8000-7dc63f9000 rw-p 00013000 fe:0c 209740283                      /system/lib64/libpermission.so
7dc6400000-7dc8e00000 ---p 00000000 00:00 0 
7dc8e04000-7dc8e45000 rw-p 00000000 00:00 0                              [anon:scudo:secondary]
7dc8e45000-7dc8e52000 r--p 00000000 fe:0c 209739948                      /system/lib64/libmemunreachable.so
7dc8e52000-7dc8e7a000 r-xp 0000d000 fe:0c 209739948                      /system/lib64/libmemunreachable.so
7dc8e7a000-7dc8e7e000 r--p 00035000 fe:0c 209739948                      /system/lib64/libmemunreachable.so
7dc8e7e000-7dc8e7f000 rw-p 00039000 fe:0c 209739948                      /system/lib64/libmemunreachable.so
7dc8ea2000-7dc8ea4000 r--p 00000000 fe:0c 209741158                      /system/lib64/libspeexresampler.so
7dc8ea4000-7dc8ea7000 r-xp 00002000 fe:0c 209741158                      /system/lib64/libspeexresampler.so
7dc8ea7000-7dc8ea8000 r--p 00005000 fe:0c 209741158                      /system/lib64/libspeexresampler.so
7dc8ea8000-7dc8ea9000 rw-p 00000000 00:00 0                              [anon:.bss]
7dc8ed1000-7dc8ed2000 r--p 00000000 fe:0c 177425133                      /system/lib64/libcodec2.so
7dc8ed2000-7dc8ed3000 r-xp 00001000 fe:0c 177425133                      /system/lib64/libcodec2.so
7dc8ed3000-7dc8ed4000 r--p 00002000 fe:0c 177425133                      /system/lib64/libcodec2.so
7dc8f06000-7dc8f27000 rw-p 00000000 00:00 0                              [anon:scudo:secondary]
7dc8f27000-7dc8f2a000 r--p 00000000 fe:2f 109                            /apex/com.android.art/lib64/libsigchain.so
7dc8f2a000-7dc8f2f000 r-xp 00003000 fe:2f 109                            /apex/com.android.art/lib64/libsigchain.so
7dc8f2f000-7dc8f30000 r--p 00008000 fe:2f 109                            /apex/com.android.art/lib64/libsigchain.so
7dc8f30000-7dc8f32000 rw-p 00000000 00:00 0                              [anon:.bss]
7dc8f43000-7dc8f4b000 r--p 00000000 fe:0c 209743461                      /system/lib64/packagemanager_aidl-cpp.so
7dc8f4b000-7dc8f51000 r-xp 00008000 fe:0c 209743461                      /system/lib64/packagemanager_aidl-cpp.so
7dc8f51000-7dc8f53000 r--p 0000e000 fe:0c 209743461                      /system/lib64/packagemanager_aidl-cpp.so
7dc8f53000-7dc8f54000 rw-p 00010000 fe:0c 209743461                      /system/lib64/packagemanager_aidl-cpp.so
7dc8f5a000-7dc8f9c000 rw-p 00000000 00:00 0                              [anon:scudo:secondary]
7dc8f9c000-7dc8fa9000 r--p 00000000 fe:0c 179237225                      /system/lib64/android.hardware.configstore@1.1.so
7dc8fa9000-7dc8fb7000 r-xp 0000d000 fe:0c 179237225                      /system/lib64/android.hardware.configstore@1.1.so
7dc8fb7000-7dc8fba000 r--p 0001b000 fe:0c 179237225                      /system/lib64/android.hardware.configstore@1.1.so
7dc8fba000-7dc8fbb000 rw-p 0001e000 fe:0c 179237225                      /system/lib64/android.hardware.configstore@1.1.so
7dc8fcf000-7dc8ff0000 rw-p 00000000 00:00 0                              [anon:scudo:secondary]
7dc8ff0000-7dc8ff2000 r--p 00000000 fe:0c 179069914                      /system/lib64/libbattery.so
7dc8ff2000-7dc8ff3000 r-xp 00002000 fe:0c 179069914                      /system/lib64/libbattery.so
7dc8ff3000-7dc8ff4000 r--p 00003000 fe:0c 179069914                      /system/lib64/libbattery.so
7dc8ff5000-7dc9005000 rw-s 7dc8ff5000 00:01 2660273                      /kgsl-3d0 (deleted)
7dc9005000-7dc9019000 r--p 00000000 fe:0c 176820730                      /system/lib64/android.hardware.media.c2@1.1.so
7dc9019000-7dc9039000 r-xp 00014000 fe:0c 176820730                      /system/lib64/android.hardware.media.c2@1.1.so
7dc9039000-7dc903d000 r--p 00034000 fe:0c 176820730                      /system/lib64/android.hardware.media.c2@1.1.so
7dc903d000-7dc903e000 rw-p 00038000 fe:0c 176820730                      /system/lib64/android.hardware.media.c2@1.1.so
7dc9040000-7dc9050000 rw-s 7dc9040000 00:01 2660273                      /kgsl-3d0 (deleted)
7dc9050000-7dc905e000 r--p 00000000 fe:0c 209742094                      /system/lib64/libutils.so
7dc905e000-7dc906f000 r-xp 0000e000 fe:0c 209742094                      /system/lib64/libutils.so
7dc906f000-7dc9070000 r--p 0001f000 fe:0c 209742094                      /system/lib64/libutils.so
7dc9070000-7dc9071000 rw-p 00020000 fe:0c 209742094                      /system/lib64/libutils.so
7dc9080000-7dc90aa000 rw-p 00000000 00:00 0                              [anon:scudo:secondary]
7dc90aa000-7dc92b4000 r--p 00000000 fe:0c 209738624                      /system/lib64/libhwui.so
7dc92b4000-7dc94aa000 ---p 00000000 00:00 0 
7dc94aa000-7dc9bff000 r-xp 00400000 fe:0c 209738624                      /system/lib64/libhwui.so
7dc9bff000-7dc9caa000 ---p 00000000 00:00 0 
7dc9caa000-7dc9cdd000 r--p 00c00000 fe:0c 209738624                      /system/lib64/libhwui.so
7dc9cdd000-7dc9eaa000 ---p 00000000 00:00 0 
7dc9eaa000-7dc9eac000 rw-p 00e00000 fe:0c 209738624                      /system/lib64/libhwui.so
7dc9eac000-7dc9eb6000 rw-p 00000000 00:00 0                              [anon:.bss]
7dc9ec6000-7dc9ee6000 rw-s 7dc9ec6000 00:01 2660273                      /kgsl-3d0 (deleted)
7dc9ee6000-7dc9f06000 rw-p 00000000 00:00 0                              [anon:scudo:secondary]
7dc9f06000-7dc9f10000 r--p 00000000 fe:0c 209742019                      /system/lib64/libtinyxml2.so
7dc9f10000-7dc9f23000 r-xp 0000a000 fe:0c 209742019                      /system/lib64/libtinyxml2.so
7dc9f23000-7dc9f24000 r--p 0001d000 fe:0c 209742019                      /system/lib64/libtinyxml2.so
7dc9f24000-7dc9f25000 rw-p 0001e000 fe:0c 209742019                      /system/lib64/libtinyxml2.so
7dc9f3c000-7dc9f4d000 rw-p 00000000 00:00 0                              [anon:scudo:secondary]
7dc9f4d000-7dc9f50000 r--p 00000000 fe:0c 209742617                      /system/lib64/libvivofmkmedialogctrl.so
7dc9f50000-7dc9f5c000 r-xp 00003000 fe:0c 209742617                      /system/lib64/libvivofmkmedialogctrl.so
7dc9f5c000-7dc9f5d000 r--p 0000f000 fe:0c 209742617                      /system/lib64/libvivofmkmedialogctrl.so
7dc9f5d000-7dc9f5e000 rw-p 00000000 00:00 0                              [anon:.bss]
7dc9f60000-7dc9f64000 ---p 00000000 00:00 0 
7dc9f64000-7dc9f8e000 rw-p 00000000 00:00 0                              [anon:stack_and_tls:13743]
7dc9f8e000-7dc9f8f000 ---p 00000000 00:00 0 
7dc9f8f000-7dc9f97000 r--p 00000000 fe:0c 209739032                      /system/lib64/liblog.so
7dc9f97000-7dc9fa8000 r-xp 00008000 fe:0c 209739032                      /system/lib64/liblog.so
7dc9fa8000-7dc9fa9000 r--p 00019000 fe:0c 209739032                      /system/lib64/liblog.so
7dc9fa9000-7dc9faa000 rw-p 0001a000 fe:0c 209739032                      /system/lib64/liblog.so
7dc9fb9000-7dc9fca000 rw-p 00000000 00:00 0                              [anon:scudo:secondary]
7dc9fca000-7dc9fcd000 r--p 00000000 fe:0c 209741563                      /system/lib64/libstagefright_omx_utils.so
7dc9fcd000-7dc9fd0000 r-xp 00003000 fe:0c 209741563                      /system/lib64/libstagefright_omx_utils.so
7dc9fd0000-7dc9fd1000 r--p 00006000 fe:0c 209741563                      /system/lib64/libstagefright_omx_utils.so
7dc9fd1000-7dc9fd2000 rw-p 00000000 00:00 0                              [anon:.bss]
7dc9fe3000-7dca000000 rw-p 00000000 00:00 0                              [anon:scudo:secondary]
7dca000000-7dcae00000 ---p 00000000 00:00 0 
7dcae08000-7dcae29000 rw-p 00000000 00:00 0                              [anon:scudo:secondary]
7dcae2b000-7dcae5b000 rw-p 00000000 00:00 0                              [anon:scudo:secondary]
7dcae5b000-7dcae64000 r--p 00000000 fe:0c 179390067                      /system/lib64/libcodec2_hidl_client@1.0.so
7dcae64000-7dcae75000 r-xp 00009000 fe:0c 179390067                      /system/lib64/libcodec2_hidl_client@1.0.so
7dcae75000-7dcae76000 r--p 0001a000 fe:0c 179390067                      /system/lib64/libcodec2_hidl_client@1.0.so
7dcae76000-7dcae77000 rw-p 00000000 00:00 0                              [anon:.bss]
7dcae86000-7dcaea3000 rw-p 00000000 00:00 0                              [anon:scudo:secondary]
7dcaea3000-7dcaea5000 r--p 00000000 fe:0c 201448932                      /system/lib64/android.hidl.token@1.0-utils.so
7dcaea5000-7dcaea6000 r-xp 00002000 fe:0c 201448932                      /system/lib64/android.hidl.token@1.0-utils.so
7dcaea6000-7dcaea7000 r--p 00003000 fe:0c 201448932                      /system/lib64/android.hidl.token@1.0-utils.so
7dcaea7000-7dcaea8000 rw-p 00000000 00:00 0                              [anon:.bss]
7dcaeb4000-7dcaecd000 rw-p 00000000 00:00 0                              [anon:scudo:secondary]
7dcaecd000-7dcaee1000 r--p 00000000 fe:0c 176866906                      /system/lib64/libaudioutils.so
7dcaee1000-7dcaf1f000 r-xp 00014000 fe:0c 176866906                      /system/lib64/libaudioutils.so
7dcaf1f000-7dcaf21000 r--p 00052000 fe:0c 176866906                      /system/lib64/libaudioutils.so
7dcaf21000-7dcaf22000 rw-p 00000000 00:00 0                              [anon:.bss]
7dcaf31000-7dcaf51000 rw-s 7dcaf31000 00:01 2660273                      /kgsl-3d0 (deleted)
7dcaf51000-7dcaf59000 r--p 00000000 fe:0c 209740056                      /system/lib64/libnetdutils.so
7dcaf59000-7dcaf68000 r-xp 00008000 fe:0c 209740056                      /system/lib64/libnetdutils.so
7dcaf68000-7dcaf69000 r--p 00017000 fe:0c 209740056                      /system/lib64/libnetdutils.so
7dcaf69000-7dcaf6a000 rw-p 00000000 00:00 0                              [anon:.bss]
7dcaf81000-7dcafa2000 rw-p 00000000 00:00 0                              [anon:scudo:secondary]
7dcafa2000-7dcafbd000 r--p 00000000 fe:0c 209739616                      /system/lib64/libmediandk.so
7dcafbd000-7dcafe3000 r-xp 0001b000 fe:0c 209739616                      /system/lib64/libmediandk.so
7dcafe3000-7dcafe5000 r--p 00041000 fe:0c 209739616                      /system/lib64/libmediandk.so
7dcafe5000-7dcafe6000 rw-p 00043000 fe:0c 209739616                      /system/lib64/libmediandk.so
7dcafe7000-7dcb02f000 rw-p 00000000 00:00 0                              [anon:scudo:secondary]
7dcb02f000-7dcb032000 r--p 00000000 fe:0c 179055715                      /system/lib64/libdebuggerd_client.so
7dcb032000-7dcb036000 r-xp 00003000 fe:0c 179055715                      /system/lib64/libdebuggerd_client.so
7dcb036000-7dcb037000 r--p 00007000 fe:0c 179055715                      /system/lib64/libdebuggerd_client.so
7dcb04b000-7dcb05c000 rw-p 00000000 00:00 0                              [anon:scudo:secondary]
7dcb05c000-7dcb06a000 r--p 00000000 fe:0c 209739328                      /system/lib64/libjpeg.so
7dcb06a000-7dcb0b0000 r-xp 0000e000 fe:0c 209739328                      /system/lib64/libjpeg.so
7dcb0b0000-7dcb0b1000 r--p 00054000 fe:0c 209739328                      /system/lib64/libjpeg.so
7dcb0bf000-7dcb0cf000 rw-s 7dcb0bf000 00:01 2660273                      /kgsl-3d0 (deleted)
7dcb0cf000-7dcb0e2000 r--p 00000000 fe:0c 209738544                      /system/lib64/libharfbuzz_subset.so
7dcb0e2000-7dcb1bc000 r-xp 00013000 fe:0c 209738544                      /system/lib64/libharfbuzz_subset.so
7dcb1bc000-7dcb1bd000 r--p 000ed000 fe:0c 209738544                      /system/lib64/libharfbuzz_subset.so
7dcb1bd000-7dcb1be000 rw-p 000ee000 fe:0c 209738544                      /system/lib64/libharfbuzz_subset.so
7dcb1be000-7dcb1ce000 rw-s 7dcb1be000 00:01 2660273                      /kgsl-3d0 (deleted)
7dcb1d6000-7dcb1eb000 rw-p 00000000 00:00 0                              [anon:scudo:secondary]
7dcb200000-7dcc400000 ---p 00000000 00:00 0 
7dcc408000-7dcc41e000 rw-p 00000000 00:00 0                              [anon:scudo:secondary]
7dcc420000-7dcc451000 rw-p 00000000 00:00 0                              [anon:scudo:secondary]
7dcc451000-7dcc453000 r--p 00000000 fe:0c 201450621                      /system/lib64/libfmq.so
7dcc453000-7dcc455000 r-xp 00002000 fe:0c 201450621                      /system/lib64/libfmq.so
7dcc455000-7dcc456000 r--p 00004000 fe:0c 201450621                      /system/lib64/libfmq.so
7dcc456000-7dcc457000 rw-p 00000000 00:00 0                              [anon:.bss]
7dcc468000-7dcc49b000 rw-p 00000000 00:00 0                              [anon:scudo:secondary]
7dcc49b000-7dcc513000 r--p 00000000 fe:0c 177429722                      /system/lib64/libc++.so
7dcc513000-7dcc516000 ---p 00000000 00:00 0 
7dcc516000-7dcc596000 r-xp 00077000 fe:0c 177429722                      /system/lib64/libc++.so
7dcc596000-7dcc599000 ---p 00000000 00:00 0 
7dcc599000-7dcc5a1000 r--p 000f6000 fe:0c 177429722                      /system/lib64/libc++.so
7dcc5a1000-7dcc5a4000 ---p 00000000 00:00 0 
7dcc5a4000-7dcc5a5000 rw-p 000fd000 fe:0c 177429722                      /system/lib64/libc++.so
7dcc5a5000-7dcc5ad000 rw-p 00000000 00:00 0                              [anon:.bss]
7dcc5b3000-7dcc5c3000 rw-s 7dcc5b3000 00:01 2660273                      /kgsl-3d0 (deleted)
7dcc5c3000-7dcc5db000 rw-p 00000000 00:00 0                              [anon:scudo:secondary]
7dcc5db000-7dcc5e3000 r--p 00000000 fe:0c 209740880                      /system/lib64/libselinux.so
7dcc5e3000-7dcc5f4000 r-xp 00008000 fe:0c 209740880                      /system/lib64/libselinux.so
7dcc5f4000-7dcc5f5000 r--p 00019000 fe:0c 209740880                      /system/lib64/libselinux.so
7dcc5f5000-7dcc5f6000 rw-p 0001a000 fe:0c 209740880                      /system/lib64/libselinux.so
7dcc5f6000-7dcc5f7000 rw-p 00000000 00:00 0                              [anon:.bss]
7dcc5fb000-7dcc60b000 rw-s 7dcc5fb000 00:01 2660273                      /kgsl-3d0 (deleted)
7dcc60b000-7dcc627000 r--p 00000000 fe:0c 209740527                      /system/lib64/libprocessgroup.so
7dcc627000-7dcc662000 r-xp 0001c000 fe:0c 209740527                      /system/lib64/libprocessgroup.so
7dcc662000-7dcc664000 r--p 00057000 fe:0c 209740527                      /system/lib64/libprocessgroup.so
7dcc664000-7dcc665000 rw-p 00000000 00:00 0                              [anon:.bss]
7dcc667000-7dcc677000 rw-s 7dcc667000 00:01 2660273                      /kgsl-3d0 (deleted)
7dcc678000-7dcc6b6000 rw-p 00000000 00:00 0                              [anon:scudo:secondary]
7dcc6b6000-7dcc6c6000 rw-s 7dcc6b6000 00:01 2660273                      /kgsl-3d0 (deleted)
7dcc6c6000-7dcc6c7000 ---p 00000000 00:00 0 
7dcc6c7000-7dcc6cf000 rw-p 00000000 00:00 0                              [anon:thread signal stack]
7dcc6cf000-7dcc6fb000 r--p 00000000 fe:0c 209737821                      /system/lib64/libft2.so
7dcc6fb000-7dcc761000 r-xp 0002c000 fe:0c 209737821                      /system/lib64/libft2.so
7dcc761000-7dcc766000 r--p 00092000 fe:0c 209737821                      /system/lib64/libft2.so
7dcc76a000-7dcc7aa000 rw-p 00000000 00:00 0                              [anon:dalvik-LinearAlloc]
7dcc7aa000-7dcc7b0000 r--p 00000000 fe:0c 176856295                      /system/lib64/audioclient-types-aidl-cpp.so
7dcc7b0000-7dcc7bb000 r-xp 00006000 fe:0c 176856295                      /system/lib64/audioclient-types-aidl-cpp.so
7dcc7bb000-7dcc7bc000 r--p 00011000 fe:0c 176856295                      /system/lib64/audioclient-types-aidl-cpp.so
7dcc7be000-7dcc7bf000 ---p 00000000 00:00 0 
7dcc7bf000-7dcc7c7000 rw-p 00000000 00:00 0                              [anon:thread signal stack]
7dcc7cd000-7dcc7e9000 rw-p 00000000 00:00 0                              [anon:scudo:secondary]
7dcc7e9000-7dcc7ea000 r--p 00000000 fe:0c 178290300                      /system/lib64/libandroid_runtime_lazy.so
7dcc7ea000-7dcc7eb000 r-xp 00001000 fe:0c 178290300                      /system/lib64/libandroid_runtime_lazy.so
7dcc7eb000-7dcc7ec000 r--p 00002000 fe:0c 178290300                      /system/lib64/libandroid_runtime_lazy.so
7dcc7ec000-7dcc7ed000 rw-p 00000000 00:00 0                              [anon:.bss]
7dcc7ef000-7dcc800000 rw-p 00000000 00:00 0                              [anon:scudo:secondary]
7dcc800000-7dcce00000 ---p 00000000 00:00 0 
7dcce07000-7dcce70000 rw-p 00000000 00:00 0                              [anon:scudo:secondary]
7dcce70000-7dcce72000 r--p 00000000 fe:0c 209739336                      /system/lib64/libjpegdecoder.so
7dcce72000-7dcce74000 r-xp 00002000 fe:0c 209739336                      /system/lib64/libjpegdecoder.so
7dcce74000-7dcce75000 r--p 00004000 fe:0c 209739336                      /system/lib64/libjpegdecoder.so
7dcce7a000-7dcce7b000 ---p 00000000 00:00 0 
7dcce7b000-7dcce83000 rw-p 00000000 00:00 0                              [anon:thread signal stack]
7dcce83000-7dcce84000 r--p 00000000 fe:0c 179372773                      /system/lib64/android.hardware.graphics.common@1.2.so
7dcce84000-7dcce86000 r-xp 00001000 fe:0c 179372773                      /system/lib64/android.hardware.graphics.common@1.2.so
7dcce86000-7dcce87000 r--p 00003000 fe:0c 179372773                      /system/lib64/android.hardware.graphics.common@1.2.so
7dcce87000-7dcce88000 rw-p 00000000 00:00 0                              [anon:.bss]
7dcce8b000-7dcce8c000 ---p 00000000 00:00 0 
7dcce8c000-7dcce94000 rw-p 00000000 00:00 0                              [anon:thread signal stack]
7dcce95000-7dccea5000 rw-s 7dcce95000 00:01 2660273                      /kgsl-3d0 (deleted)
7dccea5000-7dccec7000 rw-p 00000000 00:00 0                              [anon:scudo:secondary]
7dccec7000-7dccecb000 r--p 00000000 fe:0c 209738601                      /system/lib64/libhidlmemory.so
7dccecb000-7dccecd000 r-xp 00004000 fe:0c 209738601                      /system/lib64/libhidlmemory.so
7dccecd000-7dccece000 r--p 00006000 fe:0c 209738601                      /system/lib64/libhidlmemory.so
7dccece000-7dccecf000 rw-p 00000000 00:00 0                              [anon:.bss]
7dccecf000-7dcced0000 ---p 00000000 00:00 0 
7dcced0000-7dcced8000 rw-p 00000000 00:00 0                              [anon:thread signal stack]
7dcceda000-7dcceea000 rw-s 7dcceda000 00:01 2660273                      /kgsl-3d0 (deleted)
7dcceea000-7dccf03000 rw-p 00000000 00:00 0                              [anon:scudo:secondary]
7dccf0e000-7dccf26000 rw-p 00000000 00:00 0                              [anon:scudo:secondary]
7dccf26000-7dccf2f000 r--p 00000000 fe:0c 209741524                      /system/lib64/libstagefright_bufferqueue_helper.so
7dccf2f000-7dccf3e000 r-xp 00009000 fe:0c 209741524                      /system/lib64/libstagefright_bufferqueue_helper.so
7dccf3e000-7dccf3f000 r--p 00018000 fe:0c 209741524                      /system/lib64/libstagefright_bufferqueue_helper.so
7dccf3f000-7dccf40000 rw-p 00000000 00:00 0                              [anon:.bss]
7dccf42000-7dccf52000 rw-s 7dccf42000 00:01 2660273                      /kgsl-3d0 (deleted)
7dccf52000-7dccf6c000 r--p 00000000 fe:0c 209742825                      /system/lib64/libwilhelm.so
7dccf6c000-7dccf90000 r-xp 0001a000 fe:0c 209742825                      /system/lib64/libwilhelm.so
7dccf90000-7dccf95000 r--p 0003e000 fe:0c 209742825                      /system/lib64/libwilhelm.so
7dccf95000-7dccf96000 rw-p 00000000 00:00 0                              [anon:.bss]
7dccf98000-7dccf99000 ---p 00000000 00:00 0 
7dccf99000-7dccfa1000 rw-p 00000000 00:00 0                              [anon:thread signal stack]
7dccfa2000-7dccfc6000 rw-p 00000000 00:00 0                              [anon:scudo:secondary]
7dccfc6000-7dccfc7000 r--p 00000000 fe:0c 176841085                      /system/lib64/android.hardware.media@1.0.so
7dccfc7000-7dccfc9000 r-xp 00001000 fe:0c 176841085                      /system/lib64/android.hardware.media@1.0.so
7dccfc9000-7dccfca000 r--p 00003000 fe:0c 176841085                      /system/lib64/android.hardware.media@1.0.so
7dccfcb000-7dcd01b000 rw-p 00000000 00:00 0                              [anon:scudo:secondary]
7dcd01b000-7dcd01d000 r--p 00000000 fe:0c 209740544                      /system/lib64/libprocinfo.so
7dcd01d000-7dcd01e000 r-xp 00002000 fe:0c 209740544                      /system/lib64/libprocinfo.so
7dcd01e000-7dcd01f000 r--p 00003000 fe:0c 209740544                      /system/lib64/libprocinfo.so
7dcd026000-7dcd027000 ---p 00000000 00:00 0 
7dcd027000-7dcd02f000 rw-p 00000000 00:00 0                              [anon:thread signal stack]
7dcd02f000-7dcd040000 rw-p 00000000 00:00 0                              [anon:scudo:secondary]
7dcd040000-7dcd06b000 r--p 00000000 fe:0c 179235446                      /system/lib64/android.hardware.drm@1.2.so
7dcd06b000-7dcd0aa000 r-xp 0002b000 fe:0c 179235446                      /system/lib64/android.hardware.drm@1.2.so
7dcd0aa000-7dcd0b4000 r--p 0006a000 fe:0c 179235446                      /system/lib64/android.hardware.drm@1.2.so
7dcd0b4000-7dcd0b5000 rw-p 00074000 fe:0c 179235446                      /system/lib64/android.hardware.drm@1.2.so
7dcd0b8000-7dcd0b9000 ---p 00000000 00:00 0 
7dcd0b9000-7dcd0c1000 rw-p 00000000 00:00 0                              [anon:thread signal stack]
7dcd0c1000-7dcd0d2000 rw-p 00000000 00:00 0                              [anon:scudo:secondary]
7dcd0d2000-7dcd0ec000 r--p 00000000 fe:0c 179055718                      /system/lib64/libdebugstore_cxx.so
7dcd0ec000-7dcd0fd000 r-xp 0001a000 fe:0c 179055718                      /system/lib64/libdebugstore_cxx.so
7dcd0fd000-7dcd0ff000 r--p 0002b000 fe:0c 179055718                      /system/lib64/libdebugstore_cxx.so
7dcd0ff000-7dcd100000 rw-p 0002d000 fe:0c 179055718                      /system/lib64/libdebugstore_cxx.so
7dcd107000-7dcd12b000 rw-p 00000000 00:00 0                              [anon:scudo:secondary]
7dcd12b000-7dcd14e000 r--p 00000000 fe:0c 209743376                      /system/lib64/libyuv.so
7dcd14e000-7dcd1ab000 r-xp 00023000 fe:0c 209743376                      /system/lib64/libyuv.so
7dcd1ab000-7dcd1ad000 r--p 00080000 fe:0c 209743376                      /system/lib64/libyuv.so
7dcd1ad000-7dcd1ae000 rw-p 00082000 fe:0c 209743376                      /system/lib64/libyuv.so
7dcd1b6000-7dcd200000 rw-p 00000000 00:00 0                              [anon:scudo:secondary]
7dcd200000-7dcee00000 ---p 00000000 00:00 0 
7dcee06000-7dcee07000 ---p 00000000 00:00 0 
7dcee07000-7dcee0f000 rw-p 00000000 00:00 0                              [anon:thread signal stack]
7dcee10000-7dcee21000 rw-p 00000000 00:00 0                              [anon:scudo:secondary]
7dcee2b000-7dcee42000 rw-p 00000000 00:00 0                              [anon:scudo:secondary]
7dcee42000-7dcee62000 rw-s 7dcee42000 00:01 2660273                      /kgsl-3d0 (deleted)
7dcee62000-7dcee63000 r--p 00000000 fe:0c 209737976                      /system/lib64/libhardware.so
7dcee63000-7dcee64000 r-xp 00001000 fe:0c 209737976                      /system/lib64/libhardware.so
7dcee64000-7dcee65000 r--p 00002000 fe:0c 209737976                      /system/lib64/libhardware.so
7dcee67000-7dceeb6000 rw-p 00000000 00:00 0                              [anon:scudo:secondary]
7dceeb6000-7dceeba000 r--p 00000000 fe:0c 176839156                      /system/lib64/libVGT.so
7dceeba000-7dceebd000 r-xp 00004000 fe:0c 176839156                      /system/lib64/libVGT.so
7dceebd000-7dceebe000 r--p 00007000 fe:0c 176839156                      /system/lib64/libVGT.so
7dceebe000-7dceebf000 rw-p 00008000 fe:0c 176839156                      /system/lib64/libVGT.so
7dceec1000-7dceec2000 r--p 00000000 fe:0c 209738877                      /system/lib64/libion.so
7dceec2000-7dceec4000 r-xp 00001000 fe:0c 209738877                      /system/lib64/libion.so
7dceec4000-7dceec5000 r--p 00003000 fe:0c 209738877                      /system/lib64/libion.so
7dceec5000-7dceec6000 rw-p 00000000 00:00 0                              [anon:.bss]
7dceec6000-7dceece000 rw-s 00000000 00:09 607847                         /dmabuf:
7dceece000-7dceecf000 ---p 00000000 00:00 0 
7dceecf000-7dceed7000 rw-p 00000000 00:00 0                              [anon:thread signal stack]
7dceed7000-7dceed8000 ---p 00000000 00:00 0 
7dceed8000-7dceee0000 rw-p 00000000 00:00 0                              [anon:thread signal stack]
7dceee0000-7dceee1000 ---p 00000000 00:00 0 
7dceee1000-7dceee9000 rw-p 00000000 00:00 0                              [anon:thread signal stack]
7dceee9000-7dceeea000 ---p 00000000 00:00 0 
7dceeea000-7dceef2000 rw-p 00000000 00:00 0                              [anon:thread signal stack]
7dceef2000-7dceef3000 ---p 00000000 00:00 0 
7dceef3000-7dceefb000 rw-p 00000000 00:00 0                              [anon:thread signal stack]
7dceefb000-7dceefc000 ---p 00000000 00:00 0 
7dceefc000-7dcef04000 rw-p 00000000 00:00 0                              [anon:thread signal stack]
7dcef04000-7dcef18000 r--p 00000000 fe:0c 209740046                      /system/lib64/libnblog.so
7dcef18000-7dcef3a000 r-xp 00014000 fe:0c 209740046                      /system/lib64/libnblog.so
7dcef3a000-7dcef3c000 r--p 00036000 fe:0c 209740046                      /system/lib64/libnblog.so
7dcef3c000-7dcef3d000 rw-p 00000000 00:00 0                              [anon:.bss]
7dcef43000-7dcef52000 r--p 00000000 fe:0c 209739410                      /system/lib64/libmedia_quality_include.so
7dcef52000-7dcef61000 r-xp 0000f000 fe:0c 209739410                      /system/lib64/libmedia_quality_include.so
7dcef61000-7dcef66000 r--p 0001e000 fe:0c 209739410                      /system/lib64/libmedia_quality_include.so
7dcef66000-7dcef67000 rw-p 00023000 fe:0c 209739410                      /system/lib64/libmedia_quality_include.so
7dcef67000-7dcef8b000 rw-p 00000000 00:00 0                              [anon:scudo:secondary]
7dcef8b000-7dcef90000 r--p 00000000 fe:0c 179050335                      /system/lib64/av-types-aidl-cpp.so
7dcef90000-7dcef93000 r-xp 00005000 fe:0c 179050335                      /system/lib64/av-types-aidl-cpp.so
7dcef93000-7dcef95000 r--p 00008000 fe:0c 179050335                      /system/lib64/av-types-aidl-cpp.so
7dcef95000-7dcef96000 rw-p 0000a000 fe:0c 179050335                      /system/lib64/av-types-aidl-cpp.so
7dcef9e000-7dcefc3000 rw-p 00000000 00:00 0                              [anon:scudo:secondary]
7dcefc3000-7dcefc4000 r--p 00000000 fe:0c 209741056                      /system/lib64/libshmemutil.so
7dcefc4000-7dcefc6000 r-xp 00001000 fe:0c 209741056                      /system/lib64/libshmemutil.so
7dcefc6000-7dcefc7000 r--p 00003000 fe:0c 209741056                      /system/lib64/libshmemutil.so
7dcefcc000-7dcefcd000 ---p 00000000 00:00 0 
7dcefcd000-7dcefd5000 rw-p 00000000 00:00 0                              [anon:thread signal stack]
7dcefd5000-7dcefe9000 rw-p 00000000 00:00 0                              [anon:scudo:secondary]
7dceff1000-7dcf00a000 rw-p 00000000 00:00 0                              [anon:scudo:secondary]
7dcf00a000-7dcf034000 r--p 00000000 fe:0c 179238627                      /system/lib64/android.hardware.media.omx@1.0.so
7dcf034000-7dcf083000 r-xp 0002a000 fe:0c 179238627                      /system/lib64/android.hardware.media.omx@1.0.so
7dcf083000-7dcf08d000 r--p 00079000 fe:0c 179238627                      /system/lib64/android.hardware.media.omx@1.0.so
7dcf08d000-7dcf08e000 rw-p 00083000 fe:0c 179238627                      /system/lib64/android.hardware.media.omx@1.0.so
7dcf091000-7dcf10a000 r--p 00000000 fe:0c 179081971                      /system/framework/org.apache.http.legacy.jar
7dcf10a000-7dcf113000 r--p 00000000 fe:0c 195697645                      /system/lib64/libcutils.so
7dcf113000-7dcf11e000 r-xp 00009000 fe:0c 195697645                      /system/lib64/libcutils.so
7dcf11e000-7dcf120000 r--p 00014000 fe:0c 195697645                      /system/lib64/libcutils.so
7dcf120000-7dcf121000 rw-p 00016000 fe:0c 195697645                      /system/lib64/libcutils.so
7dcf121000-7dcf129000 rw-s 7dcf121000 00:01 2660273                      /kgsl-3d0 (deleted)
7dcf129000-7dcf12a000 ---p 00000000 00:00 0 
7dcf12a000-7dcf132000 rw-p 00000000 00:00 0                              [anon:thread signal stack]
7dcf132000-7dcf13a000 rw-s 00000000 00:09 607849                         /dmabuf:
7dcf13a000-7dcf157000 rw-p 00000000 00:00 0                              [anon:scudo:secondary]
7dcf157000-7dcf159000 r--p 00000000 fe:0c 209739942                      /system/lib64/libmemtrack.so
7dcf159000-7dcf15b000 r-xp 00002000 fe:0c 209739942                      /system/lib64/libmemtrack.so
7dcf15b000-7dcf15c000 r--p 00004000 fe:0c 209739942                      /system/lib64/libmemtrack.so
7dcf15c000-7dcf15d000 rw-p 00000000 00:00 0                              [anon:.bss]
7dcf15e000-7dcf15f000 ---p 00000000 00:00 0 
7dcf15f000-7dcf167000 rw-p 00000000 00:00 0                              [anon:thread signal stack]
7dcf16d000-7dcf194000 rw-p 00000000 00:00 0                              [anon:scudo:secondary]
7dcf194000-7dcf195000 r--p 00000000 07:28 43                             /apex/com.android.runtime/lib64/bionic/libdl.so
7dcf195000-7dcf196000 rwxp 00001000 07:28 43                             /apex/com.android.runtime/lib64/bionic/libdl.so
7dcf196000-7dcf197000 r--p 00002000 07:28 43                             /apex/com.android.runtime/lib64/bionic/libdl.so
7dcf197000-7dcf198000 r--p 00000000 00:00 0                              [anon:.bss]
7dcf19f000-7dcf1a0000 ---p 00000000 00:00 0 
7dcf1a0000-7dcf1a8000 rw-p 00000000 00:00 0                              [anon:thread signal stack]
7dcf1a8000-7dcf1a9000 ---p 00000000 00:00 0 
7dcf1a9000-7dcf1b1000 rw-p 00000000 00:00 0                              [anon:thread signal stack]
7dcf1b6000-7dcf1cc000 rw-p 00000000 00:00 0                              [anon:scudo:secondary]
7dcf1cc000-7dcf1ce000 r--p 00000000 fe:0c 209741945                      /system/lib64/libusbhost.so
7dcf1ce000-7dcf1d1000 r-xp 00002000 fe:0c 209741945                      /system/lib64/libusbhost.so
7dcf1d1000-7dcf1d2000 r--p 00005000 fe:0c 209741945                      /system/lib64/libusbhost.so
7dcf1d4000-7dcf1d5000 ---p 00000000 00:00 0 
7dcf1d5000-7dcf1dd000 rw-p 00000000 00:00 0                              [anon:thread signal stack]
7dcf1dd000-7dcf1de000 ---p 00000000 00:00 0 
7dcf1de000-7dcf1e6000 rw-p 00000000 00:00 0                              [anon:thread signal stack]
7dcf1e6000-7dcf200000 rw-p 00000000 00:00 0                              [anon:scudo:secondary]
7dcf200000-7dd0a00000 ---p 00000000 00:00 0 
7dd0a00000-7dd0a01000 ---p 00000000 00:00 0 
7dd0a01000-7dd0a09000 rw-p 00000000 00:00 0                              [anon:thread signal stack]
7dd0a09000-7dd0a0a000 ---p 00000000 00:00 0 
7dd0a0a000-7dd0a12000 rw-p 00000000 00:00 0                              [anon:thread signal stack]
7dd0a12000-7dd0a57000 rw-p 00000000 00:00 0                              [anon:scudo:secondary]
7dd0a57000-7dd0a60000 r--p 00000000 fe:0c 179050360                      /system/lib64/com.android.window.flags.window-aconfig_flags_c_lib.so
7dd0a60000-7dd0a61000 r-xp 00009000 fe:0c 179050360                      /system/lib64/com.android.window.flags.window-aconfig_flags_c_lib.so
7dd0a61000-7dd0a62000 r--p 0000a000 fe:0c 179050360                      /system/lib64/com.android.window.flags.window-aconfig_flags_c_lib.so
7dd0a62000-7dd0a63000 rw-p 00000000 00:00 0                              [anon:.bss]
7dd0a63000-7dd0a64000 ---p 00000000 00:00 0 
7dd0a64000-7dd0a6c000 rw-p 00000000 00:00 0                              [anon:thread signal stack]
7dd0a6c000-7dd0a8d000 rw-p 00000000 00:00 0                              [anon:scudo:secondary]
7dd0a8d000-7dd0a9f000 r--p 00000000 fe:0c 209739404                      /system/lib64/libmedia_omx.so
7dd0a9f000-7dd0ab7000 r-xp 00012000 fe:0c 209739404                      /system/lib64/libmedia_omx.so
7dd0ab7000-7dd0abe000 r--p 0002a000 fe:0c 209739404                      /system/lib64/libmedia_omx.so
7dd0abe000-7dd0abf000 rw-p 00031000 fe:0c 209739404                      /system/lib64/libmedia_omx.so
7dd0ac0000-7dd0ac4000 rw-s 7dd0ac0000 00:01 2660273                      /kgsl-3d0 (deleted)
7dd0ac4000-7dd0ac5000 ---p 00000000 00:00 0 
7dd0ac5000-7dd0acd000 rw-p 00000000 00:00 0                              [anon:thread signal stack]
7dd0ace000-7dd0af6000 rw-p 00000000 00:00 0                              [anon:scudo:secondary]
7dd0af6000-7dd0afa000 r--p 00000000 fe:0c 178650594                      /system/lib64/android.companion.virtual.virtualdevice_aidl-cpp.so
7dd0afa000-7dd0afc000 r-xp 00004000 fe:0c 178650594                      /system/lib64/android.companion.virtual.virtualdevice_aidl-cpp.so
7dd0afc000-7dd0afe000 r--p 00006000 fe:0c 178650594                      /system/lib64/android.companion.virtual.virtualdevice_aidl-cpp.so
7dd0afe000-7dd0aff000 rw-p 00008000 fe:0c 178650594                      /system/lib64/android.companion.virtual.virtualdevice_aidl-cpp.so
7dd0b03000-7dd0b04000 ---p 00000000 00:00 0 
7dd0b04000-7dd0b0c000 rw-p 00000000 00:00 0                              [anon:thread signal stack]
7dd0b0c000-7dd0b43000 r--p 00000000 fe:0c 176820716                      /system/lib64/android.hardware.media.c2@1.0.so
7dd0b43000-7dd0baf000 r-xp 00037000 fe:0c 176820716                      /system/lib64/android.hardware.media.c2@1.0.so
7dd0baf000-7dd0bbb000 r--p 000a3000 fe:0c 176820716                      /system/lib64/android.hardware.media.c2@1.0.so
7dd0bbb000-7dd0bbc000 rw-p 000af000 fe:0c 176820716                      /system/lib64/android.hardware.media.c2@1.0.so
7dd0bc0000-7dd0be1000 rw-p 00000000 00:00 0                              [anon:scudo:secondary]
7dd0be1000-7dd0be5000 r--p 00000000 fe:0c 209743595                      /system/lib64/volumegroupcallback-aidl-cpp.so
7dd0be5000-7dd0be8000 r-xp 00004000 fe:0c 209743595                      /system/lib64/volumegroupcallback-aidl-cpp.so
7dd0be8000-7dd0bea000 r--p 00007000 fe:0c 209743595                      /system/lib64/volumegroupcallback-aidl-cpp.so
7dd0bea000-7dd0beb000 rw-p 00009000 fe:0c 209743595                      /system/lib64/volumegroupcallback-aidl-cpp.so
7dd0bec000-7dd0c0d000 rw-p 00000000 00:00 0                              [anon:scudo:secondary]
7dd0c0d000-7dd0c1f000 r--p 00000000 fe:0c 209741171                      /system/lib64/libstagefright_bufferpool@2.0.1.so
7dd0c1f000-7dd0c3a000 r-xp 00012000 fe:0c 209741171                      /system/lib64/libstagefright_bufferpool@2.0.1.so
7dd0c3a000-7dd0c3c000 r--p 0002d000 fe:0c 209741171                      /system/lib64/libstagefright_bufferpool@2.0.1.so
7dd0c3c000-7dd0c3d000 rw-p 00000000 00:00 0                              [anon:.bss]
7dd0c3d000-7dd0c3f000 rw-s 7dd0c3d000 00:01 2660273                      /kgsl-3d0 (deleted)
7dd0c43000-7dd0c44000 ---p 00000000 00:00 0 
7dd0c44000-7dd0c4c000 rw-p 00000000 00:00 0                              [anon:thread signal stack]
7dd0c4c000-7dd0c62000 r--p 00000000 fe:0c 209737319                      /system/lib64/libEGL.so
7dd0c62000-7dd0c83000 r-xp 00016000 fe:0c 209737319                      /system/lib64/libEGL.so
7dd0c83000-7dd0c88000 r--p 00037000 fe:0c 209737319                      /system/lib64/libEGL.so
7dd0c88000-7dd0c89000 rw-p 0003c000 fe:0c 209737319                      /system/lib64/libEGL.so
7dd0c89000-7dd0c91000 rw-p 00000000 00:00 0                              [anon:.bss]
7dd0c93000-7dd0c95000 rw-s 7dd0c93000 00:01 2660273                      /kgsl-3d0 (deleted)
7dd0c9b000-7dd0c9c000 ---p 00000000 00:00 0 
7dd0c9c000-7dd0ca4000 rw-p 00000000 00:00 0                              [anon:thread signal stack]
7dd0ca4000-7dd0ca5000 ---p 00000000 00:00 0 
7dd0ca5000-7dd0cad000 rw-p 00000000 00:00 0                              [anon:thread signal stack]
7dd0cad000-7dd0cce000 rw-p 00000000 00:00 0                              [anon:scudo:secondary]
7dd0cce000-7dd0d46000 r--p 00000000 fe:0c 177429722                      /system/lib64/libc++.so
7dd0d46000-7dd0d49000 ---p 00000000 00:00 0 
7dd0d49000-7dd0dc9000 r-xp 00077000 fe:0c 177429722                      /system/lib64/libc++.so
7dd0dc9000-7dd0dcc000 ---p 00000000 00:00 0 
7dd0dcc000-7dd0dd4000 r--p 000f6000 fe:0c 177429722                      /system/lib64/libc++.so
7dd0dd4000-7dd0dd7000 ---p 00000000 00:00 0 
7dd0dd7000-7dd0dd8000 rw-p 000fd000 fe:0c 177429722                      /system/lib64/libc++.so
7dd0dd8000-7dd0de0000 rw-p 00000000 00:00 0                              [anon:.bss]
7dd0de0000-7dd0de1000 ---p 00000000 00:00 0 
7dd0de1000-7dd0de9000 rw-p 00000000 00:00 0                              [anon:thread signal stack]
7dd0de9000-7dd0df4000 rw-p 00000000 00:00 0 
7dd0df4000-7dd0e00000 ---p 00000000 00:00 0 
7dd0e00000-7dd3200000 ---p 00000000 00:00 0 
7dd3200000-7dd3201000 ---p 00000000 00:00 0 
7dd3201000-7dd3209000 rw-p 00000000 00:00 0                              [anon:thread signal stack]
7dd3209000-7dd322a000 rw-p 00000000 00:00 0                              [anon:scudo:secondary]
7dd322a000-7dd326a000 rw-s 7dd322a000 00:01 2660273                      /kgsl-3d0 (deleted)
7dd326a000-7dd326b000 r--p 00000000 fe:0c 209743126                      /system/lib64/libvndksupport.so
7dd326b000-7dd326c000 r-xp 00001000 fe:0c 209743126                      /system/lib64/libvndksupport.so
7dd326c000-7dd326d000 r--p 00002000 fe:0c 209743126                      /system/lib64/libvndksupport.so
7dd326d000-7dd326e000 rw-p 00000000 00:00 0                              [anon:.bss]
7dd3271000-7dd3272000 ---p 00000000 00:00 0 
7dd3272000-7dd327a000 rw-p 00000000 00:00 0                              [anon:thread signal stack]
7dd327a000-7dd327b000 ---p 00000000 00:00 0 
7dd327b000-7dd3283000 rw-p 00000000 00:00 0                              [anon:thread signal stack]
7dd3283000-7dd32a4000 rw-p 00000000 00:00 0                              [anon:scudo:secondary]
7dd32a4000-7dd32a6000 r--p 00000000 fe:0c 201481720                      /system/lib64/aconfig_text_flags_c_lib.so
7dd32a6000-7dd32a7000 r-xp 00002000 fe:0c 201481720                      /system/lib64/aconfig_text_flags_c_lib.so
7dd32a7000-7dd32a8000 r--p 00003000 fe:0c 201481720                      /system/lib64/aconfig_text_flags_c_lib.so
7dd32a8000-7dd32a9000 rw-p 00000000 00:00 0                              [anon:.bss]
7dd32a9000-7dd32ca000 rw-p 00000000 00:00 0                              [anon:scudo:secondary]
7dd32ca000-7dd32ea000 rw-s 7dd32ca000 00:01 2660273                      /kgsl-3d0 (deleted)
7dd32ea000-7dd32f3000 r--p 00000000 fe:0c 179027450                      /system/lib64/libSurfaceFlingerProp.so
7dd32f3000-7dd32fd000 r-xp 00009000 fe:0c 179027450                      /system/lib64/libSurfaceFlingerProp.so
7dd32fd000-7dd32fe000 r--p 00013000 fe:0c 179027450                      /system/lib64/libSurfaceFlingerProp.so
7dd32fe000-7dd32ff000 rw-p 00000000 00:00 0                              [anon:.bss]
7dd32ff000-7dd3303000 rw-s 7dd32ff000 00:01 2660273                      /kgsl-3d0 (deleted)
7dd3307000-7dd330b000 rw-s 7dd3307000 00:01 2660273                      /kgsl-3d0 (deleted)
7dd330b000-7dd330f000 rw-s 7dd330b000 00:01 2660273                      /kgsl-3d0 (deleted)
7dd330f000-7dd3310000 ---p 00000000 00:00 0 
7dd3310000-7dd3318000 rw-p 00000000 00:00 0                              [anon:thread signal stack]
7dd3318000-7dd331f000 r--p 00000000 fe:0c 209739586                      /system/lib64/libmediametrics.so
7dd331f000-7dd332b000 r-xp 00007000 fe:0c 209739586                      /system/lib64/libmediametrics.so
7dd332b000-7dd332c000 r--p 00013000 fe:0c 209739586                      /system/lib64/libmediametrics.so
7dd332c000-7dd332d000 rw-p 00014000 fe:0c 209739586                      /system/lib64/libmediametrics.so
7dd332e000-7dd3330000 rw-s 7dd332e000 00:01 2660273                      /kgsl-3d0 (deleted)
7dd3330000-7dd3332000 rw-s 7dd3330000 00:01 2660273                      /kgsl-3d0 (deleted)
7dd3332000-7dd3334000 rw-s 7dd3332000 00:01 2660273                      /kgsl-3d0 (deleted)
7dd3334000-7dd3376000 rw-p 00000000 00:00 0                              [anon:scudo:secondary]
7dd3376000-7dd3378000 r--p 00000000 fe:0c 175130744                      /system/lib64/android.hardware.camera.common@1.0.so
7dd3378000-7dd337a000 r-xp 00002000 fe:0c 175130744                      /system/lib64/android.hardware.camera.common@1.0.so
7dd337a000-7dd337b000 r--p 00004000 fe:0c 175130744                      /system/lib64/android.hardware.camera.common@1.0.so
7dd337b000-7dd337c000 rw-p 00000000 00:00 0                              [anon:.bss]
7dd337c000-7dd337e000 rw-s 7dd337c000 00:01 2660273                      /kgsl-3d0 (deleted)
7dd337e000-7dd337f000 ---p 00000000 00:00 0 
7dd337f000-7dd3387000 rw-p 00000000 00:00 0                              [anon:thread signal stack]
7dd3387000-7dd3390000 r--p 00000000 fe:0c 209740032                      /system/lib64/libnativedisplay.so
7dd3390000-7dd3398000 r-xp 00009000 fe:0c 209740032                      /system/lib64/libnativedisplay.so
7dd3398000-7dd3399000 r--p 00011000 fe:0c 209740032                      /system/lib64/libnativedisplay.so
7dd3399000-7dd339a000 rw-p 00000000 00:00 0                              [anon:.bss]
7dd339b000-7dd339f000 rw-s 7dd339b000 00:01 2660273                      /kgsl-3d0 (deleted)
7dd339f000-7dd33f8000 r--p 00000000 fe:0d 5486179                        /system_ext/framework/androidx.window.extensions.jar
7dd33f8000-7dd33f9000 r--p 00000000 fe:0c 175430652                      /system/lib64/libETC1.so
7dd33f9000-7dd33fb000 r-xp 00001000 fe:0c 175430652                      /system/lib64/libETC1.so
7dd33fb000-7dd33fc000 r--p 00003000 fe:0c 175430652                      /system/lib64/libETC1.so
7dd33fc000-7dd3400000 r-xp 00054000 fe:3c 2597105                        /data/app/~~YuncQEj0Rruyt6y_-RebSA==/com.movtery.zalithlauncher.v2-JtRzSV7VpInkzDcyzopsqQ==/lib/arm64/liblwjgl.so
7dd3400000-7dd3404000 rw-p 00000000 00:00 0 
7dd3404000-7dd3405000 ---p 00000000 00:00 0 
7dd3405000-7dd340d000 rw-p 00000000 00:00 0                              [anon:thread signal stack]
7dd340d000-7dd342e000 rw-p 00000000 00:00 0                              [anon:scudo:secondary]
7dd342e000-7dd3433000 r--p 00000000 fe:0c 179238638                      /system/lib64/android.hardware.memtrack-V1-ndk.so
7dd3433000-7dd3439000 r-xp 00005000 fe:0c 179238638                      /system/lib64/android.hardware.memtrack-V1-ndk.so
7dd3439000-7dd343a000 r--p 0000b000 fe:0c 179238638                      /system/lib64/android.hardware.memtrack-V1-ndk.so
7dd343a000-7dd343b000 rw-p 0000c000 fe:0c 179238638                      /system/lib64/android.hardware.memtrack-V1-ndk.so
7dd343c000-7dd343e000 rw-s 7dd343c000 00:01 2660273                      /kgsl-3d0 (deleted)
7dd343e000-7dd343f000 ---p 00000000 00:00 0 
7dd343f000-7dd3447000 rw-p 00000000 00:00 0                              [anon:thread signal stack]
7dd3447000-7dd3462000 r--p 00000000 fe:0c 209741929                      /system/lib64/libultrahdr.so
7dd3462000-7dd3492000 r-xp 0001b000 fe:0c 209741929                      /system/lib64/libultrahdr.so
7dd3492000-7dd3494000 r--p 0004b000 fe:0c 209741929                      /system/lib64/libultrahdr.so
7dd3494000-7dd3495000 rw-p 00000000 00:00 0                              [anon:.bss]
7dd3495000-7dd3496000 rw-s 7dd3495000 00:01 2660273                      /kgsl-3d0 (deleted)
7dd3498000-7dd3499000 ---p 00000000 00:00 0 
7dd3499000-7dd34a1000 rw-p 00000000 00:00 0                              [anon:thread signal stack]
7dd34a1000-7dd3505000 r--s 00000000 07:30 35                             /apex/com.android.tzdata/etc/tz/versioned/9/tzdata
7dd3505000-7dd3516000 r--p 00000000 fe:0c 209740509                      /system/lib64/libpng.so
7dd3516000-7dd353f000 r-xp 00011000 fe:0c 209740509                      /system/lib64/libpng.so
7dd353f000-7dd3540000 r--p 0003a000 fe:0c 209740509                      /system/lib64/libpng.so
7dd3540000-7dd3544000 r--p 00000000 fe:0c 175207798                      /system/lib64/lib-platform-compat-native-api.so
7dd3544000-7dd3546000 r-xp 00004000 fe:0c 175207798                      /system/lib64/lib-platform-compat-native-api.so
7dd3546000-7dd3548000 r--p 00006000 fe:0c 175207798                      /system/lib64/lib-platform-compat-native-api.so
7dd3548000-7dd3549000 rw-p 00008000 fe:0c 175207798                      /system/lib64/lib-platform-compat-native-api.so
7dd3549000-7dd354b000 r--s 0000a000 fe:3c 2525849                        /data/data/com.movtery.zalithlauncher.v2/files/components/caciocavallo17/cacio-tta-1.19.1-SNAPSHOT.jar
7dd354b000-7dd354e000 r--s 00017000 fe:3c 2520019                        /data/data/com.movtery.zalithlauncher.v2/files/components/caciocavallo17/cacio-shared-1.19.1-SNAPSHOT.jar
7dd354e000-7dd358e000 rw-s 7dd354e000 00:01 2660273                      /kgsl-3d0 (deleted)
7dd358e000-7dd3597000 r--p 00000000 fe:0c 209743408                      /system/lib64/libziparchive.so
7dd3597000-7dd35a3000 r-xp 00009000 fe:0c 209743408                      /system/lib64/libziparchive.so
7dd35a3000-7dd35a4000 r--p 00015000 fe:0c 209743408                      /system/lib64/libziparchive.so
7dd35a4000-7dd35a5000 rw-p 00000000 00:00 0                              [anon:.bss]
7dd35a5000-7dd35a6000 rw-s 7dd35a5000 00:01 2660273                      /kgsl-3d0 (deleted)
7dd35a6000-7dd35a8000 r--s 00000000 fe:3c 2512719                        /data/data/com.movtery.zalithlauncher.v2/files/components/caciocavallo17/cacio-agent.jar
7dd35a8000-7dd35a9000 ---p 00000000 00:00 0 
7dd35a9000-7dd35b1000 rw-p 00000000 00:00 0                              [anon:thread signal stack]
7dd35b1000-7dd35d2000 rw-p 00000000 00:00 0                              [anon:scudo:secondary]
7dd35d9000-7dd35da000 ---p 00000000 00:00 0 
7dd35da000-7dd35e2000 rw-p 00000000 00:00 0                              [anon:thread signal stack]
7dd35e2000-7dd35e9000 r--p 00000000 fe:0c 179390050                      /system/lib64/libcodec2_hal_common.so
7dd35e9000-7dd35f6000 r-xp 00007000 fe:0c 179390050                      /system/lib64/libcodec2_hal_common.so
7dd35f6000-7dd35f7000 r--p 00014000 fe:0c 179390050                      /system/lib64/libcodec2_hal_common.so
7dd35f7000-7dd35f8000 rw-p 00000000 00:00 0                              [anon:.bss]
7dd35f8000-7dd3600000 rw-p 00000000 00:00 0 
7dd3600000-7dd3c00000 ---p 00000000 00:00 0 
7dd3c03000-7dd3c04000 ---p 00000000 00:00 0 
7dd3c04000-7dd3c0c000 rw-p 00000000 00:00 0                              [anon:thread signal stack]
7dd3c0c000-7dd3c4c000 rw-s 7dd3c0c000 00:01 2660273                      /kgsl-3d0 (deleted)
7dd3c4c000-7dd3c50000 r--p 00000000 fe:0c 209740052                      /system/lib64/libnetd_client.so
7dd3c50000-7dd3c56000 r-xp 00004000 fe:0c 209740052                      /system/lib64/libnetd_client.so
7dd3c56000-7dd3c57000 r--p 0000a000 fe:0c 209740052                      /system/lib64/libnetd_client.so
7dd3c57000-7dd3c58000 rw-p 0000b000 fe:0c 209740052                      /system/lib64/libnetd_client.so
7dd3c59000-7dd3c94000 rw-p 00000000 00:00 0                              [anon:scudo:secondary]
7dd3c94000-7dd3ca3000 r--p 00000000 fe:0c 176841054                      /system/lib64/android.hardware.graphics.mapper@4.0.so
7dd3ca3000-7dd3cb7000 r-xp 0000f000 fe:0c 176841054                      /system/lib64/android.hardware.graphics.mapper@4.0.so
7dd3cb7000-7dd3cba000 r--p 00023000 fe:0c 176841054                      /system/lib64/android.hardware.graphics.mapper@4.0.so
7dd3cba000-7dd3cbb000 rw-p 00026000 fe:0c 176841054                      /system/lib64/android.hardware.graphics.mapper@4.0.so
7dd3cbb000-7dd3cbf000 rw-s 7dd3cbb000 00:01 2660273                      /kgsl-3d0 (deleted)
7dd3cbf000-7dd3cc3000 rw-s 7dd3cbf000 00:01 2660273                      /kgsl-3d0 (deleted)
7dd3cc3000-7dd3cc7000 rw-s 7dd3cc3000 00:01 2660273                      /kgsl-3d0 (deleted)
7dd3cc7000-7dd3ce8000 rw-p 00000000 00:00 0                              [anon:scudo:secondary]
7dd3ce8000-7dd3cf1000 r--p 00000000 fe:0c 179238642                      /system/lib64/android.hardware.memtrack@1.0.so
7dd3cf1000-7dd3cfd000 r-xp 00009000 fe:0c 179238642                      /system/lib64/android.hardware.memtrack@1.0.so
7dd3cfd000-7dd3cff000 r--p 00015000 fe:0c 179238642                      /system/lib64/android.hardware.memtrack@1.0.so
7dd3cff000-7dd3d00000 rw-p 00017000 fe:0c 179238642                      /system/lib64/android.hardware.memtrack@1.0.so
7dd3d03000-7dd3d04000 ---p 00000000 00:00 0 
7dd3d04000-7dd3d0c000 rw-p 00000000 00:00 0                              [anon:thread signal stack]
7dd3d0c000-7dd3d0d000 ---p 00000000 00:00 0 
7dd3d0d000-7dd3d15000 rw-p 00000000 00:00 0                              [anon:thread signal stack]
7dd3d15000-7dd3d1a000 r--p 00000000 fe:0c 209740039                      /system/lib64/libnativewindow.so
7dd3d1a000-7dd3d1d000 r-xp 00005000 fe:0c 209740039                      /system/lib64/libnativewindow.so
7dd3d1d000-7dd3d1e000 r--p 00008000 fe:0c 209740039                      /system/lib64/libnativewindow.so
7dd3d1e000-7dd3d1f000 rw-p 00000000 00:00 0                              [anon:.bss]
7dd3d20000-7dd3d60000 rw-s 7dd3d20000 00:01 2660273                      /kgsl-3d0 (deleted)
7dd3d60000-7dd3d61000 r--p 00000000 fe:0c 187592701                      /system/lib64/android.hidl.safe_union@1.0.so
7dd3d61000-7dd3d62000 r-xp 00001000 fe:0c 187592701                      /system/lib64/android.hidl.safe_union@1.0.so
7dd3d62000-7dd3d63000 r--p 00002000 fe:0c 187592701                      /system/lib64/android.hidl.safe_union@1.0.so
7dd3d63000-7dd3d73000 rw-s 7dd3d63000 00:01 2660273                      /kgsl-3d0 (deleted)
7dd3d73000-7dd3db3000 rw-s 7dd3d73000 00:01 2660273                      /kgsl-3d0 (deleted)
7dd3db3000-7dd3db4000 r--p 00000000 fe:0c 209740029                      /system/lib64/libnativebridge_lazy.so
7dd3db4000-7dd3db5000 r-xp 00001000 fe:0c 209740029                      /system/lib64/libnativebridge_lazy.so
7dd3db5000-7dd3db6000 r--p 00002000 fe:0c 209740029                      /system/lib64/libnativebridge_lazy.so
7dd3db6000-7dd3db7000 rw-p 00000000 00:00 0                              [anon:.bss]
7dd3db7000-7dd3db8000 rw-s 7dd3db7000 00:01 2660273                      /kgsl-3d0 (deleted)
7dd3db8000-7dd3db9000 ---p 00000000 00:00 0 
7dd3db9000-7dd3dc1000 rw-p 00000000 00:00 0                              [anon:thread signal stack]
7dd3dc1000-7dd3dc5000 rw-s 7dd3dc1000 00:01 2660273                      /kgsl-3d0 (deleted)
7dd3dc5000-7dd3dc9000 rw-s 7dd3dc5000 00:01 2660273                      /kgsl-3d0 (deleted)
7dd3dc9000-7dd3dcd000 rw-s 7dd3dc9000 00:01 2660273                      /kgsl-3d0 (deleted)
7dd3dcd000-7dd3dd1000 rw-s 7dd3dcd000 00:01 2660273                      /kgsl-3d0 (deleted)
7dd3dd1000-7dd3dd2000 ---p 00000000 00:00 0 
7dd3dd2000-7dd3dda000 rw-p 00000000 00:00 0                              [anon:thread signal stack]
7dd3dda000-7dd3ddb000 ---p 00000000 00:00 0 
7dd3ddb000-7dd3de3000 rw-p 00000000 00:00 0                              [anon:thread signal stack]
7dd3de3000-7dd3de9000 r--p 00000000 fe:0c 179360634                      /system/lib64/android.hardware.graphics.allocator-V2-ndk.so
7dd3de9000-7dd3df0000 r-xp 00006000 fe:0c 179360634                      /system/lib64/android.hardware.graphics.allocator-V2-ndk.so
7dd3df0000-7dd3df1000 r--p 0000d000 fe:0c 179360634                      /system/lib64/android.hardware.graphics.allocator-V2-ndk.so
7dd3df1000-7dd3df2000 rw-p 0000e000 fe:0c 179360634                      /system/lib64/android.hardware.graphics.allocator-V2-ndk.so
7dd3df2000-7dd3df3000 rw-s 7dd3df2000 00:01 2660273                      /kgsl-3d0 (deleted)
7dd3df4000-7dd3df8000 rw-s 7dd3df4000 00:01 2660273                      /kgsl-3d0 (deleted)
7dd3df8000-7dd3e09000 rw-p 00000000 00:00 0                              [anon:scudo:secondary]
7dd3e09000-7dd3e0a000 ---p 00000000 00:00 0 
7dd3e0a000-7dd3e12000 rw-p 00000000 00:00 0                              [anon:thread signal stack]
7dd3e12000-7dd3e13000 ---p 00000000 00:00 0 
7dd3e13000-7dd3e1b000 rw-p 00000000 00:00 0                              [anon:thread signal stack]
7dd3e1b000-7dd3e26000 r--p 00000000 fe:0c 177425145                      /system/lib64/libcodec2_aidl_client.so
7dd3e26000-7dd3e3b000 r-xp 0000b000 fe:0c 177425145                      /system/lib64/libcodec2_aidl_client.so
7dd3e3b000-7dd3e3c000 r--p 00020000 fe:0c 177425145                      /system/lib64/libcodec2_aidl_client.so
7dd3e3c000-7dd3e3d000 rw-p 00000000 00:00 0                              [anon:.bss]
7dd3e3d000-7dd3e3e000 ---p 00000000 00:00 0 
7dd3e3e000-7dd3e46000 rw-p 00000000 00:00 0                              [anon:thread signal stack]
7dd3e46000-7dd3e66000 rw-s 7dd3e46000 00:01 2660273                      /kgsl-3d0 (deleted)
7dd3e66000-7dd3e6a000 rw-s 7dd3e66000 00:01 2660273                      /kgsl-3d0 (deleted)
7dd3e6a000-7dd3e6e000 rw-s 7dd3e6a000 00:01 2660273                      /kgsl-3d0 (deleted)
7dd3e6e000-7dd3e72000 rw-s 7dd3e6e000 00:01 2660273                      /kgsl-3d0 (deleted)
7dd3e72000-7dd3e76000 rw-s 7dd3e72000 00:01 2660273                      /kgsl-3d0 (deleted)
7dd3e76000-7dd3ea6000 r--p 00000000 fe:0c 209742080                      /system/lib64/libunwindstack.so
7dd3ea6000-7dd3f1d000 r-xp 00030000 fe:0c 209742080                      /system/lib64/libunwindstack.so
7dd3f1d000-7dd3f25000 r--p 000a7000 fe:0c 209742080                      /system/lib64/libunwindstack.so
7dd3f25000-7dd3f26000 rw-p 000af000 fe:0c 209742080                      /system/lib64/libunwindstack.so
7dd3f26000-7dd3f2a000 rw-s 7dd3f26000 00:01 2660273                      /kgsl-3d0 (deleted)
7dd3f2a000-7dd3f2e000 rw-s 7dd3f2a000 00:01 2660273                      /kgsl-3d0 (deleted)
7dd3f2e000-7dd3f32000 rw-s 7dd3f2e000 00:01 2660273                      /kgsl-3d0 (deleted)
7dd3f34000-7dd3f3c000 rw-s 00000000 00:09 607825                         /dmabuf:
7dd3f3c000-7dd3f44000 rw-s 00000000 00:09 607827                         /dmabuf:
7dd3f44000-7dd3f54000 rw-s 7dd3f44000 00:01 2660273                      /kgsl-3d0 (deleted)
7dd3f54000-7dd3f64000 rw-s 7dd3f54000 00:01 2660273                      /kgsl-3d0 (deleted)
7dd3f64000-7dd3f65000 r--p 00000000 fe:0c 187593719                      /system/lib64/libegl_flags.so
7dd3f65000-7dd3f66000 r-xp 00001000 fe:0c 187593719                      /system/lib64/libegl_flags.so
7dd3f66000-7dd3f67000 r--p 00002000 fe:0c 187593719                      /system/lib64/libegl_flags.so
7dd3f67000-7dd3f68000 rw-p 00000000 00:00 0                              [anon:.bss]
7dd3f68000-7dd3f6c000 rw-s 7dd3f68000 00:01 2660273                      /kgsl-3d0 (deleted)
7dd3f6c000-7dd3f8c000 rw-s 7dd3f6c000 00:01 2660273                      /kgsl-3d0 (deleted)
7dd3f8c000-7dd3fad000 rw-p 00000000 00:00 0                              [anon:scudo:secondary]
7dd3fad000-7dd3fb2000 r--p 00000000 fe:0c 179051252                      /system/lib64/android.system.suspend-V1-ndk.so
7dd3fb2000-7dd3fb6000 r-xp 00005000 fe:0c 179051252                      /system/lib64/android.system.suspend-V1-ndk.so
7dd3fb6000-7dd3fb7000 r--p 00009000 fe:0c 179051252                      /system/lib64/android.system.suspend-V1-ndk.so
7dd3fb7000-7dd3fb8000 rw-p 0000a000 fe:0c 179051252                      /system/lib64/android.system.suspend-V1-ndk.so
7dd3fb8000-7dd3fb9000 rw-s 7dd3fb8000 00:01 2660273                      /kgsl-3d0 (deleted)
7dd3fb9000-7dd3fc1000 rw-s 00000000 00:09 607829                         /dmabuf:
7dd3fc1000-7dd3fc9000 rw-s 7dd3fc1000 00:01 2660273                      /kgsl-3d0 (deleted)
7dd3fc9000-7dd3fd9000 rw-s 7dd3fc9000 00:01 2660273                      /kgsl-3d0 (deleted)
7dd3fd9000-7dd3fe5000 r--p 00000000 fe:0c 176829044                      /system/lib64/android.hardware.graphics.mapper@2.1.so
7dd3fe5000-7dd3ff3000 r-xp 0000c000 fe:0c 176829044                      /system/lib64/android.hardware.graphics.mapper@2.1.so
7dd3ff3000-7dd3ff5000 r--p 0001a000 fe:0c 176829044                      /system/lib64/android.hardware.graphics.mapper@2.1.so
7dd3ff5000-7dd3ff6000 rw-p 0001c000 fe:0c 176829044                      /system/lib64/android.hardware.graphics.mapper@2.1.so
7dd3ff6000-7dd3ff7000 rw-s 7dd3ff6000 00:01 2660273                      /kgsl-3d0 (deleted)
7dd3ff7000-7dd3ff8000 ---p 00000000 00:00 0 
7dd3ff8000-7dd4000000 rw-p 00000000 00:00 0                              [anon:thread signal stack]
7dd4000000-7dd4e00000 ---p 00000000 00:00 0 
7dd4e00000-7dd4e08000 rw-s 00000000 00:09 607819                         /dmabuf:
7dd4e08000-7dd4e09000 ---p 00000000 00:00 0 
7dd4e09000-7dd4e11000 rw-p 00000000 00:00 0                              [anon:thread signal stack]
7dd4e11000-7dd4e12000 rw-p 00000000 00:00 0 
7dd4e12000-7dd4e14000 rw-s 7dd4e12000 00:01 2660273                      /kgsl-3d0 (deleted)
7dd4e14000-7dd4e18000 rw-s 7dd4e14000 00:01 2660273                      /kgsl-3d0 (deleted)
7dd4e19000-7dd4e1a000 rw-s 7dd4e19000 00:01 2660273                      /kgsl-3d0 (deleted)
7dd4e1a000-7dd4e1b000 ---p 00000000 00:00 0 
7dd4e1b000-7dd4e23000 rw-p 00000000 00:00 0                              [anon:thread signal stack]
7dd4e23000-7dd4e24000 ---p 00000000 00:00 0 
7dd4e24000-7dd4e44000 rw-p 00000000 00:00 0 
7dd4e44000-7dd4e45000 ---p 00000000 00:00 0 
7dd4e45000-7dd4e49000 r--p 00000000 fe:0c 209743433                      /system/lib64/mediametricsservice-aidl-cpp.so
7dd4e49000-7dd4e4c000 r-xp 00004000 fe:0c 209743433                      /system/lib64/mediametricsservice-aidl-cpp.so
7dd4e4c000-7dd4e4e000 r--p 00007000 fe:0c 209743433                      /system/lib64/mediametricsservice-aidl-cpp.so
7dd4e4e000-7dd4e4f000 rw-p 00009000 fe:0c 209743433                      /system/lib64/mediametricsservice-aidl-cpp.so
7dd4e4f000-7dd4e50000 rw-s 7dd4e4f000 00:01 2660273                      /kgsl-3d0 (deleted)
7dd4e50000-7dd4e51000 ---p 00000000 00:00 0 
7dd4e51000-7dd4e59000 rw-p 00000000 00:00 0                              [anon:thread signal stack]
7dd4e59000-7dd4e81000 rw-p 00000000 00:00 0                              [anon:scudo:secondary]
7dd4e81000-7dd4e8a000 r--p 00000000 fe:2f 99                             /apex/com.android.art/lib64/liblzma.so
7dd4e8a000-7dd4ea8000 r-xp 00009000 fe:2f 99                             /apex/com.android.art/lib64/liblzma.so
7dd4ea8000-7dd4ea9000 r--p 00027000 fe:2f 99                             /apex/com.android.art/lib64/liblzma.so
7dd4ea9000-7dd4eaa000 rw-p 00028000 fe:2f 99                             /apex/com.android.art/lib64/liblzma.so
7dd4eaa000-7dd4eb5000 rw-p 00000000 00:00 0                              [anon:.bss]
7dd4eb5000-7dd4eb6000 rw-p 00000000 00:00 0                              [anon:bionic_alloc_small_objects]
7dd4eb6000-7dd4eb7000 ---p 00000000 00:00 0 
7dd4eb7000-7dd4ebf000 rw-p 00000000 00:00 0                              [anon:thread signal stack]
7dd4ebf000-7dd4ec0000 ---p 00000000 00:00 0 
7dd4ec0000-7dd4ec8000 rw-p 00000000 00:00 0                              [anon:thread signal stack]
7dd4ec8000-7dd4ecd000 r--p 00000000 fe:0c 176856292                      /system/lib64/audio-permission-aidl-cpp.so
7dd4ecd000-7dd4ecf000 r-xp 00005000 fe:0c 176856292                      /system/lib64/audio-permission-aidl-cpp.so
7dd4ecf000-7dd4ed1000 r--p 00007000 fe:0c 176856292                      /system/lib64/audio-permission-aidl-cpp.so
7dd4ed1000-7dd4ed2000 rw-p 00009000 fe:0c 176856292                      /system/lib64/audio-permission-aidl-cpp.so
7dd4ed2000-7dd4ed3000 rw-p 00000000 00:00 0                              [anon:bionic_alloc_small_objects]
7dd4ed3000-7dd4ed4000 ---p 00000000 00:00 0 
7dd4ed4000-7dd4edc000 rw-p 00000000 00:00 0                              [anon:thread signal stack]
7dd4edc000-7dd4edd000 ---p 00000000 00:00 0 
7dd4edd000-7dd4ee5000 rw-p 00000000 00:00 0                              [anon:thread signal stack]
7dd4ee5000-7dd4ee6000 ---p 00000000 00:00 0 
7dd4ee6000-7dd4eee000 rw-p 00000000 00:00 0                              [anon:thread signal stack]
7dd4eee000-7dd4f09000 r--s 09b53000 fe:3c 2521356                        /data/app/~~YuncQEj0Rruyt6y_-RebSA==/com.movtery.zalithlauncher.v2-JtRzSV7VpInkzDcyzopsqQ==/base.apk
7dd4f09000-7dd4f0a000 ---p 00000000 00:00 0 
7dd4f0a000-7dd4f12000 rw-p 00000000 00:00 0                              [anon:thread signal stack]
7dd4f12000-7dd4f1a000 r--p 00000000 fe:0c 209741636                      /system/lib64/libstagefright_xmlparser.so
7dd4f1a000-7dd4f2f000 r-xp 00008000 fe:0c 209741636                      /system/lib64/libstagefright_xmlparser.so
7dd4f2f000-7dd4f30000 r--p 0001d000 fe:0c 209741636                      /system/lib64/libstagefright_xmlparser.so
7dd4f30000-7dd4f31000 rw-p 00000000 00:00 0                              [anon:.bss]
7dd4f31000-7dd4f32000 rw-s 7dd4f31000 00:01 2660273                      /kgsl-3d0 (deleted)
7dd4f32000-7dd4f33000 rw-s 7dd4f32000 00:01 2660273                      /kgsl-3d0 (deleted)
7dd4f33000-7dd4f34000 rw-s 7dd4f33000 00:01 2660273                      /kgsl-3d0 (deleted)
7dd4f34000-7dd4f36000 rw-s 7dd4f34000 00:01 2660273                      /kgsl-3d0 (deleted)
7dd4f36000-7dd4f37000 rw-p 00000000 00:00 0                              [anon:dalvik-local ref table]
7dd4f37000-7dd4f38000 r--s 00000000 00:01 4113                           /dev/ashmem/4139ddff-b4f5-43fe-af66-1b3feeef1f16 (deleted)
7dd4f38000-7dd4f39000 ---p 00000000 00:00 0 
7dd4f39000-7dd4f41000 rw-p 00000000 00:00 0                              [anon:thread signal stack]
7dd4f41000-7dd4f42000 ---p 00000000 00:00 0 
7dd4f42000-7dd4f4a000 rw-p 00000000 00:00 0                              [anon:thread signal stack]
7dd4f4a000-7dd4f4b000 ---p 00000000 00:00 0 
7dd4f4b000-7dd4f53000 rw-p 00000000 00:00 0                              [anon:thread signal stack]
7dd4f53000-7dd4f54000 ---p 00000000 00:00 0 
7dd4f54000-7dd4f5c000 rw-p 00000000 00:00 0                              [anon:thread signal stack]
7dd4f5c000-7dd4f5e000 r--p 00000000 fe:0c 209739339                      /system/lib64/libjpegencoder.so
7dd4f5e000-7dd4f60000 r-xp 00002000 fe:0c 209739339                      /system/lib64/libjpegencoder.so
7dd4f60000-7dd4f61000 r--p 00004000 fe:0c 209739339                      /system/lib64/libjpegencoder.so
7dd4f61000-7dd4f62000 rw-p 00000000 00:00 0                              [anon:.bss]
7dd4f62000-7dd4f63000 rw-s 7dd4f62000 00:01 2660273                      /kgsl-3d0 (deleted)
7dd4f63000-7dd4f65000 rw-s 7dd4f63000 00:01 2660273                      /kgsl-3d0 (deleted)
7dd4f65000-7dd4f69000 rw-s 7dd4f65000 00:01 2660273                      /kgsl-3d0 (deleted)
7dd4f69000-7dd4f6a000 ---p 00000000 00:00 0 
7dd4f6a000-7dd4f6b000 r--p 00000000 00:00 0 
7dd4f6b000-7dd4f6d000 ---p 00000000 00:00 0 
7dd4f6d000-7dd4f75000 rw-p 00000000 00:00 0                              [anon:thread signal stack]
7dd4f75000-7dd4f7a000 rwxp 00000000 00:00 0                              [anon:bytehook-plt-trampolines]
7dd4f7a000-7dd4f7b000 ---p 00000000 00:00 0 
7dd4f7b000-7dd4f83000 rw-p 00000000 00:00 0                              [anon:thread signal stack]
7dd4f83000-7dd4f84000 ---p 00000000 00:00 0 
7dd4f84000-7dd4f8c000 rw-p 00000000 00:00 0                              [anon:thread signal stack]
7dd4f8c000-7dd4f8e000 r--p 00000000 fe:0c 179237217                      /system/lib64/android.hardware.configstore-utils.so
7dd4f8e000-7dd4f90000 r-xp 00002000 fe:0c 179237217                      /system/lib64/android.hardware.configstore-utils.so
7dd4f90000-7dd4f91000 r--p 00004000 fe:0c 179237217                      /system/lib64/android.hardware.configstore-utils.so
7dd4f91000-7dd4f92000 rw-p 00000000 00:00 0                              [anon:.bss]
7dd4f92000-7dd4f93000 rw-s 7dd4f92000 00:01 2660273                      /kgsl-3d0 (deleted)
7dd4f93000-7dd4f94000 ---p 00000000 00:00 0 
7dd4f94000-7dd4f9c000 rw-p 00000000 00:00 0                              [anon:thread signal stack]
7dd4f9c000-7dd4f9d000 ---p 00000000 00:00 0 
7dd4f9d000-7dd4fa5000 rw-p 00000000 00:00 0                              [anon:thread signal stack]
7dd4fa5000-7dd4fb5000 rw-s 7dd4fa5000 00:01 2660273                      /kgsl-3d0 (deleted)
7dd4fb5000-7dd4fc5000 rw-s 7dd4fb5000 00:01 2660273                      /kgsl-3d0 (deleted)
7dd4fc5000-7dd4fc6000 ---p 00000000 00:00 0 
7dd4fc6000-7dd4fce000 rw-p 00000000 00:00 0                              [anon:thread signal stack]
7dd4fce000-7dd4fcf000 ---p 00000000 00:00 0 
7dd4fcf000-7dd4fd7000 rw-p 00000000 00:00 0                              [anon:thread signal stack]
7dd4fd7000-7dd4fe0000 r--p 00000000 fe:0c 201448935                      /system/lib64/android.hidl.token@1.0.so
7dd4fe0000-7dd4fe9000 r-xp 00009000 fe:0c 201448935                      /system/lib64/android.hidl.token@1.0.so
7dd4fe9000-7dd4feb000 r--p 00012000 fe:0c 201448935                      /system/lib64/android.hidl.token@1.0.so
7dd4feb000-7dd4fec000 rw-p 00014000 fe:0c 201448935                      /system/lib64/android.hidl.token@1.0.so
7dd4fec000-7dd4ff4000 rw-s 00000000 fe:3c 2526458                        /data/data/com.movtery.zalithlauncher.v2/databases/launcher_data.db-shm
7dd4ff4000-7dd4ff5000 ---p 00000000 00:00 0 
7dd4ff5000-7dd4ffd000 rw-p 00000000 00:00 0                              [anon:thread signal stack]
7dd4ffd000-7dd4ffe000 ---p 00000000 00:00 0 
7dd4ffe000-7dd5006000 rw-p 00000000 00:00 0 
7dd5006000-7dd5007000 ---p 00000000 00:00 0 
7dd5007000-7dd501e000 r--p 00000000 fe:0c 209738616                      /system/lib64/libimage_io.so
7dd501e000-7dd503b000 r-xp 00017000 fe:0c 209738616                      /system/lib64/libimage_io.so
7dd503b000-7dd503d000 r--p 00034000 fe:0c 209738616                      /system/lib64/libimage_io.so
7dd503d000-7dd503e000 rw-p 00000000 00:00 0                              [anon:.bss]
7dd503e000-7dd503f000 ---p 00000000 00:00 0 
7dd503f000-7dd5047000 rw-p 00000000 00:00 0                              [anon:thread signal stack]
7dd5047000-7dd5048000 ---p 00000000 00:00 0 
7dd5048000-7dd5050000 rw-p 00000000 00:00 0                              [anon:thread signal stack]
7dd5050000-7dd5051000 ---p 00000000 00:00 0 
7dd5051000-7dd5059000 rw-p 00000000 00:00 0                              [anon:thread signal stack]
7dd5059000-7dd50c6000 r--p 00000000 fe:0c 187597782                      /system/lib64/libdng_sdk.so
7dd50c6000-7dd51a9000 r-xp 0006d000 fe:0c 187597782                      /system/lib64/libdng_sdk.so
7dd51a9000-7dd51b1000 r--p 00150000 fe:0c 187597782                      /system/lib64/libdng_sdk.so
7dd51b1000-7dd51c1000 rw-p 00158000 fe:0c 187597782                      /system/lib64/libdng_sdk.so
7dd51c1000-7dd51c3000 rw-p 00000000 00:00 0                              [anon:.bss]
7dd51c3000-7dd51c4000 rw-s 7dd51c3000 00:01 2660273                      /kgsl-3d0 (deleted)
7dd51c4000-7dd51c5000 r--s 00000000 fe:0f 25779686                       /vendor/etc/passwd
7dd51c5000-7dd51c6000 r--s 00000000 00:01 6154                           /dev/ashmem/70abe1f0-2388-47ce-9b74-b88952e4d5ce (deleted)
7dd51c6000-7dd51c7000 rw-s 00000000 00:01 2657157                        /dev/ashmem/GFXStats-13569 (deleted)
7dd51c7000-7dd51c8000 rw-p 00000000 00:00 0                              [anon:dalvik-local ref table]
7dd51c8000-7dd51c9000 r--s 00000000 00:01 1135                           /dev/ashmem/eb90576d-774b-4298-a86b-a78787096e38 (deleted)
7dd51c9000-7dd51ca000 r--s 00000000 00:01 1135                           /dev/ashmem/eb90576d-774b-4298-a86b-a78787096e38 (deleted)
7dd51ca000-7dd51cb000 ---p 00000000 00:00 0 
7dd51cb000-7dd51d3000 rw-p 00000000 00:00 0                              [anon:thread signal stack]
7dd51d3000-7dd51d4000 ---p 00000000 00:00 0 
7dd51d4000-7dd51dc000 rw-p 00000000 00:00 0                              [anon:thread signal stack]
7dd51dc000-7dd51f7000 r--s 09b53000 fe:3c 2521356                        /data/app/~~YuncQEj0Rruyt6y_-RebSA==/com.movtery.zalithlauncher.v2-JtRzSV7VpInkzDcyzopsqQ==/base.apk
7dd51f7000-7dd5200000 r--p 00164000 fe:3c 2654093                        /data/app/~~YuncQEj0Rruyt6y_-RebSA==/com.movtery.zalithlauncher.v2-JtRzSV7VpInkzDcyzopsqQ==/oat/arm64/base.art
7dd5200000-7dd7c00000 ---p 00000000 00:00 0 
7dd7c00000-7dd7c08000 rw-s 7dd7c00000 00:01 2660273                      /kgsl-3d0 (deleted)
7dd7c08000-7dd7c68000 rw-p 00000000 00:00 0                              [anon:scudo:secondary]
7dd7c68000-7dd7c6e000 r--p 00000000 fe:0c 209740490                      /system/lib64/libpiex.so
7dd7c6e000-7dd7c7e000 r-xp 00006000 fe:0c 209740490                      /system/lib64/libpiex.so
7dd7c7e000-7dd7c7f000 r--p 00016000 fe:0c 209740490                      /system/lib64/libpiex.so
7dd7c7f000-7dd7c80000 rw-p 00000000 00:00 0                              [anon:.bss]
7dd7c80000-7dd7c81000 r--s 00009000 fe:0d 5485818                        /system_ext/framework/androidx.window.sidecar.jar
7dd7c81000-7dd7c82000 r--s 00058000 fe:0d 5486179                        /system_ext/framework/androidx.window.extensions.jar
7dd7c82000-7dd7c83000 ---p 00000000 00:00 0 
7dd7c83000-7dd7c8b000 rw-p 00000000 00:00 0                              [anon:thread signal stack]
7dd7c8b000-7dd7cb0000 r--s 00000000 07:30 32                             /apex/com.android.tzdata/etc/tz/versioned/9/icu/zoneinfo64.res
7dd7cb0000-7dd7cb6000 r--p 00000000 fe:0c 176876790                      /system/lib64/libbpf_bcc.so
7dd7cb6000-7dd7cbc000 r-xp 00006000 fe:0c 176876790                      /system/lib64/libbpf_bcc.so
7dd7cbc000-7dd7cbe000 r--p 0000c000 fe:0c 176876790                      /system/lib64/libbpf_bcc.so
7dd7cbe000-7dd7cbf000 rw-p 0000e000 fe:0c 176876790                      /system/lib64/libbpf_bcc.so
7dd7cbf000-7dd7cc0000 rw-s 00000000 fe:3c 2533368                        /data/data/com.movtery.zalithlauncher.v2/files/mmkv/GamepadKeyMapping.crc
7dd7cc0000-7dd7cc1000 rw-s 00000000 fe:3c 2533367                        /data/data/com.movtery.zalithlauncher.v2/files/mmkv/GamepadKeyMapping
7dd7cc1000-7dd7cc2000 r--p 00000000 fe:0c 179390075                      /system/lib64/libcodec2_hidl_client@1.2.so
7dd7cc2000-7dd7cc4000 r-xp 00001000 fe:0c 179390075                      /system/lib64/libcodec2_hidl_client@1.2.so
7dd7cc4000-7dd7cc5000 r--p 00003000 fe:0c 179390075                      /system/lib64/libcodec2_hidl_client@1.2.so
7dd7cc5000-7dd7cc6000 rw-s 00000000 fe:3c 2533366                        /data/data/com.movtery.zalithlauncher.v2/files/mmkv/GamepadKeyMappingList.crc
7dd7cc6000-7dd7cc7000 rw-s 00000000 fe:3c 2533365                        /data/data/com.movtery.zalithlauncher.v2/files/mmkv/GamepadKeyMappingList
7dd7cc7000-7dd7cc8000 r--s 00000000 00:01 4113                           /dev/ashmem/4139ddff-b4f5-43fe-af66-1b3feeef1f16 (deleted)
7dd7cc8000-7dd7d16000 r--s 00000000 fe:0c 252006262                      /system/usr/hyphen-data/hyph-hu.hyb
7dd7d16000-7dd7d1b000 r--p 00000000 fe:0c 175429864                      /system/lib64/libappfuse.so
7dd7d1b000-7dd7d22000 r-xp 00005000 fe:0c 175429864                      /system/lib64/libappfuse.so
7dd7d22000-7dd7d23000 r--p 0000c000 fe:0c 175429864                      /system/lib64/libappfuse.so
7dd7d23000-7dd7d24000 rw-p 00000000 00:00 0                              [anon:.bss]
7dd7d24000-7dd7d25000 rw-p 00000000 00:00 0                              [anon:dalvik-local ref table]
7dd7d25000-7dd7d26000 r--s 00000000 00:01 4113                           /dev/ashmem/4139ddff-b4f5-43fe-af66-1b3feeef1f16 (deleted)
7dd7d26000-7dd7d27000 r--s 00000000 00:01 4119                           /dev/ashmem/cd7122d9-fdf8-4e5d-90ef-255fb7e07909 (deleted)
7dd7d27000-7dd7d28000 ---p 00000000 00:00 0 
7dd7d28000-7dd7d30000 rw-p 00000000 00:00 0                              [anon:thread signal stack]
7dd7d30000-7dd7d54000 r--s 00000000 fe:0c 251184122                      /system/usr/hyphen-data/hyph-nn.hyb
7dd7d54000-7dd7d5b000 r--p 00000000 fe:0c 209742451                      /system/lib64/libvcode_nc.so
7dd7d5b000-7dd7d62000 r-xp 00007000 fe:0c 209742451                      /system/lib64/libvcode_nc.so
7dd7d62000-7dd7d64000 r--p 0000e000 fe:0c 209742451                      /system/lib64/libvcode_nc.so
7dd7d64000-7dd7d65000 rw-p 00010000 fe:0c 209742451                      /system/lib64/libvcode_nc.so
7dd7d65000-7dd7d69000 rw-s 7dd7d65000 00:01 2660273                      /kgsl-3d0 (deleted)
7dd7d69000-7dd7d6a000 ---p 00000000 00:00 0 
7dd7d6a000-7dd7d72000 rw-p 00000000 00:00 0                              [anon:thread signal stack]
7dd7d72000-7dd7d73000 ---p 00000000 00:00 0 
7dd7d73000-7dd7d7b000 rw-p 00000000 00:00 0                              [anon:thread signal stack]
7dd7d7b000-7dd7d7c000 ---p 00000000 00:00 0 
7dd7d7c000-7dd7d84000 rw-p 00000000 00:00 0                              [anon:thread signal stack]
7dd7d84000-7dd7d9b000 r--p 00000000 fe:0c 209741547                      /system/lib64/libstagefright_foundation.so
7dd7d9b000-7dd7dbd000 r-xp 00017000 fe:0c 209741547                      /system/lib64/libstagefright_foundation.so
7dd7dbd000-7dd7dbf000 r--p 00039000 fe:0c 209741547                      /system/lib64/libstagefright_foundation.so
7dd7dbf000-7dd7dc0000 rw-p 0003b000 fe:0c 209741547                      /system/lib64/libstagefright_foundation.so
7dd7dc0000-7dd7dc1000 rw-s 7dd7dc0000 00:01 2660273                      /kgsl-3d0 (deleted)
7dd7dc1000-7dd7dd7000 r--p 00000000 fe:0c 179238620                      /system/lib64/android.hardware.media.c2@1.2.so
7dd7dd7000-7dd7df9000 r-xp 00016000 fe:0c 179238620                      /system/lib64/android.hardware.media.c2@1.2.so
7dd7df9000-7dd7dfe000 r--p 00038000 fe:0c 179238620                      /system/lib64/android.hardware.media.c2@1.2.so
7dd7dfe000-7dd7dff000 rw-p 0003d000 fe:0c 179238620                      /system/lib64/android.hardware.media.c2@1.2.so
7dd7dff000-7dd7e04000 rw-s 7dd7dff000 00:01 2660273                      /kgsl-3d0 (deleted)
7dd7e04000-7dd7e28000 r--s 00000000 fe:0c 252006523                      /system/usr/hyphen-data/hyph-nb.hyb
7dd7e28000-7dd7e58000 r--p 00000000 fe:2f 110                            /apex/com.android.art/lib64/libunwindstack.so
7dd7e58000-7dd7ecf000 r-xp 00030000 fe:2f 110                            /apex/com.android.art/lib64/libunwindstack.so
7dd7ecf000-7dd7ed7000 r--p 000a7000 fe:2f 110                            /apex/com.android.art/lib64/libunwindstack.so
7dd7ed7000-7dd7ed8000 rw-p 000af000 fe:2f 110                            /apex/com.android.art/lib64/libunwindstack.so
7dd7ed8000-7dd7ed9000 rw-s 7dd7ed8000 00:01 2660273                      /kgsl-3d0 (deleted)
7dd7ed9000-7dd7eda000 rw-s 7dd7ed9000 00:01 2660273                      /kgsl-3d0 (deleted)
7dd7eda000-7dd7edb000 rw-s 7dd7eda000 00:01 2660273                      /kgsl-3d0 (deleted)
7dd7edb000-7dd7edc000 rw-s 7dd7edb000 00:01 2660273                      /kgsl-3d0 (deleted)
7dd7edc000-7dd7edd000 rw-s 7dd7edc000 00:01 2660273                      /kgsl-3d0 (deleted)
7dd7edd000-7dd7ede000 rw-s 7dd7edd000 00:01 2660273                      /kgsl-3d0 (deleted)
7dd7ede000-7dd7ee9000 r--s 00000000 07:30 29                             /apex/com.android.tzdata/etc/tz/versioned/9/icu/metaZones.res
7dd7ee9000-7dd7f4d000 rw-p 00000000 00:00 0                              [anon:dalvik-indirect ref table]
7dd7f4d000-7dd7f59000 r--p 00000000 07:40 34                             /apex/com.android.i18n/lib64/libicu.so
7dd7f59000-7dd7f5c000 r-xp 0000c000 07:40 34                             /apex/com.android.i18n/lib64/libicu.so
7dd7f5c000-7dd7f5d000 r--p 0000f000 07:40 34                             /apex/com.android.i18n/lib64/libicu.so
7dd7f5d000-7dd7f65000 r--s effff000 00:11 1566                           /dev/kgsl-3d0
7dd7f65000-7dd7f83000 r--s 00000000 fe:0c 251186419                      /system/usr/hyphen-data/hyph-de-ch-1901.hyb
7dd7f83000-7dd7f85000 rw-p 00000000 00:00 0                              [anon:bionic_alloc_lob]
7dd7f85000-7dd7fa3000 r--s 00000000 fe:0c 252005113                      /system/usr/hyphen-data/hyph-de-1996.hyb
7dd7fa3000-7dd7fab000 r--p 00000000 fe:0c 209739932                      /system/lib64/libmeminfo.so
7dd7fab000-7dd7fb9000 r-xp 00008000 fe:0c 209739932                      /system/lib64/libmeminfo.so
7dd7fb9000-7dd7fba000 r--p 00016000 fe:0c 209739932                      /system/lib64/libmeminfo.so
7dd7fba000-7dd7fbb000 rw-p 00000000 00:00 0                              [anon:.bss]
7dd7fbb000-7dd7fbf000 rw-s 7dd7fbb000 00:01 2660273                      /kgsl-3d0 (deleted)
7dd7fbf000-7dd7fd1000 r--s 00000000 fe:0c 252005881                      /system/usr/hyphen-data/hyph-sv.hyb
7dd7fd1000-7dd7fd3000 r--p 00000000 fe:0c 179233530                      /system/lib64/com.android.media.audio-aconfig-cc.so
7dd7fd3000-7dd7fd5000 r-xp 00002000 fe:0c 179233530                      /system/lib64/com.android.media.audio-aconfig-cc.so
7dd7fd5000-7dd7fd6000 r--p 00004000 fe:0c 179233530                      /system/lib64/com.android.media.audio-aconfig-cc.so
7dd7fd6000-7dd7fd7000 rw-p 00000000 00:00 0                              [anon:.bss]
7dd7fd7000-7dd7fd8000 r--s 00000000 00:01 4113                           /dev/ashmem/4139ddff-b4f5-43fe-af66-1b3feeef1f16 (deleted)
7dd7fd8000-7dd7fda000 rw-p 00000000 00:00 0                              [anon:bionic_alloc_lob]
7dd7fda000-7dd7fdb000 rw-s 7dd7fda000 00:01 2660273                      /kgsl-3d0 (deleted)
7dd7fdb000-7dd7fdc000 r--s 00000000 00:01 4113                           /dev/ashmem/4139ddff-b4f5-43fe-af66-1b3feeef1f16 (deleted)
7dd7fdc000-7dd7fdd000 rw-p 00000000 00:00 0                              [anon:bionic_alloc_small_objects]
7dd7fdd000-7dd7fde000 r--s 00000000 00:01 4113                           /dev/ashmem/4139ddff-b4f5-43fe-af66-1b3feeef1f16 (deleted)
7dd7fde000-7dd7fdf000 r--s 00000000 00:01 4113                           /dev/ashmem/4139ddff-b4f5-43fe-af66-1b3feeef1f16 (deleted)
7dd7fdf000-7dd7fe0000 rw-s 00000000 fe:3c 2494628                        /data/data/com.movtery.zalithlauncher.v2/files/mmkv/ZalithLauncher.crc
7dd7fe0000-7dd8000000 r--p 00000000 00:00 0                              [anon:atexit handlers]
7dd8000000-7dd9c00000 ---p 00000000 00:00 0 
7dd9c00000-7dd9c01000 rw-s 00000000 fe:3c 2525176                        /data/data/com.movtery.zalithlauncher.v2/files/mmkv/ZalithLauncher
7dd9c01000-7dd9c02000 ---p 00000000 00:00 0 
7dd9c02000-7dd9c0a000 rw-p 00000000 00:00 0                              [anon:thread signal stack]
7dd9c0a000-7dd9c1d000 r--s 00000000 fe:0c 252006528                      /system/usr/hyphen-data/hyph-nl.hyb
7dd9c1d000-7dd9c40000 rw-p 00000000 00:00 0                              [anon:scudo:secondary]
7dd9c40000-7dd9ccc000 r--p 00000000 fe:0c 209739961                      /system/lib64/libminikin.so
7dd9ccc000-7dd9d9d000 r-xp 0008c000 fe:0c 209739961                      /system/lib64/libminikin.so
7dd9d9d000-7dd9dc2000 r--p 0015d000 fe:0c 209739961                      /system/lib64/libminikin.so
7dd9dc2000-7dd9dc3000 rw-p 00182000 fe:0c 209739961                      /system/lib64/libminikin.so
7dd9dc3000-7dd9dc4000 rw-p 00000000 00:00 0                              [anon:dalvik-local ref table]
7dd9dc4000-7dd9dc5000 r--s 00000000 fe:3c 2627777                        /data/resource-cache/data@resource-cache@com.android.systemui-vivo-dDkS.frro@idmap
7dd9dc5000-7dd9e1d000 rw-p 00000000 00:00 0                              [anon:scudo:secondary]
7dd9e1d000-7dd9f2b000 r--p 00000000 fe:0c 201452613                      /system/lib64/libandroid_runtime.so
7dd9f2b000-7dda145000 r-xp 0010e000 fe:0c 201452613                      /system/lib64/libandroid_runtime.so
7dda145000-7dda16a000 r--p 00328000 fe:0c 201452613                      /system/lib64/libandroid_runtime.so
7dda16a000-7dda16c000 rw-p 0034d000 fe:0c 201452613                      /system/lib64/libandroid_runtime.so
7dda16c000-7dda16f000 rw-p 00000000 00:00 0                              [anon:.bss]
7dda16f000-7dda175000 r--s 00000000 07:30 31                             /apex/com.android.tzdata/etc/tz/versioned/9/icu/windowsZones.res
7dda175000-7dda17b000 r--s 00000000 07:30 30                             /apex/com.android.tzdata/etc/tz/versioned/9/icu/timezoneTypes.res
7dda17b000-7dda180000 r--s 00000000 fe:0c 252004861                      /system/usr/hyphen-data/hyph-uk.hyb
7dda180000-7dda1c0000 rw-p 00000000 00:00 0                              [anon:dalvik-LinearAlloc]
7dda1c0000-7dda1c6000 r--p 00000000 fe:0c 176824039                      /system/lib64/effect-aidl-cpp.so
7dda1c6000-7dda1cd000 r-xp 00006000 fe:0c 176824039                      /system/lib64/effect-aidl-cpp.so
7dda1cd000-7dda1cf000 r--p 0000d000 fe:0c 176824039                      /system/lib64/effect-aidl-cpp.so
7dda1cf000-7dda1d0000 rw-p 0000f000 fe:0c 176824039                      /system/lib64/effect-aidl-cpp.so
7dda1d0000-7dda1e0000 r--s 00000000 fe:0c 251160444                      /system/usr/hyphen-data/hyph-sk.hyb
7dda1e0000-7dda200000 rw-p 00000000 00:00 0                              [anon:dalvik-LinearAlloc]
7dda200000-7ddde00000 ---p 00000000 00:00 0 
7ddde00000-7ddde01000 r--s 00000000 fe:3c 2627774                        /data/resource-cache/data@resource-cache@com.android.systemui-dynamic-MTnh.frro@idmap
7ddde01000-7ddde02000 r--s 00000000 fe:3c 2627768                        /data/resource-cache/data@resource-cache@com.android.systemui-accent-euNU.frro@idmap
7ddde02000-7ddde03000 r--s 00000000 fe:3c 2627772                        /data/resource-cache/data@resource-cache@com.android.systemui-neutral-pfxi.frro@idmap
7ddde03000-7ddde04000 rw-p 00000000 00:00 0                              [anon:bionic_alloc_small_objects]
7ddde04000-7ddde09000 r--s 00000000 fe:0c 252008059                      /system/usr/hyphen-data/hyph-ru.hyb
7ddde09000-7ddde6d000 rw-p 00000000 00:00 0                              [anon:dalvik-indirect ref table]
7ddde6d000-7ddde6e000 r--p 00000000 fe:0c 209741309                      /system/lib64/libstagefright_http_support.so
7ddde6e000-7ddde70000 r-xp 00001000 fe:0c 209741309                      /system/lib64/libstagefright_http_support.so
7ddde70000-7ddde71000 r--p 00003000 fe:0c 209741309                      /system/lib64/libstagefright_http_support.so
7ddde71000-7ddde72000 r--s 00000000 fe:0c 252004864                      /system/usr/hyphen-data/hyph-und-ethi.hyb
7ddde72000-7ddde92000 rw-p 00000000 00:00 0                              [anon:dalvik-LinearAlloc]
7ddde92000-7ddde94000 r--p 00000000 fe:0c 209739129                      /system/lib64/libmedia_jni_utils.so
7ddde94000-7ddde96000 r-xp 00002000 fe:0c 209739129                      /system/lib64/libmedia_jni_utils.so
7ddde96000-7ddde97000 r--p 00004000 fe:0c 209739129                      /system/lib64/libmedia_jni_utils.so
7ddde97000-7ddde98000 r--s 00000000 fe:0c 252008576                      /system/usr/hyphen-data/hyph-tk.hyb
7ddde98000-7ddde99000 r--s 00000000 fe:0c 252008291                      /system/usr/hyphen-data/hyph-te.hyb
7ddde99000-7ddde9a000 r--s 00000000 fe:0c 251953644                      /system/usr/hyphen-data/hyph-ta.hyb
7ddde9a000-7ddde9b000 r--s 00000000 fe:0c 252008320                      /system/usr/hyphen-data/hyph-sq.hyb
7ddde9b000-7dddea5000 r--s 00000000 fe:0c 252007036                      /system/usr/hyphen-data/hyph-lv.hyb
7dddea5000-7dddea6000 rw-p 00000000 00:00 0                              [anon:bionic_alloc_small_objects]
7dddea6000-7dddea8000 r--s 00000000 fe:0c 252008110                      /system/usr/hyphen-data/hyph-sl.hyb
7dddea8000-7dddea9000 r--s 00000000 fe:0c 252008064                      /system/usr/hyphen-data/hyph-pt.hyb
7dddea9000-7dddeae000 r--s 00000000 fe:0c 252007676                      /system/usr/hyphen-data/hyph-pl.hyb
7dddeae000-7dddeee000 rw-p 00000000 00:00 0                              [anon:dalvik-LinearAlloc]
7dddeee000-7dddeef000 r--p 00000000 fe:0c 209740150                      /system/lib64/libpackagelistparser.so
7dddeef000-7dddef0000 r-xp 00001000 fe:0c 209740150                      /system/lib64/libpackagelistparser.so
7dddef0000-7dddef1000 r--p 00002000 fe:0c 209740150                      /system/lib64/libpackagelistparser.so
7dddef1000-7dddef2000 rw-p 00000000 00:00 0                              [anon:.bss]
7dddef2000-7dddf10000 r--s 00000000 fe:0c 252005108                      /system/usr/hyphen-data/hyph-de-1901.hyb
7dddf10000-7dddf1f000 r--p 00000000 fe:0c 179152504                      /system/lib64/libPlatformProperties.so
7dddf1f000-7dddf2c000 r-xp 0000f000 fe:0c 179152504                      /system/lib64/libPlatformProperties.so
7dddf2c000-7dddf2d000 r--p 0001c000 fe:0c 179152504                      /system/lib64/libPlatformProperties.so
7dddf2d000-7dddf2e000 r--s 00000000 fe:0c 252006635                      /system/usr/hyphen-data/hyph-pa.hyb
7dddf2e000-7dddf2f000 r--s 00000000 fe:0c 252007907                      /system/usr/hyphen-data/hyph-or.hyb
7dddf2f000-7dddf30000 r--s 00000000 fe:0c 252004701                      /system/usr/hyphen-data/hyph-mr.hyb
7dddf30000-7dddf32000 r--s 00000000 fe:0c 209741566                      /system/usr/hyphen-data/hyph-mn-cyrl.hyb
7dddf32000-7dddf33000 r--s 00000000 fe:0c 252007525                      /system/usr/hyphen-data/hyph-ml.hyb
7dddf33000-7dddf3c000 r--s 00000000 fe:0c 252006400                      /system/usr/hyphen-data/hyph-ga.hyb
7dddf3c000-7dddf5c000 rw-p 00000000 00:00 0                              [anon:dalvik-LinearAlloc]
7dddf5c000-7dddf76000 r--s 00000000 08:08 207                            /metadata/aconfig/maps/system.flag.map
7dddf76000-7dddf78000 r--p 00000000 fe:0c 179363066                      /system/lib64/android.hardware.common-V2-ndk.so
7dddf78000-7dddf7b000 r-xp 00002000 fe:0c 179363066                      /system/lib64/android.hardware.common-V2-ndk.so
7dddf7b000-7dddf7c000 r--p 00005000 fe:0c 179363066                      /system/lib64/android.hardware.common-V2-ndk.so
7dddf7c000-7dddf7d000 rw-p 00006000 fe:0c 179363066                      /system/lib64/android.hardware.common-V2-ndk.so
7dddf7d000-7dddf7f000 r--s 00000000 fe:0c 252007296                      /system/usr/hyphen-data/hyph-lt.hyb
7dddf7f000-7dddf80000 r--s 00000000 fe:0c 252006977                      /system/usr/hyphen-data/hyph-la.hyb
7dddf80000-7dddf81000 r--s 00000000 fe:0c 252007272                      /system/usr/hyphen-data/hyph-kn.hyb
7dddf81000-7dddf8a000 r--p 00000000 fe:0c 209739579                      /system/lib64/libmediadrmmetrics_lite.so
7dddf8a000-7dddf96000 r-xp 00009000 fe:0c 209739579                      /system/lib64/libmediadrmmetrics_lite.so
7dddf96000-7dddf97000 r--p 00015000 fe:0c 209739579                      /system/lib64/libmediadrmmetrics_lite.so
7dddf97000-7dddf98000 rw-p 00016000 fe:0c 209739579                      /system/lib64/libmediadrmmetrics_lite.so
7dddf98000-7dddf9b000 r--s 00000000 fe:0c 252006395                      /system/usr/hyphen-data/hyph-ka.hyb
7dddf9b000-7dddf9c000 r--s 00000000 fe:0c 252007040                      /system/usr/hyphen-data/hyph-it.hyb
7dddf9c000-7dddf9d000 r--s 00000000 fe:0c 252005345                      /system/usr/hyphen-data/hyph-hy.hyb
7dddf9d000-7dddfa0000 r--s 00000000 fe:0c 252006011                      /system/usr/hyphen-data/hyph-gl.hyb
7dddfa0000-7dddfa2000 r--s 00000000 fe:0c 209738622                      /system/usr/hyphen-data/hyph-fr.hyb
7dddfa2000-7dddfb1000 r--s 00000000 fe:0c 251186428                      /system/usr/hyphen-data/hyph-en-us.hyb
7dddfb1000-7dddfb2000 rw-s 7dddfb1000 00:01 2660273                      /kgsl-3d0 (deleted)
7dddfb2000-7dddfb4000 rw-s 7dddfb2000 00:01 2660273                      /kgsl-3d0 (deleted)
7dddfb4000-7dddfb6000 rw-s 7dddfb4000 00:01 2660273                      /kgsl-3d0 (deleted)
7dddfb6000-7dddfb8000 rw-s 7dddfb6000 00:01 2660273                      /kgsl-3d0 (deleted)
7dddfb8000-7dddfb9000 rw-s 7dddfb8000 00:01 2660273                      /kgsl-3d0 (deleted)
7dddfb9000-7dddfbb000 rw-s 7dddfb9000 00:01 2660273                      /kgsl-3d0 (deleted)
7dddfbb000-7dddfbd000 rw-s 7dddfbb000 00:01 2660273                      /kgsl-3d0 (deleted)
7dddfbd000-7dddfbf000 rw-s 7dddfbd000 00:01 2660273                      /kgsl-3d0 (deleted)
7dddfbf000-7dddfc1000 rw-s 7dddfbf000 00:01 2660273                      /kgsl-3d0 (deleted)
7dddfc1000-7dddfc3000 rw-s 7dddfc1000 00:01 2660273                      /kgsl-3d0 (deleted)
7dddfc3000-7dddfc5000 rw-s 7dddfc3000 00:01 2660273                      /kgsl-3d0 (deleted)
7dddfc5000-7dddfc7000 rw-s 7dddfc5000 00:01 2660273                      /kgsl-3d0 (deleted)
7dddfc7000-7dddfc8000 rw-s 7dddfc7000 00:01 2660273                      /kgsl-3d0 (deleted)
7dddfc8000-7dddfc9000 rw-s 7dddfc8000 00:01 2660273                      /kgsl-3d0 (deleted)
7dddfc9000-7dddfca000 rw-s 7dddfc9000 00:01 2660273                      /kgsl-3d0 (deleted)
7dddfca000-7dddfcb000 ---p 00000000 00:00 0 
7dddfcb000-7dddfd3000 rw-p 00000000 00:00 0                              [anon:thread signal stack]
7dddfd3000-7dddfd5000 rw-s 7dddfd3000 00:01 2660273                      /kgsl-3d0 (deleted)
7dddfd5000-7dddfd7000 rw-s 7dddfd5000 00:01 2660273                      /kgsl-3d0 (deleted)
7dddfd7000-7dddfd9000 rw-s 7dddfd7000 00:01 2660273                      /kgsl-3d0 (deleted)
7dddfd9000-7dddfda000 ---p 00000000 00:00 0 
7dddfda000-7dddfe2000 rw-p 00000000 00:00 0                              [anon:thread signal stack]
7dddfe2000-7dddffa000 rw-p 00000000 00:00 0                              [anon:scudo:secondary]
7dddffa000-7dddffb000 r--p 00000000 fe:0c 179244669                      /system/lib64/android.hardware.graphics.common@1.1.so
7dddffb000-7dddffd000 r-xp 00001000 fe:0c 179244669                      /system/lib64/android.hardware.graphics.common@1.1.so
7dddffd000-7dddffe000 r--p 00003000 fe:0c 179244669                      /system/lib64/android.hardware.graphics.common@1.1.so
7dddffe000-7dddfff000 rw-p 00000000 00:00 0                              [anon:bionic_alloc_small_objects]
7dddfff000-7dde005000 r--s 00000000 fe:0c 252006008                      /system/usr/hyphen-data/hyph-et.hyb
7dde005000-7dde009000 r--s 00000000 fe:0c 252006141                      /system/usr/hyphen-data/hyph-es.hyb
7dde009000-7dde015000 r--s 00000000 fe:0c 251186424                      /system/usr/hyphen-data/hyph-en-gb.hyb
7dde015000-7dde01b000 r--p 00000000 fe:0c 177428476                      /system/lib64/libcamera_metadata.so
7dde01b000-7dde022000 r-xp 00006000 fe:0c 177428476                      /system/lib64/libcamera_metadata.so
7dde022000-7dde023000 r--p 0000d000 fe:0c 177428476                      /system/lib64/libcamera_metadata.so
7dde023000-7dde025000 rw-p 0000e000 fe:0c 177428476                      /system/lib64/libcamera_metadata.so
7dde025000-7dde026000 r--s 00000000 fe:0c 252005248                      /system/usr/hyphen-data/hyph-hr.hyb
7dde026000-7dde036000 r--s 00000000 fe:0c 251953915                      /system/usr/hyphen-data/hyph-cs.hyb
7dde036000-7dde037000 rw-s 7dde036000 00:01 2660273                      /kgsl-3d0 (deleted)
7dde037000-7dde038000 r--p 00000000 00:00 0 
7dde038000-7dde03a000 rw-s 7dde038000 00:01 2660273                      /kgsl-3d0 (deleted)
7dde03a000-7dde03b000 ---p 00000000 00:00 0 
7dde03b000-7dde043000 rw-p 00000000 00:00 0                              [anon:thread signal stack]
7dde043000-7dde044000 ---p 00000000 00:00 0 
7dde044000-7dde04c000 rw-p 00000000 00:00 0                              [anon:thread signal stack]
7dde04c000-7dde055000 r--p 00000000 fe:0c 201448923                      /system/lib64/android.hidl.memory.token@1.0.so
7dde055000-7dde05c000 r-xp 00009000 fe:0c 201448923                      /system/lib64/android.hidl.memory.token@1.0.so
7dde05c000-7dde05e000 r--p 00010000 fe:0c 201448923                      /system/lib64/android.hidl.memory.token@1.0.so
7dde05e000-7dde05f000 rw-p 00012000 fe:0c 201448923                      /system/lib64/android.hidl.memory.token@1.0.so
7dde05f000-7dde061000 r--s 00000000 fe:0c 209737982                      /system/usr/hyphen-data/hyph-el.hyb
7dde061000-7dde06e000 r--s 00000000 fe:0c 251186415                      /system/usr/hyphen-data/hyph-cu.hyb
7dde06e000-7dde0b9000 r--p 00000000 fe:0c 179354228                      /system/fonts/RobotoStatic-Regular.ttf
7dde0b9000-7dde954000 r-xp 00000000 fe:0c 209739415                      /system/lib64/libmediacore4g_vivo_public.so
7dde954000-7dde957000 ---p 00000000 00:00 0 
7dde957000-7dde989000 r--p 0089a000 fe:0c 209739415                      /system/lib64/libmediacore4g_vivo_public.so
7dde989000-7dde993000 rw-p 008cc000 fe:0c 209739415                      /system/lib64/libmediacore4g_vivo_public.so
7dde993000-7ddecd3000 rw-p 00000000 00:00 0                              [anon:.bss]
7ddecd3000-7ddecd4000 r--s 00000000 fe:0c 251184099                      /system/usr/hyphen-data/hyph-hi.hyb
7ddecd4000-7ddece6000 r--s 00000000 fe:0c 251953912                      /system/usr/hyphen-data/hyph-af.hyb
7ddece6000-7dded4b000 r--p 00000000 fe:0c 187591799                      /system/framework/framework-nfc.jar
7dded4b000-7dded4c000 r--p 00000000 07:28 44                             /apex/com.android.runtime/lib64/bionic/libdl_android.so
7dded4c000-7dded4d000 r-xp 00001000 07:28 44                             /apex/com.android.runtime/lib64/bionic/libdl_android.so
7dded4d000-7dded4e000 r--p 00002000 07:28 44                             /apex/com.android.runtime/lib64/bionic/libdl_android.so
7dded4e000-7dded58000 r--p 00000000 fe:0d 5485818                        /system_ext/framework/androidx.window.sidecar.jar
7dded58000-7dded60000 r--p 00000000 fe:0c 179361917                      /system/framework/com.android.location.provider.jar
7dded60000-7dded80000 rw-p 00000000 00:00 0                              [anon:dalvik-LinearAlloc]
7dded80000-7dded97000 r--p 00000000 fe:0c 179244660                      /system/lib64/android.hardware.graphics.bufferqueue@1.0.so
7dded97000-7ddedbb000 r-xp 00017000 fe:0c 179244660                      /system/lib64/android.hardware.graphics.bufferqueue@1.0.so
7ddedbb000-7ddedbf000 r--p 0003b000 fe:0c 179244660                      /system/lib64/android.hardware.graphics.bufferqueue@1.0.so
7ddedbf000-7ddedc0000 rw-p 0003f000 fe:0c 179244660                      /system/lib64/android.hardware.graphics.bufferqueue@1.0.so
7ddedc0000-7ddedc1000 r--s 00000000 fe:0c 251160419                      /system/usr/hyphen-data/hyph-gu.hyb
7ddedc1000-7ddedc7000 rw-p 00000000 00:00 0                              [anon:bionic_alloc_small_objects]
7ddedc7000-7ddedca000 r--p 00000000 fe:0c 187588477                      /system/framework/com.android.media.remotedisplay.jar
7ddedca000-7ddedcb000 rw-p 00000000 00:00 0                              [anon:bionic_alloc_small_objects]
7ddedcb000-7ddedd4000 r--p 00000000 fe:0c 187597949                      /system/framework/android.test.base.jar
7ddedd4000-7ddedd8000 r--p 00000000 fe:0c 209741560                      /system/lib64/libstagefright_graphicbuffersource_aidl.so
7ddedd8000-7ddeddc000 r-xp 00004000 fe:0c 209741560                      /system/lib64/libstagefright_graphicbuffersource_aidl.so
7ddeddc000-7ddeddd000 r--p 00008000 fe:0c 209741560                      /system/lib64/libstagefright_graphicbuffersource_aidl.so
7ddeddd000-7ddedde000 rw-p 00000000 00:00 0                              [anon:.bss]
7ddedde000-7ddede0000 rw-p 00000000 00:00 0                              [anon:bionic_alloc_small_objects]
7ddede0000-7ddee00000 rw-p 00000000 00:00 0                              [anon:dalvik-LinearAlloc]
7ddee00000-7de2800000 ---p 00000000 00:00 0 
7de2800000-7de2808000 r--p 00000000 fe:0c 187586173                      /system/framework/android.hidl.manager-V1.0-java.jar
7de2808000-7de2848000 rw-p 00000000 00:00 0                              [anon:dalvik-LinearAlloc]
7de2848000-7de284a000 r--p 00000000 fe:0c 209741633                      /system/lib64/libstagefright_surface_utils.so
7de284a000-7de284d000 r-xp 00002000 fe:0c 209741633                      /system/lib64/libstagefright_surface_utils.so
7de284d000-7de284e000 r--p 00005000 fe:0c 209741633                      /system/lib64/libstagefright_surface_utils.so
7de284e000-7de284f000 rw-p 00000000 00:00 0                              [anon:.bss]
7de284f000-7de2850000 rw-p 00000000 00:00 0                              [anon:bionic_alloc_small_objects]
7de2850000-7de2854000 r--p 00000000 fe:0c 187594237                      /system/framework/android.hidl.base-V1.0-java.jar
7de2854000-7de2855000 r--p 00000000 fe:0c 187597022                      /system/framework/tcmiface.jar
7de2855000-7de2857000 r--p 00000000 fe:0c 195697408                      /system/framework/tcmclient.jar
7de2857000-7de2858000 rw-p 00000000 00:00 0                              [anon:bionic_alloc_small_objects]
7de2858000-7de2859000 r--s 00000000 fe:0e 7464726                        /product/overlay/GmsConfigOverlayCommon.apk
7de2859000-7de285a000 r--s 00005000 fe:0e 7464726                        /product/overlay/GmsConfigOverlayCommon.apk
7de285a000-7de2874000 r--s 00000000 08:08 207                            /metadata/aconfig/maps/system.flag.map
7de2874000-7de288c000 r--s 005e3000 fe:0c 195697664                      /system/framework/telephony-common.jar
7de288c000-7de2891000 r--p 00000000 07:40 31                             /apex/com.android.i18n/lib64/libandroidicu.so
7de2891000-7de2892000 r-xp 00005000 07:40 31                             /apex/com.android.i18n/lib64/libandroidicu.so
7de2892000-7de2893000 r--p 00006000 07:40 31                             /apex/com.android.i18n/lib64/libandroidicu.so
7de2893000-7de2894000 r--s 00000000 fe:3c 1460                           /data/resource-cache/product@overlay@GmsConfigOverlayCommon.apk@idmap
7de2894000-7de2895000 rw-p 00000000 00:00 0                              [anon:bionic_alloc_small_objects]
7de2895000-7de2896000 r--s 00000000 fe:0e 7464717                        /product/overlay/FrameworksResCommonQva_Sys.apk
7de2896000-7de2897000 r--s 00003000 fe:0e 7464717                        /product/overlay/FrameworksResCommonQva_Sys.apk
7de2897000-7de2898000 r--s 00000000 fe:3c 1459                           /data/resource-cache/product@overlay@FrameworksResCommonQva_Sys.apk@idmap
7de2898000-7de289c000 r--s 00000000 fe:0e 7464720                        /product/overlay/FrameworksResCommon_Sys.apk
7de289c000-7de289d000 r--s 00007000 fe:0e 7464720                        /product/overlay/FrameworksResCommon_Sys.apk
7de289d000-7de289e000 r--s 00000000 fe:3c 1458                           /data/resource-cache/product@overlay@FrameworksResCommon_Sys.apk@idmap
7de289e000-7de289f000 r--s 00000000 fe:0f 53734970                       /vendor/overlay/VivoFrameworksResRRO.apk
7de289f000-7de28a0000 r--s 00006000 fe:0f 53734970                       /vendor/overlay/VivoFrameworksResRRO.apk
7de28a0000-7de28a1000 r--s 00000000 fe:3c 1457                           /data/resource-cache/vendor@overlay@VivoFrameworksResRRO.apk@idmap
7de28a1000-7de28a2000 r--s 00000000 fe:0f 53734964                       /vendor/overlay/FrameworksResTarget_Vendor.apk
7de28a2000-7de28a3000 r--s 00005000 fe:0f 53734964                       /vendor/overlay/FrameworksResTarget_Vendor.apk
7de28a3000-7de28a4000 r--s 00000000 fe:3c 1456                           /data/resource-cache/vendor@overlay@FrameworksResTarget_Vendor.apk@idmap
7de28a4000-7de28a7000 r--s 00000000 00:01 7168                           /dev/ashmem/ApplicationSharedMemory (deleted)
7de28a7000-7de28a9000 r--s 00000000 08:08 59                             /metadata/aconfig/maps/system_ext.flag.map
7de28a9000-7de28c8000 r--s 00212000 fe:0c 179360474                      /system/framework/ext.jar
7de28c8000-7de28ed000 r--s 00000000 07:30 32                             /apex/com.android.tzdata/etc/tz/versioned/9/icu/zoneinfo64.res
7de28ed000-7de2965000 r--p 00000000 fe:2f 91                             /apex/com.android.art/lib64/libc++.so
7de2965000-7de2968000 ---p 00000000 00:00 0 
7de2968000-7de29e8000 r-xp 00077000 fe:2f 91                             /apex/com.android.art/lib64/libc++.so
7de29e8000-7de29eb000 ---p 00000000 00:00 0 
7de29eb000-7de29f3000 r--p 000f6000 fe:2f 91                             /apex/com.android.art/lib64/libc++.so
7de29f3000-7de29f6000 ---p 00000000 00:00 0 
7de29f6000-7de29f7000 rw-p 000fd000 fe:2f 91                             /apex/com.android.art/lib64/libc++.so
7de29f7000-7de29ff000 rw-p 00000000 00:00 0                              [anon:.bss]
7de29ff000-7de2a02000 r--s 00000000 08:08 206                            /metadata/aconfig/maps/system.package.map
7de2a02000-7de2a03000 rw-p 00000000 00:00 0 
7de2a03000-7de2a07000 r--s 00000000 08:08 282                            /metadata/aconfig/maps/com.android.bt.flag.map
7de2a07000-7de2a27000 rw-p 00000000 00:00 0                              [anon:dalvik-LinearAlloc]
7de2a27000-7de2a28000 r--p 00000000 fe:0c 209741407                      /system/lib64/libsync.so
7de2a28000-7de2a29000 r-xp 00001000 fe:0c 209741407                      /system/lib64/libsync.so
7de2a29000-7de2a2a000 r--p 00002000 fe:0c 209741407                      /system/lib64/libsync.so
7de2a2a000-7de2a2b000 rw-p 00000000 00:00 0                              [anon:.bss]
7de2a2b000-7de2a2c000 r--s 00000000 08:08 252                            /metadata/aconfig/boot/com.android.bt.val
7de2a2c000-7de2a2d000 r--s 00000000 08:08 281                            /metadata/aconfig/maps/com.android.bt.package.map
7de2a2d000-7de2a2e000 r--s 00000000 08:08 244                            /metadata/aconfig/boot/com.android.healthfitness.val
7de2a2e000-7de2a2f000 r--s 00000000 08:08 238                            /metadata/aconfig/maps/com.android.healthfitness.flag.map
7de2a2f000-7de2a30000 r--s 00000000 08:08 237                            /metadata/aconfig/maps/com.android.healthfitness.package.map
7de2a30000-7de2a31000 r--s 00000000 08:08 256                            /metadata/aconfig/boot/com.android.i18n.val
7de2a31000-7de2a51000 rw-p 00000000 00:00 0                              [anon:dalvik-LinearAlloc]
7de2a51000-7de2a64000 r--p 00000000 fe:0c 209738336                      /system/lib64/libclang_rt.ubsan_standalone-aarch64-android.so
7de2a64000-7de2a67000 ---p 00000000 00:00 0 
7de2a67000-7de2a85000 r-xp 00012000 fe:0c 209738336                      /system/lib64/libclang_rt.ubsan_standalone-aarch64-android.so
7de2a85000-7de2a88000 ---p 00000000 00:00 0 
7de2a88000-7de2a8a000 r--p 0002f000 fe:0c 209738336                      /system/lib64/libclang_rt.ubsan_standalone-aarch64-android.so
7de2a8a000-7de2a8d000 ---p 00000000 00:00 0 
7de2a8d000-7de2a90000 rw-p 00030000 fe:0c 209738336                      /system/lib64/libclang_rt.ubsan_standalone-aarch64-android.so
7de2a90000-7de2cb2000 rw-p 00000000 00:00 0                              [anon:.bss]
7de2cb2000-7de2cb3000 r--s 00000000 08:08 231                            /metadata/aconfig/maps/com.android.i18n.flag.map
7de2cb3000-7de2d13000 rw-p 00000000 00:00 0                              [anon:dalvik-LinearAlloc]
7de2d13000-7de2d2d000 r--p 00000000 fe:0c 177247858                      /system/lib64/libaudioclient_aidl_conversion.so
7de2d2d000-7de2d68000 r-xp 0001a000 fe:0c 177247858                      /system/lib64/libaudioclient_aidl_conversion.so
7de2d68000-7de2d6a000 r--p 00055000 fe:0c 177247858                      /system/lib64/libaudioclient_aidl_conversion.so
7de2d6a000-7de2d6b000 rw-p 00000000 00:00 0                              [anon:.bss]
7de2d6b000-7de2d6c000 r--s 00000000 08:08 230                            /metadata/aconfig/maps/com.android.i18n.package.map
7de2d6c000-7de2d6d000 r--s 00000000 08:08 258                            /metadata/aconfig/boot/com.android.devicelock.val
7de2d6d000-7de2d6e000 r--s 00000000 08:08 224                            /metadata/aconfig/maps/com.android.devicelock.flag.map
7de2d6e000-7de2d6f000 r--s 00000000 08:08 223                            /metadata/aconfig/maps/com.android.devicelock.package.map
7de2d6f000-7de2d70000 r--s 00000000 08:08 254                            /metadata/aconfig/boot/com.android.virt.val
7de2d70000-7de2d71000 r--s 00000000 08:08 217                            /metadata/aconfig/maps/com.android.virt.flag.map
7de2d71000-7de2d72000 r--s 00000000 08:08 216                            /metadata/aconfig/maps/com.android.virt.package.map
7de2d72000-7de2d73000 r--s 00000000 08:08 165                            /metadata/aconfig/boot/com.android.configinfrastructure.val
7de2d73000-7de2d74000 r--s 00000000 08:08 210                            /metadata/aconfig/maps/com.android.configinfrastructure.flag.map
7de2d74000-7de2d75000 r--s 00000000 08:08 209                            /metadata/aconfig/maps/com.android.configinfrastructure.package.map
7de2d75000-7de2d76000 r--s 00000000 08:08 221                            /metadata/aconfig/boot/com.android.adservices.val
7de2d76000-7de2d77000 r--s 00000000 08:08 203                            /metadata/aconfig/maps/com.android.adservices.flag.map
7de2d77000-7de2d78000 r--s 00000000 08:08 202                            /metadata/aconfig/maps/com.android.adservices.package.map
7de2d78000-7de2d79000 r--s 00000000 08:08 250                            /metadata/aconfig/boot/com.android.os.statsd.val
7de2d79000-7de2d7a000 r--s 00000000 08:08 196                            /metadata/aconfig/maps/com.android.os.statsd.flag.map
7de2d7a000-7de2d7b000 r--s 00000000 08:08 195                            /metadata/aconfig/maps/com.android.os.statsd.package.map
7de2d7b000-7de2d7c000 r--s 00000000 08:08 246                            /metadata/aconfig/boot/com.android.media.swcodec.val
7de2d7c000-7de2d7d000 r--s 00000000 08:08 189                            /metadata/aconfig/maps/com.android.media.swcodec.flag.map
7de2d7d000-7de2d7e000 r--s 00000000 08:08 188                            /metadata/aconfig/maps/com.android.media.swcodec.package.map
7de2d7e000-7de2d89000 r--s 00000000 07:30 29                             /apex/com.android.tzdata/etc/tz/versioned/9/icu/metaZones.res
7de2d89000-7de2db2000 r--p 00000000 fe:0c 187588068                      /system/lib64/android.hardware.drm@1.4.so
7de2db2000-7de2de6000 r-xp 00029000 fe:0c 187588068                      /system/lib64/android.hardware.drm@1.4.so
7de2de6000-7de2def000 r--p 0005d000 fe:0c 187588068                      /system/lib64/android.hardware.drm@1.4.so
7de2def000-7de2df0000 rw-p 00066000 fe:0c 187588068                      /system/lib64/android.hardware.drm@1.4.so
7de2df0000-7de2df1000 r--s 00000000 08:08 200                            /metadata/aconfig/boot/com.android.conscrypt.val
7de2df1000-7de2df2000 r--s 00000000 08:08 182                            /metadata/aconfig/maps/com.android.conscrypt.flag.map
7de2df2000-7de2df3000 r--s 00000000 08:08 181                            /metadata/aconfig/maps/com.android.conscrypt.package.map
7de2df3000-7de2df4000 r--s 00000000 08:08 234                            /metadata/aconfig/boot/com.android.ipsec.val
7de2df4000-7de2dfa000 r--s 00000000 07:30 30                             /apex/com.android.tzdata/etc/tz/versioned/9/icu/timezoneTypes.res
7de2dfa000-7de2e00000 r--s 00000000 07:30 31                             /apex/com.android.tzdata/etc/tz/versioned/9/icu/windowsZones.res
7de2e00000-7de3e00000 ---p 00000000 00:00 0 
7de3e00000-7de3e01000 r--s 00000000 08:08 175                            /metadata/aconfig/maps/com.android.ipsec.flag.map
7de3e01000-7de3e02000 r--s 00000000 08:08 174                            /metadata/aconfig/maps/com.android.ipsec.package.map
7de3e02000-7de3e03000 r--s 00000000 08:08 56                             /metadata/aconfig/boot/com.android.permission.val
7de3e03000-7de3e23000 rw-p 00000000 00:00 0                              [anon:dalvik-LinearAlloc]
7de3e23000-7de3e24000 ---p 00000000 00:00 0 
7de3e24000-7de3e2c000 rw-p 00000000 00:00 0                              [anon:thread signal stack]
7de3e2c000-7de3e2d000 ---p 00000000 00:00 0 
7de3e2d000-7de3e35000 rw-p 00000000 00:00 0                              [anon:thread signal stack]
7de3e35000-7de3e36000 ---p 00000000 00:00 0 
7de3e36000-7de3e3e000 rw-p 00000000 00:00 0                              [anon:thread signal stack]
7de3e3e000-7de3e3f000 ---p 00000000 00:00 0 
7de3e3f000-7de3e47000 rw-p 00000000 00:00 0                              [anon:thread signal stack]
7de3e47000-7de3e49000 r--p 00000000 fe:0c 179050347                      /system/lib64/camera_platform_flags_c_lib.so
7de3e49000-7de3e4b000 r-xp 00002000 fe:0c 179050347                      /system/lib64/camera_platform_flags_c_lib.so
7de3e4b000-7de3e4c000 r--p 00004000 fe:0c 179050347                      /system/lib64/camera_platform_flags_c_lib.so
7de3e4c000-7de3e4d000 rw-p 00000000 00:00 0                              [anon:.bss]
7de3e4d000-7de3e4e000 r--s 00000000 08:08 168                            /metadata/aconfig/maps/com.android.permission.flag.map
7de3e4e000-7de3e4f000 r--s 00000000 08:08 167                            /metadata/aconfig/maps/com.android.permission.package.map
7de3e4f000-7de3e50000 r--s 00000000 08:08 179                            /metadata/aconfig/boot/com.android.art.val
7de3e50000-7de3e51000 ---p 00000000 00:00 0 
7de3e51000-7de3e59000 rw-p 00000000 00:00 0                              [anon:thread signal stack]
7de3e59000-7de3e79000 rw-p 00000000 00:00 0                              [anon:dalvik-LinearAlloc]
7de3e79000-7de3ea9000 rw-p 00000000 00:00 0                              [anon:scudo:secondary]
7de3ea9000-7de3eb1000 rw-p 00000000 00:00 0                              [anon:dalvik-thread local mark stack]
7de3eb1000-7de3ec5000 r--p 00000000 fe:0c 177247834                      /system/lib64/libaudio_aidl_conversion_common_cpp.so
7de3ec5000-7de3ef2000 r-xp 00014000 fe:0c 177247834                      /system/lib64/libaudio_aidl_conversion_common_cpp.so
7de3ef2000-7de3ef4000 r--p 00041000 fe:0c 177247834                      /system/lib64/libaudio_aidl_conversion_common_cpp.so
7de3ef4000-7de3ef5000 rw-p 00000000 00:00 0                              [anon:.bss]
7de3ef5000-7de3f01000 rw-p 00000000 00:00 0                              [anon:dalvik-thread local mark stack]
7de3f01000-7de3f16000 r--p 00000000 fe:0c 179235422                      /system/lib64/android.hardware.drm-V1-ndk.so
7de3f16000-7de3f37000 r-xp 00015000 fe:0c 179235422                      /system/lib64/android.hardware.drm-V1-ndk.so
7de3f37000-7de3f39000 r--p 00036000 fe:0c 179235422                      /system/lib64/android.hardware.drm-V1-ndk.so
7de3f39000-7de3f3a000 rw-p 00038000 fe:0c 179235422                      /system/lib64/android.hardware.drm-V1-ndk.so
7de3f3a000-7de3f3b000 r--s 00000000 08:08 161                            /metadata/aconfig/maps/com.android.art.flag.map
7de3f3b000-7de3f3c000 r--s 00000000 08:08 160                            /metadata/aconfig/maps/com.android.art.package.map
7de3f3c000-7de3f3d000 r--s 00000000 08:08 186                            /metadata/aconfig/boot/com.android.mediaprovider.val
7de3f3d000-7de3f69000 rw-p 00000000 00:00 0                              [anon:dalvik-thread local mark stack]
7de3f69000-7de3f92000 r--p 00000000 fe:0c 209739626                      /system/lib64/libmediautils.so
7de3f92000-7de3fe7000 r-xp 00029000 fe:0c 209739626                      /system/lib64/libmediautils.so
7de3fe7000-7de3fee000 r--p 0007e000 fe:0c 209739626                      /system/lib64/libmediautils.so
7de3fee000-7de3fef000 rw-p 00085000 fe:0c 209739626                      /system/lib64/libmediautils.so
7de3fef000-7de3ff0000 r--s 00000000 08:08 154                            /metadata/aconfig/maps/com.android.mediaprovider.flag.map
7de3ff0000-7de3ff1000 r--s 00000000 08:08 153                            /metadata/aconfig/maps/com.android.mediaprovider.package.map
7de3ff1000-7de3ff2000 r--s 00000000 08:08 248                            /metadata/aconfig/boot/com.android.profiling.val
7de3ff2000-7de400a000 rw-p 00000000 00:00 0                              [anon:dalvik-thread local mark stack]
7de400a000-7de422a000 r--p 00000000 fe:0c 209740160                      /system/lib64/libpdfium.so
7de422a000-7de44ab000 r-xp 00220000 fe:0c 209740160                      /system/lib64/libpdfium.so
7de44ab000-7de44be000 r--p 004a1000 fe:0c 209740160                      /system/lib64/libpdfium.so
7de44be000-7de44c1000 rw-p 004b4000 fe:0c 209740160                      /system/lib64/libpdfium.so
7de44c1000-7de44c3000 rw-p 00000000 00:00 0                              [anon:.bss]
7de44c3000-7de44c4000 r--s 00000000 08:08 147                            /metadata/aconfig/maps/com.android.profiling.flag.map
7de44c4000-7de44c5000 r--s 00000000 08:08 146                            /metadata/aconfig/maps/com.android.profiling.package.map
7de44c5000-7de4521000 rw-p 00000000 00:00 0                              [anon:dalvik-thread local mark stack]
7de4521000-7de452b000 r--p 00000000 fe:0c 179242617                      /system/lib64/android.hardware.graphics.allocator@2.0.so
7de452b000-7de4538000 r-xp 0000a000 fe:0c 179242617                      /system/lib64/android.hardware.graphics.allocator@2.0.so
7de4538000-7de453a000 r--p 00017000 fe:0c 179242617                      /system/lib64/android.hardware.graphics.allocator@2.0.so
7de453a000-7de453b000 rw-p 00019000 fe:0c 179242617                      /system/lib64/android.hardware.graphics.allocator@2.0.so
7de453b000-7de456f000 rw-p 00000000 00:00 0                              [anon:dalvik-thread local mark stack]
7de456f000-7de4571000 r--p 00000000 fe:0c 201481723                      /system/lib64/aconfig_view_accessibility_flags_c_lib.so
7de4571000-7de4572000 r-xp 00002000 fe:0c 201481723                      /system/lib64/aconfig_view_accessibility_flags_c_lib.so
7de4572000-7de4573000 r--p 00003000 fe:0c 201481723                      /system/lib64/aconfig_view_accessibility_flags_c_lib.so
7de4573000-7de4574000 rw-p 00000000 00:00 0                              [anon:.bss]
7de4574000-7de4575000 r--s 00000000 08:08 193                            /metadata/aconfig/boot/com.android.uwb.val
7de4575000-7de4581000 rw-p 00000000 00:00 0                              [anon:dalvik-thread local mark stack]
7de4581000-7de458e000 r--p 00000000 fe:0c 209740889                      /system/lib64/libsensor.so
7de458e000-7de4599000 r-xp 0000d000 fe:0c 209740889                      /system/lib64/libsensor.so
7de4599000-7de459d000 r--p 00018000 fe:0c 209740889                      /system/lib64/libsensor.so
7de459d000-7de459e000 rw-p 0001c000 fe:0c 209740889                      /system/lib64/libsensor.so
7de459e000-7de459f000 r--s 00000000 08:08 140                            /metadata/aconfig/maps/com.android.uwb.flag.map
7de459f000-7de45a0000 r--s 00000000 08:08 139                            /metadata/aconfig/maps/com.android.uwb.package.map
7de45a0000-7de45a1000 r--s 00000000 08:08 52                             /metadata/aconfig/boot/com.android.uprobestats.val
7de45a1000-7de45c9000 rw-p 00000000 00:00 0                              [anon:dalvik-thread local mark stack]
7de45c9000-7de45cb000 r--p 00000000 fe:0c 209741052                      /system/lib64/libshmemcompat.so
7de45cb000-7de45cd000 r-xp 00002000 fe:0c 209741052                      /system/lib64/libshmemcompat.so
7de45cd000-7de45ce000 r--p 00004000 fe:0c 209741052                      /system/lib64/libshmemcompat.so
7de45ce000-7de45cf000 r--s 00000000 08:08 130                            /metadata/aconfig/maps/com.android.uprobestats.flag.map
7de45cf000-7de45d0000 r--s 00000000 08:08 129                            /metadata/aconfig/maps/com.android.uprobestats.package.map
7de45d0000-7de4600000 rw-p 00000000 00:00 0                              [anon:dalvik-thread local mark stack]
7de4600000-7de8200000 ---p 00000000 00:00 0 
7de8200000-7de8201000 r--s 00000000 08:08 172                            /metadata/aconfig/boot/com.android.tethering.val
7de8201000-7de8202000 r--s 00000000 08:08 123                            /metadata/aconfig/maps/com.android.tethering.flag.map
7de8202000-7de8203000 r--s 00000000 08:08 122                            /metadata/aconfig/maps/com.android.tethering.package.map
7de8203000-7de8263000 rw-p 00000000 00:00 0                              [anon:linker_alloc]
7de8263000-7de8275000 r--p 00000000 fe:0c 179152490                      /system/lib64/libGLESv3.so
7de8275000-7de827b000 r-xp 00012000 fe:0c 179152490                      /system/lib64/libGLESv3.so
7de827b000-7de827c000 r--p 00018000 fe:0c 179152490                      /system/lib64/libGLESv3.so
7de827c000-7de82a8000 rw-p 00000000 00:00 0                              [anon:dalvik-thread local mark stack]
7de82a8000-7de82bf000 r--p 00000000 fe:0c 179341813                      /system/lib64/android.hardware.camera.device@3.2.so
7de82bf000-7de82e3000 r-xp 00017000 fe:0c 179341813                      /system/lib64/android.hardware.camera.device@3.2.so
7de82e3000-7de82e8000 r--p 0003b000 fe:0c 179341813                      /system/lib64/android.hardware.camera.device@3.2.so
7de82e8000-7de82e9000 rw-p 00040000 fe:0c 179341813                      /system/lib64/android.hardware.camera.device@3.2.so
7de82e9000-7de82ea000 r--s 00000000 08:08 54                             /metadata/aconfig/boot/com.android.appsearch.val
7de82ea000-7de82eb000 r--s 00000000 08:08 116                            /metadata/aconfig/maps/com.android.appsearch.flag.map
7de82eb000-7de82ec000 r--s 00000000 08:08 115                            /metadata/aconfig/maps/com.android.appsearch.package.map
7de82ec000-7de8320000 rw-p 00000000 00:00 0                              [anon:dalvik-thread local mark stack]
7de8320000-7de8362000 r--p 00000000 fe:0c 209740585                      /system/lib64/libprotobuf-cpp-lite.so
7de8362000-7de83aa000 r-xp 00042000 fe:0c 209740585                      /system/lib64/libprotobuf-cpp-lite.so
7de83aa000-7de83ac000 r--p 0008a000 fe:0c 209740585                      /system/lib64/libprotobuf-cpp-lite.so
7de83ac000-7de83ad000 rw-p 0008c000 fe:0c 209740585                      /system/lib64/libprotobuf-cpp-lite.so
7de83ad000-7de83f1000 rw-p 00000000 00:00 0                              [anon:dalvik-thread local mark stack]
7de83f1000-7de83f3000 r--p 00000000 fe:2f 100                            /apex/com.android.art/lib64/libnativebridge.so
7de83f3000-7de83f5000 r-xp 00002000 fe:2f 100                            /apex/com.android.art/lib64/libnativebridge.so
7de83f5000-7de83f6000 r--p 00004000 fe:2f 100                            /apex/com.android.art/lib64/libnativebridge.so
7de83f6000-7de83f7000 rw-p 00000000 00:00 0                              [anon:.bss]
7de83f7000-7de83f8000 r--s 00000000 08:08 50                             /metadata/aconfig/boot/com.android.ondevicepersonalization.val
7de83f8000-7de83f9000 r--s 00000000 08:08 108                            /metadata/aconfig/maps/com.android.ondevicepersonalization.flag.map
7de83f9000-7de83fa000 r--s 00000000 08:08 107                            /metadata/aconfig/maps/com.android.ondevicepersonalization.package.map
7de83fa000-7de842e000 rw-p 00000000 00:00 0                              [anon:dalvik-thread local mark stack]
7de842e000-7de8433000 r--p 00000000 fe:0c 209742057                      /system/lib64/libtracing_perfetto.so
7de8433000-7de8437000 r-xp 00005000 fe:0c 209742057                      /system/lib64/libtracing_perfetto.so
7de8437000-7de8438000 r--p 00009000 fe:0c 209742057                      /system/lib64/libtracing_perfetto.so
7de8438000-7de8439000 rw-p 0000a000 fe:0c 209742057                      /system/lib64/libtracing_perfetto.so
7de8439000-7de8451000 rw-p 00000000 00:00 0                              [anon:dalvik-thread local mark stack]
7de8451000-7de846e000 r--p 00000000 fe:0c 179235438                      /system/lib64/android.hardware.drm@1.1.so
7de846e000-7de8498000 r-xp 0001d000 fe:0c 179235438                      /system/lib64/android.hardware.drm@1.1.so
7de8498000-7de849e000 r--p 00047000 fe:0c 179235438                      /system/lib64/android.hardware.drm@1.1.so
7de849e000-7de849f000 rw-p 0004d000 fe:0c 179235438                      /system/lib64/android.hardware.drm@1.1.so
7de849f000-7de84a0000 r--s 00000000 08:08 41                             /metadata/aconfig/boot/com.android.wifi.val
7de84a0000-7de84a1000 r--s 00000000 08:08 92                             /metadata/aconfig/maps/com.android.wifi.flag.map
7de84a1000-7de84c5000 rw-p 00000000 00:00 0                              [anon:dalvik-thread local mark stack]
7de84c5000-7de8507000 r--p 00000000 fe:0c 179375723                      /system/lib64/libandroidfw.so
7de8507000-7de85e7000 r-xp 00042000 fe:0c 179375723                      /system/lib64/libandroidfw.so
7de85e7000-7de85ea000 r--p 00122000 fe:0c 179375723                      /system/lib64/libandroidfw.so
7de85ea000-7de85eb000 rw-p 00125000 fe:0c 179375723                      /system/lib64/libandroidfw.so
7de85eb000-7de85ec000 r--s 00000000 08:08 91                             /metadata/aconfig/maps/com.android.wifi.package.map
7de85ec000-7de8600000 rw-p 00000000 00:00 0                              [anon:dalvik-thread local mark stack]
7de8600000-7dea600000 ---p 00000000 00:00 0 
7dea600000-7dea601000 r--s 00000000 08:08 241                            /metadata/aconfig/boot/com.android.media.val
7dea601000-7dea602000 r--s 00000000 08:08 84                             /metadata/aconfig/maps/com.android.media.flag.map
7dea602000-7dea603000 r--s 00000000 08:08 83                             /metadata/aconfig/maps/com.android.media.package.map
7dea603000-7dea64b000 rw-p 00000000 00:00 0                              [anon:dalvik-thread local mark stack]
7dea64b000-7dea689000 r--p 00000000 fe:0c 209741018                      /system/lib64/libsfplugin_ccodec.so
7dea689000-7dea737000 r-xp 0003e000 fe:0c 209741018                      /system/lib64/libsfplugin_ccodec.so
7dea737000-7dea73e000 r--p 000ec000 fe:0c 209741018                      /system/lib64/libsfplugin_ccodec.so
7dea73e000-7dea73f000 rw-p 000f3000 fe:0c 209741018                      /system/lib64/libsfplugin_ccodec.so
7dea73f000-7dea740000 r--s 00000000 08:08 37                             /metadata/aconfig/boot/system_ext.val
7dea740000-7dea741000 r--s 00000000 08:08 58                             /metadata/aconfig/maps/system_ext.package.map
7dea741000-7dea756000 r--p 00000000 fe:0c 179372766                      /system/lib64/android.hardware.graphics.bufferqueue@2.0.so
7dea756000-7dea776000 r-xp 00015000 fe:0c 179372766                      /system/lib64/android.hardware.graphics.bufferqueue@2.0.so
7dea776000-7dea77a000 r--p 00035000 fe:0c 179372766                      /system/lib64/android.hardware.graphics.bufferqueue@2.0.so
7dea77a000-7dea77b000 rw-p 00039000 fe:0c 179372766                      /system/lib64/android.hardware.graphics.bufferqueue@2.0.so
7dea77b000-7dea77c000 r--s 00000000 08:08 31                             /metadata/aconfig/boot/system.val
7dea77c000-7dea7b0000 rw-p 00000000 00:00 0                              [anon:dalvik-thread local mark stack]
7dea7b0000-7dea7b1000 r--p 00000000 fe:0c 209740036                      /system/lib64/libnativeloader_lazy.so
7dea7b1000-7dea7b2000 r-xp 00001000 fe:0c 209740036                      /system/lib64/libnativeloader_lazy.so
7dea7b2000-7dea7b3000 r--p 00002000 fe:0c 209740036                      /system/lib64/libnativeloader_lazy.so
7dea7b3000-7dea7b4000 rw-p 00000000 00:00 0                              [anon:.bss]
7dea7b4000-7dea7b6000 r--s 00000000 08:08 59                             /metadata/aconfig/maps/system_ext.flag.map
7dea7b6000-7dea7c2000 rw-p 00000000 00:00 0                              [anon:dalvik-thread local mark stack]
7dea7c2000-7dea7c7000 r--p 00000000 fe:0c 209738569                      /system/lib64/libheif.so
7dea7c7000-7dea7cc000 r-xp 00005000 fe:0c 209738569                      /system/lib64/libheif.so
7dea7cc000-7dea7cd000 r--p 0000a000 fe:0c 209738569                      /system/lib64/libheif.so
7dea7cd000-7dea815000 rw-p 00000000 00:00 0                              [anon:dalvik-thread local mark stack]
7dea815000-7dea817000 r--p 00000000 fe:0c 187593708                      /system/lib64/libecosdkwrapper.so
7dea817000-7dea819000 r-xp 00002000 fe:0c 187593708                      /system/lib64/libecosdkwrapper.so
7dea819000-7dea81a000 r--p 00004000 fe:0c 187593708                      /system/lib64/libecosdkwrapper.so
7dea81a000-7dea81b000 rw-p 00000000 00:00 0                              [anon:.bss]
7dea81b000-7dea81c000 r--s 00000000 08:08 37                             /metadata/aconfig/boot/system_ext.val
7dea81c000-7dea850000 rw-p 00000000 00:00 0                              [anon:dalvik-thread local mark stack]
7dea850000-7dea8c7000 r--p 00000000 fe:0c 201450465                      /system/lib64/libcrypto.so
7dea8c7000-7dea8e1000 r-xp 00077000 fe:0c 201450465                      /system/lib64/libcrypto.so
7dea8e1000-7dea942000 --xp 00091000 fe:0c 201450465                      /system/lib64/libcrypto.so
7dea942000-7dea9c3000 r-xp 000f2000 fe:0c 201450465                      /system/lib64/libcrypto.so
7dea9c3000-7dea9d3000 r--p 00173000 fe:0c 201450465                      /system/lib64/libcrypto.so
7dea9d3000-7dea9d4000 rw-p 00183000 fe:0c 201450465                      /system/lib64/libcrypto.so
7dea9d4000-7dea9dc000 rw-p 00000000 00:00 0                              [anon:.bss]
7dea9dc000-7deaa00000 rw-p 00000000 00:00 0                              [anon:dalvik-thread local mark stack]
7deaa00000-7ded200000 ---p 00000000 00:00 0 
7ded200000-7ded204000 rw-p 00000000 00:00 0                              [anon:dalvik-thread local mark stack]
7ded204000-7ded25e000 r--p 00000000 fe:31 23                             /apex/com.android.appsearch/javalib/framework-appsearch.jar
7ded25e000-7ded268000 r--p 00000000 fe:0c 179244651                      /system/lib64/android.hardware.graphics.allocator@3.0.so
7ded268000-7ded275000 r-xp 0000a000 fe:0c 179244651                      /system/lib64/android.hardware.graphics.allocator@3.0.so
7ded275000-7ded277000 r--p 00017000 fe:0c 179244651                      /system/lib64/android.hardware.graphics.allocator@3.0.so
7ded277000-7ded278000 rw-p 00019000 fe:0c 179244651                      /system/lib64/android.hardware.graphics.allocator@3.0.so
7ded278000-7ded27b000 r--s 00000000 08:08 206                            /metadata/aconfig/maps/system.package.map
7ded27b000-7ded2b7000 rw-p 00000000 00:00 0                              [anon:dalvik-thread local mark stack]
7ded2b7000-7ded2b8000 r--p 00000000 fe:0c 209738584                      /system/lib64/libhidlallocatorutils.so
7ded2b8000-7ded2b9000 r-xp 00001000 fe:0c 209738584                      /system/lib64/libhidlallocatorutils.so
7ded2b9000-7ded2ba000 r--p 00002000 fe:0c 209738584                      /system/lib64/libhidlallocatorutils.so
7ded2ba000-7ded2ea000 rw-p 00000000 00:00 0                              [anon:dalvik-thread local mark stack]
7ded2ea000-7ded2ec000 r--p 00000000 fe:0c 209743465                      /system/lib64/server_configurable_flags.so
7ded2ec000-7ded2ee000 r-xp 00002000 fe:0c 209743465                      /system/lib64/server_configurable_flags.so
7ded2ee000-7ded2ef000 r--p 00004000 fe:0c 209743465                      /system/lib64/server_configurable_flags.so
7ded2ef000-7ded2f0000 r--s 00000000 08:08 58                             /metadata/aconfig/maps/system_ext.package.map
7ded2f0000-7ded2f1000 r--s 00000000 08:08 31                             /metadata/aconfig/boot/system.val
7ded2f1000-7ded2f2000 r--s 00188000 fe:15 36                             /apex/com.android.wifi/javalib/framework-wifi.jar
7ded2f2000-7ded30e000 rw-p 00000000 00:00 0                              [anon:dalvik-thread local mark stack]
7ded30e000-7ded31c000 r--p 00000000 fe:0c 209739124                      /system/lib64/libmedia_helper.so
7ded31c000-7ded32c000 r-xp 0000e000 fe:0c 209739124                      /system/lib64/libmedia_helper.so
7ded32c000-7ded32d000 r--p 0001e000 fe:0c 209739124                      /system/lib64/libmedia_helper.so
7ded32d000-7ded32e000 r--s 0002d000 07:98 48                             /apex/com.android.virt/javalib/framework-virtualization.jar
7ded32e000-7ded32f000 r--s 00027000 fe:2b 23                             /apex/com.android.uwb/javalib/framework-uwb.jar
7ded32f000-7ded330000 r--s 0001f000 fe:2b 22                             /apex/com.android.uwb/javalib/framework-ranging.jar
7ded330000-7ded344000 rw-p 00000000 00:00 0                              [anon:dalvik-thread local mark stack]
7ded344000-7ded345000 r--p 00000000 fe:0c 209743468                      /system/lib64/shared-file-region-aidl-cpp.so
7ded345000-7ded347000 r-xp 00001000 fe:0c 209743468                      /system/lib64/shared-file-region-aidl-cpp.so
7ded347000-7ded348000 r--p 00003000 fe:0c 209743468                      /system/lib64/shared-file-region-aidl-cpp.so
7ded348000-7ded349000 r--s 00017000 fe:17 49                             /apex/com.android.tethering/javalib/framework-tethering.jar
7ded349000-7ded34a000 r--s 00084000 fe:17 47                             /apex/com.android.tethering/javalib/framework-connectivity-t.jar
7ded34a000-7ded34b000 r--s 0001e000 fe:17 46                             /apex/com.android.tethering/javalib/framework-connectivity-b.jar
7ded34b000-7ded38f000 rw-p 00000000 00:00 0                              [anon:dalvik-thread local mark stack]
7ded38f000-7ded39c000 r--p 00000000 fe:0c 201448927                      /system/lib64/android.hidl.memory@1.0.so
7ded39c000-7ded3ab000 r-xp 0000d000 fe:0c 201448927                      /system/lib64/android.hidl.memory@1.0.so
7ded3ab000-7ded3ae000 r--p 0001c000 fe:0c 201448927                      /system/lib64/android.hidl.memory@1.0.so
7ded3ae000-7ded3af000 rw-p 0001f000 fe:0c 201448927                      /system/lib64/android.hidl.memory@1.0.so
7ded3af000-7ded3db000 rw-p 00000000 00:00 0                              [anon:dalvik-thread local mark stack]
7ded3db000-7ded3e4000 r--p 00000000 fe:0c 209739247                      /system/lib64/libimg_utils.so
7ded3e4000-7ded3f5000 r-xp 00009000 fe:0c 209739247                      /system/lib64/libimg_utils.so
7ded3f5000-7ded3f7000 r--p 0001a000 fe:0c 209739247                      /system/lib64/libimg_utils.so
7ded3f7000-7ded3f8000 rw-p 00000000 00:00 0                              [anon:.bss]
7ded3f8000-7ded3f9000 r--s 00207000 fe:17 48                             /apex/com.android.tethering/javalib/framework-connectivity.jar
7ded3f9000-7ded40d000 rw-p 00000000 00:00 0                              [anon:dalvik-thread local mark stack]
7ded40d000-7ded415000 r--p 00000000 fe:0c 209743404                      /system/lib64/libz.so
7ded415000-7ded425000 r-xp 00008000 fe:0c 209743404                      /system/lib64/libz.so
7ded425000-7ded426000 r--p 00018000 fe:0c 209743404                      /system/lib64/libz.so
7ded426000-7ded427000 rw-p 00000000 00:00 0                              [anon:.bss]
7ded427000-7ded428000 r--s 00001000 07:b0 23                             /apex/com.android.sdkext/javalib/framework-sdkextensions.jar
7ded428000-7ded429000 r--s 00003000 fe:19 18                             /apex/com.android.scheduling/javalib/framework-scheduling.jar
7ded429000-7ded42a000 r--s 0000a000 fe:32 24                             /apex/com.android.profiling/javalib/framework-profiling.jar
7ded42a000-7ded442000 rw-p 00000000 00:00 0                              [anon:dalvik-thread local mark stack]
7ded442000-7ded445000 r--p 00000000 fe:0c 209737979                      /system/lib64/libhardware_legacy.so
7ded445000-7ded448000 r-xp 00003000 fe:0c 209737979                      /system/lib64/libhardware_legacy.so
7ded448000-7ded449000 r--p 00006000 fe:0c 209737979                      /system/lib64/libhardware_legacy.so
7ded449000-7ded44a000 rw-p 00007000 fe:0c 209737979                      /system/lib64/libhardware_legacy.so
7ded44a000-7ded44b000 r--s 00045000 fe:2d 27                             /apex/com.android.permission/javalib/framework-permission-s.jar
7ded44b000-7ded44c000 r--s 00000000 fe:2d 28                             /apex/com.android.permission/javalib/framework-permission.jar
7ded44c000-7ded494000 rw-p 00000000 00:00 0                              [anon:dalvik-thread local mark stack]
7ded494000-7ded497000 r--p 00000000 fe:0c 176856316                      /system/lib64/audiopolicy-types-aidl-cpp.so
7ded497000-7ded49c000 r-xp 00003000 fe:0c 176856316                      /system/lib64/audiopolicy-types-aidl-cpp.so
7ded49c000-7ded49d000 r--p 00008000 fe:0c 176856316                      /system/lib64/audiopolicy-types-aidl-cpp.so
7ded49d000-7ded49e000 r--s 00019000 07:80 26                             /apex/com.android.os.statsd/javalib/framework-statsd.jar
7ded49e000-7ded49f000 r--s 0004a000 fe:1b 26                             /apex/com.android.ondevicepersonalization/javalib/framework-ondevicepersonalization.jar
7ded49f000-7ded4a0000 r--s 0000f000 fe:20 33                             /apex/com.android.mediaprovider/javalib/framework-photopicker.jar
7ded4a0000-7ded4d8000 rw-p 00000000 00:00 0                              [anon:dalvik-thread local mark stack]
7ded4d8000-7ded4db000 r--p 00000000 fe:0c 209741812                      /system/lib64/libtimeinstate.so
7ded4db000-7ded4e3000 r-xp 00003000 fe:0c 209741812                      /system/lib64/libtimeinstate.so
7ded4e3000-7ded4e4000 r--p 0000b000 fe:0c 209741812                      /system/lib64/libtimeinstate.so
7ded4e4000-7ded4e5000 rw-p 00000000 00:00 0                              [anon:.bss]
7ded4e5000-7ded4e6000 r--s 00003000 fe:20 31                             /apex/com.android.mediaprovider/javalib/framework-pdf-v.jar
7ded4e6000-7ded4e7000 r--s 0001c000 fe:20 32                             /apex/com.android.mediaprovider/javalib/framework-pdf.jar
7ded4e7000-7ded527000 rw-p 00000000 00:00 0                              [anon:dalvik-thread local mark stack]
7ded527000-7ded5ec000 r--p 00000000 fe:0c 209737934                      /system/lib64/libgui.so
7ded5ec000-7ded709000 r-xp 000c5000 fe:0c 209737934                      /system/lib64/libgui.so
7ded709000-7ded730000 r--p 001e2000 fe:0c 209737934                      /system/lib64/libgui.so
7ded730000-7ded731000 rw-p 00209000 fe:0c 209737934                      /system/lib64/libgui.so
7ded731000-7ded732000 rw-p 00000000 00:00 0                              [anon:.bss]
7ded732000-7ded733000 r--s 0002a000 fe:20 30                             /apex/com.android.mediaprovider/javalib/framework-mediaprovider.jar
7ded733000-7ded734000 r--s 000ba000 fe:24 33                             /apex/com.android.media/javalib/updatable-media.jar
7ded734000-7ded735000 r--s 000b7000 fe:25 24                             /apex/com.android.ipsec/javalib/android.net.ipsec.ike.jar
7ded735000-7ded785000 rw-p 00000000 00:00 0                              [anon:dalvik-thread local mark stack]
7ded785000-7ded798000 r--p 00000000 07:28 45                             /apex/com.android.runtime/lib64/bionic/libm.so
7ded798000-7ded7bc000 r-xp 00013000 07:28 45                             /apex/com.android.runtime/lib64/bionic/libm.so
7ded7bc000-7ded7bd000 r--p 00037000 07:28 45                             /apex/com.android.runtime/lib64/bionic/libm.so
7ded7bd000-7ded7be000 rw-p 00038000 07:28 45                             /apex/com.android.runtime/lib64/bionic/libm.so
7ded7be000-7ded7ce000 rw-p 00000000 00:00 0                              [anon:dalvik-thread local mark stack]
7ded7ce000-7ded7da000 r--p 00000000 fe:0c 209739118                      /system/lib64/libmedia_codeclist_capabilities.so
7ded7da000-7ded7fe000 r-xp 0000c000 fe:0c 209739118                      /system/lib64/libmedia_codeclist_capabilities.so
7ded7fe000-7ded7ff000 r--p 00030000 fe:0c 209739118                      /system/lib64/libmedia_codeclist_capabilities.so
7ded7ff000-7ded800000 rw-p 00000000 00:00 0                              [anon:.bss]
7ded800000-7deee00000 ---p 00000000 00:00 0 
7deee00000-7deee14000 rw-p 00000000 00:00 0                              [anon:dalvik-thread local mark stack]
7deee14000-7deee54000 rw-p 00000000 00:00 0                              [anon:dalvik-mark stack]
7deee54000-7deee7b000 r--p 00000000 fe:0c 209741036                      /system/lib64/libsfplugin_ccodec_utils.so
7deee7b000-7deeeda000 r-xp 00027000 fe:0c 209741036                      /system/lib64/libsfplugin_ccodec_utils.so
7deeeda000-7deeedd000 r--p 00086000 fe:0c 209741036                      /system/lib64/libsfplugin_ccodec_utils.so
7deeedd000-7deeede000 rw-p 00000000 00:00 0                              [anon:.bss]
7deeede000-7deeedf000 r--s 000cd000 07:150 28                            /apex/com.android.healthfitness/javalib/framework-healthfitness.jar
7deeedf000-7deeee0000 r--s 00008000 07:38 25                             /apex/com.android.devicelock/javalib/framework-devicelock.jar
7deeee0000-7deef08000 rw-p 00000000 00:00 0                              [anon:dalvik-thread local mark stack]
7deef08000-7deef19000 r--p 00000000 fe:0c 209741161                      /system/lib64/libstagefright_aidl_bufferpool2.so
7deef19000-7deef36000 r-xp 00011000 fe:0c 209741161                      /system/lib64/libstagefright_aidl_bufferpool2.so
7deef36000-7deef37000 r--p 0002e000 fe:0c 209741161                      /system/lib64/libstagefright_aidl_bufferpool2.so
7deef37000-7deef38000 rw-p 00000000 00:00 0                              [anon:.bss]
7deef38000-7deef39000 r--s 00005000 fe:37 18                             /apex/com.android.crashrecovery/javalib/framework-crashrecovery.jar
7deef39000-7deef75000 rw-p 00000000 00:00 0                              [anon:dalvik-thread local mark stack]
7deef75000-7deefa7000 r--p 00000000 fe:0c 209739559                      /system/lib64/libmediadrm.so
7deefa7000-7deeffa000 r-xp 00032000 fe:0c 209739559                      /system/lib64/libmediadrm.so
7deeffa000-7deefff000 r--p 00085000 fe:0c 209739559                      /system/lib64/libmediadrm.so
7deefff000-7def000000 rw-p 0008a000 fe:0c 209739559                      /system/lib64/libmediadrm.so
7def000000-7def001000 r--s 00084000 fe:39 176                            /apex/com.android.conscrypt/javalib/conscrypt.jar
7def001000-7def002000 r--s 00031000 fe:2a 30                             /apex/com.android.configinfrastructure/javalib/framework-configinfrastructure.jar
7def002000-7def036000 rw-p 00000000 00:00 0                              [anon:dalvik-thread local mark stack]
7def036000-7def037000 r--p 00000000 fe:0c 179237214                      /system/lib64/android.hardware.common.fmq-V1-ndk.so
7def037000-7def039000 r-xp 00001000 fe:0c 179237214                      /system/lib64/android.hardware.common.fmq-V1-ndk.so
7def039000-7def03a000 r--p 00003000 fe:0c 179237214                      /system/lib64/android.hardware.common.fmq-V1-ndk.so
7def03a000-7def03b000 rw-p 00004000 fe:0c 179237214                      /system/lib64/android.hardware.common.fmq-V1-ndk.so
7def03b000-7def03c000 r--s 0016e000 07:60 41                             /apex/com.android.bt/javalib/framework-bluetooth.jar
7def03c000-7def04c000 rw-p 00000000 00:00 0                              [anon:dalvik-thread local mark stack]
7def04c000-7def05b000 r--p 00000000 fe:2f 90                             /apex/com.android.art/lib64/libbase.so
7def05b000-7def079000 r-xp 0000f000 fe:2f 90                             /apex/com.android.art/lib64/libbase.so
7def079000-7def07a000 r--p 0002d000 fe:2f 90                             /apex/com.android.art/lib64/libbase.so
7def07a000-7def07b000 rw-p 0002e000 fe:2f 90                             /apex/com.android.art/lib64/libbase.so
7def07b000-7def093000 rw-p 00000000 00:00 0                              [anon:dalvik-thread local mark stack]
7def093000-7def0ba000 r--p 00000000 fe:0c 209740482                      /system/lib64/libpcre2.so
7def0ba000-7def0e9000 r-xp 00027000 fe:0c 209740482                      /system/lib64/libpcre2.so
7def0e9000-7def0ea000 r--p 00056000 fe:0c 209740482                      /system/lib64/libpcre2.so
7def0ea000-7def0eb000 rw-p 00057000 fe:0c 209740482                      /system/lib64/libpcre2.so
7def0eb000-7def10f000 rw-p 00000000 00:00 0                              [anon:dalvik-thread local mark stack]
7def10f000-7def114000 r--p 00000000 fe:0c 209741538                      /system/lib64/libstagefright_codecbase.so
7def114000-7def11a000 r-xp 00005000 fe:0c 209741538                      /system/lib64/libstagefright_codecbase.so
7def11a000-7def11b000 r--p 0000b000 fe:0c 209741538                      /system/lib64/libstagefright_codecbase.so
7def11b000-7def11c000 rw-p 00000000 00:00 0                              [anon:.bss]
7def11c000-7def11d000 r--s 00059000 fe:31 23                             /apex/com.android.appsearch/javalib/framework-appsearch.jar
7def11d000-7def11e000 r--s 00019000 fe:27 29                             /apex/com.android.adservices/javalib/framework-sdksandbox.jar
7def11e000-7def142000 rw-p 00000000 00:00 0                              [anon:dalvik-thread local mark stack]
7def142000-7def149000 r--p 00000000 fe:0c 209739114                      /system/lib64/libmedia_codeclist.so
7def149000-7def154000 r-xp 00007000 fe:0c 209739114                      /system/lib64/libmedia_codeclist.so
7def154000-7def156000 r--p 00012000 fe:0c 209739114                      /system/lib64/libmedia_codeclist.so
7def156000-7def157000 rw-p 00014000 fe:0c 209739114                      /system/lib64/libmedia_codeclist.so
7def157000-7def158000 r--s 00085000 fe:27 28                             /apex/com.android.adservices/javalib/framework-adservices.jar
7def158000-7def159000 r--s 002e6000 07:40 21                             /apex/com.android.i18n/javalib/core-icu4j.jar
7def159000-7def1a9000 r--p 00000000 fe:0c 179084787                      /system/framework/vivo-coworkclient.jar
7def1a9000-7def1b1000 r--p 00000000 fe:0c 187598315                      /system/lib64/libgraphicsenv.so
7def1b1000-7def1b9000 r-xp 00008000 fe:0c 187598315                      /system/lib64/libgraphicsenv.so
7def1b9000-7def1bb000 r--p 00010000 fe:0c 187598315                      /system/lib64/libgraphicsenv.so
7def1bb000-7def1bc000 rw-p 00012000 fe:0c 187598315                      /system/lib64/libgraphicsenv.so
7def1bc000-7def1bd000 r--s 0004f000 fe:0c 179084787                      /system/framework/vivo-coworkclient.jar
7def1bd000-7def1be000 r--s 00024000 fe:0c 179084795                      /system/framework/vivo-emmclient.jar
7def1be000-7def1bf000 r--s 0000a000 fe:0c 179389688                      /system/framework/vivo-vgcclient.jar
7def1bf000-7def1e3000 rw-p 00000000 00:00 0                              [anon:dalvik-thread local mark stack]
7def1e3000-7def1eb000 r--p 00000000 fe:0c 176824058                      /system/lib64/graphicbuffersource-aidl-ndk.so
7def1eb000-7def1f7000 r-xp 00008000 fe:0c 176824058                      /system/lib64/graphicbuffersource-aidl-ndk.so
7def1f7000-7def1f9000 r--p 00014000 fe:0c 176824058                      /system/lib64/graphicbuffersource-aidl-ndk.so
7def1f9000-7def1fa000 rw-p 00016000 fe:0c 176824058                      /system/lib64/graphicbuffersource-aidl-ndk.so
7def1fa000-7def1fb000 r--s 00000000 fe:0c 176952923                      /system/framework/soc-framework.jar
7def1fb000-7def20f000 rw-p 00000000 00:00 0                              [anon:dalvik-thread local mark stack]
7def20f000-7def21e000 r--p 00000000 fe:0c 176866932                      /system/lib64/libbase.so
7def21e000-7def23c000 r-xp 0000f000 fe:0c 176866932                      /system/lib64/libbase.so
7def23c000-7def23d000 r--p 0002d000 fe:0c 176866932                      /system/lib64/libbase.so
7def23d000-7def23e000 rw-p 0002e000 fe:0c 176866932                      /system/lib64/libbase.so
7def23e000-7def240000 r--s 008d6000 fe:0c 195694188                      /system/framework/vivo-framework.jar
7def240000-7def26c000 rw-p 00000000 00:00 0                              [anon:dalvik-thread local mark stack]
7def26c000-7def26d000 rw-p 00000000 00:00 0                              [anon:dalvik-mod union bitmap]
7def26d000-7def2ad000 rw-p 00000000 00:00 0 
7def2ad000-7def2ae000 r--s 00001000 fe:0c 195695872                      /system/framework/framework-adapter.jar
7def2ae000-7def2af000 r--s 00000000 fe:0c 251185641                      /system/usr/hyphen-data/hyph-eu.hyb
7def2af000-7def2b0000 r--s 00179000 fe:0c 179252070                      /system/framework/vivo-media.jar
7def2b0000-7def2b1000 r--s 00018000 fe:0c 187596156                      /system/framework/WfdCommon.jar
7def2b1000-7def2fc000 r--p 00000000 fe:1b 26                             /apex/com.android.ondevicepersonalization/javalib/framework-ondevicepersonalization.jar
7def2fc000-7def2fd000 rw-p 00000000 00:00 0                              [anon:bionic_alloc_small_objects]
7def2fd000-7def2fe000 r--s 00003000 fe:0c 179062653                      /system/framework/UxPerformance.jar
7def2fe000-7def344000 r--p 00000000 fe:2d 27                             /apex/com.android.permission/javalib/framework-permission-s.jar
7def344000-7def34f000 r--p 00000000 fe:0c 179358945                      /system/lib64/android.hardware.power@1.2.so
7def34f000-7def35d000 r-xp 0000b000 fe:0c 179358945                      /system/lib64/android.hardware.power@1.2.so
7def35d000-7def35f000 r--p 00019000 fe:0c 179358945                      /system/lib64/android.hardware.power@1.2.so
7def35f000-7def360000 rw-p 0001b000 fe:0c 179358945                      /system/lib64/android.hardware.power@1.2.so
7def360000-7def361000 r--s 00007000 fe:0c 179017213                      /system/framework/QPerformance.jar
7def361000-7def375000 rw-p 00000000 00:00 0                              [anon:dalvik-thread local mark stack]
7def375000-7def395000 rw-p 00000000 00:00 0                              [anon:dalvik-large marked objects]
7def395000-7def39c000 r--p 00000000 fe:0c 187597812                      /system/lib64/libdrmframework.so
7def39c000-7def39f000 r-xp 00007000 fe:0c 187597812                      /system/lib64/libdrmframework.so
7def39f000-7def3a1000 r--p 0000a000 fe:0c 187597812                      /system/lib64/libdrmframework.so
7def3a1000-7def3a2000 rw-p 00000000 00:00 0                              [anon:.bss]
7def3a2000-7def3a3000 r--s 00011000 fe:0c 179081981                      /system/framework/qcom.fmradio.jar
7def3a3000-7def3a4000 r--s 00007000 fe:0c 179358589                      /system/framework/telephony-ext.jar
7def3a4000-7def3a5000 r--s 00000000 fe:0c 187597022                      /system/framework/tcmiface.jar
7def3a5000-7def3c1000 rw-p 00000000 00:00 0                              [anon:dalvik-thread local mark stack]
7def3c1000-7def3e1000 rw-p 00000000 00:00 0                              [anon:dalvik-large live objects]
7def3e1000-7def3e2000 rw-p 00000000 00:00 0                              [anon:bionic_alloc_small_objects]
7def3e2000-7def3e3000 r--s 00064000 fe:0c 187591799                      /system/framework/framework-nfc.jar
7def3e3000-7def3e7000 rw-p 00000000 00:00 0                              [anon:dalvik-thread local mark stack]
7def3e7000-7def415000 r--p 00000000 07:98 48                             /apex/com.android.virt/javalib/framework-virtualization.jar
7def415000-7def416000 rw-p 00000000 00:00 0                              [anon:bionic_alloc_small_objects]
7def416000-7def419000 r--s 03187000 fe:0c 195694817                      /system/framework/framework.jar
7def419000-7def429000 rw-p 00000000 00:00 0                              [anon:dalvik-thread local mark stack]
7def429000-7def451000 r--p 00000000 fe:2b 23                             /apex/com.android.uwb/javalib/framework-uwb.jar
7def451000-7def551000 r--s 00000000 00:11 152                            /dev/__properties__/u:object_r:build_prop:s0
7def551000-7def553000 rw-p 00000000 00:00 0                              [anon:bionic_alloc_small_objects]
7def553000-7def573000 r--p 00000000 fe:2b 22                             /apex/com.android.uwb/javalib/framework-ranging.jar
7def573000-7def592000 r--p 00000000 fe:17 46                             /apex/com.android.tethering/javalib/framework-connectivity-b.jar
7def592000-7def5a4000 r--p 00000000 fe:0c 209739089                      /system/lib64/libmars-service.so
7def5a4000-7def5b3000 r-xp 00012000 fe:0c 209739089                      /system/lib64/libmars-service.so
7def5b3000-7def5b9000 r--p 00021000 fe:0c 209739089                      /system/lib64/libmars-service.so
7def5b9000-7def5ba000 rw-p 00027000 fe:0c 209739089                      /system/lib64/libmars-service.so
7def5ba000-7def5bb000 r--s 00020000 fe:0c 187583096                      /system/framework/framework-ondeviceintelligence-platform.jar
7def5bb000-7def5d7000 rw-p 00000000 00:00 0                              [anon:dalvik-thread local mark stack]
7def5d7000-7def5f1000 r--p 00000000 07:80 26                             /apex/com.android.os.statsd/javalib/framework-statsd.jar
7def5f1000-7def5f6000 r--p 00000000 fe:0c 179361134                      /system/lib64/libactivitymanager_aidl.so
7def5f6000-7def5fa000 r-xp 00005000 fe:0c 179361134                      /system/lib64/libactivitymanager_aidl.so
7def5fa000-7def5fc000 r--p 00009000 fe:0c 179361134                      /system/lib64/libactivitymanager_aidl.so
7def5fc000-7def5fd000 rw-p 0000b000 fe:0c 179361134                      /system/lib64/libactivitymanager_aidl.so
7def5fd000-7def5fe000 r--s 0008b000 fe:0c 179060851                      /system/framework/ims-common.jar
7def5fe000-7def5ff000 r--s 000c9000 fe:0c 179069169                      /system/framework/voip-common.jar
7def5ff000-7def62a000 r--p 00000000 fe:20 30                             /apex/com.android.mediaprovider/javalib/framework-mediaprovider.jar
7def62a000-7def62b000 rw-p 00000000 00:00 0                              [anon:bionic_alloc_small_objects]
7def62b000-7def62f000 rw-p 00000000 00:00 0                              [anon:dalvik-thread local mark stack]
7def62f000-7def64c000 r--p 00000000 fe:20 32                             /apex/com.android.mediaprovider/javalib/framework-pdf.jar
7def64c000-7def658000 r--p 00000000 fe:0c 179358950                      /system/lib64/android.hardware.power@1.3.so
7def658000-7def666000 r-xp 0000c000 fe:0c 179358950                      /system/lib64/android.hardware.power@1.3.so
7def666000-7def669000 r--p 0001a000 fe:0c 179358950                      /system/lib64/android.hardware.power@1.3.so
7def669000-7def66a000 rw-p 0001d000 fe:0c 179358950                      /system/lib64/android.hardware.power@1.3.so
7def66a000-7def682000 r--p 00000000 fe:17 49                             /apex/com.android.tethering/javalib/framework-tethering.jar
7def682000-7def6b4000 r--p 00000000 fe:2a 30                             /apex/com.android.configinfrastructure/javalib/framework-configinfrastructure.jar
7def6b4000-7def6b9000 r--p 00000000 fe:0c 209740042                      /system/lib64/libnbaio.so
7def6b9000-7def6be000 r-xp 00005000 fe:0c 209740042                      /system/lib64/libnbaio.so
7def6be000-7def6bf000 r--p 0000a000 fe:0c 209740042                      /system/lib64/libnbaio.so
7def6bf000-7def6c0000 rw-p 00000000 00:00 0                              [anon:.bss]
7def6c0000-7def6c1000 r--s 0007f000 fe:0c 179023219                      /system/framework/framework-location.jar
7def6c1000-7def6c2000 r--s 00000000 fe:0c 179240318                      /system/framework/framework-graphics.jar
7def6c2000-7def6c6000 rw-p 00000000 00:00 0                              [anon:dalvik-thread local mark stack]
7def6c6000-7def7c6000 r--s 00000000 00:11 567                            /dev/__properties__/u:object_r:vendor_socket_hook_prop:s0
7def7c6000-7def7c7000 rw-p 00000000 00:00 0                              [anon:bionic_alloc_small_objects]
7def7c7000-7def7c8000 r--s 00102000 fe:2f 46                             /apex/com.android.art/javalib/apache-xml.jar
7def7c8000-7def7c9000 r--s 000fc000 fe:2f 47                             /apex/com.android.art/javalib/bouncycastle.jar
7def7c9000-7def7dd000 rw-p 00000000 00:00 0                              [anon:dalvik-thread local mark stack]
7def7dd000-7def7f7000 r--p 00000000 fe:27 29                             /apex/com.android.adservices/javalib/framework-sdksandbox.jar
7def7f7000-7def840000 r--p 00000000 fe:0c 179360474                      /system/framework/ext.jar
7def840000-7def84a000 r--p 00000000 fe:0c 209743514                      /system/lib64/vendor.vivo.hardware.configstore@1.0.so
7def84a000-7def852000 r-xp 0000a000 fe:0c 209743514                      /system/lib64/vendor.vivo.hardware.configstore@1.0.so
7def852000-7def854000 r--p 00012000 fe:0c 209743514                      /system/lib64/vendor.vivo.hardware.configstore@1.0.so
7def854000-7def855000 rw-p 00014000 fe:0c 209743514                      /system/lib64/vendor.vivo.hardware.configstore@1.0.so
7def855000-7def856000 r--s 0005a000 fe:2f 50                             /apex/com.android.art/javalib/okhttp.jar
7def856000-7def857000 r--s 00099000 fe:2f 48                             /apex/com.android.art/javalib/core-libart.jar
7def857000-7def858000 r--s 005a7000 fe:2f 49                             /apex/com.android.art/javalib/core-oj.jar
7def858000-7def85c000 rw-p 00000000 00:00 0                              [anon:dalvik-thread local mark stack]
7def85c000-7def867000 r--p 00000000 fe:32 24                             /apex/com.android.profiling/javalib/framework-profiling.jar
7def867000-7def88c000 r--p 00000000 fe:0c 179084795                      /system/framework/vivo-emmclient.jar
7def88c000-7def88d000 rw-p 00000000 00:00 0                              [anon:bionic_alloc_small_objects]
7def88d000-7def895000 rw-p 00000000 00:00 0                              [anon:dalvik-thread local mark stack]
7def895000-7def8a5000 r--p 00000000 fe:20 33                             /apex/com.android.mediaprovider/javalib/framework-photopicker.jar
7def8a5000-7def9a5000 r--s 00000000 00:11 281                            /dev/__properties__/u:object_r:heapprofd_prop:s0
7def9a5000-7def9a6000 rw-p 00000000 00:00 0                              [anon:bionic_alloc_small_objects]
7def9a6000-7def9aa000 r--p 00000000 fe:19 18                             /apex/com.android.scheduling/javalib/framework-scheduling.jar
7def9aa000-7def9c3000 r--p 00000000 fe:0c 187596156                      /system/framework/WfdCommon.jar
7def9c3000-7def9c4000 rw-p 00000000 00:00 0                              [anon:bionic_alloc_small_objects]
7def9c4000-7def9c5000 rw-p 00000000 00:00 0                              [anon:dalvik-local ref table]
7def9c5000-7def9c7000 r--p 00000000 07:b0 23                             /apex/com.android.sdkext/javalib/framework-sdkextensions.jar
7def9c7000-7def9c8000 r--p 00000000 fe:2d 28                             /apex/com.android.permission/javalib/framework-permission.jar
7def9c8000-7def9cc000 r--p 00000000 fe:20 31                             /apex/com.android.mediaprovider/javalib/framework-pdf-v.jar
7def9cc000-7def9d5000 r--p 00000000 07:38 25                             /apex/com.android.devicelock/javalib/framework-devicelock.jar
7def9d5000-7def9db000 r--p 00000000 fe:37 18                             /apex/com.android.crashrecovery/javalib/framework-crashrecovery.jar
7def9db000-7defadb000 r--s 00000000 00:11 304                            /dev/__properties__/u:object_r:libc_debug_prop:s0
7defadb000-7defadc000 rw-p 00000000 00:00 0                              [anon:bionic_alloc_small_objects]
7defadc000-7defae2000 r--p 000d0000 fe:0c 179405552                      /system/framework/arm64/boot-framework-adservices.art
7defae2000-7defaed000 r--p 00000000 fe:0c 179389688                      /system/framework/vivo-vgcclient.jar
7defaed000-7defaef000 r--p 00000000 fe:0c 195695872                      /system/framework/framework-adapter.jar
7defaef000-7defaf7000 r--p 00000000 fe:0c 179017213                      /system/framework/QPerformance.jar
7defaf7000-7defb09000 r--p 00000000 fe:0c 179081981                      /system/framework/qcom.fmradio.jar
7defb09000-7defb11000 r--p 00000000 fe:0c 179358589                      /system/framework/telephony-ext.jar
7defb11000-7defb6c000 r--p 00000000 fe:2f 50                             /apex/com.android.art/javalib/okhttp.jar
7defb6c000-7defc6c000 r--s 00000000 00:11 205                            /dev/__properties__/u:object_r:debug_prop:s0
7defc6c000-7defc6d000 rw-p 00000000 00:00 0                              [anon:bionic_alloc_small_objects]
7defc6d000-7defc6e000 r--p 00000000 fe:0c 176952923                      /system/framework/soc-framework.jar
7defc6e000-7defc72000 r--p 00000000 fe:0c 179062653                      /system/framework/UxPerformance.jar
7defc72000-7defc93000 r--p 00000000 fe:0c 187583096                      /system/framework/framework-ondeviceintelligence-platform.jar
7defc93000-7defcb1000 r--p 004dc000 fe:0c 197077760                      /system/framework/arm64/boot-framework.art
7defcb1000-7defdb1000 r--s 00000000 00:11 633                            /dev/__properties__/properties_serial
7defdb1000-7defdb7000 rw-p 00000000 00:00 0                              [anon:System property context nodes]
7defdb7000-7defdda000 r--s 00000000 00:11 112                            /dev/__properties__/property_info
7defdda000-7defddb000 ---p 00000000 00:00 0 
7defddb000-7defddf000 rw-p 00000000 00:00 0                              [anon:stack_and_tls:main]
7defddf000-7defde0000 ---p 00000000 00:00 0 
7defde0000-7defde1000 r--p 00000000 fe:0c 187597022                      /system/framework/tcmiface.jar
7defde1000-7defde2000 r--p 00000000 fe:0c 179240318                      /system/framework/framework-graphics.jar
7defde2000-7defde3000 rw-p 00000000 00:00 0                              [anon:dalvik-local ref table]
7defde3000-7defde6000 r--p 00078000 fe:0c 179370353                      /system/framework/arm64/boot-core-icu4j.art
7defde6000-7defde7000 r--p 00004000 fe:0c 179343481                      /system/framework/arm64/boot-vivo-coworkclient.art
7defde7000-7defde8000 r--p 00004000 fe:0c 187589878                      /system/framework/arm64/boot-vivo-emmclient.art
7defde8000-7defde9000 r--p 00004000 fe:0c 179342714                      /system/framework/arm64/boot-vivo-vgcclient.art
7defde9000-7defdea000 r--p 00004000 fe:0c 179053815                      /system/framework/arm64/boot-soc-framework.art
7defdea000-7defdeb000 r--p 00004000 fe:0c 179237104                      /system/framework/arm64/boot-framework-adapter.art
7defdeb000-7defdec000 r--p 0001c000 fe:0c 179388915                      /system/framework/arm64/boot-vivo-media.art
7defdec000-7defdee000 r--p 00054000 fe:0c 179347955                      /system/framework/arm64/boot-vivo-framework.art
7defdee000-7defdef000 r--p 00004000 fe:0c 179341041                      /system/framework/arm64/boot-WfdCommon.art
7defdef000-7defdf0000 r--p 00004000 fe:0c 179067761                      /system/framework/arm64/boot-UxPerformance.art
7defdf0000-7defdf1000 r--p 00004000 fe:0c 179159421                      /system/framework/arm64/boot-QPerformance.art
7defdf1000-7defdf2000 r--p 00004000 fe:0c 179372411                      /system/framework/arm64/boot-qcom.fmradio.art
7defdf2000-7defdf3000 r--p 00004000 fe:0c 179251962                      /system/framework/arm64/boot-telephony-ext.art
7defdf3000-7defe08000 rw-p 00000000 00:00 0                              [anon:scudo:secondary]
7defe08000-7defe0a000 r--s 00000000 fe:0c 252005120                      /system/usr/hyphen-data/hyph-da.hyb
7defe0a000-7defe13000 r--s 00000000 fe:0c 251185277                      /system/usr/hyphen-data/hyph-cy.hyb
7defe13000-7defe14000 r--s 00000000 fe:0c 251185253                      /system/usr/hyphen-data/hyph-bn.hyb
7defe14000-7defe15000 r--s 00000000 fe:0c 252004480                      /system/usr/hyphen-data/hyph-bg.hyb
7defe15000-7defe17000 r--s 00000000 fe:0c 251184510                      /system/usr/hyphen-data/hyph-be.hyb
7defe17000-7defe18000 r--s 00000000 fe:0c 251186279                      /system/usr/hyphen-data/hyph-as.hyb
7defe18000-7defe38000 rw-p 00000000 00:00 0                              [anon:Allocate]
7defe38000-7defe39000 r--p 00004000 fe:0c 187591414                      /system/framework/arm64/boot-tcmiface.art
7defe39000-7defe3a000 r--p 0000c000 fe:0c 179175674                      /system/framework/arm64/boot-framework-nfc.art
7defe3a000-7defe40000 r--p 000e8000 fe:0c 179367277                      /system/framework/arm64/boot.art
7defe40000-7deff00000 r--p 00000000 00:00 0                              [anon:linker_alloc]
7deff00000-7df0000000 r--s 00000000 00:11 617                            /dev/__properties__/u:object_r:vndk_prop:s0
7df0000000-7df0100000 r--s 00000000 00:11 205                            /dev/__properties__/u:object_r:debug_prop:s0
7df0100000-7df0200000 r--s 00000000 00:11 633                            /dev/__properties__/properties_serial
7df0200000-7df0794000 ---p 00000000 00:00 0 
7df0794000-7df0798000 rw-p 00000000 00:00 0 
7df0798000-7df1200000 ---p 00000000 00:00 0 
7df1200000-7df1202000 r--p 00028000 fe:0c 179347320                      /system/framework/arm64/boot-voip-common.art
7df1202000-7df1205000 r--p 0006c000 fe:0c 179076852                      /system/framework/arm64/boot-telephony-common.art
7df1205000-7df1214000 rw-p 00000000 00:00 0                              [anon:bionic_alloc_small_objects]
7df1214000-7df1215000 r--p 00004000 fe:0c 179354105                      /system/framework/arm64/boot-framework-ondeviceintelligence-platform.art
7df1215000-7df1216000 rw-p 00000000 00:00 0                              [anon:bionic_alloc_small_objects]
7df1216000-7df1217000 r--p 00014000 fe:0c 179368950                      /system/framework/arm64/boot-ims-common.art
7df1217000-7df1218000 r--p 00014000 fe:0c 179368700                      /system/framework/arm64/boot-ext.art
7df1218000-7df1219000 r--p 0000c000 fe:0c 179071353                      /system/framework/arm64/boot-framework-location.art
7df1219000-7df121a000 rw-p 00000000 00:00 0                              [anon:bionic_alloc_small_objects]
7df121a000-7df121b000 r--p 00004000 fe:0c 179388796                      /system/framework/arm64/boot-framework-graphics.art
7df121b000-7df121c000 r--p 0000c000 fe:0c 179086708                      /system/framework/arm64/boot-apache-xml.art
7df121c000-7df121d000 rw-p 00000000 00:00 0                              [anon:bionic_alloc_small_objects]
7df121d000-7df121e000 r--p 0001c000 fe:0c 179368823                      /system/framework/arm64/boot-bouncycastle.art
7df121e000-7df121f000 r--p 00010000 fe:0c 179369590                      /system/framework/arm64/boot-okhttp.art
7df121f000-7df1221000 rw-p 00000000 00:00 0                              [anon:InternalMmapVector]
7df1221000-7df1224000 rw-p 00000000 00:00 0                              [anon:bionic_alloc_small_objects]
7df1224000-7df1225000 r--p 0001c000 fe:0c 179404403                      /system/framework/arm64/boot-core-libart.art
7df1225000-7df122c000 rw-p 00000000 00:00 0                              [anon:bionic_alloc_small_objects]
7df122c000-7df128c000 r--p 00000000 00:00 0                              [anon:linker_alloc]
7df128c000-7df128d000 ---p 00000000 00:00 0 
7df128d000-7df1295000 rw-p 00000000 00:00 0 
7df1295000-7df1296000 ---p 00000000 00:00 0 
7df1296000-7df129c000 rw-p 00000000 00:00 0                              [anon:System property context nodes]
7df129c000-7df12bf000 r--s 00000000 00:11 112                            /dev/__properties__/property_info
7df12bf000-7df131f000 r--p 00000000 00:00 0                              [anon:linker_alloc]
7df131f000-7df1320000 rw-p 00000000 00:00 0                              [anon:bionic_alloc_small_objects]
7df1320000-7df1321000 r--p 00000000 00:00 0                              [anon:atexit handlers]
7df1321000-7df1323000 rw-p 00000000 00:00 0                              [anon:bionic_alloc_small_objects]
7df1323000-7df1324000 ---p 00000000 00:00 0 
7df1324000-7df132c000 rw-p 00000000 00:00 0                              [anon:thread signal stack]
7df132c000-7df132d000 rw-p 00000000 00:00 0                              [anon:arc4random data]
7df132d000-7df132f000 rw-p 00000000 00:00 0                              [anon:ReadFileToBuffer]
7df132f000-7df1330000 rw-p 00000000 00:00 0                              [anon:arc4random data]
7df1330000-7df1332000 r--p 00000000 00:00 0                              [vvar]
7df1332000-7df1333000 r-xp 00000000 00:00 0                              [vdso]
7df1333000-7df137f000 r--p 00000000 07:28 16                             /apex/com.android.runtime/bin/linker64
7df137f000-7df14c6000 r-xp 0004c000 07:28 16                             /apex/com.android.runtime/bin/linker64
7df14c6000-7df14d1000 r--p 00193000 07:28 16                             /apex/com.android.runtime/bin/linker64
7df14d1000-7df14d3000 rw-p 0019e000 07:28 16                             /apex/com.android.runtime/bin/linker64
7df14d3000-7df14d8000 rw-p 00000000 00:00 0                              [anon:.bss]
7df14d8000-7df14d9000 r--p 00000000 00:00 0                              [anon:.bss]
7df14d9000-7df14e6000 rw-p 00000000 00:00 0                              [anon:.bss]
7ff5ccb000-7ff5ccc000 ---p 00000000 00:00 0 
7ff5ccc000-7ff64cb000 rw-p 00000000 00:00 0                              [stack]
Total number of mappings: 3941

JVMTI agents:
/data/user/0/com.movtery.zalithlauncher.v2/files/components/launcher/MioLibPatcher.jar path:none, loaded, initialized, instrumentlib options:none
/data/user/0/com.movtery.zalithlauncher.v2/files/components/caciocavallo17/cacio-agent.jar path:none, loaded, initialized, instrumentlib options:none


VM Arguments:
jvm_args: -Djava.home=/data/user/0/com.movtery.zalithlauncher.v2/files/games/runtimes/Internal-25 -Djava.io.tmpdir=/data/user/0/com.movtery.zalithlauncher.v2/cache -Djna.boot.library.path=/data/user/0/com.movtery.zalithlauncher.v2/files/games/jna_dir/jna/5.17.0 -Duser.home=/storage/emulated/0/Android/data/com.movtery.zalithlauncher.v2/files/.minecraft -Duser.language=zh -Duser.country=CN -Duser.timezone=Asia/Shanghai -Dos.name=Linux -Dos.version=Android-16 -Dpojav.path.minecraft=/storage/emulated/0/Android/data/com.movtery.zalithlauncher.v2/files/.minecraft -Dpojav.path.private.account=/data/user/0/com.movtery.zalithlauncher.v2/databases -Dorg.lwjgl.vulkan.libname=libvulkan.so -Dglfwstub.windowWidth=2828 -Dglfwstub.windowHeight=1272 -Dglfwstub.initEgl=false -Dext.net.resolvPath=/data/user/0/com.movtery.zalithlauncher.v2/files/games/resolv.conf -Dlog4j2.formatMsgNoLookups=true -Djava.rmi.server.useCodebaseOnly=true -Dcom.sun.jndi.rmi.object.trustURLCodebase=false -Dcom.sun.jndi.cosnaming.object.trustURLCodebase=false -Dnet.minecraft.clientmodname=Zalith Launcher -Dfml.earlyprogresswindow=false -Dfml.ignoreInvalidMinecraftCertificates=true -Dfml.ignorePatchDiscrepancies=true -Dloader.disable_forked_guis=true -Djdk.lang.Process.launchMechanism=FORK -Dsodium.checks.issue2561=false -javaagent:/data/user/0/com.movtery.zalithlauncher.v2/files/components/launcher/MioLibPatcher.jar -Xms4096M -Xmx4096M -Dorg.lwjgl.openal.libname=/data/app/~~YuncQEj0Rruyt6y_-RebSA==/com.movtery.zalithlauncher.v2-JtRzSV7VpInkzDcyzopsqQ==/lib/arm64/libopenal.so -Dorg.lwjgl.freetype.libname=/data/app/~~YuncQEj0Rruyt6y_-RebSA==/com.movtery.zalithlauncher.v2-JtRzSV7VpInkzDcyzopsqQ==/lib/arm64/libfreetype.so -Dorg.lwjgl.spvc.libname=spirv-cross-c-shared -Dorg.lwjgl.system.allocator=system -XX:ActiveProcessorCount=8 -Dorg.lwjgl.opengl.libname=/data/app/~~QKEs1JII7EGqWaUN30S5Ew==/com.fcl.plugin.mobileglues--v6YcgpMiEwZGl3weWR_XA==/lib/arm64/libmobileglues.so -Djava.awt.headless=false -Dcacio.managed.screensize=2828x1272 -Dcacio.font.fontmanager=sun.awt.X11FontManager -Dcacio.font.fontscaler=sun.font.FreetypeFontScaler -Dswing.defaultlaf=javax.swing.plaf.nimbus.NimbusLookAndFeel -Dawt.toolkit=com.github.caciocavallosilano.cacio.ctc.CTCToolkit -Djava.awt.graphicsenv=com.github.caciocavallosilano.cacio.ctc.CTCGraphicsEnvironment -javaagent:/data/user/0/com.movtery.zalithlauncher.v2/files/components/caciocavallo17/cacio-agent.jar --add-exports=java.desktop/java.awt=ALL-UNNAMED --add-exports=java.desktop/java.awt.peer=ALL-UNNAMED --add-exports=java.desktop/sun.awt.image=ALL-UNNAMED --add-exports=java.desktop/sun.java2d=ALL-UNNAMED --add-exports=java.desktop/java.awt.dnd.peer=ALL-UNNAMED --add-exports=java.desktop/sun.awt=ALL-UNNAMED --add-exports=java.desktop/sun.awt.event=ALL-UNNAMED --add-exports=java.desktop/sun.awt.datatransfer=ALL-UNNAMED --add-exports=java.desktop/sun.font=ALL-UNNAMED --add-exports=java.base/sun.security.action=ALL-UNNAMED --add-opens=java.base/java.util=ALL-UNNAMED --add-opens=java.desktop/java.awt=ALL-UNNAMED --add-opens=java.desktop/sun.font=ALL-UNNAMED --add-opens=java.desktop/sun.java2d=ALL-UNNAMED --add-opens=java.base/java.lang.reflect=ALL-UNNAMED --add-opens=java.base/java.net=ALL-UNNAMED -Xbootclasspath/a:/data/user/0/com.movtery.zalithlauncher.v2/files/components/caciocavallo17/cacio-agent.jar:/data/user/0/com.movtery.zalithlauncher.v2/files/components/caciocavallo17/cacio-shared-1.19.1-SNAPSHOT.jar:/data/user/0/com.movtery.zalithlauncher.v2/files/components/caciocavallo17/cacio-tta-1.19.1-SNAPSHOT.jar -Dlog4j.configurationFile=/storage/emulated/0/Android/data/com.movtery.zalithlauncher.v2/files/.minecraft/versions/26.2 NeoForge 26.2.0.59/log4j2.xml -Dminecraft.client.jar=/storage/emulated/0/Android/data/com.movtery.zalithlauncher.v2/files/.minecraft/versions/26.2 NeoForge 26.2.0.59/26.2 NeoForge 26.2.0.59.jar -Dminecraft.launcher.brand=Zalith Launcher -Dminecraft.launcher.version=2.4.11 --sun-misc-unsafe-memory-access=allow --enable-native-access=ALL-UNNAMED -Djava.library.path=/data/app/~~QKEs1JII7EGqWaUN30S5Ew==/com.fcl.plugin.mobileglues--v6YcgpMiEwZGl3weWR_XA==/lib/arm64:/data/user/0/com.movtery.zalithlauncher.v2/files/games/runtimes/Internal-25/lib/jli:/data/user/0/com.movtery.zalithlauncher.v2/files/games/runtimes/Internal-25/lib/server:/system/lib64:/vendor/lib64:/vendor/lib64/hw:/system_ext/lib64:/data/user/0/com.movtery.zalithlauncher.v2/files/games/jna_dir/jna:/data/user/0/com.movtery.zalithlauncher.v2/app_runtime_mod:/data/app/~~YuncQEj0Rruyt6y_-RebSA==/com.movtery.zalithlauncher.v2-JtRzSV7VpInkzDcyzopsqQ==/lib/arm64:/data/user/0/com.movtery.zalithlauncher.v2/files/games/jna_dir/jna/5.17.0 -Djna.tmpdir=/data/user/0/com.movtery.zalithlauncher.v2/cache/jna -Dorg.lwjgl.system.SharedLibraryExtractPath=/data/user/0/com.movtery.zalithlauncher.v2/cache/lwjgl -Dio.netty.native.workdir=/data/user/0/com.movtery.zalithlauncher.v2/cache/netty -Dminecraft.launcher.brand=Zalith Launcher -Dminecraft.launcher.version=2.4.11 -Djava.net.preferIPv6Addresses=system -DlibraryDirectory=/storage/emulated/0/Android/data/com.movtery.zalithlauncher.v2/files/.minecraft/libraries --add-opens=java.base/java.lang.invoke=ALL-UNNAMED --add-exports=jdk.naming.dns/com.sun.jndi.dns=java.naming --add-exports=net.neoforged.fml.startup/net.neoforged.fml.startup=ALL-UNNAMED 
java_command: net.neoforged.fml.startup.Client --username Trail_Akivili --version 26.2 NeoForge 26.2.0.59 --gameDir /storage/emulated/0/Android/data/com.movtery.zalithlauncher.v2/files/.minecraft/versions/26.2 NeoForge 26.2.0.59 --assetsDir /storage/emulated/0/Android/data/com.movtery.zalithlauncher.v2/files/.minecraft/assets --assetIndex 32 --uuid 050f97b8d0c942c5a3fc65e7017d8894 --accessToken eyJraWQiOiIwNDkxODEiLCJhbGciOiJSUzI1NiJ9.eyJ4dWlkIjoiMjUzNTQ2NDIxMjEyMDk5NSIsImFnZyI6IkFkdWx0Iiwic3ViIjoiMDlhYjYxNWQtZmIwYi01OWI2LTg2YjgtZWFiNTYxNGZmZGEyIiwiYXV0aCI6IlhCT1giLCJucyI6ImRlZmF1bHQiLCJyb2xlcyI6W10sImlzcyI6ImF1dGhlbnRpY2F0aW9uIiwiZmxhZ3MiOlsibXVsdGlwbGF5ZXIiXSwicHJvZmlsZXMiOnsibWMiOiIwNTBmOTdiOC1kMGM5LTQyYzUtYTNmYy02NWU3MDE3ZDg4OTQifSwicG1pZCI6ImE4MjdjMTY5LWQ0MjgtNTYzMy04YTM1LWRhMjE2Yzc4ZjQyZCIsInBsYXRmb3JtIjoiUENfTEFVTkNIRVIiLCJ0aWQiOiJFOTlCMCIsInBmZCI6W3sidHlwZSI6Im1jIiwiaWQiOiIwNTBmOTdiOC1kMGM5LTQyYzUtYTNmYy02NWU3MDE3ZDg4OTQiLCJuYW1lIjoiVHJhaWxfQWtpdmlsaSJ9XSwieGlkIjoiMjUzNTQ2NDIxMjEyMDk5NSIsIm5iZiI6MTc4NzMzNzU0MSwiZXhwIjoxNzg3NDIzOTQxLCJpYXQiOjE3ODczMzc1NDEsImFpZCI6Ijc0Y2I1MzY2LWRlNmMtNGUyMy1hZDJkLTU0ZjUyZTNmNTAwYiJ9.KvMqIw6XzABI0hB6AE3ahIZ5lrikVKaSrUJ4O72xKFYyBWZ83H8fxGECUk3TJeYCIb1QyNhggdV1EouH7O03Gba-TdEmphvW5BfWrw24NPtD5V-LcalgzDtbjXLReB0qVlzZcT9viascUVF-Of0xz0cyF8WmuGgaG3zZwQFkJTUgfCjTqEO2mwBaEZ1lI2M0dGgjfYY5SAtaPS5iJvOcr10EWkkZvhy9dW4UF2CaurtqyEHl_4hOslGdqIUAy6soXrj4NAdfrogHA34iVo9Fswfgj-2oqrTT-c5MeBq56N7gCpfiUKPpA_SIDM6L9rbqOozttNo-NzxOVINqDyG4_Q --clientId ${clientid} --xuid 18028097409732173647 --versionType ZalithLauncher2.4.11 --fml.neoForgeVersion 26.2.0.59 --fml.mcVersion 26.2 --fml.neoFormVersion 2
java_class_path (initial): /data/user/0/com.movtery.zalithlauncher.v2/files/components/lwjgl3/lwjgl-glfw-classes.jar:/storage/emulated/0/Android/data/com.movtery.zalithlauncher.v2/files/.minecraft/libraries/at/yawk/lz4/lz4-java/1.10.1/lz4-java-1.10.1.jar:/storage/emulated/0/Android/data/com.movtery.zalithlauncher.v2/files/.minecraft/libraries/com/azure/azure-json/1.4.0/azure-json-1.4.0.jar:/storage/emulated/0/Android/data/com.movtery.zalithlauncher.v2/files/.minecraft/libraries/com/github/oshi/oshi-core/6.9.0/oshi-core-6.9.0.jar:/storage/emulated/0/Android/data/com.movtery.zalithlauncher.v2/files/.minecraft/libraries/com/google/code/gson/gson/2.14.0/gson-2.14.0.jar:/storage/emulated/0/Android/data/com.movtery.zalithlauncher.v2/files/.minecraft/libraries/com/google/guava/failureaccess/1.0.3/failureaccess-1.0.3.jar:/storage/emulated/0/Android/data/com.movtery.zalithlauncher.v2/files/.minecraft/libraries/com/google/guava/guava/33.6.0-jre/guava-33.6.0-jre.jar:/storage/emulated/0/Android/data/com.movtery.zalithlauncher.v2/files/.minecraft/libraries/com/ibm/icu/icu4j/78.3/icu4j-78.3.jar:/storage/emulated/0/Android/data/com.movtery.zalithlauncher.v2/files/.minecraft/libraries/com/microsoft/azure/msal4j/1.24.1/msal4j-1.24.1.jar:/storage/emulated/0/Android/data/com.movtery.zalithlauncher.v2/files/.minecraft/libraries/com/mojang/authlib/9.0.75/authlib-9.0.75.jar:/storage/emulated/0/Android/data/com.movtery.zalithlauncher.v2/files/.minecraft/libraries/com/mojang/blocklist/1.0.10/blocklist-1.0.10.jar:/storage/emulated/0/Android/data/com.movtery.zalithlauncher.v2/files/.minecraft/libraries/com/mojang/brigadier/1.3.10/brigadier-1.3.10.jar:/storage/emulated/0/Android/data/com.movtery.zalithlauncher.v2/files/.minecraft/libraries/com/mojang/datafixerupper/10.0.21/datafixerupper-10.0.21.jar:/storage/emulated/0/Android/data/com.movtery.zalithlauncher.v2/files/.minecraft/libraries/com/mojang/jtracy/1.0.37/jtracy-1.0.37.jar:/storage/emulated/0/Android/data/com.movtery.zalithlauncher.v2/files/.minecraft/libraries/com/mojang/jtracy/1.0.37/jtracy-1.0.37-natives-linux.jar:/storage/emulated/0/Android/data/com.movtery.zalithlauncher.v2/files/.minecraft/libraries/com/mojang/jtracy/1.0.37/jtracy-1.0.37-natives-windows.jar:/storage/emulated/0/Android/data/com.movtery.zalithlauncher.v2/files/.minecraft/libraries/com/mojang/logging/1.7.12/logging-1.7.12.jar:/storage/emulated/0/Android/data/com.movtery.zalithlauncher.v2/files/.minecraft/libraries/com/mojang/patchy/2.2.10/patchy-2.2.10.jar:/storage/emulated/0/Android/data/com.movtery.zalithlauncher.v2/files/.minecraft/libraries/com/mojang/text2speech/1.19.12/text2speech-1.19.12.jar:/storage/emulated/0/Android/data/com.movtery.zalithlauncher.v2/files/.minecraft/libraries/commons-codec/commons-codec/1.22.0/commons-codec-1.22.0.jar:/storage/emulated/0/Android/data/com.movtery.zalithlauncher.v2/files/.minecraft/libraries/commons-io/commons-io/2.20.0/commons-io-2.20.0.jar:/storage/emulated/0/Android/data/com.movtery.zalithlauncher.v2/files/.minecraft/libraries/io/netty/netty-buffer/4.2.15.Final/netty-buffer-4.2.15.Final.jar:/storage/emulated/0/Android/data/com.movtery.zalithlauncher.v2/files/.minecraft/libraries/io/netty/netty-codec-base/4.2.15.Final/netty-codec-base-4.2.15.Final.jar:/storage/emulated/0/Android/data/com.movtery.zalithlauncher.v2/files/.minecraft/libraries/io/netty/netty-codec-compression/4.2.15.Final/netty-codec-compression-4.2.15.Final.jar:/storage/emulated/0/Android/data/com.movtery.zalithlauncher.v2/files/.minecraft/libraries/io/netty/netty-codec-http/4.2.15.Final/netty-codec-http-4.2.15.Final.jar:/storage/emulated/0/Android/data/com.movtery.zalithlauncher.v2/files/.minecraft/libraries/io/netty/netty-common/4.2.15.Final/netty-common-4.2.15.Final.jar:/storage/emulated/0/Android/data/com.movtery.zalithlauncher.v2/files/.minecraft/libraries/io/netty/netty-handler/4.2.15.Final/netty-handler-4.2.15.Final.jar:/storage/emulated/0/Android/data/com.movtery.zalithlauncher.v2/files/.minecraft/libraries/io/netty/netty-resolver/4.2.15.Final/netty-resolver-4.2.15.Final.jar:/storage/emulated/0/Android/data/com.movtery.zalithlauncher.v2/files/.minecraft/libraries/io/netty/netty-transport-classes-epoll/4.2.15.Final/netty-transport-classes-epoll-4.2.15.Final.jar:/storage/emulated/0/Android/data/com.movtery.zalithlauncher.v2/files/.minecraft/libraries/io/netty/netty-transport-classes-kqueue/4.2.15.Final/netty-transport-classes-kqueue-4.2.15.Final.jar:/storage/emulated/0/Android/data/com.movtery.zalithlauncher.v2/files/.minecraft/libraries/io/netty/netty-transport-native-epoll/4.2.15.Final/netty-transport-native-epoll-4.2.15.Final-linux-aarch_64.jar:/storage/emulated/0/Android/data/com.movtery.zalithlauncher.v2/files/.minecraft/libraries/io/netty/netty-transport-native-epoll/4.2.15.Final/netty-transport-native-epoll-4.2.15.Final-linux-x86_64.jar:/storage/emulated/0/Android/data/com.movtery.zalithlauncher.v2/files/.minecraft/libraries/io/netty/netty-transport-native-unix-common/4.2.15.Final/netty-transport-native-unix-common-4.2.15.Final.jar:/storage/emulated/0/Android/data/com.movtery.zalithlauncher.v2/files/.minecraft/libraries/io/netty/netty-transport/4.2.15.Final/netty-transport-4.2.15.Final.jar:/storage/emulated/0/Android/data/com.movtery.zalithlauncher.v2/files/.minecraft/libraries/it/unimi/dsi/fastutil/8.5.18/fastutil-8.5.18.jar:/storage/emulated/0/Android/data/com.movtery.zalithlauncher.v2/files/.minecraft/libraries/net/java/dev/jna/jna-platform/5.17.0/jna-platform-5.17.0.jar:/storage/emulated/0/Android/data/com.movtery.zalithlauncher.v2/files/.minecraft/libraries/net/java/dev/jna/jna/5.17.0/jna-5.17.0.jar:/storage/emulated/0/Android/data/com.movtery.zalithlauncher.v2/files/.minecraft/libraries/net/sf/jopt-simple/jopt-simple/5.0.4/jopt-simple-5.0.4.jar:/storage/emulated/0/Android/data/com.movtery.zalithlauncher.v2/files/.minecraft/libraries/org/apache/commons/commons-compress/1.28.0/commons-compress-1.28.0.jar:/storage/emulated/0/Android/data/com.movtery.zalithlauncher.v2/files/.minecraft/libraries/org/apache/commons/commons-lang3/3.20.0/commons-lang3-3.20.0.jar:/storage/emulated/0/Android/data/com.movtery.zalithlauncher.v2/files/.minecraft/libraries/org/apache/logging/log4j/log4j-api/2.26.0/log4j-api-2.26.0.jar:/storage/emulated/0/Android/data/com.movtery.zalithlauncher.v2/files/.minecraft/libraries/org/apache/logging/log4j/log4j-core/2.26.0/log4j-core-2.26.0.jar:/storage/emulated/0/Android/data/com.movtery.zalithlauncher.v2/files/.minecraft/libraries/org/apache/logging/log4j/log4j-slf4j2-impl/2.26.0/log4j-slf4j2-impl-2.26.0.jar:/storage/emulated/0/Android/data/com.movtery.zalithlauncher.v2/files/.minecraft/libraries/org/jcraft/jorbis/0.0.17/jorbis-0.0.17.jar:/storage/emulated/0/Android/data/com.movtery.zalithlauncher.v2/files/.minecraft/libraries/org/joml/joml/1.10.8/joml-1.10.8.jar:/storage/emulated/0/Android/data/com.movtery.zalithlauncher.v2/files/.minecraft/libraries/org/jspecify/jspecify/1.0.0/jspecify-1.0.0.jar:/storage/emulated/0/Android/data/com.movtery.zalithlauncher.v2/files/.minecraft/libraries/org/slf4j/slf4j-api/2.0.17/slf4j-api-2.0.17.jar:/storage/emulated/0/Android/data/com.movtery.zalithlauncher.v2/files/.minecraft/libraries/net/neoforged/fancymodloader/earlydisplay/11.0.16/earlydisplay-11.0.16.jar:/storage/emulated/0/Android/data/com.movtery.zalithlauncher.v2/files/.minecraft/libraries/net/neoforged/fancymodloader/loader/11.0.16/loader-11.0.16.jar:/storage/emulated/0/Android/data/com.movtery.zalithlauncher.v2/files/.minecraft/libraries/net/neoforged/accesstransformers/11.0.2/accesstransformers-11.0.2.jar:/storage/emulated/0/Android/data/com.movtery.zalithlauncher.v2/files/.minecraft/libraries/org/ow2/asm/asm-commons/9.10.1/asm-commons-9.10.1.jar:/storage/emulated/0/Android/data/com.movtery.zalithlauncher.v2/files/.minecraft/libraries/net/neoforged/mergetool/2.0.7/mergetool-2.0.7-api.jar:/storage/emulated/0/Android/data/com.movtery.zalithlauncher.v2/files/.minecraft/libraries/org/ow2/asm/asm-util/9.10.1/asm-util-9.10.1.jar:/storage/emulated/0/Android/data/com.movtery.zalithlauncher.v2/files/.minecraft/libraries/org/ow2/asm/asm-analysis/9.10.1/asm-analysis-9.10.1.jar:/storage/emulated/0/Android/data/com.movtery.zalithlauncher.v2/files/.minecraft/libraries/org/ow2/asm/asm-tree/9.10.1/asm-tree-9.10.1.jar:/storage/emulated/0/Android/data/com.movtery.zalithlauncher.v2/files/.minecraft/libraries/net/neoforged/bus/8.0.5/bus-8.0.5.jar:/storage/emulated/0/Android/data/com.movtery.zalithlauncher.v2/files/.minecraft/libraries/org/ow2/asm/asm/9.10.1/asm-9.10.1.jar:/storage/emulated/0/Android/data/com.movtery.zalithlauncher.v2/files/.minecraft/libraries/com/electronwill/night-config/toml/3.9.0/toml-3.9.0.jar:/storage/emulated/0/Android/data/com.movtery.zalithlauncher.v2/files/.minecraft/libraries/com/electronwill/night-config/core/3.9.0/core-3.9.0.jar:/storage/emulated/0/Android/data/com.movtery.zalithlauncher.v2/files/.minecraft/libraries/net/neoforged/JarJarSelector/0.5.1/JarJarSelector-0.5.1.jar:/storage/emulated/0/Android/data/com.movtery.zalithlauncher.v2/files/.minecraft/libraries/net/neoforged/JarJarMetadata/0.5.1/JarJarMetadata-0.5.1.jar:/storage/emulated/0/Android/data/com.movtery.zalithlauncher.v2/files/.minecraft/libraries/org/apache/maven/maven-artifact/3.9.16/maven-artifact-3.9.16.jar:/storage/emulated/0/Android/data/com.movtery.zalithlauncher.v2/files/.minecraft/libraries/net/jodah/typetools/0.6.3/typetools-0.6.3.jar:/storage/emulated/0/Android/data/com.movtery.zalithlauncher.v2/files/.minecraft/libraries/net/minecrell/terminalconsoleappender/1.3.0/terminalconsoleappender-1.3.0.jar:/storage/emulated/0/Android/data/com.movtery.zalithlauncher.v2/files/.minecraft/libraries/net/fabricmc/sponge-mixin/0.17.3+mixin.0.8.7/sponge-mixin-0.17.3+mixin.0.8.7.jar:/storage/emulated/0/Android/data/com.movtery.zalithlauncher.v2/files/.minecraft/libraries/net/neoforged/accesstransformers/at-parser/11.0.2/at-parser-11.0.2.jar:/storage/emulated/0/Android/data/com.movtery.zalithlauncher.v2/files/.minecraft/libraries/net/neoforged/srgutils/1.0.10/srgutils-1.0.10.jar:/storage/emulated/0/Android/data/com.movtery.zalithlauncher.v2/files/.minecraft/libraries/org/codehaus/plexus/plexus-utils/3.6.1/plexus-utils-3.6.1.jar:/storage/emulated/0/Android/data/com.movtery.zalithlauncher.v2/files/.minecraft/libraries/org/jline/jline-reader/3.20.0/jline-reader-3.20.0.jar:/storage/emulated/0/Android/data/com.movtery.zalithlauncher.v2/files/.minecraft/libraries/com/google/guava/listenablefuture/9999.0-empty-to-avoid-conflict-with-guava/listenablefuture-9999.0-empty-to-avoid-conflict-with-guava.jar:/storage/emulated/0/Android/data/com.movtery.zalithlauncher.v2/files/.minecraft/libraries/com/google/errorprone/error_prone_annotations/2.48.0/error_prone_annotations-2.48.0.jar:/storage/emulated/0/Android/data/com.movtery.zalithlauncher.v2/files/.minecraft/libraries/com/google/j2objc/j2objc-annotations/3.1/j2objc-annotations-3.1.jar:/storage/emulated/0/Android/data/com.movtery.zalithlauncher.v2/files/.minecraft/libraries/org/jline/jline-terminal/3.20.0/jline-terminal-3.20.0.jar:/storage/emulated/0/Android/data/com.movtery.zalithlauncher.v2/files/.minecraft/versions/26.2 NeoForge 26.2.0.59/26.2 NeoForge 26.2.0.59.jar
Launcher Type: SUN_STANDARD

[Global flags]
      int ActiveProcessorCount                     = 8                                         {product} {command line}
     intx CICompilerCount                          = 4                                         {product} {ergonomic}
     uint ConcGCThreads                            = 2                                         {product} {ergonomic}
     uint G1ConcRefinementThreads                  = 8                                         {product} {ergonomic}
   size_t G1HeapRegionSize                         = 2097152                                   {product} {ergonomic}
   size_t InitialHeapSize                          = 4294967296                                {product} {command line}
   size_t MarkStackSize                            = 4194304                                   {product} {ergonomic}
   size_t MarkStackSizeMax                         = 536870912                                 {product} {ergonomic}
   size_t MaxHeapSize                              = 4294967296                                {product} {command line}
   size_t MaxNewSize                               = 2575302656                                {product} {ergonomic}
   size_t MinHeapDeltaBytes                        = 2097152                                   {product} {ergonomic}
   size_t MinHeapSize                              = 4294967296                                {product} {command line}
    uintx NonNMethodCodeHeapSize                   = 5836800                                {pd product} {ergonomic}
    uintx NonProfiledCodeHeapSize                  = 122912768                              {pd product} {ergonomic}
     bool PerfDisableSharedMem                     = true                                      {product} {ergonomic}
    uintx ProfiledCodeHeapSize                     = 122908672                              {pd product} {ergonomic}
    uintx ReservedCodeCacheSize                    = 251658240                              {pd product} {ergonomic}
     bool SegmentedCodeCache                       = true                                      {product} {ergonomic}
   size_t SoftMaxHeapSize                          = 4294967296                             {manageable} {ergonomic}
     bool UseCompressedOops                        = true                           {product lp64_product} {ergonomic}
     bool UseG1GC                                  = true                                      {product} {ergonomic}

Logging:
Log output configuration:
 #0: stdout all=warning uptime,level,tags foldmultilines=false
 #1: stderr all=off uptime,level,tags foldmultilines=false

Release file:
IMPLEMENTOR="N/A"
JAVA_RUNTIME_VERSION="25.0.3-internal-adhoc.runner.openjdk"
JAVA_VERSION="25.0.3"
JAVA_VERSION_DATE="2026-04-21"
LIBC="default"
MODULES="java.base java.compiler java.datatransfer java.xml java.prefs java.desktop java.instrument java.logging java.management java.security.sasl java.naming java.rmi java.management.rmi java.net.http java.scripting java.security.jgss java.transaction.xa java.sql java.sql.rowset java.xml.crypto java.se jdk.accessibility jdk.charsets jdk.internal.opt jdk.zipfs jdk.compiler jdk.crypto.cryptoki jdk.crypto.ec jdk.dynalink jdk.internal.ed jdk.editpad jdk.hotspot.agent jdk.httpserver jdk.incubator.vector jdk.internal.jvmstat jdk.internal.le jdk.internal.md jdk.internal.vm.ci jdk.jdwp.agent jdk.jfr jdk.jsobject jdk.localedata jdk.management jdk.management.agent jdk.management.jfr jdk.naming.dns jdk.naming.rmi jdk.net jdk.nio.mapmode jdk.sctp jdk.security.auth jdk.security.jgss jdk.unsupported jdk.xml.dom"
OS_ARCH="aarch64"
OS_NAME="Linux"
SOURCE=".:git:1bb9ea9c8857+"

Environment Variables:
JAVA_HOME=/data/user/0/com.movtery.zalithlauncher.v2/files/games/runtimes/Internal-25
PATH=/data/user/0/com.movtery.zalithlauncher.v2/files/games/runtimes/Internal-25/bin:/product/bin:/apex/com.android.runtime/bin:/apex/com.android.art/bin:/apex/com.android.virt/bin:/system_ext/bin:/system/bin:/system/xbin:/odm/bin:/vendor/bin:/vendor/xbin
LD_LIBRARY_PATH=/system/lib64:/vendor/lib64:/vendor/lib64/hw:/system_ext/lib64:/data/app/~~QKEs1JII7EGqWaUN30S5Ew==/com.fcl.plugin.mobileglues--v6YcgpMiEwZGl3weWR_XA==/lib/arm64:/data/user/0/com.movtery.zalithlauncher.v2/app_runtime_mod:/data/app/~~YuncQEj0Rruyt6y_-RebSA==/com.movtery.zalithlauncher.v2-JtRzSV7VpInkzDcyzopsqQ==/lib/arm64
TMPDIR=/data/user/0/com.movtery.zalithlauncher.v2/cache

Active Locale:
LC_ALL=C.UTF-8
LC_COLLATE=C.UTF-8
LC_CTYPE=C.UTF-8
LC_MESSAGES=C.UTF-8
LC_MONETARY=C.UTF-8
LC_NUMERIC=C.UTF-8
LC_TIME=C.UTF-8

Signal Handlers:
   SIGSEGV: 0x0000007a6bdaff6c in libjvm.so+17661804, mask=11100100110111111111111111111111, flags=SA_RESTART|SA_SIGINFO, unblocked
    SIGBUS: 0x0000007a6bdaff6c in libjvm.so+17661804, mask=11100100010111111101111111111111, flags=SA_RESTART|SA_SIGINFO, unblocked
    SIGFPE: 0x0000007a6bdaff6c in libjvm.so+17661804, mask=11100100010111111101111111111111, flags=SA_RESTART|SA_SIGINFO, unblocked
   SIGPIPE: 0x0000007a6bc70a6c in libjvm.so+16353900, mask=11100100010111111101111111111111, flags=SA_RESTART|SA_SIGINFO, blocked
   SIGXFSZ: 0x0000007a6bc70a6c in libjvm.so+16353900, mask=11100100010111111101111111111111, flags=SA_RESTART|SA_SIGINFO, blocked
    SIGILL: 0x0000007a6bdaff6c in libjvm.so+17661804, mask=11100100010111111101111111111111, flags=SA_RESTART|SA_SIGINFO, unblocked
   SIGUSR2: 0x0000007a6bc70674 in libjvm.so+16352884, mask=00000000010010000000000000000001, flags=SA_RESTART|SA_SIGINFO, blocked
    SIGHUP: 0x0000007a6bc6e990 in libjvm.so+16345488, mask=11100100010111111101111111111111, flags=SA_RESTART|SA_SIGINFO, blocked
    SIGINT: 0x0000007a6bc6e990 in libjvm.so+16345488, mask=11100100010111111101111111111111, flags=SA_RESTART|SA_SIGINFO, blocked
   SIGTERM: 0x0000007a6bc6e990 in libjvm.so+16345488, mask=11100100010111111101111111111111, flags=SA_RESTART|SA_SIGINFO, blocked
   SIGQUIT: 0x0000007a6bc6e990 in libjvm.so+16345488, mask=11100100010111111101111111111111, flags=SA_RESTART|SA_SIGINFO, blocked
   SIGTRAP: 0x0000007a6bdaff6c in libjvm.so+17661804, mask=11100100010111111101111111111111, flags=SA_RESTART|SA_SIGINFO, unblocked


Compilation memory statistics disabled.

Periodic native trim disabled

---------------  S Y S T E M  ---------------

OS:
Linux
uname: Linux 5.15.197-g824a6081fc08-dirty #1 SMP PREEMPT Wed Jul 22 07:21:54 UTC 2026 aarch64
OS uptime: 3 days 10:55 hours
libc: (null) NPTL 
rlimit (soft/hard): STACK 8192k/infinity , CORE 0k/infinity , NPROC 43418/43418 , NOFILE 32768/32768 , AS infinity/infinity , CPU infinity/infinity , DATA infinity/infinity , FSIZE infinity/infinity , MEMLOCK 65536k/65536k
load average: 3.73 4.12 4.95

/proc/meminfo:
MemTotal:       11526380 kB
MemFree:          308488 kB
MemAvailable:    3855512 kB
Buffers:            1872 kB
Cached:          3382960 kB
SwapCached:        23052 kB
Active:          1839400 kB
Inactive:        4093944 kB
Active(anon):     716120 kB
Inactive(anon):  2766580 kB
Active(file):    1891272 kB
Inactive(file):  1327364 kB
Unevictable:      144868 kB
Vital:            767992 kB
Staple:                0 kB
Mlocked:          144084 kB
SwapTotal:      12582908 kB
SwapFree:        8937940 kB
Dirty:               916 kB
Writeback:             0 kB
AnonPages:       3457192 kB
Mapped:          1503976 kB
Shmem:             33312 kB
KReclaimable:     654156 kB
Slab:             884424 kB
SReclaimable:     255440 kB
SUnreclaim:       628984 kB
KernelStack:       75056 kB
ShadowCallStack:   45728 kB
PageTables:       275328 kB
NFS_Unstable:          0 kB
Bounce:                0 kB
WritebackTmp:          0 kB
CommitLimit:    18346096 kB
Committed_AS:   229070848 kB
VmallocTotal:   259653632 kB
VmallocUsed:      341732 kB
VmallocChunk:          0 kB
Percpu:            13376 kB
AnonHugePages:         0 kB
ShmemHugePages:        0 kB
ShmemPmdMapped:        0 kB
FileHugePages:         0 kB
FilePmdMapped:         0 kB
CmaTotal:         335872 kB
CmaFree:               0 kB

/sys/kernel/mm/transparent_hugepage/enabled: always madvise [never]
/sys/kernel/mm/transparent_hugepage/hpage_pmd_size: 2097152
/sys/kernel/mm/transparent_hugepage/shmem_enabled: always within_size advise [never] deny force
/sys/kernel/mm/transparent_hugepage/defrag (defrag/compaction efforts parameter): always defer defer+madvise [madvise] never

Process Memory:
Virtual Size: 23403872K (peak: 23403872K)
Resident Set Size: 1969076K (peak: 1969076K) (anon: 1773828K, file: 193508K, shmem: 1740K)
Swapped out: 28016K

/proc/sys/kernel/threads-max (system-wide limit on the number of threads): <Not Available>
/proc/sys/vm/max_map_count (maximum number of memory map areas a process may have): <Not Available>
/proc/sys/vm/swappiness (control to define how aggressively the kernel swaps out anonymous memory): <Not Available>
/proc/sys/kernel/pid_max (system-wide limit on number of process identifiers): <Not Available>

container information not found.

CPU: total 8 (initial active 8) 0x41:0x1:0xd4d:1(0xd46), fp, asimd, evtstrm, aes, pmull, sha1, sha256, crc32, lse, fphp, asimdhp, dcpop, sha3, sha512, paca
/proc/cpuinfo:
processor	: 0
BogoMIPS	: 38.40
Features	: fp asimd evtstrm aes pmull sha1 sha2 crc32 atomics fphp asimdhp cpuid asimdrdm jscvt fcma lrcpc dcpop sha3 sm3 sm4 asimddp sha512 asimdfhm dit uscat ilrcpc flagm sb paca pacg dcpodp flagm2 frint i8mm bf16 bti
CPU implementer	: 0x41
CPU architecture: 8
CPU variant	: 0x1
CPU part	: 0xd46
CPU revision	: 2

processor	: 1
BogoMIPS	: 38.40
Features	: fp asimd evtstrm aes pmull sha1 sha2 crc32 atomics fphp asimdhp cpuid asimdrdm jscvt fcma lrcpc dcpop sha3 sm3 sm4 asimddp sha512 asimdfhm dit uscat ilrcpc flagm sb paca pacg dcpodp flagm2 frint i8mm bf16 bti
CPU implementer	: 0x41
CPU architecture: 8
CPU variant	: 0x1
CPU part	: 0xd46
CPU revision	: 2

processor	: 2
BogoMIPS	: 38.40
Features	: fp asimd evtstrm aes pmull sha1 sha2 crc32 atomics fphp asimdhp cpuid asimdrdm jscvt fcma lrcpc dcpop sha3 sm3 sm4 asimddp sha512 asimdfhm dit uscat ilrcpc flagm sb paca pacg dcpodp flagm2 frint i8mm bf16 bti
CPU implementer	: 0x41
CPU architecture: 8
CPU variant	: 0x1
CPU part	: 0xd46
CPU revision	: 2

processor	: 3
BogoMIPS	: 38.40
Features	: fp asimd evtstrm aes pmull sha1 sha2 crc32 atomics fphp asimdhp cpuid asimdrdm jscvt fcma lrcpc dcpop sha3 sm3 sm4 asimddp sha512 asimdfhm dit uscat ilrcpc flagm sb paca pacg dcpodp flagm2 frint i8mm bf16 bti
CPU implementer	: 0x41
CPU architecture: 8
CPU variant	: 0x1
CPU part	: 0xd46
CPU revision	: 2

processor	: 4
BogoMIPS	: 38.40
Features	: fp asimd evtstrm aes pmull sha1 sha2 crc32 atomics fphp asimdhp cpuid asimdrdm jscvt fcma lrcpc dcpop sha3 sm3 sm4 asimddp sha512 asimdfhm dit uscat ilrcpc flagm sb paca pacg dcpodp flagm2 frint i8mm bf16 bti
CPU implementer	: 0x41
CPU architecture: 8
CPU variant	: 0x1
CPU part	: 0xd4d
CPU revision	: 1

processor	: 5
BogoMIPS	: 38.40
Features	: fp asimd evtstrm aes pmull sha1 sha2 crc32 atomics fphp asimdhp cpuid asimdrdm jscvt fcma lrcpc dcpop sha3 sm3 sm4 asimddp sha512 asimdfhm dit uscat ilrcpc flagm sb paca pacg dcpodp flagm2 frint i8mm bf16 bti
CPU implementer	: 0x41
CPU architecture: 8
CPU variant	: 0x1
CPU part	: 0xd4d
CPU revision	: 1

processor	: 6
BogoMIPS	: 38.40
Features	: fp asimd evtstrm aes pmull sha1 sha2 crc32 atomics fphp asimdhp cpuid asimdrdm jscvt fcma lrcpc dcpop sha3 sm3 sm4 asimddp sha512 asimdfhm dit uscat ilrcpc flagm sb paca pacg dcpodp flagm2 frint i8mm bf16 bti
CPU implementer	: 0x41
CPU architecture: 8
CPU variant	: 0x1
CPU part	: 0xd4d
CPU revision	: 1

processor	: 7
BogoMIPS	: 38.40
Features	: fp asimd evtstrm aes pmull sha1 sha2 crc32 atomics fphp asimdhp cpuid asimdrdm jscvt fcma lrcpc dcpop sha3 sm3 sm4 asimddp sha512 asimdfhm dit uscat ilrcpc flagm sb paca pacg dcpodp flagm2 frint i8mm bf16 bti
CPU implementer	: 0x41
CPU architecture: 8
CPU variant	: 0x1
CPU part	: 0xd4d
CPU revision	: 1


Online cpus: 0-7
Offline cpus: 

Memory: 4k page, physical 11526380k(3855512k free), swap 12582908k(8937940k free)
Page Sizes: 4k

vm_info: OpenJDK 64-Bit Server VM (25.0.3-internal-adhoc.runner.openjdk) for linux-aarch64 JRE (25.0.3-internal-adhoc.runner.openjdk), built on 2025-12-26T20:03:36Z with clang Android (13691557, +pgo, +bolt, +lto, +mlgo, based on r522817d) Clang 18.0.4 (https://android.googlesource.com/toolchain/llvm-project d8003a456d14a3deb8054cdaa529ffbf02d9b262)

END.
