==================== Launch Minecraft ====================
▷ Launcher version: 2.4.10 (200033)
▷ Architecture: arm64
▷ Device model: vivo, V2361A
▷ API version: 36
▷ Renderer: MobileGlues (OpenGL 4.0, 1.17+)
▷ Renderer Summary: 来自 MobileGlues 插件
▷ Selected Minecraft version: 1.21.1 NeoForge 21.1.248
▷ Minecraft Info: 1.21.1, NeoForge - 21.1.248
▷ Game Path: /storage/emulated/0/Android/data/com.movtery.zalithlauncher.v2/files/.minecraft/versions/1.21.1 NeoForge 21.1.248 (Isolation: true)
▷ Custom Java arguments: NONE
▷ Java Runtime: Internal-21
▷ Account: Trail_Akivili (Microsoft)
==================== Env Map ====================
▷ ZALITH_VERSION_CODE = 200033
▷ TMPDIR = /data/user/0/com.movtery.zalithlauncher.v2/cache
▷ AWTSTUB_WIDTH = 2380
▷ POJAV_BIG_CORE_AFFINITY = 1
▷ POJAV_NATIVEDIR = /data/app/~~NloOHaa3DFO8fq8iFDsoFw==/com.movtery.zalithlauncher.v2-g-sVX1QKnEt3OLHrB8klcA==/lib/arm64
▷ LIBGL_EGL = libmobileglues.so
▷ DRIVER_PATH = /data/app/~~NloOHaa3DFO8fq8iFDsoFw==/com.movtery.zalithlauncher.v2-g-sVX1QKnEt3OLHrB8klcA==/lib/arm64
▷ HOME = /storage/emulated/0/Android/data/com.movtery.zalithlauncher.v2/files
▷ PATH = /data/user/0/com.movtery.zalithlauncher.v2/files/games/runtimes/Internal-21/bin:/product/bin:/apex/com.android.runtime/bin:/apex/com.android.art/bin:/apex/com.android.virt/bin:/system_ext/bin:/system/bin:/system/xbin:/odm/bin:/vendor/bin:/vendor/xbin
▷ MOD_ANDROID_RUNTIME = /data/user/0/com.movtery.zalithlauncher.v2/app_runtime_mod
▷ INST_NEOFORGE = 1
▷ LD_LIBRARY_PATH = /system/lib64:/vendor/lib64:/vendor/lib64/hw:/system_ext/lib64:/data/app/~~QKEs1JII7EGqWaUN30S5Ew==/com.fcl.plugin.mobileglues--v6YcgpMiEwZGl3weWR_XA==/lib/arm64:/data/user/0/com.movtery.zalithlauncher.v2/app_runtime_mod:/data/app/~~NloOHaa3DFO8fq8iFDsoFw==/com.movtery.zalithlauncher.v2-g-sVX1QKnEt3OLHrB8klcA==/lib/arm64
▷ POJAV_RENDERER = opengles3
▷ LIBGL_ES = 3
▷ POJAVEXEC_EGL = libmobileglues.so
▷ JAVA_HOME = /data/user/0/com.movtery.zalithlauncher.v2/files/games/runtimes/Internal-21
▷ AWTSTUB_HEIGHT = 1070
==================== DLOPEN Java Runtime ====================
[DEBUG] DLOPEN: /data/user/0/com.movtery.zalithlauncher.v2/files/games/runtimes/Internal-21/lib/libjli.so , success
[DEBUG] DLOPEN: /data/user/0/com.movtery.zalithlauncher.v2/files/games/runtimes/Internal-21/lib/server/libjvm.so , success
[DEBUG] DLOPEN: /data/user/0/com.movtery.zalithlauncher.v2/files/games/runtimes/Internal-21/lib/libfreetype.so , success
[DEBUG] DLOPEN: /data/user/0/com.movtery.zalithlauncher.v2/files/games/runtimes/Internal-21/lib/libverify.so , success
[DEBUG] DLOPEN: /data/user/0/com.movtery.zalithlauncher.v2/files/games/runtimes/Internal-21/lib/libjava.so , success
[DEBUG] DLOPEN: /data/user/0/com.movtery.zalithlauncher.v2/files/games/runtimes/Internal-21/lib/libnet.so , success
[DEBUG] DLOPEN: /data/user/0/com.movtery.zalithlauncher.v2/files/games/runtimes/Internal-21/lib/libnio.so , success
[DEBUG] DLOPEN: /data/user/0/com.movtery.zalithlauncher.v2/files/games/runtimes/Internal-21/lib/libawt.so , success
[DEBUG] DLOPEN: /data/user/0/com.movtery.zalithlauncher.v2/files/games/runtimes/Internal-21/lib/libawt_headless.so , success
[DEBUG] DLOPEN: /data/user/0/com.movtery.zalithlauncher.v2/files/games/runtimes/Internal-21/lib/libfontmanager.so , success
[DEBUG] DLOPEN: /data/user/0/com.movtery.zalithlauncher.v2/files/games/runtimes/Internal-21/lib/libsctp.so , success
[DEBUG] DLOPEN: /data/user/0/com.movtery.zalithlauncher.v2/files/games/runtimes/Internal-21/lib/libnet.so , success
[DEBUG] DLOPEN: /data/user/0/com.movtery.zalithlauncher.v2/files/games/runtimes/Internal-21/lib/libextnet.so , success
[DEBUG] DLOPEN: /data/user/0/com.movtery.zalithlauncher.v2/files/games/runtimes/Internal-21/lib/libfreetype.so , success
[DEBUG] DLOPEN: /data/user/0/com.movtery.zalithlauncher.v2/files/games/runtimes/Internal-21/lib/libverify.so , success
[DEBUG] DLOPEN: /data/user/0/com.movtery.zalithlauncher.v2/files/games/runtimes/Internal-21/lib/libsyslookup.so , success
[DEBUG] DLOPEN: /data/user/0/com.movtery.zalithlauncher.v2/files/games/runtimes/Internal-21/lib/libjli.so , success
[DEBUG] DLOPEN: /data/user/0/com.movtery.zalithlauncher.v2/files/games/runtimes/Internal-21/lib/libjdwp.so , success
[DEBUG] DLOPEN: /data/user/0/com.movtery.zalithlauncher.v2/files/games/runtimes/Internal-21/lib/libzip.so , success
[DEBUG] DLOPEN: /data/user/0/com.movtery.zalithlauncher.v2/files/games/runtimes/Internal-21/lib/libawt.so , success
[DEBUG] DLOPEN: /data/user/0/com.movtery.zalithlauncher.v2/files/games/runtimes/Internal-21/lib/libjaas.so , success
[DEBUG] DLOPEN: /data/user/0/com.movtery.zalithlauncher.v2/files/games/runtimes/Internal-21/lib/libmanagement_agent.so , success
[DEBUG] DLOPEN: /data/user/0/com.movtery.zalithlauncher.v2/files/games/runtimes/Internal-21/lib/libjimage.so , success
[DEBUG] DLOPEN: /data/user/0/com.movtery.zalithlauncher.v2/files/games/runtimes/Internal-21/lib/liblcms.so , success
[DEBUG] DLOPEN: /data/user/0/com.movtery.zalithlauncher.v2/files/games/runtimes/Internal-21/lib/libnio.so , success
[DEBUG] DLOPEN: /data/user/0/com.movtery.zalithlauncher.v2/files/games/runtimes/Internal-21/lib/libawt_headless.so , success
[DEBUG] DLOPEN: /data/user/0/com.movtery.zalithlauncher.v2/files/games/runtimes/Internal-21/lib/libmanagement_ext.so , success
[DEBUG] DLOPEN: /data/user/0/com.movtery.zalithlauncher.v2/files/games/runtimes/Internal-21/lib/librmi.so , success
[DEBUG] DLOPEN: /data/user/0/com.movtery.zalithlauncher.v2/files/games/runtimes/Internal-21/lib/libjawt.so , success
[DEBUG] DLOPEN: /data/user/0/com.movtery.zalithlauncher.v2/files/games/runtimes/Internal-21/lib/libmlib_image.so , success
[DEBUG] DLOPEN: /data/user/0/com.movtery.zalithlauncher.v2/files/games/runtimes/Internal-21/lib/libmanagement.so , success
[DEBUG] DLOPEN: /data/user/0/com.movtery.zalithlauncher.v2/files/games/runtimes/Internal-21/lib/libjavajpeg.so , success
[DEBUG] DLOPEN: /data/user/0/com.movtery.zalithlauncher.v2/files/games/runtimes/Internal-21/lib/libj2pkcs11.so , success
[DEBUG] DLOPEN: /data/user/0/com.movtery.zalithlauncher.v2/files/games/runtimes/Internal-21/lib/libfontmanager.so , success
[DEBUG] DLOPEN: /data/user/0/com.movtery.zalithlauncher.v2/files/games/runtimes/Internal-21/lib/libprefs.so , success
[DEBUG] DLOPEN: /data/user/0/com.movtery.zalithlauncher.v2/files/games/runtimes/Internal-21/lib/libdt_socket.so , success
[DEBUG] DLOPEN: /data/user/0/com.movtery.zalithlauncher.v2/files/games/runtimes/Internal-21/lib/libinstrument.so , success
[DEBUG] DLOPEN: /data/user/0/com.movtery.zalithlauncher.v2/files/games/runtimes/Internal-21/lib/libj2gss.so , success
==================== DLOPEN Renderer ====================
[DEBUG] DLOPEN: /data/user/0/com.movtery.zalithlauncher.v2/files/games/runtimes/Internal-21/lib/libjsig.so , success
[DEBUG] DLOPEN: /data/user/0/com.movtery.zalithlauncher.v2/files/games/runtimes/Internal-21/lib/libjava.so , success
[DEBUG] DLOPEN: /data/user/0/com.movtery.zalithlauncher.v2/files/games/runtimes/Internal-21/lib/server/libjvm.so , success
[DEBUG] DLOPEN: /data/user/0/com.movtery.zalithlauncher.v2/files/games/runtimes/Internal-21/lib/server/libjsig.so , success
[DEBUG] DLOPEN: /data/user/0/com.movtery.zalithlauncher.v2/files/games/runtimes/Internal-21/lib/libawt_xawt.so , success
[DEBUG] DLOPEN: /data/app/~~NloOHaa3DFO8fq8iFDsoFw==/com.movtery.zalithlauncher.v2-g-sVX1QKnEt3OLHrB8klcA==/lib/arm64/libopenal.so , success
Initializing MobileGlues ...
The Open Source License of MobileGlues: 
  GNU LGPL-2.1 License
MG_DIR_PATH = /sdcard/MG
[MobileGlues] Setting: enableAngle                 = false
[MobileGlues] Setting: ignoreError                 = 0
[MobileGlues] Setting: enableExtComputeShader      = false
[MobileGlues] Setting: enableExtTimerQuery         = true
[MobileGlues] Setting: enableExtDirectStateAccess  = false
[MobileGlues] Setting: maxGlslCacheSize            = 32
[MobileGlues] Setting: angleDepthClearFixMode      = 0
[MobileGlues] Setting: bufferCoherentAsFlush       = 1
[MobileGlues] Setting: customGLVersion             = 4.0.0
[MobileGlues] Setting: fsr1Setting                 = 0
[MobileGlues] Setting: hideMGEnvLevel              = 0
EGL initialized successfully
OpenGL ES Version: OpenGL ES 3.2 (320)
Not Detected GL_EXT_multi_draw_indirect!
[MobileGlues] Setting: multidrawMode               = Auto
multidrawMode = Auto
    -> Indirect (Auto detected)
[DEBUG] DLOPEN: /data/app/~~QKEs1JII7EGqWaUN30S5Ew==/com.fcl.plugin.mobileglues--v6YcgpMiEwZGl3weWR_XA==/lib/arm64/libmobileglues.so , success
==================== JVM Args ====================
▷ /data/user/0/com.movtery.zalithlauncher.v2/files/games/runtimes/Internal-21/bin/java
▷ -Djava.home=/data/user/0/com.movtery.zalithlauncher.v2/files/games/runtimes/Internal-21
▷ -Djava.io.tmpdir=/data/user/0/com.movtery.zalithlauncher.v2/cache
▷ -Djna.boot.library.path=/data/user/0/com.movtery.zalithlauncher.v2/files/games/jna_dir/jna/5.14.0
▷ -Duser.home=/storage/emulated/0/Android/data/com.movtery.zalithlauncher.v2/files/.minecraft
▷ -Duser.language=zh
▷ -Duser.country=CN
▷ -Duser.timezone=Asia/Shanghai
▷ -Dos.name=Linux
▷ -Dos.version=Android-16
▷ -Dpojav.path.minecraft=/storage/emulated/0/Android/data/com.movtery.zalithlauncher.v2/files/.minecraft
▷ -Dpojav.path.private.account=/data/user/0/com.movtery.zalithlauncher.v2/databases
▷ -Dorg.lwjgl.vulkan.libname=libvulkan.so
▷ -Dglfwstub.windowWidth=2380
▷ -Dglfwstub.windowHeight=1070
▷ -Dglfwstub.initEgl=false
▷ -Dext.net.resolvPath=/data/user/0/com.movtery.zalithlauncher.v2/files/games/resolv.conf
▷ -Dlog4j2.formatMsgNoLookups=true
▷ -Djava.rmi.server.useCodebaseOnly=true
▷ -Dcom.sun.jndi.rmi.object.trustURLCodebase=false
▷ -Dcom.sun.jndi.cosnaming.object.trustURLCodebase=false
▷ -Dnet.minecraft.clientmodname=Zalith Launcher
▷ -Dfml.earlyprogresswindow=false
▷ -Dfml.ignoreInvalidMinecraftCertificates=true
▷ -Dfml.ignorePatchDiscrepancies=true
▷ -Dloader.disable_forked_guis=true
▷ -Djdk.lang.Process.launchMechanism=FORK
▷ -Dsodium.checks.issue2561=false
▷ -javaagent:/data/user/0/com.movtery.zalithlauncher.v2/files/components/launcher/MioLibPatcher.jar
▷ -Xms4096M
▷ -Xmx4096M
▷ -Dorg.lwjgl.openal.libname=/data/app/~~NloOHaa3DFO8fq8iFDsoFw==/com.movtery.zalithlauncher.v2-g-sVX1QKnEt3OLHrB8klcA==/lib/arm64/libopenal.so
▷ -Dorg.lwjgl.freetype.libname=/data/app/~~NloOHaa3DFO8fq8iFDsoFw==/com.movtery.zalithlauncher.v2-g-sVX1QKnEt3OLHrB8klcA==/lib/arm64/libfreetype.so
▷ -Dorg.lwjgl.spvc.libname=spirv-cross-c-shared
▷ -Dorg.lwjgl.system.allocator=system
▷ -XX:ActiveProcessorCount=8
▷ -Dorg.lwjgl.opengl.libname=/data/app/~~QKEs1JII7EGqWaUN30S5Ew==/com.fcl.plugin.mobileglues--v6YcgpMiEwZGl3weWR_XA==/lib/arm64/libmobileglues.so
▷ -Djava.awt.headless=false
▷ -Dcacio.managed.screensize=2380x1070
▷ -Dcacio.font.fontmanager=sun.awt.X11FontManager
▷ -Dcacio.font.fontscaler=sun.font.FreetypeFontScaler
▷ -Dswing.defaultlaf=javax.swing.plaf.nimbus.NimbusLookAndFeel
▷ -Dawt.toolkit=com.github.caciocavallosilano.cacio.ctc.CTCToolkit
▷ -Djava.awt.graphicsenv=com.github.caciocavallosilano.cacio.ctc.CTCGraphicsEnvironment
▷ -javaagent:/data/user/0/com.movtery.zalithlauncher.v2/files/components/caciocavallo17/cacio-agent.jar
▷ --add-exports=java.desktop/java.awt=ALL-UNNAMED
▷ --add-exports=java.desktop/java.awt.peer=ALL-UNNAMED
▷ --add-exports=java.desktop/sun.awt.image=ALL-UNNAMED
▷ --add-exports=java.desktop/sun.java2d=ALL-UNNAMED
▷ --add-exports=java.desktop/java.awt.dnd.peer=ALL-UNNAMED
▷ --add-exports=java.desktop/sun.awt=ALL-UNNAMED
▷ --add-exports=java.desktop/sun.awt.event=ALL-UNNAMED
▷ --add-exports=java.desktop/sun.awt.datatransfer=ALL-UNNAMED
▷ --add-exports=java.desktop/sun.font=ALL-UNNAMED
▷ --add-exports=java.base/sun.security.action=ALL-UNNAMED
▷ --add-opens=java.base/java.util=ALL-UNNAMED
▷ --add-opens=java.desktop/java.awt=ALL-UNNAMED
▷ --add-opens=java.desktop/sun.font=ALL-UNNAMED
▷ --add-opens=java.desktop/sun.java2d=ALL-UNNAMED
▷ --add-opens=java.base/java.lang.reflect=ALL-UNNAMED
▷ --add-opens=java.base/java.net=ALL-UNNAMED
▷ -Xbootclasspath/a:/data/user/0/com.movtery.zalithlauncher.v2/files/components/caciocavallo17/cacio-agent.jar:/data/user/0/com.movtery.zalithlauncher.v2/files/components/caciocavallo17/cacio-shared-1.19.1-SNAPSHOT.jar:/data/user/0/com.movtery.zalithlauncher.v2/files/components/caciocavallo17/cacio-tta-1.19.1-SNAPSHOT.jar
▷ -Dlog4j.configurationFile=/storage/emulated/0/Android/data/com.movtery.zalithlauncher.v2/files/.minecraft/versions/1.21.1 NeoForge 21.1.248/log4j2.xml
▷ -Dminecraft.client.jar=/storage/emulated/0/Android/data/com.movtery.zalithlauncher.v2/files/.minecraft/versions/1.21.1 NeoForge 21.1.248/1.21.1 NeoForge 21.1.248.jar
▷ -Dminecraft.launcher.brand=Zalith Launcher
▷ -Dminecraft.launcher.version=2.4.10
▷ -Djava.library.path=/data/app/~~QKEs1JII7EGqWaUN30S5Ew==/com.fcl.plugin.mobileglues--v6YcgpMiEwZGl3weWR_XA==/lib/arm64:/data/user/0/com.movtery.zalithlauncher.v2/files/games/runtimes/Internal-21/lib/jli:/data/user/0/com.movtery.zalithlauncher.v2/files/games/runtimes/Internal-21/lib/server:/system/lib64:/vendor/lib64:/vendor/lib64/hw:/system_ext/lib64:/data/user/0/com.movtery.zalithlauncher.v2/files/games/jna_dir/jna:/data/user/0/com.movtery.zalithlauncher.v2/app_runtime_mod:/data/app/~~NloOHaa3DFO8fq8iFDsoFw==/com.movtery.zalithlauncher.v2-g-sVX1QKnEt3OLHrB8klcA==/lib/arm64:/data/user/0/com.movtery.zalithlauncher.v2/files/games/jna_dir/jna/5.14.0
▷ -Djna.tmpdir=/data/user/0/com.movtery.zalithlauncher.v2/cache
▷ -Dorg.lwjgl.system.SharedLibraryExtractPath=/data/user/0/com.movtery.zalithlauncher.v2/cache
▷ -Dio.netty.native.workdir=/data/user/0/com.movtery.zalithlauncher.v2/cache
▷ -Dminecraft.launcher.brand=Zalith Launcher
▷ -Dminecraft.launcher.version=2.4.10
▷ -cp
▷ /data/user/0/com.movtery.zalithlauncher.v2/files/components/lwjgl3/lwjgl-glfw-classes.jar:/storage/emulated/0/Android/data/com.movtery.zalithlauncher.v2/files/.minecraft/libraries/com/github/oshi/oshi-core/6.4.10/oshi-core-6.4.10.jar:/storage/emulated/0/Android/data/com.movtery.zalithlauncher.v2/files/.minecraft/libraries/com/google/code/gson/gson/2.10.1/gson-2.10.1.jar:/storage/emulated/0/Android/data/com.movtery.zalithlauncher.v2/files/.minecraft/libraries/com/google/guava/failureaccess/1.0.1/failureaccess-1.0.1.jar:/storage/emulated/0/Android/data/com.movtery.zalithlauncher.v2/files/.minecraft/libraries/com/google/guava/guava/32.1.2-jre/guava-32.1.2-jre.jar:/storage/emulated/0/Android/data/com.movtery.zalithlauncher.v2/files/.minecraft/libraries/com/ibm/icu/icu4j/73.2/icu4j-73.2.jar:/storage/emulated/0/Android/data/com.movtery.zalithlauncher.v2/files/.minecraft/libraries/com/mojang/authlib/6.0.54/authlib-6.0.54.jar:/storage/emulated/0/Android/data/com.movtery.zalithlauncher.v2/files/.minecraft/libraries/com/mojang/blocklist/1.0.10/blocklist-1.0.10.jar:/storage/emulated/0/Android/data/com.movtery.zalithlauncher.v2/files/.minecraft/libraries/com/mojang/brigadier/1.3.10/brigadier-1.3.10.jar:/storage/emulated/0/Android/data/com.movtery.zalithlauncher.v2/files/.minecraft/libraries/com/mojang/datafixerupper/8.0.16/datafixerupper-8.0.16.jar:/storage/emulated/0/Android/data/com.movtery.zalithlauncher.v2/files/.minecraft/libraries/com/mojang/logging/1.2.7/logging-1.2.7.jar:/storage/emulated/0/Android/data/com.movtery.zalithlauncher.v2/files/.minecraft/libraries/com/mojang/patchy/2.2.10/patchy-2.2.10.jar:/storage/emulated/0/Android/data/com.movtery.zalithlauncher.v2/files/.minecraft/libraries/com/mojang/text2speech/1.17.9/text2speech-1.17.9.jar:/storage/emulated/0/Android/data/com.movtery.zalithlauncher.v2/files/.minecraft/libraries/commons-codec/commons-codec/1.16.0/commons-codec-1.16.0.jar:/storage/emulated/0/Android/data/com.movtery.zalithlauncher.v2/files/.minecraft/libraries/commons-io/commons-io/2.15.1/commons-io-2.15.1.jar:/storage/emulated/0/Android/data/com.movtery.zalithlauncher.v2/files/.minecraft/libraries/commons-logging/commons-logging/1.2/commons-logging-1.2.jar:/storage/emulated/0/Android/data/com.movtery.zalithlauncher.v2/files/.minecraft/libraries/io/netty/netty-buffer/4.1.97.Final/netty-buffer-4.1.97.Final.jar:/storage/emulated/0/Android/data/com.movtery.zalithlauncher.v2/files/.minecraft/libraries/io/netty/netty-codec/4.1.97.Final/netty-codec-4.1.97.Final.jar:/storage/emulated/0/Android/data/com.movtery.zalithlauncher.v2/files/.minecraft/libraries/io/netty/netty-common/4.1.97.Final/netty-common-4.1.97.Final.jar:/storage/emulated/0/Android/data/com.movtery.zalithlauncher.v2/files/.minecraft/libraries/io/netty/netty-handler/4.1.97.Final/netty-handler-4.1.97.Final.jar:/storage/emulated/0/Android/data/com.movtery.zalithlauncher.v2/files/.minecraft/libraries/io/netty/netty-resolver/4.1.97.Final/netty-resolver-4.1.97.Final.jar:/storage/emulated/0/Android/data/com.movtery.zalithlauncher.v2/files/.minecraft/libraries/io/netty/netty-transport-classes-epoll/4.1.97.Final/netty-transport-classes-epoll-4.1.97.Final.jar:/storage/emulated/0/Android/data/com.movtery.zalithlauncher.v2/files/.minecraft/libraries/io/netty/netty-transport-native-epoll/4.1.97.Final/netty-transport-native-epoll-4.1.97.Final-linux-aarch_64.jar:/storage/emulated/0/Android/data/com.movtery.zalithlauncher.v2/files/.minecraft/libraries/io/netty/netty-transport-native-epoll/4.1.97.Final/netty-transport-native-epoll-4.1.97.Final-linux-x86_64.jar:/storage/emulated/0/Android/data/com.movtery.zalithlauncher.v2/files/.minecraft/libraries/io/netty/netty-transport-native-unix-common/4.1.97.Final/netty-transport-native-unix-common-4.1.97.Final.jar:/storage/emulated/0/Android/data/com.movtery.zalithlauncher.v2/files/.minecraft/libraries/io/netty/netty-transport/4.1.97.Final/netty-transport-4.1.97.Final.jar:/storage/emulated/0/Android/data/com.movtery.zalithlauncher.v2/files/.minecraft/libraries/it/unimi/dsi/fastutil/8.5.12/fastutil-8.5.12.jar:/storage/emulated/0/Android/data/com.movtery.zalithlauncher.v2/files/.minecraft/libraries/net/java/dev/jna/jna-platform/5.14.0/jna-platform-5.14.0.jar:/storage/emulated/0/Android/data/com.movtery.zalithlauncher.v2/files/.minecraft/libraries/net/java/dev/jna/jna/5.14.0/jna-5.14.0.jar:/storage/emulated/0/Android/data/com.movtery.zalithlauncher.v2/files/.minecraft/libraries/net/sf/jopt-simple/jopt-simple/5.0.4/jopt-simple-5.0.4.jar:/storage/emulated/0/Android/data/com.movtery.zalithlauncher.v2/files/.minecraft/libraries/org/apache/commons/commons-compress/1.26.0/commons-compress-1.26.0.jar:/storage/emulated/0/Android/data/com.movtery.zalithlauncher.v2/files/.minecraft/libraries/org/apache/commons/commons-lang3/3.14.0/commons-lang3-3.14.0.jar:/storage/emulated/0/Android/data/com.movtery.zalithlauncher.v2/files/.minecraft/libraries/org/apache/httpcomponents/httpclient/4.5.13/httpclient-4.5.13.jar:/storage/emulated/0/Android/data/com.movtery.zalithlauncher.v2/files/.minecraft/libraries/org/apache/httpcomponents/httpcore/4.4.16/httpcore-4.4.16.jar:/storage/emulated/0/Android/data/com.movtery.zalithlauncher.v2/files/.minecraft/libraries/org/apache/logging/log4j/log4j-api/2.22.1/log4j-api-2.22.1.jar:/storage/emulated/0/Android/data/com.movtery.zalithlauncher.v2/files/.minecraft/libraries/org/apache/logging/log4j/log4j-core/2.22.1/log4j-core-2.22.1.jar:/storage/emulated/0/Android/data/com.movtery.zalithlauncher.v2/files/.minecraft/libraries/org/apache/logging/log4j/log4j-slf4j2-impl/2.22.1/log4j-slf4j2-impl-2.22.1.jar:/storage/emulated/0/Android/data/com.movtery.zalithlauncher.v2/files/.minecraft/libraries/org/jcraft/jorbis/0.0.17/jorbis-0.0.17.jar:/storage/emulated/0/Android/data/com.movtery.zalithlauncher.v2/files/.minecraft/libraries/org/joml/joml/1.10.5/joml-1.10.5.jar:/storage/emulated/0/Android/data/com.movtery.zalithlauncher.v2/files/.minecraft/libraries/org/lz4/lz4-java/1.8.0/lz4-java-1.8.0.jar:/storage/emulated/0/Android/data/com.movtery.zalithlauncher.v2/files/.minecraft/libraries/org/slf4j/slf4j-api/2.0.9/slf4j-api-2.0.9.jar:/storage/emulated/0/Android/data/com.movtery.zalithlauncher.v2/files/.minecraft/libraries/net/neoforged/fancymodloader/earlydisplay/4.0.43/earlydisplay-4.0.43.jar:/storage/emulated/0/Android/data/com.movtery.zalithlauncher.v2/files/.minecraft/libraries/net/neoforged/fancymodloader/loader/4.0.43/loader-4.0.43.jar:/storage/emulated/0/Android/data/com.movtery.zalithlauncher.v2/files/.minecraft/libraries/net/neoforged/accesstransformers/at-modlauncher/10.0.1/at-modlauncher-10.0.1.jar:/storage/emulated/0/Android/data/com.movtery.zalithlauncher.v2/files/.minecraft/libraries/net/neoforged/accesstransformers/10.0.1/accesstransformers-10.0.1.jar:/storage/emulated/0/Android/data/com.movtery.zalithlauncher.v2/files/.minecraft/libraries/net/neoforged/bus/8.0.5/bus-8.0.5.jar:/storage/emulated/0/Android/data/com.movtery.zalithlauncher.v2/files/.minecraft/libraries/net/neoforged/coremods/7.0.3/coremods-7.0.3.jar:/storage/emulated/0/Android/data/com.movtery.zalithlauncher.v2/files/.minecraft/libraries/cpw/mods/modlauncher/11.0.5/modlauncher-11.0.5.jar:/storage/emulated/0/Android/data/com.movtery.zalithlauncher.v2/files/.minecraft/libraries/net/neoforged/mergetool/2.0.0/mergetool-2.0.0-api.jar:/storage/emulated/0/Android/data/com.movtery.zalithlauncher.v2/files/.minecraft/libraries/com/electronwill/night-config/toml/3.8.3/toml-3.8.3.jar:/storage/emulated/0/Android/data/com.movtery.zalithlauncher.v2/files/.minecraft/libraries/com/electronwill/night-config/core/3.8.3/core-3.8.3.jar:/storage/emulated/0/Android/data/com.movtery.zalithlauncher.v2/files/.minecraft/libraries/net/neoforged/JarJarSelector/0.4.1/JarJarSelector-0.4.1.jar:/storage/emulated/0/Android/data/com.movtery.zalithlauncher.v2/files/.minecraft/libraries/net/neoforged/JarJarMetadata/0.4.1/JarJarMetadata-0.4.1.jar:/storage/emulated/0/Android/data/com.movtery.zalithlauncher.v2/files/.minecraft/libraries/org/apache/maven/maven-artifact/3.8.5/maven-artifact-3.8.5.jar:/storage/emulated/0/Android/data/com.movtery.zalithlauncher.v2/files/.minecraft/libraries/net/jodah/typetools/0.6.3/typetools-0.6.3.jar:/storage/emulated/0/Android/data/com.movtery.zalithlauncher.v2/files/.minecraft/libraries/net/minecrell/terminalconsoleappender/1.3.0/terminalconsoleappender-1.3.0.jar:/storage/emulated/0/Android/data/com.movtery.zalithlauncher.v2/files/.minecraft/libraries/net/fabricmc/sponge-mixin/0.15.2+mixin.0.8.7/sponge-mixin-0.15.2+mixin.0.8.7.jar:/storage/emulated/0/Android/data/com.movtery.zalithlauncher.v2/files/.minecraft/libraries/org/openjdk/nashorn/nashorn-core/15.4/nashorn-core-15.4.jar:/storage/emulated/0/Android/data/com.movtery.zalithlauncher.v2/files/.minecraft/libraries/cpw/mods/bootstraplauncher/2.0.2/bootstraplauncher-2.0.2.jar:/storage/emulated/0/Android/data/com.movtery.zalithlauncher.v2/files/.minecraft/libraries/cpw/mods/securejarhandler/3.0.8/securejarhandler-3.0.8.jar:/storage/emulated/0/Android/data/com.movtery.zalithlauncher.v2/files/.minecraft/libraries/org/ow2/asm/asm-commons/9.10.1/asm-commons-9.10.1.jar:/storage/emulated/0/Android/data/com.movtery.zalithlauncher.v2/files/.minecraft/libraries/org/ow2/asm/asm-util/9.10.1/asm-util-9.10.1.jar:/storage/emulated/0/Android/data/com.movtery.zalithlauncher.v2/files/.minecraft/libraries/org/ow2/asm/asm-analysis/9.10.1/asm-analysis-9.10.1.jar:/storage/emulated/0/Android/data/com.movtery.zalithlauncher.v2/files/.minecraft/libraries/org/ow2/asm/asm-tree/9.10.1/asm-tree-9.10.1.jar:/storage/emulated/0/Android/data/com.movtery.zalithlauncher.v2/files/.minecraft/libraries/org/ow2/asm/asm/9.10.1/asm-9.10.1.jar:/storage/emulated/0/Android/data/com.movtery.zalithlauncher.v2/files/.minecraft/libraries/net/neoforged/JarJarFileSystems/0.4.1/JarJarFileSystems-0.4.1.jar:/storage/emulated/0/Android/data/com.movtery.zalithlauncher.v2/files/.minecraft/libraries/org/antlr/antlr4-runtime/4.13.1/antlr4-runtime-4.13.1.jar:/storage/emulated/0/Android/data/com.movtery.zalithlauncher.v2/files/.minecraft/libraries/org/jline/jline-reader/3.20.0/jline-reader-3.20.0.jar:/storage/emulated/0/Android/data/com.movtery.zalithlauncher.v2/files/.minecraft/libraries/org/jline/jline-terminal/3.20.0/jline-terminal-3.20.0.jar:/storage/emulated/0/Android/data/com.movtery.zalithlauncher.v2/files/.minecraft/libraries/net/minecraftforge/srgutils/0.4.15/srgutils-0.4.15.jar:/storage/emulated/0/Android/data/com.movtery.zalithlauncher.v2/files/.minecraft/libraries/com/google/guava/listenablefuture/9999.0-empty-to-avoid-conflict-with-guava/listenablefuture-9999.0-empty-to-avoid-conflict-with-guava.jar:/storage/emulated/0/Android/data/com.movtery.zalithlauncher.v2/files/.minecraft/libraries/com/google/code/findbugs/jsr305/3.0.2/jsr305-3.0.2.jar:/storage/emulated/0/Android/data/com.movtery.zalithlauncher.v2/files/.minecraft/libraries/org/checkerframework/checker-qual/3.33.0/checker-qual-3.33.0.jar:/storage/emulated/0/Android/data/com.movtery.zalithlauncher.v2/files/.minecraft/libraries/com/google/errorprone/error_prone_annotations/2.18.0/error_prone_annotations-2.18.0.jar:/storage/emulated/0/Android/data/com.movtery.zalithlauncher.v2/files/.minecraft/libraries/com/google/j2objc/j2objc-annotations/2.8/j2objc-annotations-2.8.jar:/storage/emulated/0/Android/data/com.movtery.zalithlauncher.v2/files/.minecraft/libraries/org/codehaus/plexus/plexus-utils/3.3.0/plexus-utils-3.3.0.jar:/storage/emulated/0/Android/data/com.movtery.zalithlauncher.v2/files/.minecraft/libraries/com/machinezoo/noexception/noexception/1.7.1/noexception-1.7.1.jar:/storage/emulated/0/Android/data/com.movtery.zalithlauncher.v2/files/.minecraft/versions/1.21.1 NeoForge 21.1.248/1.21.1 NeoForge 21.1.248.jar
▷ -Djava.net.preferIPv6Addresses=system
▷ -DignoreList=client-extra,1.21.1 NeoForge 21.1.248.jar,${primary_jar_name},1.21.1 NeoForge 21.1.248.jar
▷ -DlibraryDirectory=/storage/emulated/0/Android/data/com.movtery.zalithlauncher.v2/files/.minecraft/libraries
▷ -p
▷ /storage/emulated/0/Android/data/com.movtery.zalithlauncher.v2/files/.minecraft/libraries/cpw/mods/bootstraplauncher/2.0.2/bootstraplauncher-2.0.2.jar:/storage/emulated/0/Android/data/com.movtery.zalithlauncher.v2/files/.minecraft/libraries/cpw/mods/securejarhandler/3.0.8/securejarhandler-3.0.8.jar:/storage/emulated/0/Android/data/com.movtery.zalithlauncher.v2/files/.minecraft/libraries/org/ow2/asm/asm-commons/9.10.1/asm-commons-9.10.1.jar:/storage/emulated/0/Android/data/com.movtery.zalithlauncher.v2/files/.minecraft/libraries/org/ow2/asm/asm-util/9.10.1/asm-util-9.10.1.jar:/storage/emulated/0/Android/data/com.movtery.zalithlauncher.v2/files/.minecraft/libraries/org/ow2/asm/asm-analysis/9.10.1/asm-analysis-9.10.1.jar:/storage/emulated/0/Android/data/com.movtery.zalithlauncher.v2/files/.minecraft/libraries/org/ow2/asm/asm-tree/9.10.1/asm-tree-9.10.1.jar:/storage/emulated/0/Android/data/com.movtery.zalithlauncher.v2/files/.minecraft/libraries/org/ow2/asm/asm/9.10.1/asm-9.10.1.jar:/storage/emulated/0/Android/data/com.movtery.zalithlauncher.v2/files/.minecraft/libraries/net/neoforged/JarJarFileSystems/0.4.1/JarJarFileSystems-0.4.1.jar
▷ --add-modules
▷ ALL-MODULE-PATH
▷ --add-opens
▷ java.base/java.util.jar=cpw.mods.securejarhandler
▷ --add-opens
▷ java.base/java.lang.invoke=cpw.mods.securejarhandler
▷ --add-exports
▷ java.base/sun.security.util=cpw.mods.securejarhandler
▷ --add-exports
▷ jdk.naming.dns/com.sun.jndi.dns=java.naming
▷ --add-exports
▷ cpw.mods.bootstraplauncher/cpw.mods.bootstraplauncher=ALL-UNNAMED
▷ cpw.mods.bootstraplauncher.BootstrapLauncher
▷ --username
▷ Trail_Akivili
▷ --version
▷ 1.21.1 NeoForge 21.1.248
▷ --gameDir
▷ /storage/emulated/0/Android/data/com.movtery.zalithlauncher.v2/files/.minecraft/versions/1.21.1 NeoForge 21.1.248
▷ --assetsDir
▷ /storage/emulated/0/Android/data/com.movtery.zalithlauncher.v2/files/.minecraft/assets
▷ --assetIndex
▷ 17
▷ --uuid
▷ 050f97b8d0c942c5a3fc65e7017d8894
▷ --accessToken
▷ ********************
▷ --clientId
▷ ${clientid}
▷ --xuid
▷ 3849592967768822146
▷ --userType
▷ msa
▷ --versionType
▷ ZalithLauncher2.4.10
▷ --fml.neoForgeVersion
▷ 21.1.248
▷ --fml.fmlVersion
▷ 4.0.43
▷ --fml.mcVersion
▷ 1.21.1
▷ --fml.neoFormVersion
▷ 20240808.144430
▷ --launchTarget
▷ forgeclient
[DEBUG] Done processing args
[DEBUG] Found JLI lib
[DEBUG] Calling JLI_Launch
[MioLibPatcher/INFO]: MioPatcher is running!
ERROR StatusConsoleListener appender Console has no parameter that matches element Policies
[13:01:12] [main/INFO]: ModLauncher running: args [--username, Trail_Akivili, --version, 1.21.1 NeoForge 21.1.248, --gameDir, /storage/emulated/0/Android/data/com.movtery.zalithlauncher.v2/files/.minecraft/versions/1.21.1 NeoForge 21.1.248, --assetsDir, /storage/emulated/0/Android/data/com.movtery.zalithlauncher.v2/files/.minecraft/assets, --assetIndex, 17, --uuid, 050f97b8d0c942c5a3fc65e7017d8894, --accessToken, ❄❄❄❄❄❄❄❄, --clientId, ${clientid}, --xuid, 3849592967768822146, --userType, msa, --versionType, ZalithLauncher2.4.10, --fml.neoForgeVersion, 21.1.248, --fml.fmlVersion, 4.0.43, --fml.mcVersion, 1.21.1, --fml.neoFormVersion, 20240808.144430, --launchTarget, forgeclient]
[13:01:12] [main/INFO]: JVM identified as Oracle Corporation OpenJDK 64-Bit Server VM 21.0.1-internal-adhoc.runner.openjdk
[13:01:12] [main/INFO]: ModLauncher 11.0.5+main.901c6ea8 starting: java version 21.0.1-internal by N/A; OS Linux arch aarch64 version Android-16
[13:01:12] [main/INFO]: Searching for graphics cards...
[13:01:12] [main/WARN]: Could not find any graphics adapters! Probably the device is not on a bus we can probe, or there are no devices supporting 3D acceleration.
[13:01:12] [main/WARN]: Sodium has applied one or more workarounds to prevent crashes or other issues on your system: [NO_ERROR_CONTEXT_UNSUPPORTED]
[13:01:12] [main/WARN]: This is not necessarily an issue, but it may result in certain features or optimizations being disabled. You can sometimes fix these issues by upgrading your graphics driver.
[13:01:12] [main/INFO]: Loading ImmediateWindowProvider fmlearlywindow
[INFO] <Native> Saving JVM environ...
Registered forkAndExec
[MioLibPatcher/INFO]: Patch target class: org/lwjgl/system/Library
[13:01:12] [main/INFO]: Trying GL version 4.6
EGLBridge: Binding to OpenGL ES
[13:01:12] [main/INFO]: Requested GL version 4.6 got version 4.0
[INFO] <NativeInput> Input ready: 1
[13:01:13] [main/INFO]: SpongePowered MIXIN Subsystem Version=0.8.7 Source=union:/storage/emulated/0/Android/data/com.movtery.zalithlauncher.v2/files/.minecraft/libraries/net/fabricmc/sponge-mixin/0.15.2+mixin.0.8.7/sponge-mixin-0.15.2+mixin.0.8.7.jar%23133!/ Service=ModLauncher Env=CLIENT
[13:01:13] [pool-2-thread-1/INFO]: GL info: Adreno (TM) 720 | OpenGL ES 3.2 GL version 4.0.0 MobileGlues 1.3.5, Swung0x48, BZLZHH, Tungsten
[13:01:13] [main/INFO]: Found mod file "client-1.21.1-20240808.144430-srg.jar" [locator: production client provider +net.neoforged:neoforge:21.1.248:client]
[13:01:13] [main/INFO]: Found mod file "neoforge-21.1.248-universal.jar" [locator: PathBasedLocator[name=neoforge, paths=[/storage/emulated/0/Android/data/com.movtery.zalithlauncher.v2/files/.minecraft/libraries/net/neoforged/neoforge/21.1.248/neoforge-21.1.248-universal.jar]], reader: mod manifest]
[13:01:13] [main/INFO]: Found mod file "net.caffeinemc.sodium-neoforge-0.8.13-beta.2+mc1.21.1-mod.jar" [locator: net.caffeinemc.mods.sodium.service.SodiumServiceModLocator@3bcd426c, reader: mod manifest]
[13:01:13] [main/INFO]: Found mod file "fabric-rendering-data-attachment-v1-0.3.48+73761d2e19.jar" [locator: net.caffeinemc.mods.sodium.service.SodiumServiceModLocator@3bcd426c, reader: mod manifest]
[13:01:13] [main/INFO]: Found mod file "fabric-renderer-api-v1-3.4.1+9125b6dc19.jar" [locator: net.caffeinemc.mods.sodium.service.SodiumServiceModLocator@3bcd426c, reader: mod manifest]
[13:01:13] [main/INFO]: Found mod file "fabric-block-view-api-v2-1.0.10+9afaaf8c19.jar" [locator: net.caffeinemc.mods.sodium.service.SodiumServiceModLocator@3bcd426c, reader: mod manifest]
[13:01:13] [main/INFO]: Found mod file "fabric-api-base-0.4.42+d1308ded19.jar" [locator: net.caffeinemc.mods.sodium.service.SodiumServiceModLocator@3bcd426c, reader: mod manifest]
[13:01:13] [main/INFO]: Found mod file "entityculling-neoforge-1.10.5-mc1.21.1.jar" [locator: {mods folder locator at /storage/emulated/0/Android/data/com.movtery.zalithlauncher.v2/files/.minecraft/versions/1.21.1 NeoForge 21.1.248/mods}, reader: mod manifest]
[13:01:13] [main/INFO]: Found mod file "ImmediatelyFast-NeoForge-1.6.11+1.21.1.jar" [locator: {mods folder locator at /storage/emulated/0/Android/data/com.movtery.zalithlauncher.v2/files/.minecraft/versions/1.21.1 NeoForge 21.1.248/mods}, reader: mod manifest]
[13:01:14] [main/INFO]: Found 5 dependencies adding them to mods collection
[13:01:14] [main/INFO]: Found gamelibrary file "mixinextras-neoforge-0.5.3.jar" [parent: neoforge-21.1.248-universal.jar, locator: jarinjar, reader: mod manifest]
[13:01:14] [main/INFO]: Found library file "Reflect-1.6.2.jar" [parent: ImmediatelyFast-NeoForge-1.6.11+1.21.1.jar, locator: jarinjar]
[13:01:14] [main/INFO]: Found mod file "TRender-1.0.15-1.21.1-neoforge-SNAPSHOT.jar" [parent: entityculling-neoforge-1.10.5-mc1.21.1.jar, locator: jarinjar, reader: mod manifest]
[13:01:14] [main/INFO]: Found library file "net.neoforged.neoforge-coremods-21.1.248.jar" [parent: neoforge-21.1.248-universal.jar, locator: jarinjar, reader: mod manifest]
[13:01:14] [main/INFO]: Found mod file "TRansition-1.0.21-1.21.1-neoforge-SNAPSHOT.jar" [parent: entityculling-neoforge-1.10.5-mc1.21.1.jar, locator: jarinjar, reader: mod manifest]
[13:01:14] [main/INFO]: 
     Mod List:
		Name Version (Mod Id)

		EntityCulling 1.10.5 (entityculling)
		Forgified Fabric API Base 0.4.42+d1308ded19 (fabric_api_base)
		Forgified Fabric BlockView API (v2) 1.0.10+9afaaf8c19 (fabric_block_view_api_v2)
		Forgified Fabric Renderer API (v1) 3.4.1+9125b6dc19 (fabric_renderer_api_v1)
		Forgified Fabric Rendering Data Attachment (v1) 0.3.48+73761d2e19 (fabric_rendering_data_attachment_v1)
		ImmediatelyFast 1.6.11+1.21.1 (immediatelyfast)
		Minecraft 1.21.1 (minecraft)
		NeoForge 21.1.248 (neoforge)
		Sodium 0.8.13-beta.2+mc1.21.1 (sodium)
		TRansition 1.0.21 (transition)
		TRender 1.0.15 (trender)
[13:01:15] [main/INFO]: Compatibility level set to JAVA_17
[13:01:15] [main/INFO]: Compatibility level set to JAVA_21
[13:01:15] [main/INFO]: Launching target 'forgeclient' with arguments [--version, 1.21.1 NeoForge 21.1.248, --gameDir, /storage/emulated/0/Android/data/com.movtery.zalithlauncher.v2/files/.minecraft/versions/1.21.1 NeoForge 21.1.248, --assetsDir, /storage/emulated/0/Android/data/com.movtery.zalithlauncher.v2/files/.minecraft/assets, --uuid, 050f97b8d0c942c5a3fc65e7017d8894, --username, Trail_Akivili, --assetIndex, 17, --accessToken, ❄❄❄❄❄❄❄❄, --clientId, ${clientid}, --xuid, 3849592967768822146, --userType, msa, --versionType, ZalithLauncher2.4.10]
[13:01:15] [main/INFO]: Loaded configuration file for Sodium: 45 options available, 0 override(s) found
[13:01:15] [main/WARN]: Reference map 'entityculling.refmap.mixins.json' for entityculling.mixins.json could not be read. If this is a development environment you can ignore this message
[13:01:16] [main/INFO]: Initializing MixinExtras via com.llamalad7.mixinextras.service.MixinExtrasServiceImpl(version=0.5.3).
WARN StatusConsoleListener Error parsing URI /storage/emulated/0/Android/data/com.movtery.zalithlauncher.v2/files/.minecraft/versions/1.21.1 NeoForge 21.1.248/log4j2.xml
ERROR StatusConsoleListener appender Console has no parameter that matches element Policies
WARN StatusConsoleListener Advanced terminal features are not available in this environment
[MioLibPatcher/INFO]: Patch target class: oshi/hardware/CentralProcessor$ProcessorIdentifier
[13:01:20] [main/WARN] [os.so.os.li.LinuxOperatingSystem/]: Did not find udev library in operating system. Some features may not work.
[13:01:20] [main/WARN] [os.ut.FileUtil/]: File not found or not readable: /proc/stat
[13:01:21] [Datafixer Bootstrap/INFO] [mojang/DataFixerBuilder]: 229 Datafixer optimizations took 914 milliseconds
[MioLibPatcher/INFO]: Patch target class: io/netty/util/internal/PlatformDependent
[13:01:26] [pool-11-thread-1/INFO] [io.ne.ut.in.PlatformDependent/]: Your platform does not provide complete low-level API for accessing direct buffers reliably. Unless explicitly requested, heap buffer will always be preferred to avoid potential system instability.
[13:01:30] [Render thread/WARN] [minecraft/VanillaPackResourcesBuilder]: Assets URL 'union:/storage/emulated/0/Android/data/com.movtery.zalithlauncher.v2/files/.minecraft/libraries/net/minecraft/client/1.21.1-20240808.144430/client-1.21.1-20240808.144430-srg.jar%23150!/assets/.mcassetsroot' uses unexpected schema
[13:01:30] [Render thread/WARN] [minecraft/VanillaPackResourcesBuilder]: Assets URL 'union:/storage/emulated/0/Android/data/com.movtery.zalithlauncher.v2/files/.minecraft/libraries/net/minecraft/client/1.21.1-20240808.144430/client-1.21.1-20240808.144430-srg.jar%23150!/data/.mcassetsroot' uses unexpected schema
[13:01:30] [Render thread/INFO] [mojang/YggdrasilAuthenticationService]: Environment: Environment[sessionHost=https://sessionserver.mojang.com, servicesHost=https://api.minecraftservices.com, name=PROD]
[13:01:30] [Render thread/INFO] [minecraft/Minecraft]: Setting user: Trail_Akivili
[13:01:30] [Render thread/INFO] [minecraft/Minecraft]: Backend library: LWJGL version 3.3.6-snapshot
[13:01:31] [Render thread/INFO] [mojang/Window]: OpenGL Vendor: Swung0x48, BZLZHH, Tungsten
[13:01:31] [Render thread/INFO] [mojang/Window]: OpenGL Renderer: Adreno (TM) 720 | OpenGL ES 3.2
[13:01:31] [Render thread/INFO] [mojang/Window]: OpenGL Version: 4.0.0 MobileGlues 1.3.5
[MioLibPatcher/INFO]: Patch target class: net/caffeinemc/mods/sodium/client/compatibility/checks/PostLaunchChecks
[13:01:31] [Render thread/INFO] [ImmediatelyFast/]: Initializing ImmediatelyFast 1.6.11+1.21.1 on Adreno (TM) 720 | OpenGL ES 3.2 (Swung0x48, BZLZHH, Tungsten) with OpenGL 4.0.0 MobileGlues 1.3.5
[TRender] Initializing Client...
[13:01:32] [modloading-worker-0/INFO] [ne.ne.ne.co.NeoForgeMod/NEOFORGE-MOD]: NeoForge mod loading, version 21.1.248, for MC 1.21.1
[MioLibPatcher/INFO]: Patch target class: com/mojang/text2speech/Narrator
[13:01:34] [Render thread/INFO] [minecraft/ReloadableResourceManager]: Reloading ResourceManager: vanilla, mod_resources, mod/sodium, mod/fabric_rendering_data_attachment_v1, mod/entityculling, mod/trender, mod/fabric_api_base, mod/fabric_renderer_api_v1, mod/immediatelyfast, mod/neoforge, mod/transition, mod/fabric_block_view_api_v2
[13:01:34] [Worker-Main-4/INFO] [minecraft/UnihexProvider]: Found unifont_all_no_pua-15.1.05.hex, loading
[13:01:35] [Worker-Main-2/INFO] [minecraft/UnihexProvider]: Found unifont_jp_patch-15.1.05.hex, loading
[13:01:37] [Render thread/WARN] [minecraft/SoundEngine]: Missing sound for event: minecraft:item.goat_horn.play
[13:01:37] [Render thread/WARN] [minecraft/SoundEngine]: Missing sound for event: minecraft:entity.goat.screaming.horn_break
[13:01:37] [Render thread/INFO] [mojang/Library]: OpenAL initialized on device Oboe Default
[13:01:37] [Render thread/INFO] [minecraft/SoundEngine]: Sound engine started
[13:01:38] [Render thread/INFO] [minecraft/TextureAtlas]: Created: 1024x512x0 minecraft:textures/atlas/blocks.png-atlas
[13:01:38] [Render thread/INFO] [minecraft/TextureAtlas]: Created: 256x256x0 minecraft:textures/atlas/signs.png-atlas
[13:01:38] [Render thread/INFO] [minecraft/TextureAtlas]: Created: 512x512x0 minecraft:textures/atlas/shield_patterns.png-atlas
[13:01:38] [Render thread/INFO] [minecraft/TextureAtlas]: Created: 512x512x0 minecraft:textures/atlas/banner_patterns.png-atlas
[13:01:38] [Render thread/INFO] [minecraft/TextureAtlas]: Created: 1024x1024x0 minecraft:textures/atlas/armor_trims.png-atlas
[13:01:38] [Render thread/INFO] [minecraft/TextureAtlas]: Created: 128x64x0 minecraft:textures/atlas/decorated_pot.png-atlas
[13:01:38] [Render thread/INFO] [minecraft/TextureAtlas]: Created: 256x256x0 minecraft:textures/atlas/chest.png-atlas
[13:01:38] [Render thread/INFO] [minecraft/TextureAtlas]: Created: 512x256x0 minecraft:textures/atlas/beds.png-atlas
[13:01:38] [Render thread/INFO] [minecraft/TextureAtlas]: Created: 512x256x0 minecraft:textures/atlas/shulker_boxes.png-atlas
[13:01:38] [Render thread/INFO] [minecraft/TextureAtlas]: Created: 512x256x0 minecraft:textures/atlas/particles.png-atlas
[13:01:38] [Render thread/INFO] [minecraft/TextureAtlas]: Created: 512x256x0 minecraft:textures/atlas/paintings.png-atlas
[13:01:38] [Render thread/INFO] [minecraft/TextureAtlas]: Created: 256x128x0 minecraft:textures/atlas/mob_effects.png-atlas
[13:01:38] [Render thread/INFO] [minecraft/TextureAtlas]: Created: 64x64x0 minecraft:textures/atlas/map_decorations.png-atlas
[13:01:38] [Render thread/INFO] [minecraft/TextureAtlas]: Created: 1024x512x0 minecraft:textures/atlas/gui.png-atlas
[13:01:38] [Render thread/WARN] [minecraft/ShaderInstance]: Shader rendertype_entity_translucent_emissive could not find sampler named Sampler2 in the specified shader program.
[13:01:39] [Render thread/INFO] [ne.ne.ne.cl.en.an.js.AnimationLoader/]: Loaded 0 entity animations
[13:01:46] [Render thread/INFO] [minecraft/RecipeManager]: Loaded 1290 recipes
[13:01:47] [Render thread/INFO] [minecraft/AdvancementTree]: Loaded 1399 advancements
[13:02:00] [Render thread/INFO] [minecraft/RecipeManager]: Loaded 1290 recipes
[13:02:00] [Render thread/INFO] [minecraft/AdvancementTree]: Loaded 1399 advancements
[13:02:09] [Server thread/INFO] [minecraft/IntegratedServer]: Starting integrated minecraft server version 1.21.1
[13:02:09] [Server thread/INFO] [minecraft/MinecraftServer]: Generating keypair
[13:02:16] [Server thread/INFO] [minecraft/MinecraftServer]: Preparing start region for dimension minecraft:overworld
[13:02:16] [Render thread/INFO] [minecraft/LoggerChunkProgressListener]: 准备生成区域中：2%
[13:02:17] [Render thread/INFO] [minecraft/LoggerChunkProgressListener]: 准备生成区域中：2%
[13:02:17] [Render thread/INFO] [minecraft/LoggerChunkProgressListener]: 准备生成区域中：2%
[13:02:18] [Render thread/INFO] [minecraft/LoggerChunkProgressListener]: 准备生成区域中：2%
[13:02:19] [Render thread/INFO] [minecraft/LoggerChunkProgressListener]: 准备生成区域中：2%
[13:02:19] [Render thread/INFO] [minecraft/LoggerChunkProgressListener]: 准备生成区域中：2%
[13:02:19] [Render thread/INFO] [minecraft/LoggerChunkProgressListener]: 准备生成区域中：2%
[13:02:20] [Render thread/INFO] [minecraft/LoggerChunkProgressListener]: 准备生成区域中：18%
[13:02:20] [Render thread/INFO] [minecraft/LoggerChunkProgressListener]: 准备生成区域中：18%
[13:02:21] [Render thread/INFO] [minecraft/LoggerChunkProgressListener]: 准备生成区域中：18%
[13:02:21] [Render thread/INFO] [minecraft/LoggerChunkProgressListener]: 准备生成区域中：18%
[13:02:22] [Render thread/INFO] [minecraft/LoggerChunkProgressListener]: 准备生成区域中：51%
[13:02:22] [Render thread/INFO] [minecraft/LoggerChunkProgressListener]: 准备生成区域中：51%
[13:02:23] [Render thread/INFO] [minecraft/LoggerChunkProgressListener]: 准备生成区域中：51%
[13:02:23] [Render thread/INFO] [minecraft/LoggerChunkProgressListener]: Time elapsed: 6987 ms
[13:02:23] [Server thread/INFO] [ne.ne.ne.se.pe.PermissionAPI/]: Successfully initialized permission handler neoforge:default_handler
[13:02:23] [Server thread/INFO] [minecraft/IntegratedServer]: Changing view distance to 4, from 10
[13:02:23] [Server thread/INFO] [minecraft/IntegratedServer]: Changing simulation distance to 5, from 0
[13:02:23] [Render thread/WARN] [io.ne.ut.in.MacAddressUtil/]: Failed to find a usable hardware address from the network interfaces; using random bytes: a2:ac:67:b1:9d:9a:39:c5
[13:02:24] [Server thread/INFO] [minecraft/PlayerList]: Trail_Akivili[local:E:cfb643c4] logged in with entity id 1 at (-540.5, 66.0, -336.5)
[13:02:25] [Server thread/INFO] [minecraft/MinecraftServer]: Trail_Akivili加入了游戏
[13:02:25] [Render thread/INFO] [ChunkBuilder/]: Started 2 worker threads
[13:02:25] [Render thread/INFO] [minecraft/AdvancementTree]: Loaded 2 advancements
[13:02:30] [Server thread/INFO] [minecraft/IntegratedServer]: Saving and pausing game...
[13:02:30] [Server thread/INFO] [minecraft/MinecraftServer]: Saving chunks for level 'ServerLevel[新的世界]'/minecraft:overworld
[13:02:30] [Server thread/INFO] [minecraft/MinecraftServer]: Saving chunks for level 'ServerLevel[新的世界]'/minecraft:the_nether
[13:02:30] [Server thread/INFO] [minecraft/MinecraftServer]: Saving chunks for level 'ServerLevel[新的世界]'/minecraft:the_end
[13:02:37] [Server thread/WARN] [minecraft/MinecraftServer]: Can't keep up! Is the server overloaded? Running 2005ms or 40 ticks behind
[13:03:10] [Server thread/INFO] [minecraft/MinecraftServer]: [Trail_Akivili: 已将1个[命令方块]给予Trail_Akivili]
[13:03:10] [Render thread/INFO] [minecraft/ChatComponent]: [System] [CHAT] 已将1个[命令方块]给予Trail_Akivili
[13:03:15] [Server thread/INFO] [minecraft/IntegratedServer]: Saving and pausing game...
[13:03:15] [Server thread/INFO] [minecraft/MinecraftServer]: Saving chunks for level 'ServerLevel[新的世界]'/minecraft:overworld
[13:03:15] [Server thread/INFO] [minecraft/MinecraftServer]: Saving chunks for level 'ServerLevel[新的世界]'/minecraft:the_nether
[13:03:15] [Server thread/INFO] [minecraft/MinecraftServer]: Saving chunks for level 'ServerLevel[新的世界]'/minecraft:the_end
[13:03:33] [Render thread/INFO] [minecraft/ChatComponent]: [System] [CHAT] 成功设置命令：summon minecraft:warden
[13:03:39] [Server thread/INFO] [minecraft/IntegratedServer]: Saving and pausing game...
[13:03:39] [Server thread/INFO] [minecraft/MinecraftServer]: Saving chunks for level 'ServerLevel[新的世界]'/minecraft:overworld
[13:03:39] [Server thread/INFO] [minecraft/MinecraftServer]: Saving chunks for level 'ServerLevel[新的世界]'/minecraft:the_nether
[13:03:39] [Server thread/INFO] [minecraft/MinecraftServer]: Saving chunks for level 'ServerLevel[新的世界]'/minecraft:the_end
[13:03:45] [Server thread/INFO] [minecraft/IntegratedServer]: Saving and pausing game...
[13:03:45] [Server thread/INFO] [minecraft/MinecraftServer]: Saving chunks for level 'ServerLevel[新的世界]'/minecraft:overworld
[13:03:45] [Server thread/INFO] [minecraft/MinecraftServer]: Saving chunks for level 'ServerLevel[新的世界]'/minecraft:the_nether
[13:03:45] [Server thread/INFO] [minecraft/MinecraftServer]: Saving chunks for level 'ServerLevel[新的世界]'/minecraft:the_end
[13:04:05] [Server thread/INFO] [minecraft/IntegratedServer]: Saving and pausing game...
[13:04:05] [Server thread/INFO] [minecraft/MinecraftServer]: Saving chunks for level 'ServerLevel[新的世界]'/minecraft:overworld
[13:04:05] [Server thread/INFO] [minecraft/MinecraftServer]: Saving chunks for level 'ServerLevel[新的世界]'/minecraft:the_nether
[13:04:05] [Server thread/INFO] [minecraft/MinecraftServer]: Saving chunks for level 'ServerLevel[新的世界]'/minecraft:the_end
[13:04:10] [Render thread/INFO] [minecraft/ChatComponent]: [System] [CHAT] 成功设置命令：summon minecraft:warden
[13:04:10] [Server thread/INFO] [minecraft/IntegratedServer]: Saving and pausing game...
[13:04:10] [Server thread/INFO] [minecraft/MinecraftServer]: Saving chunks for level 'ServerLevel[新的世界]'/minecraft:overworld
[13:04:10] [Server thread/INFO] [minecraft/MinecraftServer]: Saving chunks for level 'ServerLevel[新的世界]'/minecraft:the_nether
[13:04:10] [Server thread/INFO] [minecraft/MinecraftServer]: Saving chunks for level 'ServerLevel[新的世界]'/minecraft:the_end
[13:04:52] [Render thread/INFO] [minecraft/ChatComponent]: [System] [CHAT] 成功设置命令：kill @e[type= minecraft:warden]
[13:05:01] [Render thread/WARN] [Sodium-VertexConsumerTracker/]: Class com.mojang.blaze3d.vertex.VertexMultiConsumer$Double does not support optimized vertex writing code paths, which may cause reduced rendering performance
[13:05:08] [Server thread/INFO] [minecraft/MinecraftServer]: [@: 召唤了新的监守者]
[13:05:08] [Server thread/INFO] [minecraft/MinecraftServer]: [@: 杀死了监守者]
[13:05:08] [Server thread/INFO] [minecraft/MinecraftServer]: [@: 召唤了新的监守者]
[13:05:08] [Server thread/INFO] [minecraft/MinecraftServer]: [@: 杀死了监守者]
[13:05:08] [Render thread/INFO] [minecraft/ChatComponent]: [System] [CHAT] [@: 召唤了新的监守者]
[13:05:08] [Render thread/INFO] [minecraft/ChatComponent]: [System] [CHAT] [@: 杀死了监守者]
[13:05:08] [Server thread/INFO] [minecraft/MinecraftServer]: [@: 召唤了新的监守者]
[13:05:08] [Server thread/INFO] [minecraft/MinecraftServer]: [@: 杀死了监守者]
[13:05:08] [Render thread/INFO] [minecraft/ChatComponent]: [System] [CHAT] [@: 召唤了新的监守者]
[13:05:08] [Render thread/INFO] [minecraft/ChatComponent]: [System] [CHAT] [@: 杀死了监守者]
[13:05:09] [Server thread/INFO] [minecraft/MinecraftServer]: [@: 召唤了新的监守者]
[13:05:09] [Server thread/INFO] [minecraft/MinecraftServer]: [@: 杀死了监守者]
[13:05:09] [Render thread/INFO] [minecraft/ChatComponent]: [System] [CHAT] [@: 召唤了新的监守者]
[13:05:09] [Render thread/INFO] [minecraft/ChatComponent]: [System] [CHAT] [@: 杀死了监守者]
[13:05:09] [Server thread/INFO] [minecraft/MinecraftServer]: [@: 召唤了新的监守者]
[13:05:09] [Server thread/INFO] [minecraft/MinecraftServer]: [@: 杀死了监守者]
[13:05:09] [Render thread/INFO] [minecraft/ChatComponent]: [System] [CHAT] [@: 召唤了新的监守者]
[13:05:09] [Render thread/INFO] [minecraft/ChatComponent]: [System] [CHAT] [@: 杀死了监守者]
[13:05:09] [Server thread/INFO] [minecraft/MinecraftServer]: [@: 召唤了新的监守者]
[13:05:09] [Server thread/INFO] [minecraft/MinecraftServer]: [@: 杀死了监守者]
[13:05:09] [Render thread/INFO] [minecraft/ChatComponent]: [System] [CHAT] [@: 召唤了新的监守者]
[13:05:09] [Server thread/INFO] [minecraft/MinecraftServer]: [@: 召唤了新的监守者]
[13:05:09] [Render thread/INFO] [minecraft/ChatComponent]: [System] [CHAT] [@: 杀死了监守者]
[13:05:09] [Server thread/INFO] [minecraft/MinecraftServer]: [@: 杀死了监守者]
[13:05:09] [Render thread/INFO] [minecraft/ChatComponent]: [System] [CHAT] [@: 召唤了新的监守者]
[13:05:09] [Render thread/INFO] [minecraft/ChatComponent]: [System] [CHAT] [@: 杀死了监守者]
[13:05:09] [Server thread/INFO] [minecraft/MinecraftServer]: [@: 召唤了新的监守者]
[13:05:09] [Server thread/INFO] [minecraft/MinecraftServer]: [@: 杀死了监守者]
[13:05:09] [Render thread/INFO] [minecraft/ChatComponent]: [System] [CHAT] [@: 召唤了新的监守者]
[13:05:09] [Render thread/INFO] [minecraft/ChatComponent]: [System] [CHAT] [@: 杀死了监守者]
[13:05:09] [Server thread/INFO] [minecraft/MinecraftServer]: [@: 召唤了新的监守者]
[13:05:09] [Render thread/INFO] [minecraft/ChatComponent]: [System] [CHAT] [@: 召唤了新的监守者]
[13:05:09] [Server thread/INFO] [minecraft/MinecraftServer]: [@: 杀死了监守者]
[13:05:09] [Render thread/INFO] [minecraft/ChatComponent]: [System] [CHAT] [@: 杀死了监守者]
[13:05:09] [Server thread/INFO] [minecraft/MinecraftServer]: [@: 召唤了新的监守者]
[13:05:09] [Server thread/INFO] [minecraft/MinecraftServer]: [@: 杀死了监守者]
[13:05:09] [Server thread/INFO] [minecraft/MinecraftServer]: [@: 召唤了新的监守者]
[13:05:09] [Server thread/INFO] [minecraft/MinecraftServer]: [@: 杀死了监守者]
[13:05:09] [Render thread/INFO] [minecraft/ChatComponent]: [System] [CHAT] [@: 召唤了新的监守者]
[13:05:09] [Render thread/INFO] [minecraft/ChatComponent]: [System] [CHAT] [@: 杀死了监守者]
[13:05:09] [Render thread/INFO] [minecraft/ChatComponent]: [System] [CHAT] [@: 召唤了新的监守者]
[13:05:09] [Render thread/INFO] [minecraft/ChatComponent]: [System] [CHAT] [@: 杀死了监守者]
[13:05:09] [Render thread/INFO] [minecraft/ChatComponent]: [System] [CHAT] [@: 召唤了新的监守者]
[13:05:09] [Render thread/INFO] [minecraft/ChatComponent]: [System] [CHAT] [@: 杀死了监守者]
[13:05:09] [Server thread/INFO] [minecraft/MinecraftServer]: [@: 召唤了新的监守者]
[13:05:09] [Server thread/INFO] [minecraft/MinecraftServer]: [@: 杀死了监守者]
[13:05:09] [Render thread/INFO] [minecraft/ChatComponent]: [System] [CHAT] [@: 召唤了新的监守者]
[13:05:09] [Render thread/INFO] [minecraft/ChatComponent]: [System] [CHAT] [@: 杀死了监守者]
[13:05:09] [Server thread/INFO] [minecraft/MinecraftServer]: [@: 召唤了新的监守者]
[13:05:09] [Server thread/INFO] [minecraft/MinecraftServer]: [@: 杀死了监守者]
[13:05:09] [Render thread/INFO] [minecraft/ChatComponent]: [System] [CHAT] [@: 召唤了新的监守者]
[13:05:09] [Render thread/INFO] [minecraft/ChatComponent]: [System] [CHAT] [@: 杀死了监守者]
[13:05:09] [Server thread/INFO] [minecraft/MinecraftServer]: [@: 召唤了新的监守者]
[13:05:09] [Server thread/INFO] [minecraft/MinecraftServer]: [@: 杀死了监守者]
[13:05:09] [Render thread/INFO] [minecraft/ChatComponent]: [System] [CHAT] [@: 召唤了新的监守者]
[13:05:09] [Render thread/INFO] [minecraft/ChatComponent]: [System] [CHAT] [@: 杀死了监守者]
[13:05:09] [Server thread/INFO] [minecraft/MinecraftServer]: [@: 召唤了新的监守者]
[13:05:09] [Server thread/INFO] [minecraft/MinecraftServer]: [@: 杀死了监守者]
[13:05:09] [Render thread/INFO] [minecraft/ChatComponent]: [System] [CHAT] [@: 召唤了新的监守者]
[13:05:09] [Render thread/INFO] [minecraft/ChatComponent]: [System] [CHAT] [@: 杀死了监守者]
[13:05:09] [Server thread/INFO] [minecraft/MinecraftServer]: [@: 召唤了新的监守者]
[13:05:09] [Server thread/INFO] [minecraft/MinecraftServer]: [@: 杀死了监守者]
[13:05:09] [Render thread/INFO] [minecraft/ChatComponent]: [System] [CHAT] [@: 召唤了新的监守者]
[13:05:09] [Render thread/INFO] [minecraft/ChatComponent]: [System] [CHAT] [@: 杀死了监守者]
[13:05:09] [Server thread/INFO] [minecraft/MinecraftServer]: [@: 召唤了新的监守者]
[13:05:09] [Server thread/INFO] [minecraft/MinecraftServer]: [@: 杀死了监守者]
[13:05:09] [Render thread/INFO] [minecraft/ChatComponent]: [System] [CHAT] [@: 召唤了新的监守者]
[13:05:09] [Render thread/INFO] [minecraft/ChatComponent]: [System] [CHAT] [@: 杀死了监守者]
[13:05:09] [Server thread/INFO] [minecraft/MinecraftServer]: [@: 召唤了新的监守者]
[13:05:09] [Server thread/INFO] [minecraft/MinecraftServer]: [@: 杀死了监守者]
[13:05:09] [Render thread/INFO] [minecraft/ChatComponent]: [System] [CHAT] [@: 召唤了新的监守者]
[13:05:09] [Render thread/INFO] [minecraft/ChatComponent]: [System] [CHAT] [@: 杀死了监守者]
[13:05:09] [Server thread/INFO] [minecraft/MinecraftServer]: [@: 召唤了新的监守者]
[13:05:09] [Server thread/INFO] [minecraft/MinecraftServer]: [@: 杀死了监守者]
[13:05:09] [Render thread/INFO] [minecraft/ChatComponent]: [System] [CHAT] [@: 召唤了新的监守者]
[13:05:09] [Render thread/INFO] [minecraft/ChatComponent]: [System] [CHAT] [@: 杀死了监守者]
[13:05:09] [Server thread/INFO] [minecraft/MinecraftServer]: [@: 召唤了新的监守者]
[13:05:09] [Server thread/INFO] [minecraft/MinecraftServer]: [@: 杀死了监守者]
[13:05:09] [Render thread/INFO] [minecraft/ChatComponent]: [System] [CHAT] [@: 召唤了新的监守者]
[13:05:09] [Render thread/INFO] [minecraft/ChatComponent]: [System] [CHAT] [@: 杀死了监守者]
[13:05:09] [Server thread/INFO] [minecraft/MinecraftServer]: [@: 召唤了新的监守者]
[13:05:09] [Server thread/INFO] [minecraft/MinecraftServer]: [@: 杀死了监守者]
[13:05:09] [Render thread/INFO] [minecraft/ChatComponent]: [System] [CHAT] [@: 召唤了新的监守者]
[13:05:09] [Render thread/INFO] [minecraft/ChatComponent]: [System] [CHAT] [@: 杀死了监守者]
[13:05:09] [Server thread/INFO] [minecraft/MinecraftServer]: [@: 召唤了新的监守者]
[13:05:09] [Server thread/INFO] [minecraft/MinecraftServer]: [@: 杀死了监守者]
[13:05:09] [Render thread/INFO] [minecraft/ChatComponent]: [System] [CHAT] [@: 召唤了新的监守者]
[13:05:09] [Render thread/INFO] [minecraft/ChatComponent]: [System] [CHAT] [@: 杀死了监守者]
[13:05:09] [Server thread/INFO] [minecraft/MinecraftServer]: [@: 召唤了新的监守者]
[13:05:09] [Server thread/INFO] [minecraft/MinecraftServer]: [@: 杀死了监守者]
[13:05:09] [Render thread/INFO] [minecraft/ChatComponent]: [System] [CHAT] [@: 召唤了新的监守者]
[13:05:09] [Render thread/INFO] [minecraft/ChatComponent]: [System] [CHAT] [@: 杀死了监守者]
[13:05:09] [Server thread/INFO] [minecraft/MinecraftServer]: [@: 召唤了新的监守者]
[13:05:09] [Server thread/INFO] [minecraft/MinecraftServer]: [@: 杀死了监守者]
[13:05:09] [Server thread/INFO] [minecraft/MinecraftServer]: [@: 召唤了新的监守者]
[13:05:09] [Render thread/INFO] [minecraft/ChatComponent]: [System] [CHAT] [@: 召唤了新的监守者]
[13:05:09] [Server thread/INFO] [minecraft/MinecraftServer]: [@: 杀死了监守者]
[13:05:09] [Render thread/INFO] [minecraft/ChatComponent]: [System] [CHAT] [@: 杀死了监守者]
[13:05:09] [Render thread/INFO] [minecraft/ChatComponent]: [System] [CHAT] [@: 召唤了新的监守者]
[13:05:09] [Render thread/INFO] [minecraft/ChatComponent]: [System] [CHAT] [@: 杀死了监守者]
[13:05:09] [Server thread/INFO] [minecraft/MinecraftServer]: [@: 召唤了新的监守者]
[13:05:09] [Server thread/INFO] [minecraft/MinecraftServer]: [@: 杀死了监守者]
[13:05:09] [Render thread/INFO] [minecraft/ChatComponent]: [System] [CHAT] [@: 召唤了新的监守者]
[13:05:09] [Render thread/INFO] [minecraft/ChatComponent]: [System] [CHAT] [@: 杀死了监守者]
[13:05:09] [Server thread/INFO] [minecraft/MinecraftServer]: [@: 召唤了新的监守者]
[13:05:09] [Server thread/INFO] [minecraft/MinecraftServer]: [@: 杀死了监守者]
[13:05:09] [Render thread/INFO] [minecraft/ChatComponent]: [System] [CHAT] [@: 召唤了新的监守者]
[13:05:09] [Render thread/INFO] [minecraft/ChatComponent]: [System] [CHAT] [@: 杀死了监守者]
[13:05:10] [Server thread/INFO] [minecraft/MinecraftServer]: [@: 召唤了新的监守者]
[13:05:10] [Server thread/INFO] [minecraft/MinecraftServer]: [@: 杀死了监守者]
[13:05:10] [Render thread/INFO] [minecraft/ChatComponent]: [System] [CHAT] [@: 召唤了新的监守者]
[13:05:10] [Render thread/INFO] [minecraft/ChatComponent]: [System] [CHAT] [@: 杀死了监守者]
[13:05:10] [Server thread/INFO] [minecraft/MinecraftServer]: [@: 召唤了新的监守者]
[13:05:10] [Server thread/INFO] [minecraft/MinecraftServer]: [@: 杀死了监守者]
[13:05:10] [Render thread/INFO] [minecraft/ChatComponent]: [System] [CHAT] [@: 召唤了新的监守者]
[13:05:10] [Render thread/INFO] [minecraft/ChatComponent]: [System] [CHAT] [@: 杀死了监守者]
[13:05:10] [Server thread/INFO] [minecraft/MinecraftServer]: [@: 召唤了新的监守者]
[13:05:10] [Server thread/INFO] [minecraft/MinecraftServer]: [@: 杀死了监守者]
[13:05:10] [Render thread/INFO] [minecraft/ChatComponent]: [System] [CHAT] [@: 召唤了新的监守者]
[13:05:10] [Render thread/INFO] [minecraft/ChatComponent]: [System] [CHAT] [@: 杀死了监守者]
[13:05:10] [Server thread/INFO] [minecraft/MinecraftServer]: [@: 召唤了新的监守者]
[13:05:10] [Server thread/INFO] [minecraft/MinecraftServer]: [@: 杀死了监守者]
[13:05:10] [Render thread/INFO] [minecraft/ChatComponent]: [System] [CHAT] [@: 召唤了新的监守者]
[13:05:10] [Render thread/INFO] [minecraft/ChatComponent]: [System] [CHAT] [@: 杀死了监守者]
[13:05:10] [Server thread/INFO] [minecraft/MinecraftServer]: [@: 召唤了新的监守者]
[13:05:10] [Server thread/INFO] [minecraft/MinecraftServer]: [@: 杀死了监守者]
[13:05:10] [Render thread/INFO] [minecraft/ChatComponent]: [System] [CHAT] [@: 召唤了新的监守者]
[13:05:10] [Render thread/INFO] [minecraft/ChatComponent]: [System] [CHAT] [@: 杀死了监守者]
[13:05:10] [Server thread/INFO] [minecraft/MinecraftServer]: [@: 召唤了新的监守者]
[13:05:10] [Server thread/INFO] [minecraft/MinecraftServer]: [@: 杀死了监守者]
[13:05:10] [Render thread/INFO] [minecraft/ChatComponent]: [System] [CHAT] [@: 召唤了新的监守者]
[13:05:10] [Render thread/INFO] [minecraft/ChatComponent]: [System] [CHAT] [@: 杀死了监守者]
[13:05:10] [Server thread/INFO] [minecraft/MinecraftServer]: [@: 召唤了新的监守者]
[13:05:10] [Server thread/INFO] [minecraft/MinecraftServer]: [@: 杀死了监守者]
[13:05:10] [Render thread/INFO] [minecraft/ChatComponent]: [System] [CHAT] [@: 召唤了新的监守者]
[13:05:10] [Render thread/INFO] [minecraft/ChatComponent]: [System] [CHAT] [@: 杀死了监守者]
[13:05:10] [Server thread/INFO] [minecraft/MinecraftServer]: [@: 召唤了新的监守者]
[13:05:10] [Server thread/INFO] [minecraft/MinecraftServer]: [@: 杀死了监守者]
[13:05:10] [Render thread/INFO] [minecraft/ChatComponent]: [System] [CHAT] [@: 召唤了新的监守者]
[13:05:10] [Render thread/INFO] [minecraft/ChatComponent]: [System] [CHAT] [@: 杀死了监守者]
[13:05:10] [Server thread/INFO] [minecraft/MinecraftServer]: [@: 召唤了新的监守者]
[13:05:10] [Server thread/INFO] [minecraft/MinecraftServer]: [@: 杀死了监守者]
[13:05:10] [Render thread/INFO] [minecraft/ChatComponent]: [System] [CHAT] [@: 召唤了新的监守者]
[13:05:10] [Render thread/INFO] [minecraft/ChatComponent]: [System] [CHAT] [@: 杀死了监守者]
[13:05:10] [Server thread/INFO] [minecraft/MinecraftServer]: [@: 召唤了新的监守者]
[13:05:10] [Server thread/INFO] [minecraft/MinecraftServer]: [@: 杀死了监守者]
[13:05:10] [Render thread/INFO] [minecraft/ChatComponent]: [System] [CHAT] [@: 召唤了新的监守者]
[13:05:10] [Render thread/INFO] [minecraft/ChatComponent]: [System] [CHAT] [@: 杀死了监守者]
[13:05:10] [Server thread/INFO] [minecraft/MinecraftServer]: [@: 召唤了新的监守者]
[13:05:10] [Server thread/INFO] [minecraft/MinecraftServer]: [@: 杀死了监守者]
[13:05:10] [Render thread/INFO] [minecraft/ChatComponent]: [System] [CHAT] [@: 召唤了新的监守者]
[13:05:10] [Render thread/INFO] [minecraft/ChatComponent]: [System] [CHAT] [@: 杀死了监守者]
[13:05:10] [Server thread/INFO] [minecraft/MinecraftServer]: [@: 召唤了新的监守者]
[13:05:10] [Server thread/INFO] [minecraft/MinecraftServer]: [@: 杀死了监守者]
[13:05:10] [Render thread/INFO] [minecraft/ChatComponent]: [System] [CHAT] [@: 召唤了新的监守者]
[13:05:10] [Render thread/INFO] [minecraft/ChatComponent]: [System] [CHAT] [@: 杀死了监守者]
[13:05:10] [Server thread/INFO] [minecraft/MinecraftServer]: [@: 召唤了新的监守者]
[13:05:10] [Server thread/INFO] [minecraft/MinecraftServer]: [@: 杀死了监守者]
[13:05:10] [Render thread/INFO] [minecraft/ChatComponent]: [System] [CHAT] [@: 召唤了新的监守者]
[13:05:10] [Render thread/INFO] [minecraft/ChatComponent]: [System] [CHAT] [@: 杀死了监守者]
[13:05:10] [Server thread/INFO] [minecraft/MinecraftServer]: [@: 召唤了新的监守者]
[13:05:10] [Server thread/INFO] [minecraft/MinecraftServer]: [@: 杀死了监守者]
[13:05:10] [Render thread/INFO] [minecraft/ChatComponent]: [System] [CHAT] [@: 召唤了新的监守者]
[13:05:10] [Render thread/INFO] [minecraft/ChatComponent]: [System] [CHAT] [@: 杀死了监守者]
[13:05:10] [Server thread/INFO] [minecraft/MinecraftServer]: [@: 召唤了新的监守者]
[13:05:10] [Server thread/INFO] [minecraft/MinecraftServer]: [@: 杀死了监守者]
[13:05:10] [Render thread/INFO] [minecraft/ChatComponent]: [System] [CHAT] [@: 召唤了新的监守者]
[13:05:10] [Render thread/INFO] [minecraft/ChatComponent]: [System] [CHAT] [@: 杀死了监守者]
[13:05:10] [Server thread/INFO] [minecraft/MinecraftServer]: [@: 召唤了新的监守者]
[13:05:10] [Server thread/INFO] [minecraft/MinecraftServer]: [@: 杀死了监守者]
[13:05:10] [Render thread/INFO] [minecraft/ChatComponent]: [System] [CHAT] [@: 召唤了新的监守者]
[13:05:10] [Render thread/INFO] [minecraft/ChatComponent]: [System] [CHAT] [@: 杀死了监守者]
[13:05:10] [Server thread/INFO] [minecraft/MinecraftServer]: [@: 召唤了新的监守者]
[13:05:10] [Server thread/INFO] [minecraft/MinecraftServer]: [@: 杀死了监守者]
[13:05:10] [Render thread/INFO] [minecraft/ChatComponent]: [System] [CHAT] [@: 召唤了新的监守者]
[13:05:10] [Render thread/INFO] [minecraft/ChatComponent]: [System] [CHAT] [@: 杀死了监守者]
[13:05:10] [Server thread/INFO] [minecraft/MinecraftServer]: [@: 召唤了新的监守者]
[13:05:10] [Server thread/INFO] [minecraft/MinecraftServer]: [@: 杀死了监守者]
[13:05:10] [Render thread/INFO] [minecraft/ChatComponent]: [System] [CHAT] [@: 召唤了新的监守者]
[13:05:10] [Render thread/INFO] [minecraft/ChatComponent]: [System] [CHAT] [@: 杀死了监守者]
[13:05:10] [Server thread/INFO] [minecraft/MinecraftServer]: [@: 召唤了新的监守者]
[13:05:10] [Server thread/INFO] [minecraft/MinecraftServer]: [@: 杀死了监守者]
[13:05:10] [Render thread/INFO] [minecraft/ChatComponent]: [System] [CHAT] [@: 召唤了新的监守者]
[13:05:10] [Render thread/INFO] [minecraft/ChatComponent]: [System] [CHAT] [@: 杀死了监守者]
[13:05:10] [Server thread/INFO] [minecraft/MinecraftServer]: [@: 召唤了新的监守者]
[13:05:10] [Server thread/INFO] [minecraft/MinecraftServer]: [@: 杀死了监守者]
[13:05:10] [Render thread/INFO] [minecraft/ChatComponent]: [System] [CHAT] [@: 召唤了新的监守者]
[13:05:10] [Render thread/INFO] [minecraft/ChatComponent]: [System] [CHAT] [@: 杀死了监守者]
[13:05:11] [Server thread/INFO] [minecraft/MinecraftServer]: [@: 召唤了新的监守者]
[13:05:11] [Server thread/INFO] [minecraft/MinecraftServer]: [@: 杀死了监守者]
[13:05:11] [Render thread/INFO] [minecraft/ChatComponent]: [System] [CHAT] [@: 召唤了新的监守者]
[13:05:11] [Render thread/INFO] [minecraft/ChatComponent]: [System] [CHAT] [@: 杀死了监守者]
[13:05:11] [Server thread/INFO] [minecraft/MinecraftServer]: [@: 召唤了新的监守者]
[13:05:11] [Server thread/INFO] [minecraft/MinecraftServer]: [@: 杀死了监守者]
[13:05:11] [Render thread/INFO] [minecraft/ChatComponent]: [System] [CHAT] [@: 召唤了新的监守者]
[13:05:11] [Render thread/INFO] [minecraft/ChatComponent]: [System] [CHAT] [@: 杀死了监守者]
[13:05:11] [Server thread/INFO] [minecraft/MinecraftServer]: [@: 召唤了新的监守者]
[13:05:11] [Server thread/INFO] [minecraft/MinecraftServer]: [@: 杀死了监守者]
[13:05:11] [Render thread/INFO] [minecraft/ChatComponent]: [System] [CHAT] [@: 召唤了新的监守者]
[13:05:11] [Render thread/INFO] [minecraft/ChatComponent]: [System] [CHAT] [@: 杀死了监守者]
[13:05:11] [Server thread/INFO] [minecraft/MinecraftServer]: [@: 召唤了新的监守者]
[13:05:11] [Server thread/INFO] [minecraft/MinecraftServer]: [@: 杀死了监守者]
[13:05:11] [Render thread/INFO] [minecraft/ChatComponent]: [System] [CHAT] [@: 召唤了新的监守者]
[13:05:11] [Render thread/INFO] [minecraft/ChatComponent]: [System] [CHAT] [@: 杀死了监守者]
[13:05:11] [Server thread/INFO] [minecraft/MinecraftServer]: [@: 召唤了新的监守者]
[13:05:11] [Server thread/INFO] [minecraft/MinecraftServer]: [@: 杀死了监守者]
[13:05:11] [Render thread/INFO] [minecraft/ChatComponent]: [System] [CHAT] [@: 召唤了新的监守者]
[13:05:11] [Render thread/INFO] [minecraft/ChatComponent]: [System] [CHAT] [@: 杀死了监守者]
[13:05:11] [Server thread/INFO] [minecraft/MinecraftServer]: [@: 召唤了新的监守者]
[13:05:11] [Server thread/INFO] [minecraft/MinecraftServer]: [@: 杀死了监守者]
[13:05:11] [Render thread/INFO] [minecraft/ChatComponent]: [System] [CHAT] [@: 召唤了新的监守者]
[13:05:11] [Render thread/INFO] [minecraft/ChatComponent]: [System] [CHAT] [@: 杀死了监守者]
[13:05:11] [Server thread/INFO] [minecraft/MinecraftServer]: [@: 召唤了新的监守者]
[13:05:11] [Server thread/INFO] [minecraft/MinecraftServer]: [@: 杀死了监守者]
[13:05:11] [Render thread/INFO] [minecraft/ChatComponent]: [System] [CHAT] [@: 召唤了新的监守者]
[13:05:11] [Render thread/INFO] [minecraft/ChatComponent]: [System] [CHAT] [@: 杀死了监守者]
[13:05:11] [Server thread/INFO] [minecraft/MinecraftServer]: [@: 召唤了新的监守者]
[13:05:11] [Server thread/INFO] [minecraft/MinecraftServer]: [@: 杀死了监守者]
[13:05:11] [Render thread/INFO] [minecraft/ChatComponent]: [System] [CHAT] [@: 召唤了新的监守者]
[13:05:11] [Render thread/INFO] [minecraft/ChatComponent]: [System] [CHAT] [@: 杀死了监守者]
[13:05:11] [Server thread/INFO] [minecraft/MinecraftServer]: [@: 召唤了新的监守者]
[13:05:11] [Server thread/INFO] [minecraft/MinecraftServer]: [@: 杀死了监守者]
[13:05:11] [Render thread/INFO] [minecraft/ChatComponent]: [System] [CHAT] [@: 召唤了新的监守者]
[13:05:11] [Render thread/INFO] [minecraft/ChatComponent]: [System] [CHAT] [@: 杀死了监守者]
[13:05:11] [Server thread/INFO] [minecraft/MinecraftServer]: [@: 召唤了新的监守者]
[13:05:11] [Server thread/INFO] [minecraft/MinecraftServer]: [@: 杀死了监守者]
[13:05:11] [Render thread/INFO] [minecraft/ChatComponent]: [System] [CHAT] [@: 召唤了新的监守者]
[13:05:11] [Render thread/INFO] [minecraft/ChatComponent]: [System] [CHAT] [@: 杀死了监守者]
[13:05:11] [Server thread/INFO] [minecraft/MinecraftServer]: [@: 召唤了新的监守者]
[13:05:11] [Server thread/INFO] [minecraft/MinecraftServer]: [@: 杀死了监守者]
[13:05:11] [Render thread/INFO] [minecraft/ChatComponent]: [System] [CHAT] [@: 召唤了新的监守者]
[13:05:11] [Render thread/INFO] [minecraft/ChatComponent]: [System] [CHAT] [@: 杀死了监守者]
[13:05:11] [Server thread/INFO] [minecraft/MinecraftServer]: [@: 召唤了新的监守者]
[13:05:11] [Server thread/INFO] [minecraft/MinecraftServer]: [@: 杀死了监守者]
[13:05:11] [Render thread/INFO] [minecraft/ChatComponent]: [System] [CHAT] [@: 召唤了新的监守者]
[13:05:11] [Render thread/INFO] [minecraft/ChatComponent]: [System] [CHAT] [@: 杀死了监守者]
[13:05:11] [Server thread/INFO] [minecraft/MinecraftServer]: [@: 召唤了新的监守者]
[13:05:11] [Server thread/INFO] [minecraft/MinecraftServer]: [@: 杀死了监守者]
[13:05:11] [Render thread/INFO] [minecraft/ChatComponent]: [System] [CHAT] [@: 召唤了新的监守者]
[13:05:11] [Render thread/INFO] [minecraft/ChatComponent]: [System] [CHAT] [@: 杀死了监守者]
[13:05:11] [Server thread/INFO] [minecraft/MinecraftServer]: [@: 召唤了新的监守者]
[13:05:11] [Server thread/INFO] [minecraft/MinecraftServer]: [@: 杀死了监守者]
[13:05:11] [Render thread/INFO] [minecraft/ChatComponent]: [System] [CHAT] [@: 召唤了新的监守者]
[13:05:11] [Render thread/INFO] [minecraft/ChatComponent]: [System] [CHAT] [@: 杀死了监守者]
[13:05:11] [Server thread/INFO] [minecraft/MinecraftServer]: [@: 召唤了新的监守者]
[13:05:11] [Server thread/INFO] [minecraft/MinecraftServer]: [@: 杀死了监守者]
[13:05:11] [Render thread/INFO] [minecraft/ChatComponent]: [System] [CHAT] [@: 召唤了新的监守者]
[13:05:11] [Render thread/INFO] [minecraft/ChatComponent]: [System] [CHAT] [@: 杀死了监守者]
[13:05:11] [Server thread/INFO] [minecraft/MinecraftServer]: [@: 召唤了新的监守者]
[13:05:11] [Server thread/INFO] [minecraft/MinecraftServer]: [@: 杀死了监守者]
[13:05:11] [Render thread/INFO] [minecraft/ChatComponent]: [System] [CHAT] [@: 召唤了新的监守者]
[13:05:11] [Render thread/INFO] [minecraft/ChatComponent]: [System] [CHAT] [@: 杀死了监守者]
[13:05:11] [Server thread/INFO] [minecraft/MinecraftServer]: [@: 召唤了新的监守者]
[13:05:11] [Server thread/INFO] [minecraft/MinecraftServer]: [@: 杀死了监守者]
[13:05:11] [Render thread/INFO] [minecraft/ChatComponent]: [System] [CHAT] [@: 召唤了新的监守者]
[13:05:11] [Render thread/INFO] [minecraft/ChatComponent]: [System] [CHAT] [@: 杀死了监守者]
[13:05:11] [Server thread/INFO] [minecraft/MinecraftServer]: [@: 召唤了新的监守者]
[13:05:11] [Server thread/INFO] [minecraft/MinecraftServer]: [@: 杀死了监守者]
[13:05:11] [Render thread/INFO] [minecraft/ChatComponent]: [System] [CHAT] [@: 召唤了新的监守者]
[13:05:11] [Render thread/INFO] [minecraft/ChatComponent]: [System] [CHAT] [@: 杀死了监守者]
[13:05:11] [Server thread/INFO] [minecraft/MinecraftServer]: [@: 召唤了新的监守者]
[13:05:11] [Server thread/INFO] [minecraft/MinecraftServer]: [@: 杀死了监守者]
[13:05:11] [Render thread/INFO] [minecraft/ChatComponent]: [System] [CHAT] [@: 召唤了新的监守者]
[13:05:11] [Render thread/INFO] [minecraft/ChatComponent]: [System] [CHAT] [@: 杀死了监守者]
[13:05:11] [Server thread/INFO] [minecraft/MinecraftServer]: [@: 召唤了新的监守者]
[13:05:11] [Server thread/INFO] [minecraft/MinecraftServer]: [@: 杀死了监守者]
[13:05:11] [Render thread/INFO] [minecraft/ChatComponent]: [System] [CHAT] [@: 召唤了新的监守者]
[13:05:11] [Render thread/INFO] [minecraft/ChatComponent]: [System] [CHAT] [@: 杀死了监守者]
[13:05:12] [Server thread/INFO] [minecraft/MinecraftServer]: [@: 召唤了新的监守者]
[13:05:12] [Server thread/INFO] [minecraft/MinecraftServer]: [@: 杀死了监守者]
[13:05:12] [Render thread/INFO] [minecraft/ChatComponent]: [System] [CHAT] [@: 召唤了新的监守者]
[13:05:12] [Render thread/INFO] [minecraft/ChatComponent]: [System] [CHAT] [@: 杀死了监守者]
[13:05:12] [Server thread/INFO] [minecraft/MinecraftServer]: [@: 召唤了新的监守者]
[13:05:12] [Server thread/INFO] [minecraft/MinecraftServer]: [@: 杀死了监守者]
[13:05:12] [Render thread/INFO] [minecraft/ChatComponent]: [System] [CHAT] [@: 召唤了新的监守者]
[13:05:12] [Render thread/INFO] [minecraft/ChatComponent]: [System] [CHAT] [@: 杀死了监守者]
[13:05:12] [Server thread/INFO] [minecraft/MinecraftServer]: [@: 召唤了新的监守者]
[13:05:12] [Server thread/INFO] [minecraft/MinecraftServer]: [@: 杀死了监守者]
[13:05:12] [Render thread/INFO] [minecraft/ChatComponent]: [System] [CHAT] [@: 召唤了新的监守者]
[13:05:12] [Render thread/INFO] [minecraft/ChatComponent]: [System] [CHAT] [@: 杀死了监守者]
[13:05:12] [Server thread/INFO] [minecraft/MinecraftServer]: [@: 召唤了新的监守者]
[13:05:12] [Server thread/INFO] [minecraft/MinecraftServer]: [@: 杀死了监守者]
[13:05:12] [Render thread/INFO] [minecraft/ChatComponent]: [System] [CHAT] [@: 召唤了新的监守者]
[13:05:12] [Render thread/INFO] [minecraft/ChatComponent]: [System] [CHAT] [@: 杀死了监守者]
[13:05:12] [Server thread/INFO] [minecraft/MinecraftServer]: [@: 召唤了新的监守者]
[13:05:12] [Server thread/INFO] [minecraft/MinecraftServer]: [@: 杀死了监守者]
[13:05:12] [Render thread/INFO] [minecraft/ChatComponent]: [System] [CHAT] [@: 召唤了新的监守者]
[13:05:12] [Render thread/INFO] [minecraft/ChatComponent]: [System] [CHAT] [@: 杀死了监守者]
[13:05:12] [Server thread/INFO] [minecraft/MinecraftServer]: [@: 召唤了新的监守者]
[13:05:12] [Server thread/INFO] [minecraft/MinecraftServer]: [@: 杀死了监守者]
[13:05:12] [Render thread/INFO] [minecraft/ChatComponent]: [System] [CHAT] [@: 召唤了新的监守者]
[13:05:12] [Render thread/INFO] [minecraft/ChatComponent]: [System] [CHAT] [@: 杀死了监守者]
[13:05:12] [Server thread/INFO] [minecraft/MinecraftServer]: [@: 召唤了新的监守者]
[13:05:12] [Server thread/INFO] [minecraft/MinecraftServer]: [@: 杀死了监守者]
[13:05:12] [Render thread/INFO] [minecraft/ChatComponent]: [System] [CHAT] [@: 召唤了新的监守者]
[13:05:12] [Render thread/INFO] [minecraft/ChatComponent]: [System] [CHAT] [@: 杀死了监守者]
[13:05:12] [Server thread/INFO] [minecraft/MinecraftServer]: [@: 召唤了新的监守者]
[13:05:12] [Server thread/INFO] [minecraft/MinecraftServer]: [@: 杀死了监守者]
[13:05:12] [Render thread/INFO] [minecraft/ChatComponent]: [System] [CHAT] [@: 召唤了新的监守者]
[13:05:12] [Render thread/INFO] [minecraft/ChatComponent]: [System] [CHAT] [@: 杀死了监守者]
[13:05:12] [Server thread/INFO] [minecraft/MinecraftServer]: [@: 召唤了新的监守者]
[13:05:12] [Server thread/INFO] [minecraft/MinecraftServer]: [@: 杀死了监守者]
[13:05:12] [Render thread/INFO] [minecraft/ChatComponent]: [System] [CHAT] [@: 召唤了新的监守者]
[13:05:12] [Render thread/INFO] [minecraft/ChatComponent]: [System] [CHAT] [@: 杀死了监守者]
[13:05:12] [Server thread/INFO] [minecraft/MinecraftServer]: [@: 召唤了新的监守者]
[13:05:12] [Server thread/INFO] [minecraft/MinecraftServer]: [@: 杀死了监守者]
[13:05:12] [Render thread/INFO] [minecraft/ChatComponent]: [System] [CHAT] [@: 召唤了新的监守者]
[13:05:12] [Render thread/INFO] [minecraft/ChatComponent]: [System] [CHAT] [@: 杀死了监守者]
[13:05:12] [Server thread/INFO] [minecraft/MinecraftServer]: [@: 召唤了新的监守者]
[13:05:12] [Server thread/INFO] [minecraft/MinecraftServer]: [@: 杀死了监守者]
[13:05:12] [Render thread/INFO] [minecraft/ChatComponent]: [System] [CHAT] [@: 召唤了新的监守者]
[13:05:12] [Render thread/INFO] [minecraft/ChatComponent]: [System] [CHAT] [@: 杀死了监守者]
[13:05:12] [Server thread/INFO] [minecraft/MinecraftServer]: [@: 召唤了新的监守者]
[13:05:12] [Server thread/INFO] [minecraft/MinecraftServer]: [@: 杀死了监守者]
[13:05:12] [Render thread/INFO] [minecraft/ChatComponent]: [System] [CHAT] [@: 召唤了新的监守者]
[13:05:12] [Render thread/INFO] [minecraft/ChatComponent]: [System] [CHAT] [@: 杀死了监守者]
[13:05:12] [Server thread/INFO] [minecraft/MinecraftServer]: [@: 召唤了新的监守者]
[13:05:12] [Server thread/INFO] [minecraft/MinecraftServer]: [@: 杀死了监守者]
[13:05:12] [Render thread/INFO] [minecraft/ChatComponent]: [System] [CHAT] [@: 召唤了新的监守者]
[13:05:12] [Render thread/INFO] [minecraft/ChatComponent]: [System] [CHAT] [@: 杀死了监守者]
[13:05:12] [Server thread/INFO] [minecraft/MinecraftServer]: [@: 召唤了新的监守者]
[13:05:12] [Server thread/INFO] [minecraft/MinecraftServer]: [@: 杀死了监守者]
[13:05:12] [Render thread/INFO] [minecraft/ChatComponent]: [System] [CHAT] [@: 召唤了新的监守者]
[13:05:12] [Render thread/INFO] [minecraft/ChatComponent]: [System] [CHAT] [@: 杀死了监守者]
[13:05:12] [Server thread/INFO] [minecraft/MinecraftServer]: [@: 召唤了新的监守者]
[13:05:12] [Server thread/INFO] [minecraft/MinecraftServer]: [@: 杀死了监守者]
[13:05:12] [Render thread/INFO] [minecraft/ChatComponent]: [System] [CHAT] [@: 召唤了新的监守者]
[13:05:12] [Render thread/INFO] [minecraft/ChatComponent]: [System] [CHAT] [@: 杀死了监守者]
[13:05:12] [Server thread/INFO] [minecraft/MinecraftServer]: [@: 召唤了新的监守者]
[13:05:12] [Server thread/INFO] [minecraft/MinecraftServer]: [@: 杀死了监守者]
[13:05:12] [Render thread/INFO] [minecraft/ChatComponent]: [System] [CHAT] [@: 召唤了新的监守者]
[13:05:12] [Render thread/INFO] [minecraft/ChatComponent]: [System] [CHAT] [@: 杀死了监守者]
[13:05:12] [Server thread/INFO] [minecraft/MinecraftServer]: [@: 召唤了新的监守者]
[13:05:12] [Server thread/INFO] [minecraft/MinecraftServer]: [@: 杀死了监守者]
[13:05:12] [Render thread/INFO] [minecraft/ChatComponent]: [System] [CHAT] [@: 召唤了新的监守者]
[13:05:12] [Render thread/INFO] [minecraft/ChatComponent]: [System] [CHAT] [@: 杀死了监守者]
[13:05:12] [Server thread/INFO] [minecraft/MinecraftServer]: [@: 召唤了新的监守者]
[13:05:12] [Server thread/INFO] [minecraft/MinecraftServer]: [@: 杀死了监守者]
[13:05:12] [Render thread/INFO] [minecraft/ChatComponent]: [System] [CHAT] [@: 召唤了新的监守者]
[13:05:12] [Render thread/INFO] [minecraft/ChatComponent]: [System] [CHAT] [@: 杀死了监守者]
[13:05:12] [Server thread/INFO] [minecraft/MinecraftServer]: [@: 召唤了新的监守者]
[13:05:12] [Server thread/INFO] [minecraft/MinecraftServer]: [@: 杀死了监守者]
[13:05:12] [Render thread/INFO] [minecraft/ChatComponent]: [System] [CHAT] [@: 召唤了新的监守者]
[13:05:12] [Render thread/INFO] [minecraft/ChatComponent]: [System] [CHAT] [@: 杀死了监守者]
[13:05:12] [Server thread/INFO] [minecraft/MinecraftServer]: [@: 召唤了新的监守者]
[13:05:12] [Server thread/INFO] [minecraft/MinecraftServer]: [@: 杀死了监守者]
[13:05:12] [Render thread/INFO] [minecraft/ChatComponent]: [System] [CHAT] [@: 召唤了新的监守者]
[13:05:12] [Render thread/INFO] [minecraft/ChatComponent]: [System] [CHAT] [@: 杀死了监守者]
[13:05:13] [Server thread/INFO] [minecraft/MinecraftServer]: [@: 召唤了新的监守者]
[13:05:13] [Server thread/INFO] [minecraft/MinecraftServer]: [@: 杀死了监守者]
[13:05:13] [Render thread/INFO] [minecraft/ChatComponent]: [System] [CHAT] [@: 召唤了新的监守者]
[13:05:13] [Render thread/INFO] [minecraft/ChatComponent]: [System] [CHAT] [@: 杀死了监守者]
[13:05:13] [Server thread/INFO] [minecraft/MinecraftServer]: [@: 召唤了新的监守者]
[13:05:13] [Server thread/INFO] [minecraft/MinecraftServer]: [@: 杀死了监守者]
[13:05:13] [Render thread/INFO] [minecraft/ChatComponent]: [System] [CHAT] [@: 召唤了新的监守者]
[13:05:13] [Render thread/INFO] [minecraft/ChatComponent]: [System] [CHAT] [@: 杀死了监守者]
[13:05:13] [Server thread/INFO] [minecraft/MinecraftServer]: [@: 召唤了新的监守者]
[13:05:13] [Server thread/INFO] [minecraft/MinecraftServer]: [@: 杀死了监守者]
[13:05:13] [Render thread/INFO] [minecraft/ChatComponent]: [System] [CHAT] [@: 召唤了新的监守者]
[13:05:13] [Render thread/INFO] [minecraft/ChatComponent]: [System] [CHAT] [@: 杀死了监守者]
[13:05:13] [Server thread/INFO] [minecraft/MinecraftServer]: [@: 召唤了新的监守者]
[13:05:13] [Server thread/INFO] [minecraft/MinecraftServer]: [@: 杀死了监守者]
[13:05:13] [Render thread/INFO] [minecraft/ChatComponent]: [System] [CHAT] [@: 召唤了新的监守者]
[13:05:13] [Render thread/INFO] [minecraft/ChatComponent]: [System] [CHAT] [@: 杀死了监守者]
[13:05:13] [Server thread/INFO] [minecraft/MinecraftServer]: [@: 召唤了新的监守者]
[13:05:13] [Server thread/INFO] [minecraft/MinecraftServer]: [@: 杀死了监守者]
[13:05:13] [Render thread/INFO] [minecraft/ChatComponent]: [System] [CHAT] [@: 召唤了新的监守者]
[13:05:13] [Render thread/INFO] [minecraft/ChatComponent]: [System] [CHAT] [@: 杀死了监守者]
[13:05:13] [Server thread/INFO] [minecraft/MinecraftServer]: [@: 召唤了新的监守者]
[13:05:13] [Server thread/INFO] [minecraft/MinecraftServer]: [@: 杀死了监守者]
[13:05:13] [Render thread/INFO] [minecraft/ChatComponent]: [System] [CHAT] [@: 召唤了新的监守者]
[13:05:13] [Render thread/INFO] [minecraft/ChatComponent]: [System] [CHAT] [@: 杀死了监守者]
[13:05:13] [Server thread/INFO] [minecraft/MinecraftServer]: [@: 召唤了新的监守者]
[13:05:13] [Server thread/INFO] [minecraft/MinecraftServer]: [@: 杀死了监守者]
[13:05:13] [Render thread/INFO] [minecraft/ChatComponent]: [System] [CHAT] [@: 召唤了新的监守者]
[13:05:13] [Render thread/INFO] [minecraft/ChatComponent]: [System] [CHAT] [@: 杀死了监守者]
[13:05:13] [Server thread/INFO] [minecraft/MinecraftServer]: [@: 召唤了新的监守者]
[13:05:13] [Server thread/INFO] [minecraft/MinecraftServer]: [@: 杀死了监守者]
[13:05:13] [Render thread/INFO] [minecraft/ChatComponent]: [System] [CHAT] [@: 召唤了新的监守者]
[13:05:13] [Render thread/INFO] [minecraft/ChatComponent]: [System] [CHAT] [@: 杀死了监守者]
[13:05:13] [Server thread/INFO] [minecraft/MinecraftServer]: [@: 召唤了新的监守者]
[13:05:13] [Server thread/INFO] [minecraft/MinecraftServer]: [@: 杀死了监守者]
[13:05:13] [Render thread/INFO] [minecraft/ChatComponent]: [System] [CHAT] [@: 召唤了新的监守者]
[13:05:13] [Render thread/INFO] [minecraft/ChatComponent]: [System] [CHAT] [@: 杀死了监守者]
[13:05:13] [Server thread/INFO] [minecraft/MinecraftServer]: [@: 召唤了新的监守者]
[13:05:13] [Server thread/INFO] [minecraft/MinecraftServer]: [@: 杀死了监守者]
[13:05:13] [Render thread/INFO] [minecraft/ChatComponent]: [System] [CHAT] [@: 召唤了新的监守者]
[13:05:13] [Render thread/INFO] [minecraft/ChatComponent]: [System] [CHAT] [@: 杀死了监守者]
[13:05:13] [Server thread/INFO] [minecraft/MinecraftServer]: [@: 召唤了新的监守者]
[13:05:13] [Server thread/INFO] [minecraft/MinecraftServer]: [@: 杀死了监守者]
[13:05:13] [Render thread/INFO] [minecraft/ChatComponent]: [System] [CHAT] [@: 召唤了新的监守者]
[13:05:13] [Render thread/INFO] [minecraft/ChatComponent]: [System] [CHAT] [@: 杀死了监守者]
[13:05:13] [Server thread/INFO] [minecraft/MinecraftServer]: [@: 召唤了新的监守者]
[13:05:13] [Server thread/INFO] [minecraft/MinecraftServer]: [@: 杀死了监守者]
[13:05:13] [Render thread/INFO] [minecraft/ChatComponent]: [System] [CHAT] [@: 召唤了新的监守者]
[13:05:13] [Render thread/INFO] [minecraft/ChatComponent]: [System] [CHAT] [@: 杀死了监守者]
[13:05:13] [Server thread/INFO] [minecraft/MinecraftServer]: [@: 召唤了新的监守者]
[13:05:13] [Server thread/INFO] [minecraft/MinecraftServer]: [@: 杀死了监守者]
[13:05:13] [Render thread/INFO] [minecraft/ChatComponent]: [System] [CHAT] [@: 召唤了新的监守者]
[13:05:13] [Render thread/INFO] [minecraft/ChatComponent]: [System] [CHAT] [@: 杀死了监守者]
[13:05:24] [Server thread/INFO] [minecraft/IntegratedServer]: Saving and pausing game...
[13:05:24] [Server thread/INFO] [minecraft/MinecraftServer]: Saving chunks for level 'ServerLevel[新的世界]'/minecraft:overworld
[13:05:24] [Server thread/INFO] [minecraft/MinecraftServer]: Saving chunks for level 'ServerLevel[新的世界]'/minecraft:the_nether
[13:05:24] [Server thread/INFO] [minecraft/MinecraftServer]: Saving chunks for level 'ServerLevel[新的世界]'/minecraft:the_end
[13:05:26] [Server thread/INFO] [minecraft/MinecraftServer]: [@: 召唤了新的监守者]
[13:05:26] [Server thread/INFO] [minecraft/MinecraftServer]: [@: 杀死了监守者]
[13:05:26] [Render thread/INFO] [minecraft/ChatComponent]: [System] [CHAT] [@: 召唤了新的监守者]
[13:05:26] [Render thread/INFO] [minecraft/ChatComponent]: [System] [CHAT] [@: 杀死了监守者]
[13:05:27] [Server thread/INFO] [minecraft/MinecraftServer]: [@: 召唤了新的监守者]
[13:05:27] [Server thread/INFO] [minecraft/MinecraftServer]: [@: 杀死了监守者]
[13:05:27] [Render thread/INFO] [minecraft/ChatComponent]: [System] [CHAT] [@: 召唤了新的监守者]
[13:05:27] [Render thread/INFO] [minecraft/ChatComponent]: [System] [CHAT] [@: 杀死了监守者]
[13:05:27] [Server thread/INFO] [minecraft/MinecraftServer]: [@: 召唤了新的监守者]
[13:05:27] [Server thread/INFO] [minecraft/MinecraftServer]: [@: 杀死了监守者]
[13:05:27] [Render thread/INFO] [minecraft/ChatComponent]: [System] [CHAT] [@: 召唤了新的监守者]
[13:05:27] [Render thread/INFO] [minecraft/ChatComponent]: [System] [CHAT] [@: 杀死了监守者]
[13:05:27] [Server thread/INFO] [minecraft/MinecraftServer]: [@: 召唤了新的监守者]
[13:05:27] [Server thread/INFO] [minecraft/MinecraftServer]: [@: 杀死了监守者]
[13:05:27] [Render thread/INFO] [minecraft/ChatComponent]: [System] [CHAT] [@: 召唤了新的监守者]
[13:05:27] [Render thread/INFO] [minecraft/ChatComponent]: [System] [CHAT] [@: 杀死了监守者]
[13:05:27] [Server thread/INFO] [minecraft/MinecraftServer]: [@: 召唤了新的监守者]
[13:05:27] [Server thread/INFO] [minecraft/MinecraftServer]: [@: 杀死了监守者]
[13:05:27] [Render thread/INFO] [minecraft/ChatComponent]: [System] [CHAT] [@: 召唤了新的监守者]
[13:05:27] [Render thread/INFO] [minecraft/ChatComponent]: [System] [CHAT] [@: 杀死了监守者]
[13:05:27] [Server thread/INFO] [minecraft/MinecraftServer]: [@: 召唤了新的监守者]
[13:05:27] [Server thread/INFO] [minecraft/MinecraftServer]: [@: 杀死了监守者]
[13:05:27] [Server thread/INFO] [minecraft/MinecraftServer]: [@: 召唤了新的监守者]
[13:05:27] [Server thread/INFO] [minecraft/MinecraftServer]: [@: 杀死了监守者]
[13:05:27] [Render thread/INFO] [minecraft/ChatComponent]: [System] [CHAT] [@: 召唤了新的监守者]
[13:05:27] [Render thread/INFO] [minecraft/ChatComponent]: [System] [CHAT] [@: 杀死了监守者]
[13:05:27] [Render thread/INFO] [minecraft/ChatComponent]: [System] [CHAT] [@: 召唤了新的监守者]
[13:05:27] [Render thread/INFO] [minecraft/ChatComponent]: [System] [CHAT] [@: 杀死了监守者]
[13:05:27] [Server thread/INFO] [minecraft/MinecraftServer]: [@: 召唤了新的监守者]
[13:05:27] [Server thread/INFO] [minecraft/MinecraftServer]: [@: 杀死了监守者]
[13:05:27] [Render thread/INFO] [minecraft/ChatComponent]: [System] [CHAT] [@: 召唤了新的监守者]
[13:05:27] [Render thread/INFO] [minecraft/ChatComponent]: [System] [CHAT] [@: 杀死了监守者]
[13:05:27] [Server thread/INFO] [minecraft/MinecraftServer]: [@: 召唤了新的监守者]
[13:05:27] [Server thread/INFO] [minecraft/MinecraftServer]: [@: 杀死了监守者]
[13:05:27] [Render thread/INFO] [minecraft/ChatComponent]: [System] [CHAT] [@: 召唤了新的监守者]
[13:05:27] [Render thread/INFO] [minecraft/ChatComponent]: [System] [CHAT] [@: 杀死了监守者]
[13:05:27] [Server thread/INFO] [minecraft/MinecraftServer]: [@: 召唤了新的监守者]
[13:05:27] [Server thread/INFO] [minecraft/MinecraftServer]: [@: 杀死了监守者]
[13:05:27] [Server thread/INFO] [minecraft/MinecraftServer]: [@: 召唤了新的监守者]
[13:05:27] [Render thread/INFO] [minecraft/ChatComponent]: [System] [CHAT] [@: 召唤了新的监守者]
[13:05:27] [Render thread/INFO] [minecraft/ChatComponent]: [System] [CHAT] [@: 杀死了监守者]
[13:05:27] [Server thread/INFO] [minecraft/MinecraftServer]: [@: 杀死了监守者]
[13:05:27] [Server thread/INFO] [minecraft/MinecraftServer]: [@: 召唤了新的监守者]
[13:05:27] [Render thread/INFO] [minecraft/ChatComponent]: [System] [CHAT] [@: 召唤了新的监守者]
[13:05:27] [Server thread/INFO] [minecraft/MinecraftServer]: [@: 杀死了监守者]
[13:05:27] [Render thread/INFO] [minecraft/ChatComponent]: [System] [CHAT] [@: 杀死了监守者]
[13:05:27] [Server thread/INFO] [minecraft/MinecraftServer]: [@: 召唤了新的监守者]
[13:05:27] [Render thread/INFO] [minecraft/ChatComponent]: [System] [CHAT] [@: 召唤了新的监守者]
[13:05:27] [Render thread/INFO] [minecraft/ChatComponent]: [System] [CHAT] [@: 杀死了监守者]
[13:05:27] [Server thread/INFO] [minecraft/MinecraftServer]: [@: 杀死了监守者]
[13:05:27] [Server thread/INFO] [minecraft/MinecraftServer]: [@: 召唤了新的监守者]
[13:05:27] [Render thread/INFO] [minecraft/ChatComponent]: [System] [CHAT] [@: 召唤了新的监守者]
[13:05:27] [Render thread/INFO] [minecraft/ChatComponent]: [System] [CHAT] [@: 杀死了监守者]
[13:05:27] [Server thread/INFO] [minecraft/MinecraftServer]: [@: 杀死了监守者]
[13:05:27] [Render thread/INFO] [minecraft/ChatComponent]: [System] [CHAT] [@: 召唤了新的监守者]
[13:05:27] [Render thread/INFO] [minecraft/ChatComponent]: [System] [CHAT] [@: 杀死了监守者]
[13:05:27] [Server thread/INFO] [minecraft/MinecraftServer]: [@: 召唤了新的监守者]
[13:05:27] [Server thread/INFO] [minecraft/MinecraftServer]: [@: 杀死了监守者]
[13:05:27] [Server thread/INFO] [minecraft/MinecraftServer]: [@: 召唤了新的监守者]
[13:05:27] [Server thread/INFO] [minecraft/MinecraftServer]: [@: 杀死了监守者]
[13:05:27] [Render thread/INFO] [minecraft/ChatComponent]: [System] [CHAT] [@: 召唤了新的监守者]
[13:05:27] [Render thread/INFO] [minecraft/ChatComponent]: [System] [CHAT] [@: 杀死了监守者]
[13:05:27] [Server thread/INFO] [minecraft/MinecraftServer]: [@: 召唤了新的监守者]
[13:05:27] [Render thread/INFO] [minecraft/ChatComponent]: [System] [CHAT] [@: 召唤了新的监守者]
[13:05:27] [Render thread/INFO] [minecraft/ChatComponent]: [System] [CHAT] [@: 杀死了监守者]
[13:05:27] [Server thread/INFO] [minecraft/MinecraftServer]: [@: 杀死了监守者]
[13:05:27] [Server thread/INFO] [minecraft/MinecraftServer]: [@: 召唤了新的监守者]
[13:05:27] [Server thread/INFO] [minecraft/MinecraftServer]: [@: 杀死了监守者]
[13:05:27] [Render thread/INFO] [minecraft/ChatComponent]: [System] [CHAT] [@: 召唤了新的监守者]
[13:05:27] [Render thread/INFO] [minecraft/ChatComponent]: [System] [CHAT] [@: 杀死了监守者]
[13:05:27] [Server thread/INFO] [minecraft/MinecraftServer]: [@: 召唤了新的监守者]
[13:05:27] [Render thread/INFO] [minecraft/ChatComponent]: [System] [CHAT] [@: 召唤了新的监守者]
[13:05:27] [Server thread/INFO] [minecraft/MinecraftServer]: [@: 杀死了监守者]
[13:05:27] [Render thread/INFO] [minecraft/ChatComponent]: [System] [CHAT] [@: 杀死了监守者]
[13:05:27] [Server thread/INFO] [minecraft/MinecraftServer]: [@: 召唤了新的监守者]
[13:05:27] [Render thread/INFO] [minecraft/ChatComponent]: [System] [CHAT] [@: 召唤了新的监守者]
[13:05:27] [Server thread/INFO] [minecraft/MinecraftServer]: [@: 杀死了监守者]
[13:05:27] [Render thread/INFO] [minecraft/ChatComponent]: [System] [CHAT] [@: 杀死了监守者]
[13:05:27] [Server thread/INFO] [minecraft/MinecraftServer]: [@: 召唤了新的监守者]
[13:05:27] [Render thread/INFO] [minecraft/ChatComponent]: [System] [CHAT] [@: 召唤了新的监守者]
[13:05:27] [Render thread/INFO] [minecraft/ChatComponent]: [System] [CHAT] [@: 杀死了监守者]
[13:05:27] [Server thread/INFO] [minecraft/MinecraftServer]: [@: 杀死了监守者]
[13:05:27] [Render thread/INFO] [minecraft/ChatComponent]: [System] [CHAT] [@: 召唤了新的监守者]
[13:05:27] [Render thread/INFO] [minecraft/ChatComponent]: [System] [CHAT] [@: 杀死了监守者]
[13:05:28] [Server thread/INFO] [minecraft/MinecraftServer]: [@: 召唤了新的监守者]
[13:05:28] [Server thread/INFO] [minecraft/MinecraftServer]: [@: 杀死了监守者]
[13:05:28] [Render thread/INFO] [minecraft/ChatComponent]: [System] [CHAT] [@: 召唤了新的监守者]
[13:05:28] [Render thread/INFO] [minecraft/ChatComponent]: [System] [CHAT] [@: 杀死了监守者]
[13:05:28] [Server thread/INFO] [minecraft/MinecraftServer]: [@: 召唤了新的监守者]
[13:05:28] [Server thread/INFO] [minecraft/MinecraftServer]: [@: 杀死了监守者]
[13:05:28] [Render thread/INFO] [minecraft/ChatComponent]: [System] [CHAT] [@: 召唤了新的监守者]
[13:05:28] [Render thread/INFO] [minecraft/ChatComponent]: [System] [CHAT] [@: 杀死了监守者]
[13:05:28] [Server thread/INFO] [minecraft/MinecraftServer]: [@: 召唤了新的监守者]
[13:05:28] [Server thread/INFO] [minecraft/MinecraftServer]: [@: 杀死了监守者]
[13:05:28] [Render thread/INFO] [minecraft/ChatComponent]: [System] [CHAT] [@: 召唤了新的监守者]
[13:05:28] [Render thread/INFO] [minecraft/ChatComponent]: [System] [CHAT] [@: 杀死了监守者]
[13:05:28] [Server thread/INFO] [minecraft/MinecraftServer]: [@: 召唤了新的监守者]
[13:05:28] [Server thread/INFO] [minecraft/MinecraftServer]: [@: 杀死了监守者]
[13:05:28] [Render thread/INFO] [minecraft/ChatComponent]: [System] [CHAT] [@: 召唤了新的监守者]
[13:05:28] [Render thread/INFO] [minecraft/ChatComponent]: [System] [CHAT] [@: 杀死了监守者]
[13:05:28] [Server thread/INFO] [minecraft/MinecraftServer]: [@: 召唤了新的监守者]
[13:05:28] [Server thread/INFO] [minecraft/MinecraftServer]: [@: 杀死了监守者]
[13:05:28] [Render thread/INFO] [minecraft/ChatComponent]: [System] [CHAT] [@: 召唤了新的监守者]
[13:05:28] [Render thread/INFO] [minecraft/ChatComponent]: [System] [CHAT] [@: 杀死了监守者]
[13:05:28] [Server thread/INFO] [minecraft/MinecraftServer]: [@: 召唤了新的监守者]
[13:05:28] [Server thread/INFO] [minecraft/MinecraftServer]: [@: 杀死了监守者]
[13:05:28] [Render thread/INFO] [minecraft/ChatComponent]: [System] [CHAT] [@: 召唤了新的监守者]
[13:05:28] [Render thread/INFO] [minecraft/ChatComponent]: [System] [CHAT] [@: 杀死了监守者]
[13:05:28] [Server thread/INFO] [minecraft/MinecraftServer]: [@: 召唤了新的监守者]
[13:05:28] [Server thread/INFO] [minecraft/MinecraftServer]: [@: 杀死了监守者]
[13:05:28] [Render thread/INFO] [minecraft/ChatComponent]: [System] [CHAT] [@: 召唤了新的监守者]
[13:05:28] [Render thread/INFO] [minecraft/ChatComponent]: [System] [CHAT] [@: 杀死了监守者]
[13:05:28] [Server thread/INFO] [minecraft/MinecraftServer]: [@: 召唤了新的监守者]
[13:05:28] [Server thread/INFO] [minecraft/MinecraftServer]: [@: 杀死了监守者]
[13:05:28] [Render thread/INFO] [minecraft/ChatComponent]: [System] [CHAT] [@: 召唤了新的监守者]
[13:05:28] [Render thread/INFO] [minecraft/ChatComponent]: [System] [CHAT] [@: 杀死了监守者]
[13:05:28] [Server thread/INFO] [minecraft/MinecraftServer]: [@: 召唤了新的监守者]
[13:05:28] [Server thread/INFO] [minecraft/MinecraftServer]: [@: 杀死了监守者]
[13:05:28] [Render thread/INFO] [minecraft/ChatComponent]: [System] [CHAT] [@: 召唤了新的监守者]
[13:05:28] [Render thread/INFO] [minecraft/ChatComponent]: [System] [CHAT] [@: 杀死了监守者]
[13:05:28] [Server thread/INFO] [minecraft/MinecraftServer]: [@: 召唤了新的监守者]
[13:05:28] [Server thread/INFO] [minecraft/MinecraftServer]: [@: 杀死了监守者]
[13:05:28] [Server thread/INFO] [minecraft/MinecraftServer]: [@: 召唤了新的监守者]
[13:05:28] [Server thread/INFO] [minecraft/MinecraftServer]: [@: 杀死了监守者]
[13:05:28] [Render thread/INFO] [minecraft/ChatComponent]: [System] [CHAT] [@: 召唤了新的监守者]
[13:05:28] [Render thread/INFO] [minecraft/ChatComponent]: [System] [CHAT] [@: 杀死了监守者]
[13:05:28] [Render thread/INFO] [minecraft/ChatComponent]: [System] [CHAT] [@: 召唤了新的监守者]
[13:05:28] [Render thread/INFO] [minecraft/ChatComponent]: [System] [CHAT] [@: 杀死了监守者]
[13:05:28] [Server thread/INFO] [minecraft/MinecraftServer]: [@: 召唤了新的监守者]
[13:05:28] [Server thread/INFO] [minecraft/MinecraftServer]: [@: 杀死了监守者]
[13:05:28] [Render thread/INFO] [minecraft/ChatComponent]: [System] [CHAT] [@: 召唤了新的监守者]
[13:05:28] [Render thread/INFO] [minecraft/ChatComponent]: [System] [CHAT] [@: 杀死了监守者]
[13:05:28] [Server thread/INFO] [minecraft/MinecraftServer]: [@: 召唤了新的监守者]
[13:05:28] [Server thread/INFO] [minecraft/MinecraftServer]: [@: 杀死了监守者]
[13:05:28] [Render thread/INFO] [minecraft/ChatComponent]: [System] [CHAT] [@: 召唤了新的监守者]
[13:05:28] [Render thread/INFO] [minecraft/ChatComponent]: [System] [CHAT] [@: 杀死了监守者]
[13:05:28] [Server thread/INFO] [minecraft/MinecraftServer]: [@: 召唤了新的监守者]
[13:05:28] [Server thread/INFO] [minecraft/MinecraftServer]: [@: 杀死了监守者]
[13:05:28] [Server thread/INFO] [minecraft/MinecraftServer]: [@: 召唤了新的监守者]
[13:05:28] [Server thread/INFO] [minecraft/MinecraftServer]: [@: 杀死了监守者]
[13:05:28] [Render thread/INFO] [minecraft/ChatComponent]: [System] [CHAT] [@: 召唤了新的监守者]
[13:05:28] [Render thread/INFO] [minecraft/ChatComponent]: [System] [CHAT] [@: 杀死了监守者]
[13:05:28] [Render thread/INFO] [minecraft/ChatComponent]: [System] [CHAT] [@: 召唤了新的监守者]
[13:05:28] [Server thread/INFO] [minecraft/MinecraftServer]: [@: 召唤了新的监守者]
[13:05:28] [Render thread/INFO] [minecraft/ChatComponent]: [System] [CHAT] [@: 杀死了监守者]
[13:05:28] [Server thread/INFO] [minecraft/MinecraftServer]: [@: 杀死了监守者]
[13:05:28] [Render thread/INFO] [minecraft/ChatComponent]: [System] [CHAT] [@: 召唤了新的监守者]
[13:05:28] [Render thread/INFO] [minecraft/ChatComponent]: [System] [CHAT] [@: 杀死了监守者]
[13:05:28] [Server thread/INFO] [minecraft/MinecraftServer]: [@: 召唤了新的监守者]
[13:05:28] [Server thread/INFO] [minecraft/MinecraftServer]: [@: 杀死了监守者]
[13:05:28] [Render thread/INFO] [minecraft/ChatComponent]: [System] [CHAT] [@: 召唤了新的监守者]
[13:05:28] [Render thread/INFO] [minecraft/ChatComponent]: [System] [CHAT] [@: 杀死了监守者]
[13:05:28] [Server thread/INFO] [minecraft/MinecraftServer]: [@: 召唤了新的监守者]
[13:05:28] [Server thread/INFO] [minecraft/MinecraftServer]: [@: 杀死了监守者]
[13:05:28] [Render thread/INFO] [minecraft/ChatComponent]: [System] [CHAT] [@: 召唤了新的监守者]
[13:05:28] [Server thread/INFO] [minecraft/MinecraftServer]: [@: 召唤了新的监守者]
[13:05:28] [Render thread/INFO] [minecraft/ChatComponent]: [System] [CHAT] [@: 杀死了监守者]
[13:05:28] [Server thread/INFO] [minecraft/MinecraftServer]: [@: 杀死了监守者]
[13:05:28] [Render thread/INFO] [minecraft/ChatComponent]: [System] [CHAT] [@: 召唤了新的监守者]
[13:05:28] [Server thread/INFO] [minecraft/MinecraftServer]: [@: 召唤了新的监守者]
[13:05:28] [Render thread/INFO] [minecraft/ChatComponent]: [System] [CHAT] [@: 杀死了监守者]
[13:05:28] [Server thread/INFO] [minecraft/MinecraftServer]: [@: 杀死了监守者]
[13:05:28] [Render thread/INFO] [minecraft/ChatComponent]: [System] [CHAT] [@: 召唤了新的监守者]
[13:05:28] [Render thread/INFO] [minecraft/ChatComponent]: [System] [CHAT] [@: 杀死了监守者]
[13:05:29] [Server thread/INFO] [minecraft/MinecraftServer]: [@: 召唤了新的监守者]
[13:05:29] [Server thread/INFO] [minecraft/MinecraftServer]: [@: 杀死了监守者]
[13:05:29] [Server thread/INFO] [minecraft/MinecraftServer]: [@: 召唤了新的监守者]
[13:05:29] [Server thread/INFO] [minecraft/MinecraftServer]: [@: 杀死了监守者]
[13:05:29] [Render thread/INFO] [minecraft/ChatComponent]: [System] [CHAT] [@: 召唤了新的监守者]
[13:05:29] [Render thread/INFO] [minecraft/ChatComponent]: [System] [CHAT] [@: 杀死了监守者]
[13:05:29] [Render thread/INFO] [minecraft/ChatComponent]: [System] [CHAT] [@: 召唤了新的监守者]
[13:05:29] [Render thread/INFO] [minecraft/ChatComponent]: [System] [CHAT] [@: 杀死了监守者]
[13:05:29] [Server thread/INFO] [minecraft/MinecraftServer]: [@: 召唤了新的监守者]
[13:05:29] [Server thread/INFO] [minecraft/MinecraftServer]: [@: 杀死了监守者]
[13:05:29] [Render thread/INFO] [minecraft/ChatComponent]: [System] [CHAT] [@: 召唤了新的监守者]
[13:05:29] [Server thread/INFO] [minecraft/MinecraftServer]: [@: 召唤了新的监守者]
[13:05:29] [Server thread/INFO] [minecraft/MinecraftServer]: [@: 杀死了监守者]
[13:05:29] [Render thread/INFO] [minecraft/ChatComponent]: [System] [CHAT] [@: 杀死了监守者]
[13:05:29] [Render thread/INFO] [minecraft/ChatComponent]: [System] [CHAT] [@: 召唤了新的监守者]
[13:05:29] [Render thread/INFO] [minecraft/ChatComponent]: [System] [CHAT] [@: 杀死了监守者]
[13:05:29] [Server thread/INFO] [minecraft/MinecraftServer]: [@: 召唤了新的监守者]
[13:05:29] [Server thread/INFO] [minecraft/MinecraftServer]: [@: 杀死了监守者]
[13:05:29] [Render thread/INFO] [minecraft/ChatComponent]: [System] [CHAT] [@: 召唤了新的监守者]
[13:05:29] [Server thread/INFO] [minecraft/MinecraftServer]: [@: 召唤了新的监守者]
[13:05:29] [Server thread/INFO] [minecraft/MinecraftServer]: [@: 杀死了监守者]
[13:05:29] [Render thread/INFO] [minecraft/ChatComponent]: [System] [CHAT] [@: 杀死了监守者]
[13:05:29] [Server thread/INFO] [minecraft/MinecraftServer]: [@: 召唤了新的监守者]
[13:05:29] [Server thread/INFO] [minecraft/MinecraftServer]: [@: 杀死了监守者]
[13:05:29] [Server thread/INFO] [minecraft/MinecraftServer]: [@: 召唤了新的监守者]
[13:05:29] [Render thread/INFO] [minecraft/ChatComponent]: [System] [CHAT] [@: 召唤了新的监守者]
[13:05:29] [Render thread/INFO] [minecraft/ChatComponent]: [System] [CHAT] [@: 杀死了监守者]
[13:05:29] [Server thread/INFO] [minecraft/MinecraftServer]: [@: 杀死了监守者]
[13:05:29] [Render thread/INFO] [minecraft/ChatComponent]: [System] [CHAT] [@: 召唤了新的监守者]
[13:05:29] [Render thread/INFO] [minecraft/ChatComponent]: [System] [CHAT] [@: 杀死了监守者]
[13:05:29] [Render thread/INFO] [minecraft/ChatComponent]: [System] [CHAT] [@: 召唤了新的监守者]
[13:05:29] [Render thread/INFO] [minecraft/ChatComponent]: [System] [CHAT] [@: 杀死了监守者]
[13:05:29] [Server thread/INFO] [minecraft/MinecraftServer]: [@: 召唤了新的监守者]
[13:05:29] [Server thread/INFO] [minecraft/MinecraftServer]: [@: 杀死了监守者]
[13:05:29] [Render thread/INFO] [minecraft/ChatComponent]: [System] [CHAT] [@: 召唤了新的监守者]
[13:05:29] [Render thread/INFO] [minecraft/ChatComponent]: [System] [CHAT] [@: 杀死了监守者]
[13:05:29] [Server thread/INFO] [minecraft/MinecraftServer]: [@: 召唤了新的监守者]
[13:05:29] [Server thread/INFO] [minecraft/MinecraftServer]: [@: 杀死了监守者]
[13:05:29] [Server thread/INFO] [minecraft/MinecraftServer]: [@: 召唤了新的监守者]
[13:05:29] [Server thread/INFO] [minecraft/MinecraftServer]: [@: 杀死了监守者]
[13:05:29] [Render thread/INFO] [minecraft/ChatComponent]: [System] [CHAT] [@: 召唤了新的监守者]
[13:05:29] [Render thread/INFO] [minecraft/ChatComponent]: [System] [CHAT] [@: 杀死了监守者]
[13:05:29] [Render thread/INFO] [minecraft/ChatComponent]: [System] [CHAT] [@: 召唤了新的监守者]
[13:05:29] [Render thread/INFO] [minecraft/ChatComponent]: [System] [CHAT] [@: 杀死了监守者]
[13:05:29] [Server thread/INFO] [minecraft/MinecraftServer]: [@: 召唤了新的监守者]
[13:05:29] [Server thread/INFO] [minecraft/MinecraftServer]: [@: 杀死了监守者]
[13:05:29] [Render thread/INFO] [minecraft/ChatComponent]: [System] [CHAT] [@: 召唤了新的监守者]
[13:05:29] [Render thread/INFO] [minecraft/ChatComponent]: [System] [CHAT] [@: 杀死了监守者]
[13:05:29] [Server thread/INFO] [minecraft/MinecraftServer]: [@: 召唤了新的监守者]
[13:05:29] [Server thread/INFO] [minecraft/MinecraftServer]: [@: 杀死了监守者]
[13:05:29] [Render thread/INFO] [minecraft/ChatComponent]: [System] [CHAT] [@: 召唤了新的监守者]
[13:05:29] [Server thread/INFO] [minecraft/MinecraftServer]: [@: 召唤了新的监守者]
[13:05:29] [Render thread/INFO] [minecraft/ChatComponent]: [System] [CHAT] [@: 杀死了监守者]
[13:05:29] [Server thread/INFO] [minecraft/MinecraftServer]: [@: 杀死了监守者]
[13:05:29] [Render thread/INFO] [minecraft/ChatComponent]: [System] [CHAT] [@: 召唤了新的监守者]
[13:05:29] [Render thread/INFO] [minecraft/ChatComponent]: [System] [CHAT] [@: 杀死了监守者]
[13:05:29] [Server thread/INFO] [minecraft/MinecraftServer]: [@: 召唤了新的监守者]
[13:05:29] [Server thread/INFO] [minecraft/MinecraftServer]: [@: 杀死了监守者]
[13:05:29] [Server thread/INFO] [minecraft/MinecraftServer]: [@: 召唤了新的监守者]
[13:05:29] [Render thread/INFO] [minecraft/ChatComponent]: [System] [CHAT] [@: 召唤了新的监守者]
[13:05:29] [Server thread/INFO] [minecraft/MinecraftServer]: [@: 杀死了监守者]
[13:05:29] [Render thread/INFO] [minecraft/ChatComponent]: [System] [CHAT] [@: 杀死了监守者]
[13:05:29] [Render thread/INFO] [minecraft/ChatComponent]: [System] [CHAT] [@: 召唤了新的监守者]
[13:05:29] [Render thread/INFO] [minecraft/ChatComponent]: [System] [CHAT] [@: 杀死了监守者]
[13:05:29] [Server thread/INFO] [minecraft/MinecraftServer]: [@: 召唤了新的监守者]
[13:05:29] [Server thread/INFO] [minecraft/MinecraftServer]: [@: 杀死了监守者]
[13:05:29] [Render thread/INFO] [minecraft/ChatComponent]: [System] [CHAT] [@: 召唤了新的监守者]
[13:05:29] [Render thread/INFO] [minecraft/ChatComponent]: [System] [CHAT] [@: 杀死了监守者]
[13:05:29] [Server thread/INFO] [minecraft/MinecraftServer]: [@: 召唤了新的监守者]
[13:05:29] [Server thread/INFO] [minecraft/MinecraftServer]: [@: 杀死了监守者]
[13:05:29] [Render thread/INFO] [minecraft/ChatComponent]: [System] [CHAT] [@: 召唤了新的监守者]
[13:05:29] [Server thread/INFO] [minecraft/MinecraftServer]: [@: 召唤了新的监守者]
[13:05:29] [Render thread/INFO] [minecraft/ChatComponent]: [System] [CHAT] [@: 杀死了监守者]
[13:05:29] [Server thread/INFO] [minecraft/MinecraftServer]: [@: 杀死了监守者]
[13:05:29] [Render thread/INFO] [minecraft/ChatComponent]: [System] [CHAT] [@: 召唤了新的监守者]
[13:05:29] [Render thread/INFO] [minecraft/ChatComponent]: [System] [CHAT] [@: 杀死了监守者]
[13:05:34] [Server thread/INFO] [minecraft/MinecraftServer]: [@: 召唤了新的监守者]
[13:05:34] [Server thread/INFO] [minecraft/MinecraftServer]: [@: 杀死了监守者]
[13:05:34] [Render thread/INFO] [minecraft/ChatComponent]: [System] [CHAT] [@: 召唤了新的监守者]
[13:05:34] [Render thread/INFO] [minecraft/ChatComponent]: [System] [CHAT] [@: 杀死了监守者]
[13:05:34] [Server thread/INFO] [minecraft/MinecraftServer]: [@: 召唤了新的监守者]
[13:05:34] [Server thread/INFO] [minecraft/MinecraftServer]: [@: 杀死了监守者]
[13:05:34] [Render thread/INFO] [minecraft/ChatComponent]: [System] [CHAT] [@: 召唤了新的监守者]
[13:05:34] [Render thread/INFO] [minecraft/ChatComponent]: [System] [CHAT] [@: 杀死了监守者]
[13:05:34] [Server thread/INFO] [minecraft/MinecraftServer]: [@: 召唤了新的监守者]
[13:05:34] [Server thread/INFO] [minecraft/MinecraftServer]: [@: 杀死了监守者]
[13:05:34] [Render thread/INFO] [minecraft/ChatComponent]: [System] [CHAT] [@: 召唤了新的监守者]
[13:05:34] [Render thread/INFO] [minecraft/ChatComponent]: [System] [CHAT] [@: 杀死了监守者]
[13:05:34] [Server thread/INFO] [minecraft/MinecraftServer]: [@: 召唤了新的监守者]
[13:05:34] [Server thread/INFO] [minecraft/MinecraftServer]: [@: 杀死了监守者]
[13:05:34] [Render thread/INFO] [minecraft/ChatComponent]: [System] [CHAT] [@: 召唤了新的监守者]
[13:05:34] [Render thread/INFO] [minecraft/ChatComponent]: [System] [CHAT] [@: 杀死了监守者]
[13:05:34] [Server thread/INFO] [minecraft/MinecraftServer]: [@: 召唤了新的监守者]
[13:05:34] [Server thread/INFO] [minecraft/MinecraftServer]: [@: 杀死了监守者]
[13:05:34] [Render thread/INFO] [minecraft/ChatComponent]: [System] [CHAT] [@: 召唤了新的监守者]
[13:05:34] [Render thread/INFO] [minecraft/ChatComponent]: [System] [CHAT] [@: 杀死了监守者]
[13:05:34] [Server thread/INFO] [minecraft/MinecraftServer]: [@: 召唤了新的监守者]
[13:05:34] [Server thread/INFO] [minecraft/MinecraftServer]: [@: 杀死了监守者]
[13:05:34] [Render thread/INFO] [minecraft/ChatComponent]: [System] [CHAT] [@: 召唤了新的监守者]
[13:05:34] [Render thread/INFO] [minecraft/ChatComponent]: [System] [CHAT] [@: 杀死了监守者]
[13:05:34] [Server thread/INFO] [minecraft/MinecraftServer]: [@: 召唤了新的监守者]
[13:05:34] [Server thread/INFO] [minecraft/MinecraftServer]: [@: 杀死了监守者]
[13:05:34] [Render thread/INFO] [minecraft/ChatComponent]: [System] [CHAT] [@: 召唤了新的监守者]
[13:05:34] [Render thread/INFO] [minecraft/ChatComponent]: [System] [CHAT] [@: 杀死了监守者]
[13:05:34] [Server thread/INFO] [minecraft/MinecraftServer]: [@: 召唤了新的监守者]
[13:05:34] [Server thread/INFO] [minecraft/MinecraftServer]: [@: 杀死了监守者]
[13:05:34] [Render thread/INFO] [minecraft/ChatComponent]: [System] [CHAT] [@: 召唤了新的监守者]
[13:05:34] [Render thread/INFO] [minecraft/ChatComponent]: [System] [CHAT] [@: 杀死了监守者]
[13:05:34] [Server thread/INFO] [minecraft/MinecraftServer]: [@: 召唤了新的监守者]
[13:05:34] [Server thread/INFO] [minecraft/MinecraftServer]: [@: 杀死了监守者]
[13:05:34] [Render thread/INFO] [minecraft/ChatComponent]: [System] [CHAT] [@: 召唤了新的监守者]
[13:05:34] [Render thread/INFO] [minecraft/ChatComponent]: [System] [CHAT] [@: 杀死了监守者]
[13:05:34] [Server thread/INFO] [minecraft/MinecraftServer]: [@: 召唤了新的监守者]
[13:05:34] [Server thread/INFO] [minecraft/MinecraftServer]: [@: 杀死了监守者]
[13:05:34] [Render thread/INFO] [minecraft/ChatComponent]: [System] [CHAT] [@: 召唤了新的监守者]
[13:05:34] [Render thread/INFO] [minecraft/ChatComponent]: [System] [CHAT] [@: 杀死了监守者]
[13:05:34] [Server thread/INFO] [minecraft/MinecraftServer]: [@: 召唤了新的监守者]
[13:05:34] [Server thread/INFO] [minecraft/MinecraftServer]: [@: 杀死了监守者]
[13:05:34] [Render thread/INFO] [minecraft/ChatComponent]: [System] [CHAT] [@: 召唤了新的监守者]
[13:05:34] [Server thread/INFO] [minecraft/MinecraftServer]: [@: 召唤了新的监守者]
[13:05:34] [Render thread/INFO] [minecraft/ChatComponent]: [System] [CHAT] [@: 杀死了监守者]
[13:05:34] [Server thread/INFO] [minecraft/MinecraftServer]: [@: 杀死了监守者]
[13:05:34] [Render thread/INFO] [minecraft/ChatComponent]: [System] [CHAT] [@: 召唤了新的监守者]
[13:05:34] [Render thread/INFO] [minecraft/ChatComponent]: [System] [CHAT] [@: 杀死了监守者]
[13:05:34] [Server thread/INFO] [minecraft/MinecraftServer]: [@: 召唤了新的监守者]
[13:05:34] [Server thread/INFO] [minecraft/MinecraftServer]: [@: 杀死了监守者]
[13:05:34] [Render thread/INFO] [minecraft/ChatComponent]: [System] [CHAT] [@: 召唤了新的监守者]
[13:05:34] [Render thread/INFO] [minecraft/ChatComponent]: [System] [CHAT] [@: 杀死了监守者]
[13:05:34] [Server thread/INFO] [minecraft/MinecraftServer]: [@: 召唤了新的监守者]
[13:05:34] [Server thread/INFO] [minecraft/MinecraftServer]: [@: 杀死了监守者]
[13:05:34] [Render thread/INFO] [minecraft/ChatComponent]: [System] [CHAT] [@: 召唤了新的监守者]
[13:05:34] [Render thread/INFO] [minecraft/ChatComponent]: [System] [CHAT] [@: 杀死了监守者]
[13:05:34] [Server thread/INFO] [minecraft/MinecraftServer]: [@: 召唤了新的监守者]
[13:05:34] [Server thread/INFO] [minecraft/MinecraftServer]: [@: 杀死了监守者]
[13:05:34] [Render thread/INFO] [minecraft/ChatComponent]: [System] [CHAT] [@: 召唤了新的监守者]
[13:05:34] [Render thread/INFO] [minecraft/ChatComponent]: [System] [CHAT] [@: 杀死了监守者]
[13:05:34] [Server thread/INFO] [minecraft/MinecraftServer]: [@: 召唤了新的监守者]
[13:05:34] [Server thread/INFO] [minecraft/MinecraftServer]: [@: 杀死了监守者]
[13:05:34] [Render thread/INFO] [minecraft/ChatComponent]: [System] [CHAT] [@: 召唤了新的监守者]
[13:05:34] [Render thread/INFO] [minecraft/ChatComponent]: [System] [CHAT] [@: 杀死了监守者]
[13:05:34] [Server thread/INFO] [minecraft/MinecraftServer]: [@: 召唤了新的监守者]
[13:05:34] [Server thread/INFO] [minecraft/MinecraftServer]: [@: 杀死了监守者]
[13:05:34] [Render thread/INFO] [minecraft/ChatComponent]: [System] [CHAT] [@: 召唤了新的监守者]
[13:05:34] [Render thread/INFO] [minecraft/ChatComponent]: [System] [CHAT] [@: 杀死了监守者]
[13:05:35] [Server thread/INFO] [minecraft/MinecraftServer]: [@: 召唤了新的监守者]
[13:05:35] [Server thread/INFO] [minecraft/MinecraftServer]: [@: 杀死了监守者]
[13:05:35] [Render thread/INFO] [minecraft/ChatComponent]: [System] [CHAT] [@: 召唤了新的监守者]
[13:05:35] [Render thread/INFO] [minecraft/ChatComponent]: [System] [CHAT] [@: 杀死了监守者]
[13:05:35] [Server thread/INFO] [minecraft/MinecraftServer]: [@: 召唤了新的监守者]
[13:05:35] [Server thread/INFO] [minecraft/MinecraftServer]: [@: 杀死了监守者]
[13:05:35] [Render thread/INFO] [minecraft/ChatComponent]: [System] [CHAT] [@: 召唤了新的监守者]
[13:05:35] [Render thread/INFO] [minecraft/ChatComponent]: [System] [CHAT] [@: 杀死了监守者]
[13:05:35] [Server thread/INFO] [minecraft/MinecraftServer]: [@: 召唤了新的监守者]
[13:05:35] [Server thread/INFO] [minecraft/MinecraftServer]: [@: 杀死了监守者]
[13:05:35] [Render thread/INFO] [minecraft/ChatComponent]: [System] [CHAT] [@: 召唤了新的监守者]
[13:05:35] [Server thread/INFO] [minecraft/MinecraftServer]: [@: 召唤了新的监守者]
[13:05:35] [Server thread/INFO] [minecraft/MinecraftServer]: [@: 杀死了监守者]
[13:05:35] [Render thread/INFO] [minecraft/ChatComponent]: [System] [CHAT] [@: 杀死了监守者]
[13:05:35] [Render thread/INFO] [minecraft/ChatComponent]: [System] [CHAT] [@: 召唤了新的监守者]
[13:05:35] [Render thread/INFO] [minecraft/ChatComponent]: [System] [CHAT] [@: 杀死了监守者]
[13:05:35] [Server thread/INFO] [minecraft/MinecraftServer]: [@: 召唤了新的监守者]
[13:05:35] [Server thread/INFO] [minecraft/MinecraftServer]: [@: 杀死了监守者]
[13:05:35] [Render thread/INFO] [minecraft/ChatComponent]: [System] [CHAT] [@: 召唤了新的监守者]
[13:05:35] [Render thread/INFO] [minecraft/ChatComponent]: [System] [CHAT] [@: 杀死了监守者]
[13:05:35] [Server thread/INFO] [minecraft/MinecraftServer]: [@: 召唤了新的监守者]
[13:05:35] [Server thread/INFO] [minecraft/MinecraftServer]: [@: 杀死了监守者]
[13:05:35] [Render thread/INFO] [minecraft/ChatComponent]: [System] [CHAT] [@: 召唤了新的监守者]
[13:05:35] [Render thread/INFO] [minecraft/ChatComponent]: [System] [CHAT] [@: 杀死了监守者]
[13:05:35] [Server thread/INFO] [minecraft/MinecraftServer]: [@: 召唤了新的监守者]
[13:05:35] [Server thread/INFO] [minecraft/MinecraftServer]: [@: 杀死了监守者]
[13:05:35] [Render thread/INFO] [minecraft/ChatComponent]: [System] [CHAT] [@: 召唤了新的监守者]
[13:05:35] [Render thread/INFO] [minecraft/ChatComponent]: [System] [CHAT] [@: 杀死了监守者]
[13:05:35] [Server thread/INFO] [minecraft/MinecraftServer]: [@: 召唤了新的监守者]
[13:05:35] [Server thread/INFO] [minecraft/MinecraftServer]: [@: 杀死了监守者]
[13:05:35] [Render thread/INFO] [minecraft/ChatComponent]: [System] [CHAT] [@: 召唤了新的监守者]
[13:05:35] [Render thread/INFO] [minecraft/ChatComponent]: [System] [CHAT] [@: 杀死了监守者]
[13:05:35] [Server thread/INFO] [minecraft/MinecraftServer]: [@: 召唤了新的监守者]
[13:05:35] [Server thread/INFO] [minecraft/MinecraftServer]: [@: 杀死了监守者]
[13:05:35] [Render thread/INFO] [minecraft/ChatComponent]: [System] [CHAT] [@: 召唤了新的监守者]
[13:05:35] [Render thread/INFO] [minecraft/ChatComponent]: [System] [CHAT] [@: 杀死了监守者]
[13:05:35] [Server thread/INFO] [minecraft/MinecraftServer]: [@: 召唤了新的监守者]
[13:05:35] [Server thread/INFO] [minecraft/MinecraftServer]: [@: 杀死了监守者]
[13:05:35] [Render thread/INFO] [minecraft/ChatComponent]: [System] [CHAT] [@: 召唤了新的监守者]
[13:05:35] [Render thread/INFO] [minecraft/ChatComponent]: [System] [CHAT] [@: 杀死了监守者]
[13:05:35] [Server thread/INFO] [minecraft/MinecraftServer]: [@: 召唤了新的监守者]
[13:05:35] [Server thread/INFO] [minecraft/MinecraftServer]: [@: 杀死了监守者]
[13:05:35] [Render thread/INFO] [minecraft/ChatComponent]: [System] [CHAT] [@: 召唤了新的监守者]
[13:05:35] [Render thread/INFO] [minecraft/ChatComponent]: [System] [CHAT] [@: 杀死了监守者]
[13:05:35] [Server thread/INFO] [minecraft/MinecraftServer]: [@: 召唤了新的监守者]
[13:05:35] [Server thread/INFO] [minecraft/MinecraftServer]: [@: 杀死了监守者]
[13:05:35] [Render thread/INFO] [minecraft/ChatComponent]: [System] [CHAT] [@: 召唤了新的监守者]
[13:05:35] [Render thread/INFO] [minecraft/ChatComponent]: [System] [CHAT] [@: 杀死了监守者]
[13:05:35] [Server thread/INFO] [minecraft/MinecraftServer]: [@: 召唤了新的监守者]
[13:05:35] [Server thread/INFO] [minecraft/MinecraftServer]: [@: 杀死了监守者]
[13:05:35] [Render thread/INFO] [minecraft/ChatComponent]: [System] [CHAT] [@: 召唤了新的监守者]
[13:05:35] [Render thread/INFO] [minecraft/ChatComponent]: [System] [CHAT] [@: 杀死了监守者]
[13:05:35] [Server thread/INFO] [minecraft/MinecraftServer]: [@: 召唤了新的监守者]
[13:05:35] [Server thread/INFO] [minecraft/MinecraftServer]: [@: 杀死了监守者]
[13:05:35] [Render thread/INFO] [minecraft/ChatComponent]: [System] [CHAT] [@: 召唤了新的监守者]
[13:05:35] [Render thread/INFO] [minecraft/ChatComponent]: [System] [CHAT] [@: 杀死了监守者]
[13:05:35] [Server thread/INFO] [minecraft/MinecraftServer]: [@: 召唤了新的监守者]
[13:05:35] [Server thread/INFO] [minecraft/MinecraftServer]: [@: 杀死了监守者]
[13:05:35] [Render thread/INFO] [minecraft/ChatComponent]: [System] [CHAT] [@: 召唤了新的监守者]
[13:05:35] [Render thread/INFO] [minecraft/ChatComponent]: [System] [CHAT] [@: 杀死了监守者]
[13:05:35] [Server thread/INFO] [minecraft/MinecraftServer]: [@: 召唤了新的监守者]
[13:05:35] [Server thread/INFO] [minecraft/MinecraftServer]: [@: 杀死了监守者]
[13:05:35] [Render thread/INFO] [minecraft/ChatComponent]: [System] [CHAT] [@: 召唤了新的监守者]
[13:05:35] [Render thread/INFO] [minecraft/ChatComponent]: [System] [CHAT] [@: 杀死了监守者]
[13:05:35] [Server thread/INFO] [minecraft/MinecraftServer]: [@: 召唤了新的监守者]
[13:05:35] [Server thread/INFO] [minecraft/MinecraftServer]: [@: 杀死了监守者]
[13:05:35] [Render thread/INFO] [minecraft/ChatComponent]: [System] [CHAT] [@: 召唤了新的监守者]
[13:05:35] [Render thread/INFO] [minecraft/ChatComponent]: [System] [CHAT] [@: 杀死了监守者]
[13:05:35] [Server thread/INFO] [minecraft/MinecraftServer]: [@: 召唤了新的监守者]
[13:05:35] [Server thread/INFO] [minecraft/MinecraftServer]: [@: 杀死了监守者]
[13:05:35] [Render thread/INFO] [minecraft/ChatComponent]: [System] [CHAT] [@: 召唤了新的监守者]
[13:05:35] [Render thread/INFO] [minecraft/ChatComponent]: [System] [CHAT] [@: 杀死了监守者]
[13:05:35] [Server thread/INFO] [minecraft/MinecraftServer]: [@: 召唤了新的监守者]
[13:05:35] [Server thread/INFO] [minecraft/MinecraftServer]: [@: 杀死了监守者]
[13:05:35] [Render thread/INFO] [minecraft/ChatComponent]: [System] [CHAT] [@: 召唤了新的监守者]
[13:05:35] [Render thread/INFO] [minecraft/ChatComponent]: [System] [CHAT] [@: 杀死了监守者]
[13:05:35] [Server thread/INFO] [minecraft/MinecraftServer]: [@: 召唤了新的监守者]
[13:05:35] [Server thread/INFO] [minecraft/MinecraftServer]: [@: 杀死了监守者]
[13:05:35] [Render thread/INFO] [minecraft/ChatComponent]: [System] [CHAT] [@: 召唤了新的监守者]
[13:05:35] [Render thread/INFO] [minecraft/ChatComponent]: [System] [CHAT] [@: 杀死了监守者]
[13:05:36] [Server thread/INFO] [minecraft/MinecraftServer]: [@: 召唤了新的监守者]
[13:05:36] [Server thread/INFO] [minecraft/MinecraftServer]: [@: 杀死了监守者]
[13:05:36] [Render thread/INFO] [minecraft/ChatComponent]: [System] [CHAT] [@: 召唤了新的监守者]
[13:05:36] [Render thread/INFO] [minecraft/ChatComponent]: [System] [CHAT] [@: 杀死了监守者]
[13:05:36] [Server thread/INFO] [minecraft/MinecraftServer]: [@: 召唤了新的监守者]
[13:05:36] [Server thread/INFO] [minecraft/MinecraftServer]: [@: 杀死了监守者]
[13:05:36] [Render thread/INFO] [minecraft/ChatComponent]: [System] [CHAT] [@: 召唤了新的监守者]
[13:05:36] [Render thread/INFO] [minecraft/ChatComponent]: [System] [CHAT] [@: 杀死了监守者]
[13:05:36] [Server thread/INFO] [minecraft/MinecraftServer]: [@: 召唤了新的监守者]
[13:05:36] [Server thread/INFO] [minecraft/MinecraftServer]: [@: 杀死了监守者]
[13:05:36] [Render thread/INFO] [minecraft/ChatComponent]: [System] [CHAT] [@: 召唤了新的监守者]
[13:05:36] [Server thread/INFO] [minecraft/MinecraftServer]: [@: 召唤了新的监守者]
[13:05:36] [Server thread/INFO] [minecraft/MinecraftServer]: [@: 杀死了监守者]
[13:05:36] [Render thread/INFO] [minecraft/ChatComponent]: [System] [CHAT] [@: 杀死了监守者]
[13:05:36] [Render thread/INFO] [minecraft/ChatComponent]: [System] [CHAT] [@: 召唤了新的监守者]
[13:05:36] [Render thread/INFO] [minecraft/ChatComponent]: [System] [CHAT] [@: 杀死了监守者]
[13:05:36] [Server thread/INFO] [minecraft/MinecraftServer]: [@: 召唤了新的监守者]
[13:05:36] [Server thread/INFO] [minecraft/MinecraftServer]: [@: 杀死了监守者]
[13:05:36] [Render thread/INFO] [minecraft/ChatComponent]: [System] [CHAT] [@: 召唤了新的监守者]
[13:05:36] [Render thread/INFO] [minecraft/ChatComponent]: [System] [CHAT] [@: 杀死了监守者]
[13:05:36] [Server thread/INFO] [minecraft/MinecraftServer]: [@: 召唤了新的监守者]
[13:05:36] [Server thread/INFO] [minecraft/MinecraftServer]: [@: 杀死了监守者]
[13:05:36] [Render thread/INFO] [minecraft/ChatComponent]: [System] [CHAT] [@: 召唤了新的监守者]
[13:05:36] [Render thread/INFO] [minecraft/ChatComponent]: [System] [CHAT] [@: 杀死了监守者]
[13:05:36] [Server thread/INFO] [minecraft/MinecraftServer]: [@: 召唤了新的监守者]
[13:05:36] [Server thread/INFO] [minecraft/MinecraftServer]: [@: 杀死了监守者]
[13:05:36] [Render thread/INFO] [minecraft/ChatComponent]: [System] [CHAT] [@: 召唤了新的监守者]
[13:05:36] [Render thread/INFO] [minecraft/ChatComponent]: [System] [CHAT] [@: 杀死了监守者]
[13:05:36] [Server thread/INFO] [minecraft/MinecraftServer]: [@: 召唤了新的监守者]
[13:05:36] [Server thread/INFO] [minecraft/MinecraftServer]: [@: 杀死了监守者]
[13:05:36] [Render thread/INFO] [minecraft/ChatComponent]: [System] [CHAT] [@: 召唤了新的监守者]
[13:05:36] [Render thread/INFO] [minecraft/ChatComponent]: [System] [CHAT] [@: 杀死了监守者]
[13:05:36] [Server thread/INFO] [minecraft/MinecraftServer]: [@: 召唤了新的监守者]
[13:05:36] [Server thread/INFO] [minecraft/MinecraftServer]: [@: 杀死了监守者]
[13:05:36] [Render thread/INFO] [minecraft/ChatComponent]: [System] [CHAT] [@: 召唤了新的监守者]
[13:05:36] [Render thread/INFO] [minecraft/ChatComponent]: [System] [CHAT] [@: 杀死了监守者]
[13:05:36] [Server thread/INFO] [minecraft/MinecraftServer]: [@: 召唤了新的监守者]
[13:05:36] [Server thread/INFO] [minecraft/MinecraftServer]: [@: 杀死了监守者]
[13:05:36] [Render thread/INFO] [minecraft/ChatComponent]: [System] [CHAT] [@: 召唤了新的监守者]
[13:05:36] [Render thread/INFO] [minecraft/ChatComponent]: [System] [CHAT] [@: 杀死了监守者]
[13:05:36] [Server thread/INFO] [minecraft/MinecraftServer]: [@: 召唤了新的监守者]
[13:05:36] [Server thread/INFO] [minecraft/MinecraftServer]: [@: 杀死了监守者]
[13:05:36] [Render thread/INFO] [minecraft/ChatComponent]: [System] [CHAT] [@: 召唤了新的监守者]
[13:05:36] [Render thread/INFO] [minecraft/ChatComponent]: [System] [CHAT] [@: 杀死了监守者]
[13:05:36] [Server thread/INFO] [minecraft/MinecraftServer]: [@: 召唤了新的监守者]
[13:05:36] [Server thread/INFO] [minecraft/MinecraftServer]: [@: 杀死了监守者]
[13:05:36] [Render thread/INFO] [minecraft/ChatComponent]: [System] [CHAT] [@: 召唤了新的监守者]
[13:05:36] [Render thread/INFO] [minecraft/ChatComponent]: [System] [CHAT] [@: 杀死了监守者]
[13:05:36] [Server thread/INFO] [minecraft/MinecraftServer]: [@: 召唤了新的监守者]
[13:05:36] [Server thread/INFO] [minecraft/MinecraftServer]: [@: 杀死了监守者]
[13:05:36] [Render thread/INFO] [minecraft/ChatComponent]: [System] [CHAT] [@: 召唤了新的监守者]
[13:05:36] [Render thread/INFO] [minecraft/ChatComponent]: [System] [CHAT] [@: 杀死了监守者]
[13:05:36] [Server thread/INFO] [minecraft/MinecraftServer]: [@: 召唤了新的监守者]
[13:05:36] [Server thread/INFO] [minecraft/MinecraftServer]: [@: 杀死了监守者]
[13:05:36] [Render thread/INFO] [minecraft/ChatComponent]: [System] [CHAT] [@: 召唤了新的监守者]
[13:05:36] [Render thread/INFO] [minecraft/ChatComponent]: [System] [CHAT] [@: 杀死了监守者]
[13:05:36] [Server thread/INFO] [minecraft/MinecraftServer]: [@: 召唤了新的监守者]
[13:05:36] [Server thread/INFO] [minecraft/MinecraftServer]: [@: 杀死了监守者]
[13:05:36] [Render thread/INFO] [minecraft/ChatComponent]: [System] [CHAT] [@: 召唤了新的监守者]
[13:05:36] [Render thread/INFO] [minecraft/ChatComponent]: [System] [CHAT] [@: 杀死了监守者]
[13:05:36] [Server thread/INFO] [minecraft/MinecraftServer]: [@: 召唤了新的监守者]
[13:05:36] [Server thread/INFO] [minecraft/MinecraftServer]: [@: 杀死了监守者]
[13:05:36] [Render thread/INFO] [minecraft/ChatComponent]: [System] [CHAT] [@: 召唤了新的监守者]
[13:05:36] [Render thread/INFO] [minecraft/ChatComponent]: [System] [CHAT] [@: 杀死了监守者]
[13:05:36] [Server thread/INFO] [minecraft/MinecraftServer]: [@: 召唤了新的监守者]
[13:05:36] [Server thread/INFO] [minecraft/MinecraftServer]: [@: 杀死了监守者]
[13:05:36] [Render thread/INFO] [minecraft/ChatComponent]: [System] [CHAT] [@: 召唤了新的监守者]
[13:05:36] [Render thread/INFO] [minecraft/ChatComponent]: [System] [CHAT] [@: 杀死了监守者]
[13:05:36] [Server thread/INFO] [minecraft/MinecraftServer]: [@: 召唤了新的监守者]
[13:05:36] [Server thread/INFO] [minecraft/MinecraftServer]: [@: 杀死了监守者]
[13:05:36] [Render thread/INFO] [minecraft/ChatComponent]: [System] [CHAT] [@: 召唤了新的监守者]
[13:05:36] [Render thread/INFO] [minecraft/ChatComponent]: [System] [CHAT] [@: 杀死了监守者]
[13:05:36] [Server thread/INFO] [minecraft/MinecraftServer]: [@: 召唤了新的监守者]
[13:05:36] [Server thread/INFO] [minecraft/MinecraftServer]: [@: 杀死了监守者]
[13:05:36] [Render thread/INFO] [minecraft/ChatComponent]: [System] [CHAT] [@: 召唤了新的监守者]
[13:05:36] [Render thread/INFO] [minecraft/ChatComponent]: [System] [CHAT] [@: 杀死了监守者]
[13:05:36] [Server thread/INFO] [minecraft/MinecraftServer]: [@: 召唤了新的监守者]
[13:05:36] [Server thread/INFO] [minecraft/MinecraftServer]: [@: 杀死了监守者]
[13:05:36] [Render thread/INFO] [minecraft/ChatComponent]: [System] [CHAT] [@: 召唤了新的监守者]
[13:05:36] [Render thread/INFO] [minecraft/ChatComponent]: [System] [CHAT] [@: 杀死了监守者]
[13:05:37] [Server thread/INFO] [minecraft/MinecraftServer]: [@: 召唤了新的监守者]
[13:05:37] [Server thread/INFO] [minecraft/MinecraftServer]: [@: 杀死了监守者]
[13:05:37] [Render thread/INFO] [minecraft/ChatComponent]: [System] [CHAT] [@: 召唤了新的监守者]
[13:05:37] [Render thread/INFO] [minecraft/ChatComponent]: [System] [CHAT] [@: 杀死了监守者]
[13:05:37] [Server thread/INFO] [minecraft/MinecraftServer]: [@: 召唤了新的监守者]
[13:05:37] [Server thread/INFO] [minecraft/MinecraftServer]: [@: 杀死了监守者]
[13:05:37] [Render thread/INFO] [minecraft/ChatComponent]: [System] [CHAT] [@: 召唤了新的监守者]
[13:05:37] [Render thread/INFO] [minecraft/ChatComponent]: [System] [CHAT] [@: 杀死了监守者]
[13:05:37] [Server thread/INFO] [minecraft/MinecraftServer]: [@: 召唤了新的监守者]
[13:05:37] [Server thread/INFO] [minecraft/MinecraftServer]: [@: 杀死了监守者]
[13:05:37] [Render thread/INFO] [minecraft/ChatComponent]: [System] [CHAT] [@: 召唤了新的监守者]
[13:05:37] [Render thread/INFO] [minecraft/ChatComponent]: [System] [CHAT] [@: 杀死了监守者]
[13:05:49] [Server thread/INFO] [minecraft/MinecraftServer]: [@: 召唤了新的监守者]
[13:05:49] [Server thread/INFO] [minecraft/MinecraftServer]: [@: 杀死了监守者]
[13:05:49] [Render thread/INFO] [minecraft/ChatComponent]: [System] [CHAT] [@: 召唤了新的监守者]
[13:05:49] [Render thread/INFO] [minecraft/ChatComponent]: [System] [CHAT] [@: 杀死了监守者]
[13:05:49] [Server thread/INFO] [minecraft/MinecraftServer]: [@: 召唤了新的监守者]
[13:05:49] [Server thread/INFO] [minecraft/MinecraftServer]: [@: 杀死了监守者]
[13:05:49] [Render thread/INFO] [minecraft/ChatComponent]: [System] [CHAT] [@: 召唤了新的监守者]
[13:05:49] [Render thread/INFO] [minecraft/ChatComponent]: [System] [CHAT] [@: 杀死了监守者]
[13:05:49] [Server thread/INFO] [minecraft/MinecraftServer]: [@: 召唤了新的监守者]
[13:05:49] [Server thread/INFO] [minecraft/MinecraftServer]: [@: 杀死了监守者]
[13:05:49] [Render thread/INFO] [minecraft/ChatComponent]: [System] [CHAT] [@: 召唤了新的监守者]
[13:05:49] [Render thread/INFO] [minecraft/ChatComponent]: [System] [CHAT] [@: 杀死了监守者]
[13:05:49] [Server thread/INFO] [minecraft/MinecraftServer]: [@: 召唤了新的监守者]
[13:05:49] [Server thread/INFO] [minecraft/MinecraftServer]: [@: 杀死了监守者]
[13:05:49] [Render thread/INFO] [minecraft/ChatComponent]: [System] [CHAT] [@: 召唤了新的监守者]
[13:05:49] [Render thread/INFO] [minecraft/ChatComponent]: [System] [CHAT] [@: 杀死了监守者]
[13:05:49] [Server thread/INFO] [minecraft/MinecraftServer]: [@: 召唤了新的监守者]
[13:05:49] [Server thread/INFO] [minecraft/MinecraftServer]: [@: 杀死了监守者]
[13:05:49] [Render thread/INFO] [minecraft/ChatComponent]: [System] [CHAT] [@: 召唤了新的监守者]
[13:05:49] [Render thread/INFO] [minecraft/ChatComponent]: [System] [CHAT] [@: 杀死了监守者]
[13:05:49] [Server thread/INFO] [minecraft/MinecraftServer]: [@: 召唤了新的监守者]
[13:05:49] [Server thread/INFO] [minecraft/MinecraftServer]: [@: 杀死了监守者]
[13:05:49] [Render thread/INFO] [minecraft/ChatComponent]: [System] [CHAT] [@: 召唤了新的监守者]
[13:05:49] [Render thread/INFO] [minecraft/ChatComponent]: [System] [CHAT] [@: 杀死了监守者]
[13:05:50] [Server thread/INFO] [minecraft/MinecraftServer]: [@: 召唤了新的监守者]
[13:05:50] [Server thread/INFO] [minecraft/MinecraftServer]: [@: 杀死了监守者]
[13:05:50] [Render thread/INFO] [minecraft/ChatComponent]: [System] [CHAT] [@: 召唤了新的监守者]
[13:05:50] [Render thread/INFO] [minecraft/ChatComponent]: [System] [CHAT] [@: 杀死了监守者]
[13:05:50] [Server thread/INFO] [minecraft/MinecraftServer]: [@: 召唤了新的监守者]
[13:05:50] [Server thread/INFO] [minecraft/MinecraftServer]: [@: 杀死了监守者]
[13:05:50] [Render thread/INFO] [minecraft/ChatComponent]: [System] [CHAT] [@: 召唤了新的监守者]
[13:05:50] [Render thread/INFO] [minecraft/ChatComponent]: [System] [CHAT] [@: 杀死了监守者]
[13:05:50] [Server thread/INFO] [minecraft/MinecraftServer]: [@: 召唤了新的监守者]
[13:05:50] [Server thread/INFO] [minecraft/MinecraftServer]: [@: 杀死了监守者]
[13:05:50] [Render thread/INFO] [minecraft/ChatComponent]: [System] [CHAT] [@: 召唤了新的监守者]
[13:05:50] [Render thread/INFO] [minecraft/ChatComponent]: [System] [CHAT] [@: 杀死了监守者]
[13:05:50] [Server thread/INFO] [minecraft/MinecraftServer]: [@: 召唤了新的监守者]
[13:05:50] [Server thread/INFO] [minecraft/MinecraftServer]: [@: 杀死了监守者]
[13:05:50] [Render thread/INFO] [minecraft/ChatComponent]: [System] [CHAT] [@: 召唤了新的监守者]
[13:05:50] [Render thread/INFO] [minecraft/ChatComponent]: [System] [CHAT] [@: 杀死了监守者]
[13:05:50] [Server thread/INFO] [minecraft/MinecraftServer]: [@: 召唤了新的监守者]
[13:05:50] [Server thread/INFO] [minecraft/MinecraftServer]: [@: 杀死了监守者]
[13:05:50] [Render thread/INFO] [minecraft/ChatComponent]: [System] [CHAT] [@: 召唤了新的监守者]
[13:05:50] [Render thread/INFO] [minecraft/ChatComponent]: [System] [CHAT] [@: 杀死了监守者]
[13:05:50] [Server thread/INFO] [minecraft/MinecraftServer]: [@: 召唤了新的监守者]
[13:05:50] [Server thread/INFO] [minecraft/MinecraftServer]: [@: 杀死了监守者]
[13:05:50] [Render thread/INFO] [minecraft/ChatComponent]: [System] [CHAT] [@: 召唤了新的监守者]
[13:05:50] [Render thread/INFO] [minecraft/ChatComponent]: [System] [CHAT] [@: 杀死了监守者]
[13:05:50] [Server thread/INFO] [minecraft/MinecraftServer]: [@: 召唤了新的监守者]
[13:05:50] [Server thread/INFO] [minecraft/MinecraftServer]: [@: 杀死了监守者]
[13:05:50] [Render thread/INFO] [minecraft/ChatComponent]: [System] [CHAT] [@: 召唤了新的监守者]
[13:05:50] [Render thread/INFO] [minecraft/ChatComponent]: [System] [CHAT] [@: 杀死了监守者]
[13:05:50] [Server thread/INFO] [minecraft/MinecraftServer]: [@: 召唤了新的监守者]
[13:05:50] [Server thread/INFO] [minecraft/MinecraftServer]: [@: 杀死了监守者]
[13:05:50] [Render thread/INFO] [minecraft/ChatComponent]: [System] [CHAT] [@: 召唤了新的监守者]
[13:05:50] [Render thread/INFO] [minecraft/ChatComponent]: [System] [CHAT] [@: 杀死了监守者]
[13:05:50] [Server thread/INFO] [minecraft/MinecraftServer]: [@: 召唤了新的监守者]
[13:05:50] [Server thread/INFO] [minecraft/MinecraftServer]: [@: 杀死了监守者]
[13:05:50] [Render thread/INFO] [minecraft/ChatComponent]: [System] [CHAT] [@: 召唤了新的监守者]
[13:05:50] [Render thread/INFO] [minecraft/ChatComponent]: [System] [CHAT] [@: 杀死了监守者]
[13:05:50] [Server thread/INFO] [minecraft/MinecraftServer]: [@: 召唤了新的监守者]
[13:05:50] [Server thread/INFO] [minecraft/MinecraftServer]: [@: 杀死了监守者]
[13:05:50] [Render thread/INFO] [minecraft/ChatComponent]: [System] [CHAT] [@: 召唤了新的监守者]
[13:05:50] [Render thread/INFO] [minecraft/ChatComponent]: [System] [CHAT] [@: 杀死了监守者]
[13:05:50] [Server thread/INFO] [minecraft/MinecraftServer]: [@: 召唤了新的监守者]
[13:05:50] [Server thread/INFO] [minecraft/MinecraftServer]: [@: 杀死了监守者]
[13:05:50] [Render thread/INFO] [minecraft/ChatComponent]: [System] [CHAT] [@: 召唤了新的监守者]
[13:05:50] [Render thread/INFO] [minecraft/ChatComponent]: [System] [CHAT] [@: 杀死了监守者]
[13:05:50] [Server thread/INFO] [minecraft/MinecraftServer]: [@: 召唤了新的监守者]
[13:05:50] [Server thread/INFO] [minecraft/MinecraftServer]: [@: 杀死了监守者]
[13:05:50] [Render thread/INFO] [minecraft/ChatComponent]: [System] [CHAT] [@: 召唤了新的监守者]
[13:05:50] [Render thread/INFO] [minecraft/ChatComponent]: [System] [CHAT] [@: 杀死了监守者]
[13:05:50] [Server thread/INFO] [minecraft/MinecraftServer]: [@: 召唤了新的监守者]
[13:05:50] [Server thread/INFO] [minecraft/MinecraftServer]: [@: 杀死了监守者]
[13:05:50] [Render thread/INFO] [minecraft/ChatComponent]: [System] [CHAT] [@: 召唤了新的监守者]
[13:05:50] [Render thread/INFO] [minecraft/ChatComponent]: [System] [CHAT] [@: 杀死了监守者]
[13:05:50] [Server thread/INFO] [minecraft/MinecraftServer]: [@: 召唤了新的监守者]
[13:05:50] [Server thread/INFO] [minecraft/MinecraftServer]: [@: 杀死了监守者]
[13:05:50] [Render thread/INFO] [minecraft/ChatComponent]: [System] [CHAT] [@: 召唤了新的监守者]
[13:05:50] [Render thread/INFO] [minecraft/ChatComponent]: [System] [CHAT] [@: 杀死了监守者]
[13:05:50] [Server thread/INFO] [minecraft/MinecraftServer]: [@: 召唤了新的监守者]
[13:05:50] [Server thread/INFO] [minecraft/MinecraftServer]: [@: 杀死了监守者]
[13:05:50] [Render thread/INFO] [minecraft/ChatComponent]: [System] [CHAT] [@: 召唤了新的监守者]
[13:05:50] [Render thread/INFO] [minecraft/ChatComponent]: [System] [CHAT] [@: 杀死了监守者]
[13:05:50] [Server thread/INFO] [minecraft/MinecraftServer]: [@: 召唤了新的监守者]
[13:05:50] [Server thread/INFO] [minecraft/MinecraftServer]: [@: 杀死了监守者]
[13:05:50] [Render thread/INFO] [minecraft/ChatComponent]: [System] [CHAT] [@: 召唤了新的监守者]
[13:05:50] [Render thread/INFO] [minecraft/ChatComponent]: [System] [CHAT] [@: 杀死了监守者]
[13:05:50] [Server thread/INFO] [minecraft/MinecraftServer]: [@: 召唤了新的监守者]
[13:05:50] [Server thread/INFO] [minecraft/MinecraftServer]: [@: 杀死了监守者]
[13:05:50] [Server thread/INFO] [minecraft/MinecraftServer]: [@: 召唤了新的监守者]
[13:05:50] [Server thread/INFO] [minecraft/MinecraftServer]: [@: 杀死了监守者]
[13:05:50] [Render thread/INFO] [minecraft/ChatComponent]: [System] [CHAT] [@: 召唤了新的监守者]
[13:05:50] [Render thread/INFO] [minecraft/ChatComponent]: [System] [CHAT] [@: 杀死了监守者]
[13:05:50] [Render thread/INFO] [minecraft/ChatComponent]: [System] [CHAT] [@: 召唤了新的监守者]
[13:05:50] [Render thread/INFO] [minecraft/ChatComponent]: [System] [CHAT] [@: 杀死了监守者]
[13:05:50] [Server thread/INFO] [minecraft/MinecraftServer]: [@: 召唤了新的监守者]
[13:05:50] [Server thread/INFO] [minecraft/MinecraftServer]: [@: 杀死了监守者]
[13:05:50] [Render thread/INFO] [minecraft/ChatComponent]: [System] [CHAT] [@: 召唤了新的监守者]
[13:05:50] [Render thread/INFO] [minecraft/ChatComponent]: [System] [CHAT] [@: 杀死了监守者]
[13:05:50] [Server thread/INFO] [minecraft/MinecraftServer]: [@: 召唤了新的监守者]
[13:05:50] [Server thread/INFO] [minecraft/MinecraftServer]: [@: 杀死了监守者]
[13:05:50] [Render thread/INFO] [minecraft/ChatComponent]: [System] [CHAT] [@: 召唤了新的监守者]
[13:05:50] [Render thread/INFO] [minecraft/ChatComponent]: [System] [CHAT] [@: 杀死了监守者]
[13:05:51] [Server thread/INFO] [minecraft/MinecraftServer]: [@: 召唤了新的监守者]
[13:05:51] [Server thread/INFO] [minecraft/MinecraftServer]: [@: 杀死了监守者]
[13:05:51] [Render thread/INFO] [minecraft/ChatComponent]: [System] [CHAT] [@: 召唤了新的监守者]
[13:05:51] [Render thread/INFO] [minecraft/ChatComponent]: [System] [CHAT] [@: 杀死了监守者]
[13:05:51] [Server thread/INFO] [minecraft/MinecraftServer]: [@: 召唤了新的监守者]
[13:05:51] [Server thread/INFO] [minecraft/MinecraftServer]: [@: 杀死了监守者]
[13:05:51] [Render thread/INFO] [minecraft/ChatComponent]: [System] [CHAT] [@: 召唤了新的监守者]
[13:05:51] [Render thread/INFO] [minecraft/ChatComponent]: [System] [CHAT] [@: 杀死了监守者]
[13:05:51] [Server thread/INFO] [minecraft/MinecraftServer]: [@: 召唤了新的监守者]
[13:05:51] [Server thread/INFO] [minecraft/MinecraftServer]: [@: 杀死了监守者]
[13:05:51] [Render thread/INFO] [minecraft/ChatComponent]: [System] [CHAT] [@: 召唤了新的监守者]
[13:05:51] [Render thread/INFO] [minecraft/ChatComponent]: [System] [CHAT] [@: 杀死了监守者]
[13:05:51] [Server thread/INFO] [minecraft/MinecraftServer]: [@: 召唤了新的监守者]
[13:05:51] [Server thread/INFO] [minecraft/MinecraftServer]: [@: 杀死了监守者]
[13:05:51] [Render thread/INFO] [minecraft/ChatComponent]: [System] [CHAT] [@: 召唤了新的监守者]
[13:05:51] [Server thread/INFO] [minecraft/MinecraftServer]: [@: 召唤了新的监守者]
[13:05:51] [Render thread/INFO] [minecraft/ChatComponent]: [System] [CHAT] [@: 杀死了监守者]
[13:05:51] [Server thread/INFO] [minecraft/MinecraftServer]: [@: 杀死了监守者]
[13:05:51] [Render thread/INFO] [minecraft/ChatComponent]: [System] [CHAT] [@: 召唤了新的监守者]
[13:05:51] [Render thread/INFO] [minecraft/ChatComponent]: [System] [CHAT] [@: 杀死了监守者]
[13:05:51] [Server thread/INFO] [minecraft/MinecraftServer]: [@: 召唤了新的监守者]
[13:05:51] [Server thread/INFO] [minecraft/MinecraftServer]: [@: 杀死了监守者]
[13:05:51] [Render thread/INFO] [minecraft/ChatComponent]: [System] [CHAT] [@: 召唤了新的监守者]
[13:05:51] [Render thread/INFO] [minecraft/ChatComponent]: [System] [CHAT] [@: 杀死了监守者]
[13:05:51] [Server thread/INFO] [minecraft/MinecraftServer]: [@: 召唤了新的监守者]
[13:05:51] [Server thread/INFO] [minecraft/MinecraftServer]: [@: 杀死了监守者]
[13:05:51] [Render thread/INFO] [minecraft/ChatComponent]: [System] [CHAT] [@: 召唤了新的监守者]
[13:05:51] [Render thread/INFO] [minecraft/ChatComponent]: [System] [CHAT] [@: 杀死了监守者]
[13:05:51] [Server thread/INFO] [minecraft/MinecraftServer]: [@: 召唤了新的监守者]
[13:05:51] [Server thread/INFO] [minecraft/MinecraftServer]: [@: 杀死了监守者]
[13:05:51] [Render thread/INFO] [minecraft/ChatComponent]: [System] [CHAT] [@: 召唤了新的监守者]
[13:05:51] [Render thread/INFO] [minecraft/ChatComponent]: [System] [CHAT] [@: 杀死了监守者]
[13:05:51] [Server thread/INFO] [minecraft/MinecraftServer]: [@: 召唤了新的监守者]
[13:05:51] [Server thread/INFO] [minecraft/MinecraftServer]: [@: 杀死了监守者]
[13:05:51] [Render thread/INFO] [minecraft/ChatComponent]: [System] [CHAT] [@: 召唤了新的监守者]
[13:05:51] [Render thread/INFO] [minecraft/ChatComponent]: [System] [CHAT] [@: 杀死了监守者]
[13:05:51] [Server thread/INFO] [minecraft/MinecraftServer]: [@: 召唤了新的监守者]
[13:05:51] [Server thread/INFO] [minecraft/MinecraftServer]: [@: 杀死了监守者]
[13:05:51] [Render thread/INFO] [minecraft/ChatComponent]: [System] [CHAT] [@: 召唤了新的监守者]
[13:05:51] [Render thread/INFO] [minecraft/ChatComponent]: [System] [CHAT] [@: 杀死了监守者]
[13:05:51] [Server thread/INFO] [minecraft/MinecraftServer]: [@: 召唤了新的监守者]
[13:05:51] [Server thread/INFO] [minecraft/MinecraftServer]: [@: 杀死了监守者]
[13:05:51] [Server thread/INFO] [minecraft/MinecraftServer]: [@: 召唤了新的监守者]
[13:05:51] [Render thread/INFO] [minecraft/ChatComponent]: [System] [CHAT] [@: 召唤了新的监守者]
[13:05:51] [Render thread/INFO] [minecraft/ChatComponent]: [System] [CHAT] [@: 杀死了监守者]
[13:05:51] [Server thread/INFO] [minecraft/MinecraftServer]: [@: 杀死了监守者]
[13:05:51] [Server thread/INFO] [minecraft/MinecraftServer]: [@: 召唤了新的监守者]
[13:05:51] [Render thread/INFO] [minecraft/ChatComponent]: [System] [CHAT] [@: 召唤了新的监守者]
[13:05:51] [Server thread/INFO] [minecraft/MinecraftServer]: [@: 杀死了监守者]
[13:05:51] [Render thread/INFO] [minecraft/ChatComponent]: [System] [CHAT] [@: 杀死了监守者]
[13:05:51] [Server thread/INFO] [minecraft/MinecraftServer]: [@: 召唤了新的监守者]
[13:05:51] [Server thread/INFO] [minecraft/MinecraftServer]: [@: 杀死了监守者]
[13:05:51] [Render thread/INFO] [minecraft/ChatComponent]: [System] [CHAT] [@: 召唤了新的监守者]
[13:05:51] [Render thread/INFO] [minecraft/ChatComponent]: [System] [CHAT] [@: 杀死了监守者]
[13:05:51] [Render thread/INFO] [minecraft/ChatComponent]: [System] [CHAT] [@: 召唤了新的监守者]
[13:05:51] [Render thread/INFO] [minecraft/ChatComponent]: [System] [CHAT] [@: 杀死了监守者]
[13:05:54] [Server thread/INFO] [minecraft/IntegratedServer]: Saving and pausing game...
[13:05:54] [Server thread/INFO] [minecraft/MinecraftServer]: Saving chunks for level 'ServerLevel[新的世界]'/minecraft:overworld
[13:05:54] [Server thread/INFO] [minecraft/MinecraftServer]: Saving chunks for level 'ServerLevel[新的世界]'/minecraft:the_nether
[13:05:54] [Server thread/INFO] [minecraft/MinecraftServer]: Saving chunks for level 'ServerLevel[新的世界]'/minecraft:the_end
[13:05:56] [Server thread/INFO] [minecraft/IntegratedServer]: Saving and pausing game...
[13:05:56] [Server thread/INFO] [minecraft/MinecraftServer]: Saving chunks for level 'ServerLevel[新的世界]'/minecraft:overworld
[13:05:56] [Server thread/INFO] [minecraft/MinecraftServer]: Saving chunks for level 'ServerLevel[新的世界]'/minecraft:the_nether
[13:05:56] [Server thread/INFO] [minecraft/MinecraftServer]: Saving chunks for level 'ServerLevel[新的世界]'/minecraft:the_end
[13:06:41] [Render thread/INFO] [minecraft/ChatComponent]: [System] [CHAT] 成功设置命令：summon minecraft:pig
[13:06:41] [Server thread/INFO] [minecraft/IntegratedServer]: Saving and pausing game...
[13:06:41] [Server thread/INFO] [minecraft/MinecraftServer]: Saving chunks for level 'ServerLevel[新的世界]'/minecraft:overworld
[13:06:41] [Server thread/INFO] [minecraft/MinecraftServer]: Saving chunks for level 'ServerLevel[新的世界]'/minecraft:the_nether
[13:06:41] [Server thread/INFO] [minecraft/MinecraftServer]: Saving chunks for level 'ServerLevel[新的世界]'/minecraft:the_end
[13:06:53] [Render thread/INFO] [minecraft/ChatComponent]: [System] [CHAT] 成功设置命令：kill @e[type= minecraft:pig]
[13:06:54] [Server thread/INFO] [minecraft/MinecraftServer]: [@: 召唤了新的猪]
[13:06:54] [Server thread/INFO] [minecraft/MinecraftServer]: [@: 杀死了猪]
[13:06:54] [Render thread/INFO] [minecraft/ChatComponent]: [System] [CHAT] [@: 召唤了新的猪]
[13:06:54] [Render thread/INFO] [minecraft/ChatComponent]: [System] [CHAT] [@: 杀死了猪]
[13:06:54] [Server thread/INFO] [minecraft/MinecraftServer]: [@: 召唤了新的猪]
[13:06:54] [Server thread/INFO] [minecraft/MinecraftServer]: [@: 杀死了猪]
[13:06:54] [Render thread/INFO] [minecraft/ChatComponent]: [System] [CHAT] [@: 召唤了新的猪]
[13:06:54] [Render thread/INFO] [minecraft/ChatComponent]: [System] [CHAT] [@: 杀死了猪]
[13:06:54] [Server thread/INFO] [minecraft/MinecraftServer]: [@: 召唤了新的猪]
[13:06:54] [Server thread/INFO] [minecraft/MinecraftServer]: [@: 杀死了猪]
[13:06:54] [Render thread/INFO] [minecraft/ChatComponent]: [System] [CHAT] [@: 召唤了新的猪]
[13:06:54] [Render thread/INFO] [minecraft/ChatComponent]: [System] [CHAT] [@: 杀死了猪]
[13:06:55] [Server thread/INFO] [minecraft/MinecraftServer]: [@: 召唤了新的猪]
[13:06:55] [Server thread/INFO] [minecraft/MinecraftServer]: [@: 杀死了猪]
[13:06:55] [Render thread/INFO] [minecraft/ChatComponent]: [System] [CHAT] [@: 召唤了新的猪]
[13:06:55] [Render thread/INFO] [minecraft/ChatComponent]: [System] [CHAT] [@: 杀死了猪]
[13:06:55] [Server thread/INFO] [minecraft/MinecraftServer]: [@: 召唤了新的猪]
[13:06:55] [Server thread/INFO] [minecraft/MinecraftServer]: [@: 杀死了猪]
[13:06:55] [Render thread/INFO] [minecraft/ChatComponent]: [System] [CHAT] [@: 召唤了新的猪]
[13:06:55] [Render thread/INFO] [minecraft/ChatComponent]: [System] [CHAT] [@: 杀死了猪]
[13:06:55] [Server thread/INFO] [minecraft/MinecraftServer]: [@: 召唤了新的猪]
[13:06:55] [Server thread/INFO] [minecraft/MinecraftServer]: [@: 杀死了猪]
[13:06:55] [Render thread/INFO] [minecraft/ChatComponent]: [System] [CHAT] [@: 召唤了新的猪]
[13:06:55] [Render thread/INFO] [minecraft/ChatComponent]: [System] [CHAT] [@: 杀死了猪]
[13:06:55] [Server thread/INFO] [minecraft/MinecraftServer]: [@: 召唤了新的猪]
[13:06:55] [Server thread/INFO] [minecraft/MinecraftServer]: [@: 杀死了猪]
[13:06:55] [Render thread/INFO] [minecraft/ChatComponent]: [System] [CHAT] [@: 召唤了新的猪]
[13:06:55] [Render thread/INFO] [minecraft/ChatComponent]: [System] [CHAT] [@: 杀死了猪]
[13:06:55] [Server thread/INFO] [minecraft/MinecraftServer]: [@: 召唤了新的猪]
[13:06:55] [Server thread/INFO] [minecraft/MinecraftServer]: [@: 杀死了猪]
[13:06:55] [Render thread/INFO] [minecraft/ChatComponent]: [System] [CHAT] [@: 召唤了新的猪]
[13:06:55] [Render thread/INFO] [minecraft/ChatComponent]: [System] [CHAT] [@: 杀死了猪]
[13:06:55] [Server thread/INFO] [minecraft/MinecraftServer]: [@: 召唤了新的猪]
[13:06:55] [Server thread/INFO] [minecraft/MinecraftServer]: [@: 杀死了猪]
[13:06:55] [Render thread/INFO] [minecraft/ChatComponent]: [System] [CHAT] [@: 召唤了新的猪]
[13:06:55] [Render thread/INFO] [minecraft/ChatComponent]: [System] [CHAT] [@: 杀死了猪]
[13:06:55] [Server thread/INFO] [minecraft/MinecraftServer]: [@: 召唤了新的猪]
[13:06:55] [Server thread/INFO] [minecraft/MinecraftServer]: [@: 杀死了猪]
[13:06:55] [Render thread/INFO] [minecraft/ChatComponent]: [System] [CHAT] [@: 召唤了新的猪]
[13:06:55] [Render thread/INFO] [minecraft/ChatComponent]: [System] [CHAT] [@: 杀死了猪]
[13:06:55] [Server thread/INFO] [minecraft/MinecraftServer]: [@: 召唤了新的猪]
[13:06:55] [Server thread/INFO] [minecraft/MinecraftServer]: [@: 杀死了猪]
[13:06:55] [Render thread/INFO] [minecraft/ChatComponent]: [System] [CHAT] [@: 召唤了新的猪]
[13:06:55] [Render thread/INFO] [minecraft/ChatComponent]: [System] [CHAT] [@: 杀死了猪]
[13:06:55] [Server thread/INFO] [minecraft/MinecraftServer]: [@: 召唤了新的猪]
[13:06:55] [Server thread/INFO] [minecraft/MinecraftServer]: [@: 杀死了猪]
[13:06:55] [Render thread/INFO] [minecraft/ChatComponent]: [System] [CHAT] [@: 召唤了新的猪]
[13:06:55] [Render thread/INFO] [minecraft/ChatComponent]: [System] [CHAT] [@: 杀死了猪]
[13:06:55] [Server thread/INFO] [minecraft/MinecraftServer]: [@: 召唤了新的猪]
[13:06:55] [Server thread/INFO] [minecraft/MinecraftServer]: [@: 杀死了猪]
[13:06:55] [Render thread/INFO] [minecraft/ChatComponent]: [System] [CHAT] [@: 召唤了新的猪]
[13:06:55] [Render thread/INFO] [minecraft/ChatComponent]: [System] [CHAT] [@: 杀死了猪]
[13:06:55] [Server thread/INFO] [minecraft/MinecraftServer]: [@: 召唤了新的猪]
[13:06:55] [Server thread/INFO] [minecraft/MinecraftServer]: [@: 杀死了猪]
[13:06:55] [Server thread/INFO] [minecraft/MinecraftServer]: [@: 召唤了新的猪]
[13:06:55] [Server thread/INFO] [minecraft/MinecraftServer]: [@: 杀死了猪]
[13:06:55] [Render thread/INFO] [minecraft/ChatComponent]: [System] [CHAT] [@: 召唤了新的猪]
[13:06:55] [Render thread/INFO] [minecraft/ChatComponent]: [System] [CHAT] [@: 杀死了猪]
[13:06:55] [Render thread/INFO] [minecraft/ChatComponent]: [System] [CHAT] [@: 召唤了新的猪]
[13:06:55] [Render thread/INFO] [minecraft/ChatComponent]: [System] [CHAT] [@: 杀死了猪]
[13:06:55] [Server thread/INFO] [minecraft/MinecraftServer]: [@: 召唤了新的猪]
[13:06:55] [Server thread/INFO] [minecraft/MinecraftServer]: [@: 杀死了猪]
[13:06:55] [Render thread/INFO] [minecraft/ChatComponent]: [System] [CHAT] [@: 召唤了新的猪]
[13:06:55] [Render thread/INFO] [minecraft/ChatComponent]: [System] [CHAT] [@: 杀死了猪]
[13:06:55] [Server thread/INFO] [minecraft/MinecraftServer]: [@: 召唤了新的猪]
[13:06:55] [Server thread/INFO] [minecraft/MinecraftServer]: [@: 杀死了猪]
[13:06:55] [Render thread/INFO] [minecraft/ChatComponent]: [System] [CHAT] [@: 召唤了新的猪]
[13:06:55] [Render thread/INFO] [minecraft/ChatComponent]: [System] [CHAT] [@: 杀死了猪]
[13:06:55] [Server thread/INFO] [minecraft/MinecraftServer]: [@: 召唤了新的猪]
[13:06:55] [Server thread/INFO] [minecraft/MinecraftServer]: [@: 杀死了猪]
[13:06:55] [Render thread/INFO] [minecraft/ChatComponent]: [System] [CHAT] [@: 召唤了新的猪]
[13:06:55] [Render thread/INFO] [minecraft/ChatComponent]: [System] [CHAT] [@: 杀死了猪]
[13:06:55] [Server thread/INFO] [minecraft/MinecraftServer]: [@: 召唤了新的猪]
[13:06:55] [Server thread/INFO] [minecraft/MinecraftServer]: [@: 杀死了猪]
[13:06:55] [Render thread/INFO] [minecraft/ChatComponent]: [System] [CHAT] [@: 召唤了新的猪]
[13:06:55] [Render thread/INFO] [minecraft/ChatComponent]: [System] [CHAT] [@: 杀死了猪]
[13:06:55] [Server thread/INFO] [minecraft/MinecraftServer]: [@: 召唤了新的猪]
[13:06:55] [Server thread/INFO] [minecraft/MinecraftServer]: [@: 杀死了猪]
[13:06:55] [Render thread/INFO] [minecraft/ChatComponent]: [System] [CHAT] [@: 召唤了新的猪]
[13:06:55] [Render thread/INFO] [minecraft/ChatComponent]: [System] [CHAT] [@: 杀死了猪]
[13:06:55] [Server thread/INFO] [minecraft/MinecraftServer]: [@: 召唤了新的猪]
[13:06:55] [Server thread/INFO] [minecraft/MinecraftServer]: [@: 杀死了猪]
[13:06:55] [Render thread/INFO] [minecraft/ChatComponent]: [System] [CHAT] [@: 召唤了新的猪]
[13:06:55] [Render thread/INFO] [minecraft/ChatComponent]: [System] [CHAT] [@: 杀死了猪]
[13:06:55] [Server thread/INFO] [minecraft/MinecraftServer]: [@: 召唤了新的猪]
[13:06:55] [Server thread/INFO] [minecraft/MinecraftServer]: [@: 杀死了猪]
[13:06:55] [Render thread/INFO] [minecraft/ChatComponent]: [System] [CHAT] [@: 召唤了新的猪]
[13:06:55] [Render thread/INFO] [minecraft/ChatComponent]: [System] [CHAT] [@: 杀死了猪]
[13:06:55] [Server thread/INFO] [minecraft/MinecraftServer]: [@: 召唤了新的猪]
[13:06:55] [Server thread/INFO] [minecraft/MinecraftServer]: [@: 杀死了猪]
[13:06:55] [Render thread/INFO] [minecraft/ChatComponent]: [System] [CHAT] [@: 召唤了新的猪]
[13:06:55] [Render thread/INFO] [minecraft/ChatComponent]: [System] [CHAT] [@: 杀死了猪]
[13:06:56] [Server thread/INFO] [minecraft/MinecraftServer]: [@: 召唤了新的猪]
[13:06:56] [Server thread/INFO] [minecraft/MinecraftServer]: [@: 杀死了猪]
[13:06:56] [Render thread/INFO] [minecraft/ChatComponent]: [System] [CHAT] [@: 召唤了新的猪]
[13:06:56] [Render thread/INFO] [minecraft/ChatComponent]: [System] [CHAT] [@: 杀死了猪]
[13:06:56] [Server thread/INFO] [minecraft/MinecraftServer]: [@: 召唤了新的猪]
[13:06:56] [Server thread/INFO] [minecraft/MinecraftServer]: [@: 杀死了猪]
[13:06:56] [Render thread/INFO] [minecraft/ChatComponent]: [System] [CHAT] [@: 召唤了新的猪]
[13:06:56] [Render thread/INFO] [minecraft/ChatComponent]: [System] [CHAT] [@: 杀死了猪]
[13:06:56] [Server thread/INFO] [minecraft/MinecraftServer]: [@: 召唤了新的猪]
[13:06:56] [Server thread/INFO] [minecraft/MinecraftServer]: [@: 杀死了猪]
[13:06:56] [Render thread/INFO] [minecraft/ChatComponent]: [System] [CHAT] [@: 召唤了新的猪]
[13:06:56] [Render thread/INFO] [minecraft/ChatComponent]: [System] [CHAT] [@: 杀死了猪]
[13:06:56] [Server thread/INFO] [minecraft/MinecraftServer]: [@: 召唤了新的猪]
[13:06:56] [Server thread/INFO] [minecraft/MinecraftServer]: [@: 杀死了猪]
[13:06:56] [Render thread/INFO] [minecraft/ChatComponent]: [System] [CHAT] [@: 召唤了新的猪]
[13:06:56] [Render thread/INFO] [minecraft/ChatComponent]: [System] [CHAT] [@: 杀死了猪]
[13:06:56] [Server thread/INFO] [minecraft/MinecraftServer]: [@: 召唤了新的猪]
[13:06:56] [Server thread/INFO] [minecraft/MinecraftServer]: [@: 杀死了猪]
[13:06:56] [Render thread/INFO] [minecraft/ChatComponent]: [System] [CHAT] [@: 召唤了新的猪]
[13:06:56] [Render thread/INFO] [minecraft/ChatComponent]: [System] [CHAT] [@: 杀死了猪]
[13:06:56] [Server thread/INFO] [minecraft/MinecraftServer]: [@: 召唤了新的猪]
[13:06:56] [Server thread/INFO] [minecraft/MinecraftServer]: [@: 杀死了猪]
[13:06:56] [Render thread/INFO] [minecraft/ChatComponent]: [System] [CHAT] [@: 召唤了新的猪]
[13:06:56] [Render thread/INFO] [minecraft/ChatComponent]: [System] [CHAT] [@: 杀死了猪]
[13:06:56] [Server thread/INFO] [minecraft/MinecraftServer]: [@: 召唤了新的猪]
[13:06:56] [Server thread/INFO] [minecraft/MinecraftServer]: [@: 杀死了猪]
[13:06:56] [Render thread/INFO] [minecraft/ChatComponent]: [System] [CHAT] [@: 召唤了新的猪]
[13:06:56] [Render thread/INFO] [minecraft/ChatComponent]: [System] [CHAT] [@: 杀死了猪]
[13:06:56] [Server thread/INFO] [minecraft/MinecraftServer]: [@: 召唤了新的猪]
[13:06:56] [Server thread/INFO] [minecraft/MinecraftServer]: [@: 杀死了猪]
[13:06:56] [Render thread/INFO] [minecraft/ChatComponent]: [System] [CHAT] [@: 召唤了新的猪]
[13:06:56] [Render thread/INFO] [minecraft/ChatComponent]: [System] [CHAT] [@: 杀死了猪]
[13:06:56] [Server thread/INFO] [minecraft/MinecraftServer]: [@: 召唤了新的猪]
[13:06:56] [Server thread/INFO] [minecraft/MinecraftServer]: [@: 杀死了猪]
[13:06:56] [Render thread/INFO] [minecraft/ChatComponent]: [System] [CHAT] [@: 召唤了新的猪]
[13:06:56] [Render thread/INFO] [minecraft/ChatComponent]: [System] [CHAT] [@: 杀死了猪]
[13:06:56] [Server thread/INFO] [minecraft/MinecraftServer]: [@: 召唤了新的猪]
[13:06:56] [Server thread/INFO] [minecraft/MinecraftServer]: [@: 杀死了猪]
[13:06:56] [Render thread/INFO] [minecraft/ChatComponent]: [System] [CHAT] [@: 召唤了新的猪]
[13:06:56] [Render thread/INFO] [minecraft/ChatComponent]: [System] [CHAT] [@: 杀死了猪]
[13:06:56] [Server thread/INFO] [minecraft/MinecraftServer]: [@: 召唤了新的猪]
[13:06:56] [Server thread/INFO] [minecraft/MinecraftServer]: [@: 杀死了猪]
[13:06:56] [Render thread/INFO] [minecraft/ChatComponent]: [System] [CHAT] [@: 召唤了新的猪]
[13:06:56] [Render thread/INFO] [minecraft/ChatComponent]: [System] [CHAT] [@: 杀死了猪]
[13:06:56] [Server thread/INFO] [minecraft/MinecraftServer]: [@: 召唤了新的猪]
[13:06:56] [Server thread/INFO] [minecraft/MinecraftServer]: [@: 杀死了猪]
[13:06:56] [Render thread/INFO] [minecraft/ChatComponent]: [System] [CHAT] [@: 召唤了新的猪]
[13:06:56] [Render thread/INFO] [minecraft/ChatComponent]: [System] [CHAT] [@: 杀死了猪]
[13:06:56] [Server thread/INFO] [minecraft/MinecraftServer]: [@: 召唤了新的猪]
[13:06:56] [Server thread/INFO] [minecraft/MinecraftServer]: [@: 杀死了猪]
[13:06:56] [Render thread/INFO] [minecraft/ChatComponent]: [System] [CHAT] [@: 召唤了新的猪]
[13:06:56] [Render thread/INFO] [minecraft/ChatComponent]: [System] [CHAT] [@: 杀死了猪]
[13:06:56] [Server thread/INFO] [minecraft/MinecraftServer]: [@: 召唤了新的猪]
[13:06:56] [Server thread/INFO] [minecraft/MinecraftServer]: [@: 杀死了猪]
[13:06:56] [Render thread/INFO] [minecraft/ChatComponent]: [System] [CHAT] [@: 召唤了新的猪]
[13:06:56] [Render thread/INFO] [minecraft/ChatComponent]: [System] [CHAT] [@: 杀死了猪]
[13:06:56] [Server thread/INFO] [minecraft/MinecraftServer]: [@: 召唤了新的猪]
[13:06:56] [Server thread/INFO] [minecraft/MinecraftServer]: [@: 杀死了猪]
[13:06:56] [Render thread/INFO] [minecraft/ChatComponent]: [System] [CHAT] [@: 召唤了新的猪]
[13:06:56] [Render thread/INFO] [minecraft/ChatComponent]: [System] [CHAT] [@: 杀死了猪]
[13:06:56] [Server thread/INFO] [minecraft/MinecraftServer]: [@: 召唤了新的猪]
[13:06:56] [Server thread/INFO] [minecraft/MinecraftServer]: [@: 杀死了猪]
[13:06:56] [Render thread/INFO] [minecraft/ChatComponent]: [System] [CHAT] [@: 召唤了新的猪]
[13:06:56] [Render thread/INFO] [minecraft/ChatComponent]: [System] [CHAT] [@: 杀死了猪]
[13:06:56] [Server thread/INFO] [minecraft/MinecraftServer]: [@: 召唤了新的猪]
[13:06:56] [Server thread/INFO] [minecraft/MinecraftServer]: [@: 杀死了猪]
[13:06:56] [Render thread/INFO] [minecraft/ChatComponent]: [System] [CHAT] [@: 召唤了新的猪]
[13:06:56] [Render thread/INFO] [minecraft/ChatComponent]: [System] [CHAT] [@: 杀死了猪]
[13:06:56] [Server thread/INFO] [minecraft/MinecraftServer]: [@: 召唤了新的猪]
[13:06:56] [Server thread/INFO] [minecraft/MinecraftServer]: [@: 杀死了猪]
[13:06:56] [Render thread/INFO] [minecraft/ChatComponent]: [System] [CHAT] [@: 召唤了新的猪]
[13:06:56] [Render thread/INFO] [minecraft/ChatComponent]: [System] [CHAT] [@: 杀死了猪]
[13:06:56] [Server thread/INFO] [minecraft/MinecraftServer]: [@: 召唤了新的猪]
[13:06:56] [Server thread/INFO] [minecraft/MinecraftServer]: [@: 杀死了猪]
[13:06:56] [Render thread/INFO] [minecraft/ChatComponent]: [System] [CHAT] [@: 召唤了新的猪]
[13:06:56] [Render thread/INFO] [minecraft/ChatComponent]: [System] [CHAT] [@: 杀死了猪]
[13:06:56] [Server thread/INFO] [minecraft/MinecraftServer]: [@: 召唤了新的猪]
[13:06:56] [Server thread/INFO] [minecraft/MinecraftServer]: [@: 杀死了猪]
[13:06:56] [Render thread/INFO] [minecraft/ChatComponent]: [System] [CHAT] [@: 召唤了新的猪]
[13:06:56] [Render thread/INFO] [minecraft/ChatComponent]: [System] [CHAT] [@: 杀死了猪]
[13:06:57] [Server thread/INFO] [minecraft/MinecraftServer]: [@: 召唤了新的猪]
[13:06:57] [Server thread/INFO] [minecraft/MinecraftServer]: [@: 杀死了猪]
[13:06:57] [Render thread/INFO] [minecraft/ChatComponent]: [System] [CHAT] [@: 召唤了新的猪]
[13:06:57] [Render thread/INFO] [minecraft/ChatComponent]: [System] [CHAT] [@: 杀死了猪]
[13:06:57] [Server thread/INFO] [minecraft/MinecraftServer]: [@: 召唤了新的猪]
[13:06:57] [Server thread/INFO] [minecraft/MinecraftServer]: [@: 杀死了猪]
[13:06:57] [Render thread/INFO] [minecraft/ChatComponent]: [System] [CHAT] [@: 召唤了新的猪]
[13:06:57] [Render thread/INFO] [minecraft/ChatComponent]: [System] [CHAT] [@: 杀死了猪]
[13:06:57] [Server thread/INFO] [minecraft/MinecraftServer]: [@: 召唤了新的猪]
[13:06:57] [Server thread/INFO] [minecraft/MinecraftServer]: [@: 杀死了猪]
[13:06:57] [Render thread/INFO] [minecraft/ChatComponent]: [System] [CHAT] [@: 召唤了新的猪]
[13:06:57] [Render thread/INFO] [minecraft/ChatComponent]: [System] [CHAT] [@: 杀死了猪]
[13:06:57] [Server thread/INFO] [minecraft/MinecraftServer]: [@: 召唤了新的猪]
[13:06:57] [Server thread/INFO] [minecraft/MinecraftServer]: [@: 杀死了猪]
[13:06:57] [Render thread/INFO] [minecraft/ChatComponent]: [System] [CHAT] [@: 召唤了新的猪]
[13:06:57] [Render thread/INFO] [minecraft/ChatComponent]: [System] [CHAT] [@: 杀死了猪]
[13:06:57] [Server thread/INFO] [minecraft/MinecraftServer]: [@: 召唤了新的猪]
[13:06:57] [Server thread/INFO] [minecraft/MinecraftServer]: [@: 杀死了猪]
[13:06:57] [Render thread/INFO] [minecraft/ChatComponent]: [System] [CHAT] [@: 召唤了新的猪]
[13:06:57] [Render thread/INFO] [minecraft/ChatComponent]: [System] [CHAT] [@: 杀死了猪]
[13:06:57] [Server thread/INFO] [minecraft/MinecraftServer]: [@: 召唤了新的猪]
[13:06:57] [Server thread/INFO] [minecraft/MinecraftServer]: [@: 杀死了猪]
[13:06:57] [Render thread/INFO] [minecraft/ChatComponent]: [System] [CHAT] [@: 召唤了新的猪]
[13:06:57] [Render thread/INFO] [minecraft/ChatComponent]: [System] [CHAT] [@: 杀死了猪]
[13:06:57] [Server thread/INFO] [minecraft/MinecraftServer]: [@: 召唤了新的猪]
[13:06:57] [Server thread/INFO] [minecraft/MinecraftServer]: [@: 杀死了猪]
[13:06:57] [Render thread/INFO] [minecraft/ChatComponent]: [System] [CHAT] [@: 召唤了新的猪]
[13:06:57] [Render thread/INFO] [minecraft/ChatComponent]: [System] [CHAT] [@: 杀死了猪]
[13:06:57] [Server thread/INFO] [minecraft/MinecraftServer]: [@: 召唤了新的猪]
[13:06:57] [Server thread/INFO] [minecraft/MinecraftServer]: [@: 杀死了猪]
[13:06:57] [Render thread/INFO] [minecraft/ChatComponent]: [System] [CHAT] [@: 召唤了新的猪]
[13:06:57] [Render thread/INFO] [minecraft/ChatComponent]: [System] [CHAT] [@: 杀死了猪]
[13:06:57] [Server thread/INFO] [minecraft/MinecraftServer]: [@: 召唤了新的猪]
[13:06:57] [Server thread/INFO] [minecraft/MinecraftServer]: [@: 杀死了猪]
[13:06:57] [Render thread/INFO] [minecraft/ChatComponent]: [System] [CHAT] [@: 召唤了新的猪]
[13:06:57] [Render thread/INFO] [minecraft/ChatComponent]: [System] [CHAT] [@: 杀死了猪]
[13:06:57] [Server thread/INFO] [minecraft/MinecraftServer]: [@: 召唤了新的猪]
[13:06:57] [Server thread/INFO] [minecraft/MinecraftServer]: [@: 杀死了猪]
[13:06:57] [Render thread/INFO] [minecraft/ChatComponent]: [System] [CHAT] [@: 召唤了新的猪]
[13:06:57] [Render thread/INFO] [minecraft/ChatComponent]: [System] [CHAT] [@: 杀死了猪]
[13:06:57] [Server thread/INFO] [minecraft/MinecraftServer]: [@: 召唤了新的猪]
[13:06:57] [Server thread/INFO] [minecraft/MinecraftServer]: [@: 杀死了猪]
[13:06:57] [Render thread/INFO] [minecraft/ChatComponent]: [System] [CHAT] [@: 召唤了新的猪]
[13:06:57] [Render thread/INFO] [minecraft/ChatComponent]: [System] [CHAT] [@: 杀死了猪]
[13:06:57] [Server thread/INFO] [minecraft/MinecraftServer]: [@: 召唤了新的猪]
[13:06:57] [Server thread/INFO] [minecraft/MinecraftServer]: [@: 杀死了猪]
[13:06:57] [Render thread/INFO] [minecraft/ChatComponent]: [System] [CHAT] [@: 召唤了新的猪]
[13:06:57] [Render thread/INFO] [minecraft/ChatComponent]: [System] [CHAT] [@: 杀死了猪]
[13:06:57] [Server thread/INFO] [minecraft/MinecraftServer]: [@: 召唤了新的猪]
[13:06:57] [Server thread/INFO] [minecraft/MinecraftServer]: [@: 杀死了猪]
[13:06:57] [Render thread/INFO] [minecraft/ChatComponent]: [System] [CHAT] [@: 召唤了新的猪]
[13:06:57] [Render thread/INFO] [minecraft/ChatComponent]: [System] [CHAT] [@: 杀死了猪]
[13:06:57] [Server thread/INFO] [minecraft/MinecraftServer]: [@: 召唤了新的猪]
[13:06:57] [Server thread/INFO] [minecraft/MinecraftServer]: [@: 杀死了猪]
[13:06:57] [Render thread/INFO] [minecraft/ChatComponent]: [System] [CHAT] [@: 召唤了新的猪]
[13:06:57] [Render thread/INFO] [minecraft/ChatComponent]: [System] [CHAT] [@: 杀死了猪]
[13:06:57] [Server thread/INFO] [minecraft/MinecraftServer]: [@: 召唤了新的猪]
[13:06:57] [Server thread/INFO] [minecraft/MinecraftServer]: [@: 杀死了猪]
[13:06:57] [Render thread/INFO] [minecraft/ChatComponent]: [System] [CHAT] [@: 召唤了新的猪]
[13:06:57] [Render thread/INFO] [minecraft/ChatComponent]: [System] [CHAT] [@: 杀死了猪]
[13:06:57] [Server thread/INFO] [minecraft/MinecraftServer]: [@: 召唤了新的猪]
[13:06:57] [Server thread/INFO] [minecraft/MinecraftServer]: [@: 杀死了猪]
[13:06:57] [Render thread/INFO] [minecraft/ChatComponent]: [System] [CHAT] [@: 召唤了新的猪]
[13:06:57] [Render thread/INFO] [minecraft/ChatComponent]: [System] [CHAT] [@: 杀死了猪]
[13:06:57] [Server thread/INFO] [minecraft/MinecraftServer]: [@: 召唤了新的猪]
[13:06:57] [Server thread/INFO] [minecraft/MinecraftServer]: [@: 杀死了猪]
[13:06:57] [Render thread/INFO] [minecraft/ChatComponent]: [System] [CHAT] [@: 召唤了新的猪]
[13:06:57] [Render thread/INFO] [minecraft/ChatComponent]: [System] [CHAT] [@: 杀死了猪]
[13:06:57] [Server thread/INFO] [minecraft/MinecraftServer]: [@: 召唤了新的猪]
[13:06:57] [Server thread/INFO] [minecraft/MinecraftServer]: [@: 杀死了猪]
[13:06:57] [Render thread/INFO] [minecraft/ChatComponent]: [System] [CHAT] [@: 召唤了新的猪]
[13:06:57] [Render thread/INFO] [minecraft/ChatComponent]: [System] [CHAT] [@: 杀死了猪]
[13:06:57] [Server thread/INFO] [minecraft/MinecraftServer]: [@: 召唤了新的猪]
[13:06:57] [Server thread/INFO] [minecraft/MinecraftServer]: [@: 杀死了猪]
[13:06:57] [Render thread/INFO] [minecraft/ChatComponent]: [System] [CHAT] [@: 召唤了新的猪]
[13:06:57] [Render thread/INFO] [minecraft/ChatComponent]: [System] [CHAT] [@: 杀死了猪]
[13:06:57] [Server thread/INFO] [minecraft/MinecraftServer]: [@: 召唤了新的猪]
[13:06:57] [Server thread/INFO] [minecraft/MinecraftServer]: [@: 杀死了猪]
[13:06:57] [Render thread/INFO] [minecraft/ChatComponent]: [System] [CHAT] [@: 召唤了新的猪]
[13:06:57] [Render thread/INFO] [minecraft/ChatComponent]: [System] [CHAT] [@: 杀死了猪]
[13:06:58] [Server thread/INFO] [minecraft/MinecraftServer]: [@: 召唤了新的猪]
[13:06:58] [Server thread/INFO] [minecraft/MinecraftServer]: [@: 杀死了猪]
[13:06:58] [Render thread/INFO] [minecraft/ChatComponent]: [System] [CHAT] [@: 召唤了新的猪]
[13:06:58] [Render thread/INFO] [minecraft/ChatComponent]: [System] [CHAT] [@: 杀死了猪]
[13:06:58] [Server thread/INFO] [minecraft/MinecraftServer]: [@: 召唤了新的猪]
[13:06:58] [Server thread/INFO] [minecraft/MinecraftServer]: [@: 杀死了猪]
[13:06:58] [Render thread/INFO] [minecraft/ChatComponent]: [System] [CHAT] [@: 召唤了新的猪]
[13:06:58] [Render thread/INFO] [minecraft/ChatComponent]: [System] [CHAT] [@: 杀死了猪]
[13:06:58] [Server thread/INFO] [minecraft/MinecraftServer]: [@: 召唤了新的猪]
[13:06:58] [Server thread/INFO] [minecraft/MinecraftServer]: [@: 杀死了猪]
[13:06:58] [Render thread/INFO] [minecraft/ChatComponent]: [System] [CHAT] [@: 召唤了新的猪]
[13:06:58] [Render thread/INFO] [minecraft/ChatComponent]: [System] [CHAT] [@: 杀死了猪]
[13:06:58] [Server thread/INFO] [minecraft/MinecraftServer]: [@: 召唤了新的猪]
[13:06:58] [Server thread/INFO] [minecraft/MinecraftServer]: [@: 杀死了猪]
[13:06:58] [Render thread/INFO] [minecraft/ChatComponent]: [System] [CHAT] [@: 召唤了新的猪]
[13:06:58] [Render thread/INFO] [minecraft/ChatComponent]: [System] [CHAT] [@: 杀死了猪]
[13:06:58] [Server thread/INFO] [minecraft/MinecraftServer]: [@: 召唤了新的猪]
[13:06:58] [Server thread/INFO] [minecraft/MinecraftServer]: [@: 杀死了猪]
[13:06:58] [Render thread/INFO] [minecraft/ChatComponent]: [System] [CHAT] [@: 召唤了新的猪]
[13:06:58] [Render thread/INFO] [minecraft/ChatComponent]: [System] [CHAT] [@: 杀死了猪]
[13:06:58] [Server thread/INFO] [minecraft/MinecraftServer]: [@: 召唤了新的猪]
[13:06:58] [Server thread/INFO] [minecraft/MinecraftServer]: [@: 杀死了猪]
[13:06:58] [Render thread/INFO] [minecraft/ChatComponent]: [System] [CHAT] [@: 召唤了新的猪]
[13:06:58] [Render thread/INFO] [minecraft/ChatComponent]: [System] [CHAT] [@: 杀死了猪]
[13:06:58] [Server thread/INFO] [minecraft/MinecraftServer]: [@: 召唤了新的猪]
[13:06:58] [Server thread/INFO] [minecraft/MinecraftServer]: [@: 杀死了猪]
[13:06:58] [Render thread/INFO] [minecraft/ChatComponent]: [System] [CHAT] [@: 召唤了新的猪]
[13:06:58] [Render thread/INFO] [minecraft/ChatComponent]: [System] [CHAT] [@: 杀死了猪]
[13:06:58] [Server thread/INFO] [minecraft/MinecraftServer]: [@: 召唤了新的猪]
[13:06:58] [Server thread/INFO] [minecraft/MinecraftServer]: [@: 杀死了猪]
[13:06:58] [Render thread/INFO] [minecraft/ChatComponent]: [System] [CHAT] [@: 召唤了新的猪]
[13:06:58] [Render thread/INFO] [minecraft/ChatComponent]: [System] [CHAT] [@: 杀死了猪]
[13:06:58] [Server thread/INFO] [minecraft/MinecraftServer]: [@: 召唤了新的猪]
[13:06:58] [Server thread/INFO] [minecraft/MinecraftServer]: [@: 杀死了猪]
[13:06:58] [Render thread/INFO] [minecraft/ChatComponent]: [System] [CHAT] [@: 召唤了新的猪]
[13:06:58] [Render thread/INFO] [minecraft/ChatComponent]: [System] [CHAT] [@: 杀死了猪]
[13:06:58] [Server thread/INFO] [minecraft/MinecraftServer]: [@: 召唤了新的猪]
[13:06:58] [Server thread/INFO] [minecraft/MinecraftServer]: [@: 杀死了猪]
[13:06:58] [Render thread/INFO] [minecraft/ChatComponent]: [System] [CHAT] [@: 召唤了新的猪]
[13:06:58] [Render thread/INFO] [minecraft/ChatComponent]: [System] [CHAT] [@: 杀死了猪]
[13:06:58] [Server thread/INFO] [minecraft/MinecraftServer]: [@: 召唤了新的猪]
[13:06:58] [Server thread/INFO] [minecraft/MinecraftServer]: [@: 杀死了猪]
[13:06:58] [Render thread/INFO] [minecraft/ChatComponent]: [System] [CHAT] [@: 召唤了新的猪]
[13:06:58] [Render thread/INFO] [minecraft/ChatComponent]: [System] [CHAT] [@: 杀死了猪]
[13:06:58] [Server thread/INFO] [minecraft/MinecraftServer]: [@: 召唤了新的猪]
[13:06:58] [Server thread/INFO] [minecraft/MinecraftServer]: [@: 杀死了猪]
[13:06:58] [Render thread/INFO] [minecraft/ChatComponent]: [System] [CHAT] [@: 召唤了新的猪]
[13:06:58] [Render thread/INFO] [minecraft/ChatComponent]: [System] [CHAT] [@: 杀死了猪]
[13:06:58] [Server thread/INFO] [minecraft/MinecraftServer]: [@: 召唤了新的猪]
[13:06:58] [Server thread/INFO] [minecraft/MinecraftServer]: [@: 杀死了猪]
[13:06:58] [Render thread/INFO] [minecraft/ChatComponent]: [System] [CHAT] [@: 召唤了新的猪]
[13:06:58] [Render thread/INFO] [minecraft/ChatComponent]: [System] [CHAT] [@: 杀死了猪]
[13:06:58] [Server thread/INFO] [minecraft/MinecraftServer]: [@: 召唤了新的猪]
[13:06:58] [Server thread/INFO] [minecraft/MinecraftServer]: [@: 杀死了猪]
[13:06:58] [Render thread/INFO] [minecraft/ChatComponent]: [System] [CHAT] [@: 召唤了新的猪]
[13:06:58] [Render thread/INFO] [minecraft/ChatComponent]: [System] [CHAT] [@: 杀死了猪]
[13:06:58] [Server thread/INFO] [minecraft/MinecraftServer]: [@: 召唤了新的猪]
[13:06:58] [Server thread/INFO] [minecraft/MinecraftServer]: [@: 杀死了猪]
[13:06:58] [Render thread/INFO] [minecraft/ChatComponent]: [System] [CHAT] [@: 召唤了新的猪]
[13:06:58] [Render thread/INFO] [minecraft/ChatComponent]: [System] [CHAT] [@: 杀死了猪]
[13:06:58] [Render thread/INFO] [minecraft/AdvancementTree]: Loaded 5 advancements
[13:06:58] [Server thread/INFO] [minecraft/MinecraftServer]: [@: 召唤了新的猪]
[13:06:58] [Server thread/INFO] [minecraft/MinecraftServer]: [@: 杀死了猪]
[13:06:58] [Render thread/INFO] [minecraft/ChatComponent]: [System] [CHAT] [@: 召唤了新的猪]
[13:06:58] [Render thread/INFO] [minecraft/ChatComponent]: [System] [CHAT] [@: 杀死了猪]
[13:06:58] [Server thread/INFO] [minecraft/MinecraftServer]: [@: 召唤了新的猪]
[13:06:58] [Server thread/INFO] [minecraft/MinecraftServer]: [@: 杀死了猪]
[13:06:58] [Render thread/INFO] [minecraft/ChatComponent]: [System] [CHAT] [@: 召唤了新的猪]
[13:06:58] [Render thread/INFO] [minecraft/ChatComponent]: [System] [CHAT] [@: 杀死了猪]
[13:06:58] [Server thread/INFO] [minecraft/MinecraftServer]: [@: 召唤了新的猪]
[13:06:58] [Server thread/INFO] [minecraft/MinecraftServer]: [@: 杀死了猪]
[13:06:58] [Render thread/INFO] [minecraft/ChatComponent]: [System] [CHAT] [@: 召唤了新的猪]
[13:06:58] [Render thread/INFO] [minecraft/ChatComponent]: [System] [CHAT] [@: 杀死了猪]
[13:06:58] [Server thread/INFO] [minecraft/MinecraftServer]: [@: 召唤了新的猪]
[13:06:58] [Server thread/INFO] [minecraft/MinecraftServer]: [@: 杀死了猪]
[13:06:58] [Render thread/INFO] [minecraft/ChatComponent]: [System] [CHAT] [@: 召唤了新的猪]
[13:06:58] [Render thread/INFO] [minecraft/ChatComponent]: [System] [CHAT] [@: 杀死了猪]
[13:06:58] [Server thread/INFO] [minecraft/MinecraftServer]: [@: 召唤了新的猪]
[13:06:58] [Server thread/INFO] [minecraft/MinecraftServer]: [@: 杀死了猪]
[13:06:59] [Render thread/INFO] [minecraft/ChatComponent]: [System] [CHAT] [@: 召唤了新的猪]
[13:06:59] [Server thread/INFO] [minecraft/MinecraftServer]: [@: 召唤了新的猪]
[13:06:59] [Server thread/INFO] [minecraft/MinecraftServer]: [@: 杀死了猪]
[13:06:59] [Render thread/INFO] [minecraft/ChatComponent]: [System] [CHAT] [@: 杀死了猪]
[13:06:59] [Render thread/INFO] [minecraft/ChatComponent]: [System] [CHAT] [@: 召唤了新的猪]
[13:06:59] [Render thread/INFO] [minecraft/ChatComponent]: [System] [CHAT] [@: 杀死了猪]
[13:06:59] [Server thread/INFO] [minecraft/MinecraftServer]: [@: 召唤了新的猪]
[13:06:59] [Server thread/INFO] [minecraft/MinecraftServer]: [@: 杀死了猪]
[13:06:59] [Render thread/INFO] [minecraft/ChatComponent]: [System] [CHAT] [@: 召唤了新的猪]
[13:06:59] [Render thread/INFO] [minecraft/ChatComponent]: [System] [CHAT] [@: 杀死了猪]
[13:06:59] [Server thread/INFO] [minecraft/MinecraftServer]: [@: 召唤了新的猪]
[13:06:59] [Server thread/INFO] [minecraft/MinecraftServer]: [@: 杀死了猪]
[13:06:59] [Render thread/INFO] [minecraft/ChatComponent]: [System] [CHAT] [@: 召唤了新的猪]
[13:06:59] [Render thread/INFO] [minecraft/ChatComponent]: [System] [CHAT] [@: 杀死了猪]
[13:06:59] [Server thread/INFO] [minecraft/MinecraftServer]: [@: 召唤了新的猪]
[13:06:59] [Server thread/INFO] [minecraft/MinecraftServer]: [@: 杀死了猪]
[13:06:59] [Render thread/INFO] [minecraft/ChatComponent]: [System] [CHAT] [@: 召唤了新的猪]
[13:06:59] [Render thread/INFO] [minecraft/ChatComponent]: [System] [CHAT] [@: 杀死了猪]
[13:06:59] [Server thread/INFO] [minecraft/MinecraftServer]: [@: 召唤了新的猪]
[13:06:59] [Server thread/INFO] [minecraft/MinecraftServer]: [@: 杀死了猪]
[13:06:59] [Render thread/INFO] [minecraft/ChatComponent]: [System] [CHAT] [@: 召唤了新的猪]
[13:06:59] [Render thread/INFO] [minecraft/ChatComponent]: [System] [CHAT] [@: 杀死了猪]
[13:06:59] [Server thread/INFO] [minecraft/MinecraftServer]: [@: 召唤了新的猪]
[13:06:59] [Server thread/INFO] [minecraft/MinecraftServer]: [@: 杀死了猪]
[13:06:59] [Render thread/INFO] [minecraft/ChatComponent]: [System] [CHAT] [@: 召唤了新的猪]
[13:06:59] [Render thread/INFO] [minecraft/ChatComponent]: [System] [CHAT] [@: 杀死了猪]
[13:06:59] [Server thread/INFO] [minecraft/MinecraftServer]: [@: 召唤了新的猪]
[13:06:59] [Server thread/INFO] [minecraft/MinecraftServer]: [@: 杀死了猪]
[13:06:59] [Render thread/INFO] [minecraft/ChatComponent]: [System] [CHAT] [@: 召唤了新的猪]
[13:06:59] [Render thread/INFO] [minecraft/ChatComponent]: [System] [CHAT] [@: 杀死了猪]
[13:06:59] [Server thread/INFO] [minecraft/MinecraftServer]: [@: 召唤了新的猪]
[13:06:59] [Server thread/INFO] [minecraft/MinecraftServer]: [@: 杀死了猪]
[13:06:59] [Render thread/INFO] [minecraft/ChatComponent]: [System] [CHAT] [@: 召唤了新的猪]
[13:06:59] [Render thread/INFO] [minecraft/ChatComponent]: [System] [CHAT] [@: 杀死了猪]
[13:06:59] [Server thread/INFO] [minecraft/MinecraftServer]: [@: 召唤了新的猪]
[13:06:59] [Server thread/INFO] [minecraft/MinecraftServer]: [@: 杀死了猪]
[13:06:59] [Render thread/INFO] [minecraft/ChatComponent]: [System] [CHAT] [@: 召唤了新的猪]
[13:06:59] [Render thread/INFO] [minecraft/ChatComponent]: [System] [CHAT] [@: 杀死了猪]
[13:06:59] [Server thread/INFO] [minecraft/MinecraftServer]: [@: 召唤了新的猪]
[13:06:59] [Server thread/INFO] [minecraft/MinecraftServer]: [@: 杀死了猪]
[13:06:59] [Render thread/INFO] [minecraft/ChatComponent]: [System] [CHAT] [@: 召唤了新的猪]
[13:06:59] [Render thread/INFO] [minecraft/ChatComponent]: [System] [CHAT] [@: 杀死了猪]
[13:06:59] [Server thread/INFO] [minecraft/MinecraftServer]: [@: 召唤了新的猪]
[13:06:59] [Server thread/INFO] [minecraft/MinecraftServer]: [@: 杀死了猪]
[13:06:59] [Render thread/INFO] [minecraft/ChatComponent]: [System] [CHAT] [@: 召唤了新的猪]
[13:06:59] [Render thread/INFO] [minecraft/ChatComponent]: [System] [CHAT] [@: 杀死了猪]
[13:06:59] [Server thread/INFO] [minecraft/MinecraftServer]: [@: 召唤了新的猪]
[13:06:59] [Server thread/INFO] [minecraft/MinecraftServer]: [@: 杀死了猪]
[13:06:59] [Render thread/INFO] [minecraft/ChatComponent]: [System] [CHAT] [@: 召唤了新的猪]
[13:06:59] [Render thread/INFO] [minecraft/ChatComponent]: [System] [CHAT] [@: 杀死了猪]
[13:06:59] [Server thread/INFO] [minecraft/MinecraftServer]: [@: 召唤了新的猪]
[13:06:59] [Server thread/INFO] [minecraft/MinecraftServer]: [@: 杀死了猪]
[13:06:59] [Render thread/INFO] [minecraft/ChatComponent]: [System] [CHAT] [@: 召唤了新的猪]
[13:06:59] [Render thread/INFO] [minecraft/ChatComponent]: [System] [CHAT] [@: 杀死了猪]
[13:06:59] [Server thread/INFO] [minecraft/MinecraftServer]: [@: 召唤了新的猪]
[13:06:59] [Server thread/INFO] [minecraft/MinecraftServer]: [@: 杀死了猪]
[13:06:59] [Render thread/INFO] [minecraft/ChatComponent]: [System] [CHAT] [@: 召唤了新的猪]
[13:06:59] [Render thread/INFO] [minecraft/ChatComponent]: [System] [CHAT] [@: 杀死了猪]
[13:06:59] [Server thread/INFO] [minecraft/MinecraftServer]: [@: 召唤了新的猪]
[13:06:59] [Server thread/INFO] [minecraft/MinecraftServer]: [@: 杀死了猪]
[13:06:59] [Render thread/INFO] [minecraft/ChatComponent]: [System] [CHAT] [@: 召唤了新的猪]
[13:06:59] [Render thread/INFO] [minecraft/ChatComponent]: [System] [CHAT] [@: 杀死了猪]
[13:06:59] [Server thread/INFO] [minecraft/MinecraftServer]: [@: 召唤了新的猪]
[13:06:59] [Server thread/INFO] [minecraft/MinecraftServer]: [@: 杀死了猪]
[13:06:59] [Render thread/INFO] [minecraft/ChatComponent]: [System] [CHAT] [@: 召唤了新的猪]
[13:06:59] [Render thread/INFO] [minecraft/ChatComponent]: [System] [CHAT] [@: 杀死了猪]
[13:06:59] [Server thread/INFO] [minecraft/MinecraftServer]: [@: 召唤了新的猪]
[13:06:59] [Server thread/INFO] [minecraft/MinecraftServer]: [@: 杀死了猪]
[13:06:59] [Render thread/INFO] [minecraft/ChatComponent]: [System] [CHAT] [@: 召唤了新的猪]
[13:06:59] [Render thread/INFO] [minecraft/ChatComponent]: [System] [CHAT] [@: 杀死了猪]
[13:06:59] [Server thread/INFO] [minecraft/MinecraftServer]: [@: 召唤了新的猪]
[13:06:59] [Server thread/INFO] [minecraft/MinecraftServer]: [@: 杀死了猪]
[13:06:59] [Render thread/INFO] [minecraft/ChatComponent]: [System] [CHAT] [@: 召唤了新的猪]
[13:06:59] [Render thread/INFO] [minecraft/ChatComponent]: [System] [CHAT] [@: 杀死了猪]
[13:06:59] [Server thread/INFO] [minecraft/MinecraftServer]: [@: 召唤了新的猪]
[13:06:59] [Server thread/INFO] [minecraft/MinecraftServer]: [@: 杀死了猪]
[13:06:59] [Render thread/INFO] [minecraft/ChatComponent]: [System] [CHAT] [@: 召唤了新的猪]
[13:06:59] [Render thread/INFO] [minecraft/ChatComponent]: [System] [CHAT] [@: 杀死了猪]
[13:06:59] [Server thread/INFO] [minecraft/MinecraftServer]: [@: 召唤了新的猪]
[13:06:59] [Server thread/INFO] [minecraft/MinecraftServer]: [@: 杀死了猪]
[13:06:59] [Render thread/INFO] [minecraft/ChatComponent]: [System] [CHAT] [@: 召唤了新的猪]
[13:06:59] [Render thread/INFO] [minecraft/ChatComponent]: [System] [CHAT] [@: 杀死了猪]
[13:07:00] [Server thread/INFO] [minecraft/MinecraftServer]: [@: 召唤了新的猪]
[13:07:00] [Server thread/INFO] [minecraft/MinecraftServer]: [@: 杀死了猪]
[13:07:00] [Render thread/INFO] [minecraft/ChatComponent]: [System] [CHAT] [@: 召唤了新的猪]
[13:07:00] [Render thread/INFO] [minecraft/ChatComponent]: [System] [CHAT] [@: 杀死了猪]
[13:07:00] [Server thread/INFO] [minecraft/MinecraftServer]: [@: 召唤了新的猪]
[13:07:00] [Server thread/INFO] [minecraft/MinecraftServer]: [@: 杀死了猪]
[13:07:00] [Render thread/INFO] [minecraft/ChatComponent]: [System] [CHAT] [@: 召唤了新的猪]
[13:07:00] [Render thread/INFO] [minecraft/ChatComponent]: [System] [CHAT] [@: 杀死了猪]
[13:07:00] [Server thread/INFO] [minecraft/MinecraftServer]: [@: 召唤了新的猪]
[13:07:00] [Server thread/INFO] [minecraft/MinecraftServer]: [@: 杀死了猪]
[13:07:00] [Render thread/INFO] [minecraft/ChatComponent]: [System] [CHAT] [@: 召唤了新的猪]
[13:07:00] [Render thread/INFO] [minecraft/ChatComponent]: [System] [CHAT] [@: 杀死了猪]
[13:07:00] [Server thread/INFO] [minecraft/MinecraftServer]: [@: 召唤了新的猪]
[13:07:00] [Server thread/INFO] [minecraft/MinecraftServer]: [@: 杀死了猪]
[13:07:00] [Render thread/INFO] [minecraft/ChatComponent]: [System] [CHAT] [@: 召唤了新的猪]
[13:07:00] [Render thread/INFO] [minecraft/ChatComponent]: [System] [CHAT] [@: 杀死了猪]
[13:07:00] [Server thread/INFO] [minecraft/MinecraftServer]: [@: 召唤了新的猪]
[13:07:00] [Server thread/INFO] [minecraft/MinecraftServer]: [@: 杀死了猪]
[13:07:00] [Render thread/INFO] [minecraft/ChatComponent]: [System] [CHAT] [@: 召唤了新的猪]
[13:07:00] [Render thread/INFO] [minecraft/ChatComponent]: [System] [CHAT] [@: 杀死了猪]
[13:07:00] [Server thread/INFO] [minecraft/MinecraftServer]: [@: 召唤了新的猪]
[13:07:00] [Server thread/INFO] [minecraft/MinecraftServer]: [@: 杀死了猪]
[13:07:00] [Render thread/INFO] [minecraft/ChatComponent]: [System] [CHAT] [@: 召唤了新的猪]
[13:07:00] [Render thread/INFO] [minecraft/ChatComponent]: [System] [CHAT] [@: 杀死了猪]
[13:07:00] [Server thread/INFO] [minecraft/MinecraftServer]: [@: 召唤了新的猪]
[13:07:00] [Server thread/INFO] [minecraft/MinecraftServer]: [@: 杀死了猪]
[13:07:00] [Render thread/INFO] [minecraft/ChatComponent]: [System] [CHAT] [@: 召唤了新的猪]
[13:07:00] [Render thread/INFO] [minecraft/ChatComponent]: [System] [CHAT] [@: 杀死了猪]
[13:07:00] [Server thread/INFO] [minecraft/MinecraftServer]: [@: 召唤了新的猪]
[13:07:00] [Server thread/INFO] [minecraft/MinecraftServer]: [@: 杀死了猪]
[13:07:00] [Render thread/INFO] [minecraft/ChatComponent]: [System] [CHAT] [@: 召唤了新的猪]
[13:07:00] [Render thread/INFO] [minecraft/ChatComponent]: [System] [CHAT] [@: 杀死了猪]
[13:07:00] [Server thread/INFO] [minecraft/MinecraftServer]: [@: 召唤了新的猪]
[13:07:00] [Server thread/INFO] [minecraft/MinecraftServer]: [@: 杀死了猪]
[13:07:00] [Render thread/INFO] [minecraft/ChatComponent]: [System] [CHAT] [@: 召唤了新的猪]
[13:07:00] [Render thread/INFO] [minecraft/ChatComponent]: [System] [CHAT] [@: 杀死了猪]
[13:07:00] [Server thread/INFO] [minecraft/MinecraftServer]: [@: 召唤了新的猪]
[13:07:00] [Server thread/INFO] [minecraft/MinecraftServer]: [@: 杀死了猪]
[13:07:00] [Render thread/INFO] [minecraft/ChatComponent]: [System] [CHAT] [@: 召唤了新的猪]
[13:07:00] [Render thread/INFO] [minecraft/ChatComponent]: [System] [CHAT] [@: 杀死了猪]
[13:07:00] [Server thread/INFO] [minecraft/MinecraftServer]: [@: 召唤了新的猪]
[13:07:00] [Server thread/INFO] [minecraft/MinecraftServer]: [@: 杀死了猪]
[13:07:00] [Render thread/INFO] [minecraft/ChatComponent]: [System] [CHAT] [@: 召唤了新的猪]
[13:07:00] [Render thread/INFO] [minecraft/ChatComponent]: [System] [CHAT] [@: 杀死了猪]
[13:07:00] [Server thread/INFO] [minecraft/MinecraftServer]: [@: 召唤了新的猪]
[13:07:00] [Server thread/INFO] [minecraft/MinecraftServer]: [@: 杀死了猪]
[13:07:00] [Render thread/INFO] [minecraft/ChatComponent]: [System] [CHAT] [@: 召唤了新的猪]
[13:07:00] [Render thread/INFO] [minecraft/ChatComponent]: [System] [CHAT] [@: 杀死了猪]
[13:07:00] [Server thread/INFO] [minecraft/MinecraftServer]: [@: 召唤了新的猪]
[13:07:00] [Server thread/INFO] [minecraft/MinecraftServer]: [@: 杀死了猪]
[13:07:00] [Render thread/INFO] [minecraft/ChatComponent]: [System] [CHAT] [@: 召唤了新的猪]
[13:07:00] [Render thread/INFO] [minecraft/ChatComponent]: [System] [CHAT] [@: 杀死了猪]
[13:07:00] [Server thread/INFO] [minecraft/MinecraftServer]: [@: 召唤了新的猪]
[13:07:00] [Server thread/INFO] [minecraft/MinecraftServer]: [@: 杀死了猪]
[13:07:00] [Render thread/INFO] [minecraft/ChatComponent]: [System] [CHAT] [@: 召唤了新的猪]
[13:07:00] [Render thread/INFO] [minecraft/ChatComponent]: [System] [CHAT] [@: 杀死了猪]
[13:07:00] [Server thread/INFO] [minecraft/MinecraftServer]: [@: 召唤了新的猪]
[13:07:00] [Server thread/INFO] [minecraft/MinecraftServer]: [@: 杀死了猪]
[13:07:00] [Render thread/INFO] [minecraft/ChatComponent]: [System] [CHAT] [@: 召唤了新的猪]
[13:07:00] [Render thread/INFO] [minecraft/ChatComponent]: [System] [CHAT] [@: 杀死了猪]
[13:07:00] [Server thread/INFO] [minecraft/MinecraftServer]: [@: 召唤了新的猪]
[13:07:00] [Server thread/INFO] [minecraft/MinecraftServer]: [@: 杀死了猪]
[13:07:00] [Render thread/INFO] [minecraft/ChatComponent]: [System] [CHAT] [@: 召唤了新的猪]
[13:07:00] [Render thread/INFO] [minecraft/ChatComponent]: [System] [CHAT] [@: 杀死了猪]
[13:07:00] [Server thread/INFO] [minecraft/MinecraftServer]: [@: 召唤了新的猪]
[13:07:00] [Server thread/INFO] [minecraft/MinecraftServer]: [@: 杀死了猪]
[13:07:00] [Render thread/INFO] [minecraft/ChatComponent]: [System] [CHAT] [@: 召唤了新的猪]
[13:07:00] [Render thread/INFO] [minecraft/ChatComponent]: [System] [CHAT] [@: 杀死了猪]
[13:07:05] [Render thread/INFO] [minecraft/AdvancementTree]: Loaded 6 advancements
[13:07:06] [Server thread/INFO] [minecraft/MinecraftServer]: [@: 召唤了新的猪]
[13:07:06] [Server thread/INFO] [minecraft/MinecraftServer]: [@: 杀死了猪]
[13:07:06] [Render thread/INFO] [minecraft/ChatComponent]: [System] [CHAT] [@: 召唤了新的猪]
[13:07:06] [Render thread/INFO] [minecraft/ChatComponent]: [System] [CHAT] [@: 杀死了猪]
[13:07:06] [Server thread/INFO] [minecraft/MinecraftServer]: [@: 召唤了新的猪]
[13:07:06] [Server thread/INFO] [minecraft/MinecraftServer]: [@: 杀死了猪]
[13:07:06] [Render thread/INFO] [minecraft/ChatComponent]: [System] [CHAT] [@: 召唤了新的猪]
[13:07:06] [Render thread/INFO] [minecraft/ChatComponent]: [System] [CHAT] [@: 杀死了猪]
[13:07:06] [Server thread/INFO] [minecraft/MinecraftServer]: [@: 召唤了新的猪]
[13:07:06] [Server thread/INFO] [minecraft/MinecraftServer]: [@: 杀死了猪]
[13:07:06] [Render thread/INFO] [minecraft/ChatComponent]: [System] [CHAT] [@: 召唤了新的猪]
[13:07:06] [Render thread/INFO] [minecraft/ChatComponent]: [System] [CHAT] [@: 杀死了猪]
[13:07:06] [Server thread/INFO] [minecraft/MinecraftServer]: [@: 召唤了新的猪]
[13:07:06] [Server thread/INFO] [minecraft/MinecraftServer]: [@: 杀死了猪]
[13:07:06] [Render thread/INFO] [minecraft/ChatComponent]: [System] [CHAT] [@: 召唤了新的猪]
[13:07:06] [Render thread/INFO] [minecraft/ChatComponent]: [System] [CHAT] [@: 杀死了猪]
[13:07:06] [Server thread/INFO] [minecraft/MinecraftServer]: [@: 召唤了新的猪]
[13:07:06] [Server thread/INFO] [minecraft/MinecraftServer]: [@: 杀死了猪]
[13:07:06] [Render thread/INFO] [minecraft/ChatComponent]: [System] [CHAT] [@: 召唤了新的猪]
[13:07:06] [Render thread/INFO] [minecraft/ChatComponent]: [System] [CHAT] [@: 杀死了猪]
[13:07:06] [Server thread/INFO] [minecraft/MinecraftServer]: [@: 召唤了新的猪]
[13:07:06] [Server thread/INFO] [minecraft/MinecraftServer]: [@: 杀死了猪]
[13:07:06] [Render thread/INFO] [minecraft/ChatComponent]: [System] [CHAT] [@: 召唤了新的猪]
[13:07:06] [Render thread/INFO] [minecraft/ChatComponent]: [System] [CHAT] [@: 杀死了猪]
[13:07:07] [Server thread/INFO] [minecraft/MinecraftServer]: [@: 召唤了新的猪]
[13:07:07] [Server thread/INFO] [minecraft/MinecraftServer]: [@: 杀死了猪]
[13:07:07] [Render thread/INFO] [minecraft/ChatComponent]: [System] [CHAT] [@: 召唤了新的猪]
[13:07:07] [Render thread/INFO] [minecraft/ChatComponent]: [System] [CHAT] [@: 杀死了猪]
[13:07:07] [Server thread/INFO] [minecraft/MinecraftServer]: [@: 召唤了新的猪]
[13:07:07] [Server thread/INFO] [minecraft/MinecraftServer]: [@: 杀死了猪]
[13:07:07] [Render thread/INFO] [minecraft/ChatComponent]: [System] [CHAT] [@: 召唤了新的猪]
[13:07:07] [Render thread/INFO] [minecraft/ChatComponent]: [System] [CHAT] [@: 杀死了猪]
[13:07:07] [Server thread/INFO] [minecraft/MinecraftServer]: [@: 召唤了新的猪]
[13:07:07] [Server thread/INFO] [minecraft/MinecraftServer]: [@: 杀死了猪]
[13:07:07] [Render thread/INFO] [minecraft/ChatComponent]: [System] [CHAT] [@: 召唤了新的猪]
[13:07:07] [Render thread/INFO] [minecraft/ChatComponent]: [System] [CHAT] [@: 杀死了猪]
[13:07:07] [Server thread/INFO] [minecraft/MinecraftServer]: [@: 召唤了新的猪]
[13:07:07] [Server thread/INFO] [minecraft/MinecraftServer]: [@: 杀死了猪]
[13:07:07] [Render thread/INFO] [minecraft/ChatComponent]: [System] [CHAT] [@: 召唤了新的猪]
[13:07:07] [Render thread/INFO] [minecraft/ChatComponent]: [System] [CHAT] [@: 杀死了猪]
[13:07:07] [Server thread/INFO] [minecraft/MinecraftServer]: [@: 召唤了新的猪]
[13:07:07] [Server thread/INFO] [minecraft/MinecraftServer]: [@: 杀死了猪]
[13:07:07] [Render thread/INFO] [minecraft/ChatComponent]: [System] [CHAT] [@: 召唤了新的猪]
[13:07:07] [Render thread/INFO] [minecraft/ChatComponent]: [System] [CHAT] [@: 杀死了猪]
[13:07:07] [Server thread/INFO] [minecraft/MinecraftServer]: [@: 召唤了新的猪]
[13:07:07] [Server thread/INFO] [minecraft/MinecraftServer]: [@: 杀死了猪]
[13:07:07] [Render thread/INFO] [minecraft/ChatComponent]: [System] [CHAT] [@: 召唤了新的猪]
[13:07:07] [Render thread/INFO] [minecraft/ChatComponent]: [System] [CHAT] [@: 杀死了猪]
[13:07:07] [Server thread/INFO] [minecraft/MinecraftServer]: [@: 召唤了新的猪]
[13:07:07] [Server thread/INFO] [minecraft/MinecraftServer]: [@: 杀死了猪]
[13:07:07] [Render thread/INFO] [minecraft/ChatComponent]: [System] [CHAT] [@: 召唤了新的猪]
[13:07:07] [Render thread/INFO] [minecraft/ChatComponent]: [System] [CHAT] [@: 杀死了猪]
[13:07:07] [Server thread/INFO] [minecraft/MinecraftServer]: [@: 召唤了新的猪]
[13:07:07] [Server thread/INFO] [minecraft/MinecraftServer]: [@: 杀死了猪]
[13:07:07] [Render thread/INFO] [minecraft/ChatComponent]: [System] [CHAT] [@: 召唤了新的猪]
[13:07:07] [Render thread/INFO] [minecraft/ChatComponent]: [System] [CHAT] [@: 杀死了猪]
[13:07:07] [Server thread/INFO] [minecraft/MinecraftServer]: [@: 召唤了新的猪]
[13:07:07] [Server thread/INFO] [minecraft/MinecraftServer]: [@: 杀死了猪]
[13:07:07] [Render thread/INFO] [minecraft/ChatComponent]: [System] [CHAT] [@: 召唤了新的猪]
[13:07:07] [Render thread/INFO] [minecraft/ChatComponent]: [System] [CHAT] [@: 杀死了猪]
[13:07:07] [Server thread/INFO] [minecraft/MinecraftServer]: [@: 召唤了新的猪]
[13:07:07] [Server thread/INFO] [minecraft/MinecraftServer]: [@: 杀死了猪]
[13:07:07] [Render thread/INFO] [minecraft/ChatComponent]: [System] [CHAT] [@: 召唤了新的猪]
[13:07:07] [Render thread/INFO] [minecraft/ChatComponent]: [System] [CHAT] [@: 杀死了猪]
[13:07:07] [Server thread/INFO] [minecraft/MinecraftServer]: [@: 召唤了新的猪]
[13:07:07] [Server thread/INFO] [minecraft/MinecraftServer]: [@: 杀死了猪]
[13:07:07] [Render thread/INFO] [minecraft/ChatComponent]: [System] [CHAT] [@: 召唤了新的猪]
[13:07:07] [Render thread/INFO] [minecraft/ChatComponent]: [System] [CHAT] [@: 杀死了猪]
[13:07:07] [Server thread/INFO] [minecraft/MinecraftServer]: [@: 召唤了新的猪]
[13:07:07] [Server thread/INFO] [minecraft/MinecraftServer]: [@: 杀死了猪]
[13:07:07] [Render thread/INFO] [minecraft/ChatComponent]: [System] [CHAT] [@: 召唤了新的猪]
[13:07:07] [Render thread/INFO] [minecraft/ChatComponent]: [System] [CHAT] [@: 杀死了猪]
[13:07:07] [Server thread/INFO] [minecraft/MinecraftServer]: [@: 召唤了新的猪]
[13:07:07] [Server thread/INFO] [minecraft/MinecraftServer]: [@: 杀死了猪]
[13:07:07] [Render thread/INFO] [minecraft/ChatComponent]: [System] [CHAT] [@: 召唤了新的猪]
[13:07:07] [Render thread/INFO] [minecraft/ChatComponent]: [System] [CHAT] [@: 杀死了猪]
[13:07:07] [Server thread/INFO] [minecraft/MinecraftServer]: [@: 召唤了新的猪]
[13:07:07] [Server thread/INFO] [minecraft/MinecraftServer]: [@: 杀死了猪]
[13:07:07] [Render thread/INFO] [minecraft/ChatComponent]: [System] [CHAT] [@: 召唤了新的猪]
[13:07:07] [Render thread/INFO] [minecraft/ChatComponent]: [System] [CHAT] [@: 杀死了猪]
[13:07:07] [Server thread/INFO] [minecraft/MinecraftServer]: [@: 召唤了新的猪]
[13:07:07] [Server thread/INFO] [minecraft/MinecraftServer]: [@: 杀死了猪]
[13:07:07] [Render thread/INFO] [minecraft/ChatComponent]: [System] [CHAT] [@: 召唤了新的猪]
[13:07:07] [Render thread/INFO] [minecraft/ChatComponent]: [System] [CHAT] [@: 杀死了猪]
[13:07:07] [Server thread/INFO] [minecraft/MinecraftServer]: [@: 召唤了新的猪]
[13:07:07] [Server thread/INFO] [minecraft/MinecraftServer]: [@: 杀死了猪]
[13:07:07] [Render thread/INFO] [minecraft/ChatComponent]: [System] [CHAT] [@: 召唤了新的猪]
[13:07:07] [Render thread/INFO] [minecraft/ChatComponent]: [System] [CHAT] [@: 杀死了猪]
[13:07:07] [Server thread/INFO] [minecraft/MinecraftServer]: [@: 召唤了新的猪]
[13:07:07] [Server thread/INFO] [minecraft/MinecraftServer]: [@: 杀死了猪]
[13:07:07] [Render thread/INFO] [minecraft/ChatComponent]: [System] [CHAT] [@: 召唤了新的猪]
[13:07:07] [Render thread/INFO] [minecraft/ChatComponent]: [System] [CHAT] [@: 杀死了猪]
[13:07:07] [Server thread/INFO] [minecraft/MinecraftServer]: [@: 召唤了新的猪]
[13:07:07] [Server thread/INFO] [minecraft/MinecraftServer]: [@: 杀死了猪]
[13:07:07] [Render thread/INFO] [minecraft/ChatComponent]: [System] [CHAT] [@: 召唤了新的猪]
[13:07:07] [Render thread/INFO] [minecraft/ChatComponent]: [System] [CHAT] [@: 杀死了猪]
[13:07:07] [Server thread/INFO] [minecraft/MinecraftServer]: [@: 召唤了新的猪]
[13:07:07] [Server thread/INFO] [minecraft/MinecraftServer]: [@: 杀死了猪]
[13:07:07] [Render thread/INFO] [minecraft/ChatComponent]: [System] [CHAT] [@: 召唤了新的猪]
[13:07:07] [Render thread/INFO] [minecraft/ChatComponent]: [System] [CHAT] [@: 杀死了猪]
[13:07:07] [Server thread/INFO] [minecraft/MinecraftServer]: [@: 召唤了新的猪]
[13:07:07] [Server thread/INFO] [minecraft/MinecraftServer]: [@: 杀死了猪]
[13:07:07] [Render thread/INFO] [minecraft/ChatComponent]: [System] [CHAT] [@: 召唤了新的猪]
[13:07:07] [Render thread/INFO] [minecraft/ChatComponent]: [System] [CHAT] [@: 杀死了猪]
[13:07:08] [Server thread/INFO] [minecraft/MinecraftServer]: [@: 召唤了新的猪]
[13:07:08] [Server thread/INFO] [minecraft/MinecraftServer]: [@: 杀死了猪]
[13:07:08] [Render thread/INFO] [minecraft/ChatComponent]: [System] [CHAT] [@: 召唤了新的猪]
[13:07:08] [Render thread/INFO] [minecraft/ChatComponent]: [System] [CHAT] [@: 杀死了猪]
[13:07:08] [Server thread/INFO] [minecraft/MinecraftServer]: [@: 召唤了新的猪]
[13:07:08] [Server thread/INFO] [minecraft/MinecraftServer]: [@: 杀死了猪]
[13:07:08] [Render thread/INFO] [minecraft/ChatComponent]: [System] [CHAT] [@: 召唤了新的猪]
[13:07:08] [Render thread/INFO] [minecraft/ChatComponent]: [System] [CHAT] [@: 杀死了猪]
[13:07:08] [Server thread/INFO] [minecraft/MinecraftServer]: [@: 召唤了新的猪]
[13:07:08] [Server thread/INFO] [minecraft/MinecraftServer]: [@: 杀死了猪]
[13:07:08] [Render thread/INFO] [minecraft/ChatComponent]: [System] [CHAT] [@: 召唤了新的猪]
[13:07:08] [Render thread/INFO] [minecraft/ChatComponent]: [System] [CHAT] [@: 杀死了猪]
[13:07:08] [Server thread/INFO] [minecraft/MinecraftServer]: [@: 召唤了新的猪]
[13:07:08] [Server thread/INFO] [minecraft/MinecraftServer]: [@: 杀死了猪]
[13:07:08] [Render thread/INFO] [minecraft/ChatComponent]: [System] [CHAT] [@: 召唤了新的猪]
[13:07:08] [Render thread/INFO] [minecraft/ChatComponent]: [System] [CHAT] [@: 杀死了猪]
[13:07:08] [Server thread/INFO] [minecraft/MinecraftServer]: [@: 召唤了新的猪]
[13:07:08] [Server thread/INFO] [minecraft/MinecraftServer]: [@: 杀死了猪]
[13:07:08] [Render thread/INFO] [minecraft/ChatComponent]: [System] [CHAT] [@: 召唤了新的猪]
[13:07:08] [Render thread/INFO] [minecraft/ChatComponent]: [System] [CHAT] [@: 杀死了猪]
[13:07:08] [Server thread/INFO] [minecraft/MinecraftServer]: [@: 召唤了新的猪]
[13:07:08] [Server thread/INFO] [minecraft/MinecraftServer]: [@: 杀死了猪]
[13:07:08] [Render thread/INFO] [minecraft/ChatComponent]: [System] [CHAT] [@: 召唤了新的猪]
[13:07:08] [Render thread/INFO] [minecraft/ChatComponent]: [System] [CHAT] [@: 杀死了猪]
[13:07:08] [Server thread/INFO] [minecraft/MinecraftServer]: [@: 召唤了新的猪]
[13:07:08] [Server thread/INFO] [minecraft/MinecraftServer]: [@: 杀死了猪]
[13:07:08] [Render thread/INFO] [minecraft/ChatComponent]: [System] [CHAT] [@: 召唤了新的猪]
[13:07:08] [Render thread/INFO] [minecraft/ChatComponent]: [System] [CHAT] [@: 杀死了猪]
[13:07:08] [Server thread/INFO] [minecraft/MinecraftServer]: [@: 召唤了新的猪]
[13:07:08] [Server thread/INFO] [minecraft/MinecraftServer]: [@: 杀死了猪]
[13:07:08] [Render thread/INFO] [minecraft/ChatComponent]: [System] [CHAT] [@: 召唤了新的猪]
[13:07:08] [Render thread/INFO] [minecraft/ChatComponent]: [System] [CHAT] [@: 杀死了猪]
[13:07:08] [Server thread/INFO] [minecraft/MinecraftServer]: [@: 召唤了新的猪]
[13:07:08] [Server thread/INFO] [minecraft/MinecraftServer]: [@: 杀死了猪]
[13:07:08] [Render thread/INFO] [minecraft/ChatComponent]: [System] [CHAT] [@: 召唤了新的猪]
[13:07:08] [Render thread/INFO] [minecraft/ChatComponent]: [System] [CHAT] [@: 杀死了猪]
[13:07:08] [Server thread/INFO] [minecraft/MinecraftServer]: [@: 召唤了新的猪]
[13:07:08] [Server thread/INFO] [minecraft/MinecraftServer]: [@: 杀死了猪]
[13:07:08] [Render thread/INFO] [minecraft/ChatComponent]: [System] [CHAT] [@: 召唤了新的猪]
[13:07:08] [Render thread/INFO] [minecraft/ChatComponent]: [System] [CHAT] [@: 杀死了猪]
[13:07:08] [Server thread/INFO] [minecraft/MinecraftServer]: [@: 召唤了新的猪]
[13:07:08] [Server thread/INFO] [minecraft/MinecraftServer]: [@: 杀死了猪]
[13:07:08] [Render thread/INFO] [minecraft/ChatComponent]: [System] [CHAT] [@: 召唤了新的猪]
[13:07:08] [Render thread/INFO] [minecraft/ChatComponent]: [System] [CHAT] [@: 杀死了猪]
[13:07:08] [Server thread/INFO] [minecraft/MinecraftServer]: [@: 召唤了新的猪]
[13:07:08] [Server thread/INFO] [minecraft/MinecraftServer]: [@: 杀死了猪]
[13:07:08] [Render thread/INFO] [minecraft/ChatComponent]: [System] [CHAT] [@: 召唤了新的猪]
[13:07:08] [Render thread/INFO] [minecraft/ChatComponent]: [System] [CHAT] [@: 杀死了猪]
[13:07:08] [Server thread/INFO] [minecraft/MinecraftServer]: [@: 召唤了新的猪]
[13:07:08] [Server thread/INFO] [minecraft/MinecraftServer]: [@: 杀死了猪]
[13:07:08] [Render thread/INFO] [minecraft/ChatComponent]: [System] [CHAT] [@: 召唤了新的猪]
[13:07:08] [Render thread/INFO] [minecraft/ChatComponent]: [System] [CHAT] [@: 杀死了猪]
[13:07:08] [Server thread/INFO] [minecraft/MinecraftServer]: [@: 召唤了新的猪]
[13:07:08] [Server thread/INFO] [minecraft/MinecraftServer]: [@: 杀死了猪]
[13:07:08] [Render thread/INFO] [minecraft/ChatComponent]: [System] [CHAT] [@: 召唤了新的猪]
[13:07:08] [Render thread/INFO] [minecraft/ChatComponent]: [System] [CHAT] [@: 杀死了猪]
[13:07:11] [Server thread/INFO] [minecraft/MinecraftServer]: [@: 召唤了新的猪]
[13:07:11] [Server thread/INFO] [minecraft/MinecraftServer]: [@: 杀死了猪]
[13:07:11] [Render thread/INFO] [minecraft/ChatComponent]: [System] [CHAT] [@: 召唤了新的猪]
[13:07:11] [Render thread/INFO] [minecraft/ChatComponent]: [System] [CHAT] [@: 杀死了猪]
[13:07:11] [Server thread/INFO] [minecraft/MinecraftServer]: [@: 召唤了新的猪]
[13:07:11] [Server thread/INFO] [minecraft/MinecraftServer]: [@: 杀死了猪]
[13:07:11] [Render thread/INFO] [minecraft/ChatComponent]: [System] [CHAT] [@: 召唤了新的猪]
[13:07:11] [Render thread/INFO] [minecraft/ChatComponent]: [System] [CHAT] [@: 杀死了猪]
[13:07:11] [Server thread/INFO] [minecraft/MinecraftServer]: [@: 召唤了新的猪]
[13:07:11] [Server thread/INFO] [minecraft/MinecraftServer]: [@: 杀死了猪]
[13:07:11] [Render thread/INFO] [minecraft/ChatComponent]: [System] [CHAT] [@: 召唤了新的猪]
[13:07:11] [Render thread/INFO] [minecraft/ChatComponent]: [System] [CHAT] [@: 杀死了猪]
[13:07:11] [Server thread/INFO] [minecraft/MinecraftServer]: [@: 召唤了新的猪]
[13:07:11] [Server thread/INFO] [minecraft/MinecraftServer]: [@: 杀死了猪]
[13:07:11] [Render thread/INFO] [minecraft/ChatComponent]: [System] [CHAT] [@: 召唤了新的猪]
[13:07:11] [Render thread/INFO] [minecraft/ChatComponent]: [System] [CHAT] [@: 杀死了猪]
[13:07:11] [Server thread/INFO] [minecraft/MinecraftServer]: [@: 召唤了新的猪]
[13:07:11] [Server thread/INFO] [minecraft/MinecraftServer]: [@: 杀死了猪]
[13:07:11] [Render thread/INFO] [minecraft/ChatComponent]: [System] [CHAT] [@: 召唤了新的猪]
[13:07:11] [Render thread/INFO] [minecraft/ChatComponent]: [System] [CHAT] [@: 杀死了猪]
[13:07:11] [Server thread/INFO] [minecraft/MinecraftServer]: [@: 召唤了新的猪]
[13:07:11] [Server thread/INFO] [minecraft/MinecraftServer]: [@: 杀死了猪]
[13:07:11] [Render thread/INFO] [minecraft/ChatComponent]: [System] [CHAT] [@: 召唤了新的猪]
[13:07:11] [Render thread/INFO] [minecraft/ChatComponent]: [System] [CHAT] [@: 杀死了猪]
[13:07:11] [Server thread/INFO] [minecraft/MinecraftServer]: [@: 召唤了新的猪]
[13:07:11] [Server thread/INFO] [minecraft/MinecraftServer]: [@: 杀死了猪]
[13:07:11] [Render thread/INFO] [minecraft/ChatComponent]: [System] [CHAT] [@: 召唤了新的猪]
[13:07:11] [Render thread/INFO] [minecraft/ChatComponent]: [System] [CHAT] [@: 杀死了猪]
[13:07:11] [Server thread/INFO] [minecraft/MinecraftServer]: [@: 召唤了新的猪]
[13:07:11] [Server thread/INFO] [minecraft/MinecraftServer]: [@: 杀死了猪]
[13:07:11] [Render thread/INFO] [minecraft/ChatComponent]: [System] [CHAT] [@: 召唤了新的猪]
[13:07:11] [Render thread/INFO] [minecraft/ChatComponent]: [System] [CHAT] [@: 杀死了猪]
[13:07:11] [Server thread/INFO] [minecraft/MinecraftServer]: [@: 召唤了新的猪]
[13:07:11] [Server thread/INFO] [minecraft/MinecraftServer]: [@: 杀死了猪]
[13:07:11] [Render thread/INFO] [minecraft/ChatComponent]: [System] [CHAT] [@: 召唤了新的猪]
[13:07:11] [Render thread/INFO] [minecraft/ChatComponent]: [System] [CHAT] [@: 杀死了猪]
[13:07:11] [Server thread/INFO] [minecraft/MinecraftServer]: [@: 召唤了新的猪]
[13:07:11] [Server thread/INFO] [minecraft/MinecraftServer]: [@: 杀死了猪]
[13:07:11] [Render thread/INFO] [minecraft/ChatComponent]: [System] [CHAT] [@: 召唤了新的猪]
[13:07:11] [Render thread/INFO] [minecraft/ChatComponent]: [System] [CHAT] [@: 杀死了猪]
[13:07:11] [Server thread/INFO] [minecraft/MinecraftServer]: [@: 召唤了新的猪]
[13:07:11] [Server thread/INFO] [minecraft/MinecraftServer]: [@: 杀死了猪]
[13:07:11] [Render thread/INFO] [minecraft/ChatComponent]: [System] [CHAT] [@: 召唤了新的猪]
[13:07:11] [Render thread/INFO] [minecraft/ChatComponent]: [System] [CHAT] [@: 杀死了猪]
[13:07:11] [Server thread/INFO] [minecraft/MinecraftServer]: [@: 召唤了新的猪]
[13:07:11] [Server thread/INFO] [minecraft/MinecraftServer]: [@: 杀死了猪]
[13:07:11] [Render thread/INFO] [minecraft/ChatComponent]: [System] [CHAT] [@: 召唤了新的猪]
[13:07:11] [Render thread/INFO] [minecraft/ChatComponent]: [System] [CHAT] [@: 杀死了猪]
[13:07:11] [Server thread/INFO] [minecraft/MinecraftServer]: [@: 召唤了新的猪]
[13:07:11] [Server thread/INFO] [minecraft/MinecraftServer]: [@: 杀死了猪]
[13:07:11] [Render thread/INFO] [minecraft/ChatComponent]: [System] [CHAT] [@: 召唤了新的猪]
[13:07:11] [Render thread/INFO] [minecraft/ChatComponent]: [System] [CHAT] [@: 杀死了猪]
[13:07:11] [Server thread/INFO] [minecraft/MinecraftServer]: [@: 召唤了新的猪]
[13:07:11] [Server thread/INFO] [minecraft/MinecraftServer]: [@: 杀死了猪]
[13:07:11] [Render thread/INFO] [minecraft/ChatComponent]: [System] [CHAT] [@: 召唤了新的猪]
[13:07:11] [Render thread/INFO] [minecraft/ChatComponent]: [System] [CHAT] [@: 杀死了猪]
[13:07:11] [Server thread/INFO] [minecraft/MinecraftServer]: [@: 召唤了新的猪]
[13:07:11] [Server thread/INFO] [minecraft/MinecraftServer]: [@: 杀死了猪]
[13:07:11] [Render thread/INFO] [minecraft/ChatComponent]: [System] [CHAT] [@: 召唤了新的猪]
[13:07:11] [Render thread/INFO] [minecraft/ChatComponent]: [System] [CHAT] [@: 杀死了猪]
[13:07:11] [Server thread/INFO] [minecraft/MinecraftServer]: [@: 召唤了新的猪]
[13:07:11] [Server thread/INFO] [minecraft/MinecraftServer]: [@: 杀死了猪]
[13:07:11] [Render thread/INFO] [minecraft/ChatComponent]: [System] [CHAT] [@: 召唤了新的猪]
[13:07:11] [Render thread/INFO] [minecraft/ChatComponent]: [System] [CHAT] [@: 杀死了猪]
[13:07:11] [Server thread/INFO] [minecraft/MinecraftServer]: [@: 召唤了新的猪]
[13:07:11] [Server thread/INFO] [minecraft/MinecraftServer]: [@: 杀死了猪]
[13:07:11] [Render thread/INFO] [minecraft/ChatComponent]: [System] [CHAT] [@: 召唤了新的猪]
[13:07:11] [Render thread/INFO] [minecraft/ChatComponent]: [System] [CHAT] [@: 杀死了猪]
[13:07:11] [Server thread/INFO] [minecraft/MinecraftServer]: [@: 召唤了新的猪]
[13:07:11] [Server thread/INFO] [minecraft/MinecraftServer]: [@: 杀死了猪]
[13:07:11] [Render thread/INFO] [minecraft/ChatComponent]: [System] [CHAT] [@: 召唤了新的猪]
[13:07:11] [Render thread/INFO] [minecraft/ChatComponent]: [System] [CHAT] [@: 杀死了猪]
[13:07:11] [Server thread/INFO] [minecraft/MinecraftServer]: [@: 召唤了新的猪]
[13:07:11] [Server thread/INFO] [minecraft/MinecraftServer]: [@: 杀死了猪]
[13:07:11] [Render thread/INFO] [minecraft/ChatComponent]: [System] [CHAT] [@: 召唤了新的猪]
[13:07:11] [Render thread/INFO] [minecraft/ChatComponent]: [System] [CHAT] [@: 杀死了猪]
[13:07:11] [Server thread/INFO] [minecraft/MinecraftServer]: [@: 召唤了新的猪]
[13:07:11] [Server thread/INFO] [minecraft/MinecraftServer]: [@: 杀死了猪]
[13:07:11] [Render thread/INFO] [minecraft/ChatComponent]: [System] [CHAT] [@: 召唤了新的猪]
[13:07:11] [Render thread/INFO] [minecraft/ChatComponent]: [System] [CHAT] [@: 杀死了猪]
[13:07:12] [Server thread/INFO] [minecraft/MinecraftServer]: [@: 召唤了新的猪]
[13:07:12] [Server thread/INFO] [minecraft/MinecraftServer]: [@: 杀死了猪]
[13:07:12] [Render thread/INFO] [minecraft/ChatComponent]: [System] [CHAT] [@: 召唤了新的猪]
[13:07:12] [Render thread/INFO] [minecraft/ChatComponent]: [System] [CHAT] [@: 杀死了猪]
[13:07:12] [Server thread/INFO] [minecraft/MinecraftServer]: [@: 召唤了新的猪]
[13:07:12] [Server thread/INFO] [minecraft/MinecraftServer]: [@: 杀死了猪]
[13:07:12] [Render thread/INFO] [minecraft/ChatComponent]: [System] [CHAT] [@: 召唤了新的猪]
[13:07:12] [Render thread/INFO] [minecraft/ChatComponent]: [System] [CHAT] [@: 杀死了猪]
[13:07:12] [Server thread/INFO] [minecraft/MinecraftServer]: [@: 召唤了新的猪]
[13:07:12] [Server thread/INFO] [minecraft/MinecraftServer]: [@: 杀死了猪]
[13:07:12] [Render thread/INFO] [minecraft/ChatComponent]: [System] [CHAT] [@: 召唤了新的猪]
[13:07:12] [Render thread/INFO] [minecraft/ChatComponent]: [System] [CHAT] [@: 杀死了猪]
[13:07:12] [Server thread/INFO] [minecraft/MinecraftServer]: [@: 召唤了新的猪]
[13:07:12] [Server thread/INFO] [minecraft/MinecraftServer]: [@: 杀死了猪]
[13:07:12] [Render thread/INFO] [minecraft/ChatComponent]: [System] [CHAT] [@: 召唤了新的猪]
[13:07:12] [Render thread/INFO] [minecraft/ChatComponent]: [System] [CHAT] [@: 杀死了猪]
[13:07:12] [Server thread/INFO] [minecraft/MinecraftServer]: [@: 召唤了新的猪]
[13:07:12] [Server thread/INFO] [minecraft/MinecraftServer]: [@: 杀死了猪]
[13:07:12] [Render thread/INFO] [minecraft/ChatComponent]: [System] [CHAT] [@: 召唤了新的猪]
[13:07:12] [Render thread/INFO] [minecraft/ChatComponent]: [System] [CHAT] [@: 杀死了猪]
[13:07:12] [Server thread/INFO] [minecraft/MinecraftServer]: [@: 召唤了新的猪]
[13:07:12] [Server thread/INFO] [minecraft/MinecraftServer]: [@: 杀死了猪]
[13:07:12] [Render thread/INFO] [minecraft/ChatComponent]: [System] [CHAT] [@: 召唤了新的猪]
[13:07:12] [Render thread/INFO] [minecraft/ChatComponent]: [System] [CHAT] [@: 杀死了猪]
[13:07:12] [Server thread/INFO] [minecraft/MinecraftServer]: [@: 召唤了新的猪]
[13:07:12] [Server thread/INFO] [minecraft/MinecraftServer]: [@: 杀死了猪]
[13:07:12] [Render thread/INFO] [minecraft/ChatComponent]: [System] [CHAT] [@: 召唤了新的猪]
[13:07:12] [Render thread/INFO] [minecraft/ChatComponent]: [System] [CHAT] [@: 杀死了猪]
[13:07:12] [Server thread/INFO] [minecraft/MinecraftServer]: [@: 召唤了新的猪]
[13:07:12] [Server thread/INFO] [minecraft/MinecraftServer]: [@: 杀死了猪]
[13:07:12] [Render thread/INFO] [minecraft/ChatComponent]: [System] [CHAT] [@: 召唤了新的猪]
[13:07:12] [Render thread/INFO] [minecraft/ChatComponent]: [System] [CHAT] [@: 杀死了猪]
[13:07:12] [Server thread/INFO] [minecraft/MinecraftServer]: [@: 召唤了新的猪]
[13:07:12] [Server thread/INFO] [minecraft/MinecraftServer]: [@: 杀死了猪]
[13:07:12] [Render thread/INFO] [minecraft/ChatComponent]: [System] [CHAT] [@: 召唤了新的猪]
[13:07:12] [Render thread/INFO] [minecraft/ChatComponent]: [System] [CHAT] [@: 杀死了猪]
[13:07:12] [Server thread/INFO] [minecraft/MinecraftServer]: [@: 召唤了新的猪]
[13:07:12] [Server thread/INFO] [minecraft/MinecraftServer]: [@: 杀死了猪]
[13:07:12] [Render thread/INFO] [minecraft/ChatComponent]: [System] [CHAT] [@: 召唤了新的猪]
[13:07:12] [Render thread/INFO] [minecraft/ChatComponent]: [System] [CHAT] [@: 杀死了猪]
[13:07:12] [Server thread/INFO] [minecraft/MinecraftServer]: [@: 召唤了新的猪]
[13:07:12] [Server thread/INFO] [minecraft/MinecraftServer]: [@: 杀死了猪]
[13:07:12] [Render thread/INFO] [minecraft/ChatComponent]: [System] [CHAT] [@: 召唤了新的猪]
[13:07:12] [Render thread/INFO] [minecraft/ChatComponent]: [System] [CHAT] [@: 杀死了猪]
[13:07:12] [Server thread/INFO] [minecraft/MinecraftServer]: [@: 召唤了新的猪]
[13:07:12] [Server thread/INFO] [minecraft/MinecraftServer]: [@: 杀死了猪]
[13:07:12] [Render thread/INFO] [minecraft/ChatComponent]: [System] [CHAT] [@: 召唤了新的猪]
[13:07:12] [Render thread/INFO] [minecraft/ChatComponent]: [System] [CHAT] [@: 杀死了猪]
[13:07:12] [Server thread/INFO] [minecraft/MinecraftServer]: [@: 召唤了新的猪]
[13:07:12] [Server thread/INFO] [minecraft/MinecraftServer]: [@: 杀死了猪]
[13:07:12] [Render thread/INFO] [minecraft/ChatComponent]: [System] [CHAT] [@: 召唤了新的猪]
[13:07:12] [Render thread/INFO] [minecraft/ChatComponent]: [System] [CHAT] [@: 杀死了猪]
[13:07:12] [Server thread/INFO] [minecraft/MinecraftServer]: [@: 召唤了新的猪]
[13:07:12] [Server thread/INFO] [minecraft/MinecraftServer]: [@: 杀死了猪]
[13:07:12] [Render thread/INFO] [minecraft/ChatComponent]: [System] [CHAT] [@: 召唤了新的猪]
[13:07:12] [Render thread/INFO] [minecraft/ChatComponent]: [System] [CHAT] [@: 杀死了猪]
[13:07:12] [Server thread/INFO] [minecraft/MinecraftServer]: [@: 召唤了新的猪]
[13:07:12] [Server thread/INFO] [minecraft/MinecraftServer]: [@: 杀死了猪]
[13:07:12] [Render thread/INFO] [minecraft/ChatComponent]: [System] [CHAT] [@: 召唤了新的猪]
[13:07:12] [Render thread/INFO] [minecraft/ChatComponent]: [System] [CHAT] [@: 杀死了猪]
[13:07:12] [Server thread/INFO] [minecraft/MinecraftServer]: [@: 召唤了新的猪]
[13:07:12] [Server thread/INFO] [minecraft/MinecraftServer]: [@: 杀死了猪]
[13:07:12] [Render thread/INFO] [minecraft/ChatComponent]: [System] [CHAT] [@: 召唤了新的猪]
[13:07:12] [Render thread/INFO] [minecraft/ChatComponent]: [System] [CHAT] [@: 杀死了猪]
[13:07:12] [Server thread/INFO] [minecraft/MinecraftServer]: [@: 召唤了新的猪]
[13:07:12] [Server thread/INFO] [minecraft/MinecraftServer]: [@: 杀死了猪]
[13:07:12] [Render thread/INFO] [minecraft/ChatComponent]: [System] [CHAT] [@: 召唤了新的猪]
[13:07:12] [Render thread/INFO] [minecraft/ChatComponent]: [System] [CHAT] [@: 杀死了猪]
[13:07:12] [Server thread/INFO] [minecraft/MinecraftServer]: [@: 召唤了新的猪]
[13:07:12] [Server thread/INFO] [minecraft/MinecraftServer]: [@: 杀死了猪]
[13:07:12] [Render thread/INFO] [minecraft/ChatComponent]: [System] [CHAT] [@: 召唤了新的猪]
[13:07:12] [Render thread/INFO] [minecraft/ChatComponent]: [System] [CHAT] [@: 杀死了猪]
[13:07:12] [Server thread/INFO] [minecraft/MinecraftServer]: [@: 召唤了新的猪]
[13:07:12] [Server thread/INFO] [minecraft/MinecraftServer]: [@: 杀死了猪]
[13:07:12] [Render thread/INFO] [minecraft/ChatComponent]: [System] [CHAT] [@: 召唤了新的猪]
[13:07:12] [Render thread/INFO] [minecraft/ChatComponent]: [System] [CHAT] [@: 杀死了猪]
[13:07:12] [Server thread/INFO] [minecraft/MinecraftServer]: [@: 召唤了新的猪]
[13:07:12] [Server thread/INFO] [minecraft/MinecraftServer]: [@: 杀死了猪]
[13:07:12] [Render thread/INFO] [minecraft/ChatComponent]: [System] [CHAT] [@: 召唤了新的猪]
[13:07:12] [Render thread/INFO] [minecraft/ChatComponent]: [System] [CHAT] [@: 杀死了猪]
[13:07:19] [Server thread/INFO] [minecraft/MinecraftServer]: [@: 召唤了新的猪]
[13:07:19] [Server thread/INFO] [minecraft/MinecraftServer]: [@: 杀死了猪]
[13:07:19] [Render thread/INFO] [minecraft/ChatComponent]: [System] [CHAT] [@: 召唤了新的猪]
[13:07:19] [Render thread/INFO] [minecraft/ChatComponent]: [System] [CHAT] [@: 杀死了猪]
[13:07:19] [Server thread/INFO] [minecraft/MinecraftServer]: [@: 召唤了新的猪]
[13:07:19] [Server thread/INFO] [minecraft/MinecraftServer]: [@: 杀死了猪]
[13:07:19] [Render thread/INFO] [minecraft/ChatComponent]: [System] [CHAT] [@: 召唤了新的猪]
[13:07:19] [Render thread/INFO] [minecraft/ChatComponent]: [System] [CHAT] [@: 杀死了猪]
[13:07:19] [Server thread/INFO] [minecraft/MinecraftServer]: [@: 召唤了新的猪]
[13:07:19] [Server thread/INFO] [minecraft/MinecraftServer]: [@: 杀死了猪]
[13:07:19] [Render thread/INFO] [minecraft/ChatComponent]: [System] [CHAT] [@: 召唤了新的猪]
[13:07:19] [Render thread/INFO] [minecraft/ChatComponent]: [System] [CHAT] [@: 杀死了猪]
[13:07:19] [Server thread/INFO] [minecraft/MinecraftServer]: [@: 召唤了新的猪]
[13:07:19] [Server thread/INFO] [minecraft/MinecraftServer]: [@: 杀死了猪]
[13:07:19] [Render thread/INFO] [minecraft/ChatComponent]: [System] [CHAT] [@: 召唤了新的猪]
[13:07:19] [Render thread/INFO] [minecraft/ChatComponent]: [System] [CHAT] [@: 杀死了猪]
[13:07:19] [Server thread/INFO] [minecraft/MinecraftServer]: [@: 召唤了新的猪]
[13:07:19] [Server thread/INFO] [minecraft/MinecraftServer]: [@: 杀死了猪]
[13:07:19] [Render thread/INFO] [minecraft/ChatComponent]: [System] [CHAT] [@: 召唤了新的猪]
[13:07:19] [Render thread/INFO] [minecraft/ChatComponent]: [System] [CHAT] [@: 杀死了猪]
[13:07:19] [Server thread/INFO] [minecraft/MinecraftServer]: [@: 召唤了新的猪]
[13:07:19] [Server thread/INFO] [minecraft/MinecraftServer]: [@: 杀死了猪]
[13:07:19] [Render thread/INFO] [minecraft/ChatComponent]: [System] [CHAT] [@: 召唤了新的猪]
[13:07:19] [Render thread/INFO] [minecraft/ChatComponent]: [System] [CHAT] [@: 杀死了猪]
[13:07:19] [Server thread/INFO] [minecraft/MinecraftServer]: [@: 召唤了新的猪]
[13:07:19] [Server thread/INFO] [minecraft/MinecraftServer]: [@: 杀死了猪]
[13:07:19] [Render thread/INFO] [minecraft/ChatComponent]: [System] [CHAT] [@: 召唤了新的猪]
[13:07:19] [Render thread/INFO] [minecraft/ChatComponent]: [System] [CHAT] [@: 杀死了猪]
[13:07:20] [Server thread/INFO] [minecraft/MinecraftServer]: [@: 召唤了新的猪]
[13:07:20] [Server thread/INFO] [minecraft/MinecraftServer]: [@: 杀死了猪]
[13:07:20] [Render thread/INFO] [minecraft/ChatComponent]: [System] [CHAT] [@: 召唤了新的猪]
[13:07:20] [Render thread/INFO] [minecraft/ChatComponent]: [System] [CHAT] [@: 杀死了猪]
[13:07:20] [Server thread/INFO] [minecraft/MinecraftServer]: [@: 召唤了新的猪]
[13:07:20] [Server thread/INFO] [minecraft/MinecraftServer]: [@: 杀死了猪]
[13:07:20] [Render thread/INFO] [minecraft/ChatComponent]: [System] [CHAT] [@: 召唤了新的猪]
[13:07:20] [Render thread/INFO] [minecraft/ChatComponent]: [System] [CHAT] [@: 杀死了猪]
[13:07:20] [Server thread/INFO] [minecraft/MinecraftServer]: [@: 召唤了新的猪]
[13:07:20] [Server thread/INFO] [minecraft/MinecraftServer]: [@: 杀死了猪]
[13:07:20] [Render thread/INFO] [minecraft/ChatComponent]: [System] [CHAT] [@: 召唤了新的猪]
[13:07:20] [Render thread/INFO] [minecraft/ChatComponent]: [System] [CHAT] [@: 杀死了猪]
[13:07:20] [Server thread/INFO] [minecraft/MinecraftServer]: [@: 召唤了新的猪]
[13:07:20] [Server thread/INFO] [minecraft/MinecraftServer]: [@: 杀死了猪]
[13:07:20] [Render thread/INFO] [minecraft/ChatComponent]: [System] [CHAT] [@: 召唤了新的猪]
[13:07:20] [Render thread/INFO] [minecraft/ChatComponent]: [System] [CHAT] [@: 杀死了猪]
[13:07:20] [Server thread/INFO] [minecraft/MinecraftServer]: [@: 召唤了新的猪]
[13:07:20] [Server thread/INFO] [minecraft/MinecraftServer]: [@: 杀死了猪]
[13:07:20] [Render thread/INFO] [minecraft/ChatComponent]: [System] [CHAT] [@: 召唤了新的猪]
[13:07:20] [Render thread/INFO] [minecraft/ChatComponent]: [System] [CHAT] [@: 杀死了猪]
[13:07:20] [Server thread/INFO] [minecraft/MinecraftServer]: [@: 召唤了新的猪]
[13:07:20] [Server thread/INFO] [minecraft/MinecraftServer]: [@: 杀死了猪]
[13:07:20] [Render thread/INFO] [minecraft/ChatComponent]: [System] [CHAT] [@: 召唤了新的猪]
[13:07:20] [Render thread/INFO] [minecraft/ChatComponent]: [System] [CHAT] [@: 杀死了猪]
[13:07:20] [Server thread/INFO] [minecraft/MinecraftServer]: [@: 召唤了新的猪]
[13:07:20] [Server thread/INFO] [minecraft/MinecraftServer]: [@: 杀死了猪]
[13:07:20] [Render thread/INFO] [minecraft/ChatComponent]: [System] [CHAT] [@: 召唤了新的猪]
[13:07:20] [Render thread/INFO] [minecraft/ChatComponent]: [System] [CHAT] [@: 杀死了猪]
[13:07:20] [Server thread/INFO] [minecraft/MinecraftServer]: [@: 召唤了新的猪]
[13:07:20] [Server thread/INFO] [minecraft/MinecraftServer]: [@: 杀死了猪]
[13:07:20] [Render thread/INFO] [minecraft/ChatComponent]: [System] [CHAT] [@: 召唤了新的猪]
[13:07:20] [Render thread/INFO] [minecraft/ChatComponent]: [System] [CHAT] [@: 杀死了猪]
[13:07:20] [Server thread/INFO] [minecraft/MinecraftServer]: [@: 召唤了新的猪]
[13:07:20] [Server thread/INFO] [minecraft/MinecraftServer]: [@: 杀死了猪]
[13:07:20] [Render thread/INFO] [minecraft/ChatComponent]: [System] [CHAT] [@: 召唤了新的猪]
[13:07:20] [Render thread/INFO] [minecraft/ChatComponent]: [System] [CHAT] [@: 杀死了猪]
[13:07:20] [Server thread/INFO] [minecraft/MinecraftServer]: [@: 召唤了新的猪]
[13:07:20] [Server thread/INFO] [minecraft/MinecraftServer]: [@: 杀死了猪]
[13:07:20] [Render thread/INFO] [minecraft/ChatComponent]: [System] [CHAT] [@: 召唤了新的猪]
[13:07:20] [Render thread/INFO] [minecraft/ChatComponent]: [System] [CHAT] [@: 杀死了猪]
[13:07:20] [Server thread/INFO] [minecraft/MinecraftServer]: [@: 召唤了新的猪]
[13:07:20] [Server thread/INFO] [minecraft/MinecraftServer]: [@: 杀死了猪]
[13:07:20] [Render thread/INFO] [minecraft/ChatComponent]: [System] [CHAT] [@: 召唤了新的猪]
[13:07:20] [Render thread/INFO] [minecraft/ChatComponent]: [System] [CHAT] [@: 杀死了猪]
[13:07:20] [Server thread/INFO] [minecraft/MinecraftServer]: [@: 召唤了新的猪]
[13:07:20] [Server thread/INFO] [minecraft/MinecraftServer]: [@: 杀死了猪]
[13:07:20] [Render thread/INFO] [minecraft/ChatComponent]: [System] [CHAT] [@: 召唤了新的猪]
[13:07:20] [Render thread/INFO] [minecraft/ChatComponent]: [System] [CHAT] [@: 杀死了猪]
[13:07:20] [Server thread/INFO] [minecraft/MinecraftServer]: [@: 召唤了新的猪]
[13:07:20] [Server thread/INFO] [minecraft/MinecraftServer]: [@: 杀死了猪]
[13:07:20] [Render thread/INFO] [minecraft/ChatComponent]: [System] [CHAT] [@: 召唤了新的猪]
[13:07:20] [Render thread/INFO] [minecraft/ChatComponent]: [System] [CHAT] [@: 杀死了猪]
[13:07:20] [Server thread/INFO] [minecraft/MinecraftServer]: [@: 召唤了新的猪]
[13:07:20] [Server thread/INFO] [minecraft/MinecraftServer]: [@: 杀死了猪]
[13:07:20] [Render thread/INFO] [minecraft/ChatComponent]: [System] [CHAT] [@: 召唤了新的猪]
[13:07:20] [Render thread/INFO] [minecraft/ChatComponent]: [System] [CHAT] [@: 杀死了猪]
[13:07:20] [Server thread/INFO] [minecraft/MinecraftServer]: [@: 召唤了新的猪]
[13:07:20] [Server thread/INFO] [minecraft/MinecraftServer]: [@: 杀死了猪]
[13:07:20] [Render thread/INFO] [minecraft/ChatComponent]: [System] [CHAT] [@: 召唤了新的猪]
[13:07:20] [Render thread/INFO] [minecraft/ChatComponent]: [System] [CHAT] [@: 杀死了猪]
[13:07:20] [Server thread/INFO] [minecraft/MinecraftServer]: [@: 召唤了新的猪]
[13:07:20] [Server thread/INFO] [minecraft/MinecraftServer]: [@: 杀死了猪]
[13:07:20] [Render thread/INFO] [minecraft/ChatComponent]: [System] [CHAT] [@: 召唤了新的猪]
[13:07:20] [Render thread/INFO] [minecraft/ChatComponent]: [System] [CHAT] [@: 杀死了猪]
[13:07:20] [Server thread/INFO] [minecraft/MinecraftServer]: [@: 召唤了新的猪]
[13:07:20] [Server thread/INFO] [minecraft/MinecraftServer]: [@: 杀死了猪]
[13:07:20] [Render thread/INFO] [minecraft/ChatComponent]: [System] [CHAT] [@: 召唤了新的猪]
[13:07:20] [Render thread/INFO] [minecraft/ChatComponent]: [System] [CHAT] [@: 杀死了猪]
[13:07:20] [Server thread/INFO] [minecraft/MinecraftServer]: [@: 召唤了新的猪]
[13:07:20] [Server thread/INFO] [minecraft/MinecraftServer]: [@: 杀死了猪]
[13:07:20] [Render thread/INFO] [minecraft/ChatComponent]: [System] [CHAT] [@: 召唤了新的猪]
[13:07:20] [Render thread/INFO] [minecraft/ChatComponent]: [System] [CHAT] [@: 杀死了猪]
[13:07:20] [Server thread/INFO] [minecraft/MinecraftServer]: [@: 召唤了新的猪]
[13:07:20] [Server thread/INFO] [minecraft/MinecraftServer]: [@: 杀死了猪]
[13:07:20] [Render thread/INFO] [minecraft/ChatComponent]: [System] [CHAT] [@: 召唤了新的猪]
[13:07:20] [Render thread/INFO] [minecraft/ChatComponent]: [System] [CHAT] [@: 杀死了猪]
[13:07:20] [Server thread/INFO] [minecraft/MinecraftServer]: [@: 召唤了新的猪]
[13:07:20] [Server thread/INFO] [minecraft/MinecraftServer]: [@: 杀死了猪]
[13:07:20] [Render thread/INFO] [minecraft/ChatComponent]: [System] [CHAT] [@: 召唤了新的猪]
[13:07:20] [Render thread/INFO] [minecraft/ChatComponent]: [System] [CHAT] [@: 杀死了猪]
[13:07:21] [Server thread/INFO] [minecraft/MinecraftServer]: [@: 召唤了新的猪]
[13:07:21] [Server thread/INFO] [minecraft/MinecraftServer]: [@: 杀死了猪]
[13:07:21] [Render thread/INFO] [minecraft/ChatComponent]: [System] [CHAT] [@: 召唤了新的猪]
[13:07:21] [Render thread/INFO] [minecraft/ChatComponent]: [System] [CHAT] [@: 杀死了猪]
[13:07:21] [Server thread/INFO] [minecraft/MinecraftServer]: [@: 召唤了新的猪]
[13:07:21] [Server thread/INFO] [minecraft/MinecraftServer]: [@: 杀死了猪]
[13:07:21] [Render thread/INFO] [minecraft/ChatComponent]: [System] [CHAT] [@: 召唤了新的猪]
[13:07:21] [Render thread/INFO] [minecraft/ChatComponent]: [System] [CHAT] [@: 杀死了猪]
[13:07:21] [Server thread/INFO] [minecraft/MinecraftServer]: [@: 召唤了新的猪]
[13:07:21] [Server thread/INFO] [minecraft/MinecraftServer]: [@: 杀死了猪]
[13:07:21] [Render thread/INFO] [minecraft/ChatComponent]: [System] [CHAT] [@: 召唤了新的猪]
[13:07:21] [Render thread/INFO] [minecraft/ChatComponent]: [System] [CHAT] [@: 杀死了猪]
[13:07:21] [Server thread/INFO] [minecraft/MinecraftServer]: [@: 召唤了新的猪]
[13:07:21] [Server thread/INFO] [minecraft/MinecraftServer]: [@: 杀死了猪]
[13:07:21] [Render thread/INFO] [minecraft/ChatComponent]: [System] [CHAT] [@: 召唤了新的猪]
[13:07:21] [Render thread/INFO] [minecraft/ChatComponent]: [System] [CHAT] [@: 杀死了猪]
[13:07:21] [Server thread/INFO] [minecraft/MinecraftServer]: [@: 召唤了新的猪]
[13:07:21] [Server thread/INFO] [minecraft/MinecraftServer]: [@: 杀死了猪]
[13:07:21] [Render thread/INFO] [minecraft/ChatComponent]: [System] [CHAT] [@: 召唤了新的猪]
[13:07:21] [Render thread/INFO] [minecraft/ChatComponent]: [System] [CHAT] [@: 杀死了猪]
[13:07:21] [Server thread/INFO] [minecraft/MinecraftServer]: [@: 召唤了新的猪]
[13:07:21] [Server thread/INFO] [minecraft/MinecraftServer]: [@: 杀死了猪]
[13:07:21] [Render thread/INFO] [minecraft/ChatComponent]: [System] [CHAT] [@: 召唤了新的猪]
[13:07:21] [Render thread/INFO] [minecraft/ChatComponent]: [System] [CHAT] [@: 杀死了猪]
[13:07:21] [Server thread/INFO] [minecraft/MinecraftServer]: [@: 召唤了新的猪]
[13:07:21] [Server thread/INFO] [minecraft/MinecraftServer]: [@: 杀死了猪]
[13:07:21] [Render thread/INFO] [minecraft/ChatComponent]: [System] [CHAT] [@: 召唤了新的猪]
[13:07:21] [Render thread/INFO] [minecraft/ChatComponent]: [System] [CHAT] [@: 杀死了猪]
[13:07:21] [Server thread/INFO] [minecraft/MinecraftServer]: [@: 召唤了新的猪]
[13:07:21] [Server thread/INFO] [minecraft/MinecraftServer]: [@: 杀死了猪]
[13:07:21] [Render thread/INFO] [minecraft/ChatComponent]: [System] [CHAT] [@: 召唤了新的猪]
[13:07:21] [Render thread/INFO] [minecraft/ChatComponent]: [System] [CHAT] [@: 杀死了猪]
[13:07:21] [Server thread/INFO] [minecraft/MinecraftServer]: [@: 召唤了新的猪]
[13:07:21] [Server thread/INFO] [minecraft/MinecraftServer]: [@: 杀死了猪]
[13:07:21] [Render thread/INFO] [minecraft/ChatComponent]: [System] [CHAT] [@: 召唤了新的猪]
[13:07:21] [Render thread/INFO] [minecraft/ChatComponent]: [System] [CHAT] [@: 杀死了猪]
[13:07:21] [Server thread/INFO] [minecraft/MinecraftServer]: [@: 召唤了新的猪]
[13:07:21] [Server thread/INFO] [minecraft/MinecraftServer]: [@: 杀死了猪]
[13:07:21] [Render thread/INFO] [minecraft/ChatComponent]: [System] [CHAT] [@: 召唤了新的猪]
[13:07:21] [Render thread/INFO] [minecraft/ChatComponent]: [System] [CHAT] [@: 杀死了猪]
[13:07:21] [Server thread/INFO] [minecraft/MinecraftServer]: [@: 召唤了新的猪]
[13:07:21] [Server thread/INFO] [minecraft/MinecraftServer]: [@: 杀死了猪]
[13:07:21] [Render thread/INFO] [minecraft/ChatComponent]: [System] [CHAT] [@: 召唤了新的猪]
[13:07:21] [Render thread/INFO] [minecraft/ChatComponent]: [System] [CHAT] [@: 杀死了猪]
[13:07:21] [Server thread/INFO] [minecraft/MinecraftServer]: [@: 召唤了新的猪]
[13:07:21] [Server thread/INFO] [minecraft/MinecraftServer]: [@: 杀死了猪]
[13:07:21] [Render thread/INFO] [minecraft/ChatComponent]: [System] [CHAT] [@: 召唤了新的猪]
[13:07:21] [Render thread/INFO] [minecraft/ChatComponent]: [System] [CHAT] [@: 杀死了猪]
[13:07:21] [Server thread/INFO] [minecraft/MinecraftServer]: [@: 召唤了新的猪]
[13:07:21] [Server thread/INFO] [minecraft/MinecraftServer]: [@: 杀死了猪]
[13:07:21] [Render thread/INFO] [minecraft/ChatComponent]: [System] [CHAT] [@: 召唤了新的猪]
[13:07:21] [Render thread/INFO] [minecraft/ChatComponent]: [System] [CHAT] [@: 杀死了猪]
[13:07:25] [Server thread/INFO] [minecraft/MinecraftServer]: [@: 召唤了新的猪]
[13:07:25] [Server thread/INFO] [minecraft/MinecraftServer]: [@: 杀死了猪]
[13:07:25] [Render thread/INFO] [minecraft/ChatComponent]: [System] [CHAT] [@: 召唤了新的猪]
[13:07:25] [Render thread/INFO] [minecraft/ChatComponent]: [System] [CHAT] [@: 杀死了猪]
[13:07:25] [Server thread/INFO] [minecraft/MinecraftServer]: [@: 召唤了新的猪]
[13:07:25] [Server thread/INFO] [minecraft/MinecraftServer]: [@: 杀死了猪]
[13:07:25] [Render thread/INFO] [minecraft/ChatComponent]: [System] [CHAT] [@: 召唤了新的猪]
[13:07:25] [Render thread/INFO] [minecraft/ChatComponent]: [System] [CHAT] [@: 杀死了猪]
[13:07:25] [Server thread/INFO] [minecraft/MinecraftServer]: [@: 召唤了新的猪]
[13:07:25] [Server thread/INFO] [minecraft/MinecraftServer]: [@: 杀死了猪]
[13:07:25] [Render thread/INFO] [minecraft/ChatComponent]: [System] [CHAT] [@: 召唤了新的猪]
[13:07:25] [Render thread/INFO] [minecraft/ChatComponent]: [System] [CHAT] [@: 杀死了猪]
[13:07:25] [Server thread/INFO] [minecraft/MinecraftServer]: [@: 召唤了新的猪]
[13:07:25] [Server thread/INFO] [minecraft/MinecraftServer]: [@: 杀死了猪]
[13:07:25] [Render thread/INFO] [minecraft/ChatComponent]: [System] [CHAT] [@: 召唤了新的猪]
[13:07:25] [Render thread/INFO] [minecraft/ChatComponent]: [System] [CHAT] [@: 杀死了猪]
[13:07:25] [Server thread/INFO] [minecraft/MinecraftServer]: [@: 召唤了新的猪]
[13:07:25] [Server thread/INFO] [minecraft/MinecraftServer]: [@: 杀死了猪]
[13:07:25] [Render thread/INFO] [minecraft/ChatComponent]: [System] [CHAT] [@: 召唤了新的猪]
[13:07:25] [Render thread/INFO] [minecraft/ChatComponent]: [System] [CHAT] [@: 杀死了猪]
[13:07:25] [Server thread/INFO] [minecraft/MinecraftServer]: [@: 召唤了新的猪]
[13:07:25] [Server thread/INFO] [minecraft/MinecraftServer]: [@: 杀死了猪]
[13:07:25] [Render thread/INFO] [minecraft/ChatComponent]: [System] [CHAT] [@: 召唤了新的猪]
[13:07:25] [Render thread/INFO] [minecraft/ChatComponent]: [System] [CHAT] [@: 杀死了猪]
[13:07:25] [Server thread/INFO] [minecraft/MinecraftServer]: [@: 召唤了新的猪]
[13:07:25] [Server thread/INFO] [minecraft/MinecraftServer]: [@: 杀死了猪]
[13:07:25] [Render thread/INFO] [minecraft/ChatComponent]: [System] [CHAT] [@: 召唤了新的猪]
[13:07:25] [Render thread/INFO] [minecraft/ChatComponent]: [System] [CHAT] [@: 杀死了猪]
[13:07:25] [Server thread/INFO] [minecraft/MinecraftServer]: [@: 召唤了新的猪]
[13:07:25] [Server thread/INFO] [minecraft/MinecraftServer]: [@: 杀死了猪]
[13:07:25] [Render thread/INFO] [minecraft/ChatComponent]: [System] [CHAT] [@: 召唤了新的猪]
[13:07:25] [Render thread/INFO] [minecraft/ChatComponent]: [System] [CHAT] [@: 杀死了猪]
[13:07:25] [Server thread/INFO] [minecraft/MinecraftServer]: [@: 召唤了新的猪]
[13:07:25] [Server thread/INFO] [minecraft/MinecraftServer]: [@: 杀死了猪]
[13:07:25] [Render thread/INFO] [minecraft/ChatComponent]: [System] [CHAT] [@: 召唤了新的猪]
[13:07:25] [Render thread/INFO] [minecraft/ChatComponent]: [System] [CHAT] [@: 杀死了猪]
[13:07:25] [Server thread/INFO] [minecraft/MinecraftServer]: [@: 召唤了新的猪]
[13:07:25] [Server thread/INFO] [minecraft/MinecraftServer]: [@: 杀死了猪]
[13:07:25] [Render thread/INFO] [minecraft/ChatComponent]: [System] [CHAT] [@: 召唤了新的猪]
[13:07:25] [Render thread/INFO] [minecraft/ChatComponent]: [System] [CHAT] [@: 杀死了猪]
[13:07:25] [Server thread/INFO] [minecraft/MinecraftServer]: [@: 召唤了新的猪]
[13:07:25] [Server thread/INFO] [minecraft/MinecraftServer]: [@: 杀死了猪]
[13:07:25] [Server thread/INFO] [minecraft/MinecraftServer]: [@: 召唤了新的猪]
[13:07:25] [Server thread/INFO] [minecraft/MinecraftServer]: [@: 杀死了猪]
[13:07:25] [Render thread/INFO] [minecraft/ChatComponent]: [System] [CHAT] [@: 召唤了新的猪]
[13:07:25] [Render thread/INFO] [minecraft/ChatComponent]: [System] [CHAT] [@: 杀死了猪]
[13:07:25] [Server thread/INFO] [minecraft/MinecraftServer]: [@: 召唤了新的猪]
[13:07:25] [Render thread/INFO] [minecraft/ChatComponent]: [System] [CHAT] [@: 召唤了新的猪]
[13:07:25] [Server thread/INFO] [minecraft/MinecraftServer]: [@: 杀死了猪]
[13:07:25] [Render thread/INFO] [minecraft/ChatComponent]: [System] [CHAT] [@: 杀死了猪]
[13:07:25] [Server thread/INFO] [minecraft/MinecraftServer]: [@: 召唤了新的猪]
[13:07:25] [Server thread/INFO] [minecraft/MinecraftServer]: [@: 杀死了猪]
[13:07:25] [Render thread/INFO] [minecraft/ChatComponent]: [System] [CHAT] [@: 召唤了新的猪]
[13:07:25] [Render thread/INFO] [minecraft/ChatComponent]: [System] [CHAT] [@: 杀死了猪]
[13:07:25] [Render thread/INFO] [minecraft/ChatComponent]: [System] [CHAT] [@: 召唤了新的猪]
[13:07:25] [Render thread/INFO] [minecraft/ChatComponent]: [System] [CHAT] [@: 杀死了猪]
[13:07:25] [Server thread/INFO] [minecraft/MinecraftServer]: [@: 召唤了新的猪]
[13:07:25] [Server thread/INFO] [minecraft/MinecraftServer]: [@: 杀死了猪]
[13:07:25] [Render thread/INFO] [minecraft/ChatComponent]: [System] [CHAT] [@: 召唤了新的猪]
[13:07:25] [Render thread/INFO] [minecraft/ChatComponent]: [System] [CHAT] [@: 杀死了猪]
[13:07:25] [Server thread/INFO] [minecraft/MinecraftServer]: [@: 召唤了新的猪]
[13:07:25] [Server thread/INFO] [minecraft/MinecraftServer]: [@: 杀死了猪]
[13:07:25] [Render thread/INFO] [minecraft/ChatComponent]: [System] [CHAT] [@: 召唤了新的猪]
[13:07:25] [Render thread/INFO] [minecraft/ChatComponent]: [System] [CHAT] [@: 杀死了猪]
[13:07:25] [Server thread/INFO] [minecraft/MinecraftServer]: [@: 召唤了新的猪]
[13:07:25] [Server thread/INFO] [minecraft/MinecraftServer]: [@: 杀死了猪]
[13:07:25] [Render thread/INFO] [minecraft/ChatComponent]: [System] [CHAT] [@: 召唤了新的猪]
[13:07:25] [Render thread/INFO] [minecraft/ChatComponent]: [System] [CHAT] [@: 杀死了猪]
[13:07:26] [Server thread/INFO] [minecraft/MinecraftServer]: [@: 召唤了新的猪]
[13:07:26] [Server thread/INFO] [minecraft/MinecraftServer]: [@: 杀死了猪]
[13:07:26] [Render thread/INFO] [minecraft/ChatComponent]: [System] [CHAT] [@: 召唤了新的猪]
[13:07:26] [Render thread/INFO] [minecraft/ChatComponent]: [System] [CHAT] [@: 杀死了猪]
[13:07:26] [Server thread/INFO] [minecraft/MinecraftServer]: [@: 召唤了新的猪]
[13:07:26] [Server thread/INFO] [minecraft/MinecraftServer]: [@: 杀死了猪]
[13:07:26] [Render thread/INFO] [minecraft/ChatComponent]: [System] [CHAT] [@: 召唤了新的猪]
[13:07:26] [Render thread/INFO] [minecraft/ChatComponent]: [System] [CHAT] [@: 杀死了猪]
[13:07:26] [Server thread/INFO] [minecraft/MinecraftServer]: [@: 召唤了新的猪]
[13:07:26] [Server thread/INFO] [minecraft/MinecraftServer]: [@: 杀死了猪]
[13:07:26] [Render thread/INFO] [minecraft/ChatComponent]: [System] [CHAT] [@: 召唤了新的猪]
[13:07:26] [Render thread/INFO] [minecraft/ChatComponent]: [System] [CHAT] [@: 杀死了猪]
[13:07:37] [Server thread/INFO] [minecraft/MinecraftServer]: [@: 召唤了新的猪]
[13:07:37] [Server thread/INFO] [minecraft/MinecraftServer]: [@: 杀死了猪]
[13:07:37] [Render thread/INFO] [minecraft/ChatComponent]: [System] [CHAT] [@: 召唤了新的猪]
[13:07:37] [Render thread/INFO] [minecraft/ChatComponent]: [System] [CHAT] [@: 杀死了猪]
[13:07:37] [Server thread/INFO] [minecraft/MinecraftServer]: [@: 召唤了新的猪]
[13:07:37] [Server thread/INFO] [minecraft/MinecraftServer]: [@: 杀死了猪]
[13:07:37] [Render thread/INFO] [minecraft/ChatComponent]: [System] [CHAT] [@: 召唤了新的猪]
[13:07:37] [Render thread/INFO] [minecraft/ChatComponent]: [System] [CHAT] [@: 杀死了猪]
[13:07:37] [Server thread/INFO] [minecraft/MinecraftServer]: [@: 召唤了新的猪]
[13:07:37] [Server thread/INFO] [minecraft/MinecraftServer]: [@: 杀死了猪]
[13:07:37] [Render thread/INFO] [minecraft/ChatComponent]: [System] [CHAT] [@: 召唤了新的猪]
[13:07:37] [Render thread/INFO] [minecraft/ChatComponent]: [System] [CHAT] [@: 杀死了猪]
[13:07:37] [Server thread/INFO] [minecraft/MinecraftServer]: [@: 召唤了新的猪]
[13:07:37] [Server thread/INFO] [minecraft/MinecraftServer]: [@: 杀死了猪]
[13:07:37] [Render thread/INFO] [minecraft/ChatComponent]: [System] [CHAT] [@: 召唤了新的猪]
[13:07:37] [Render thread/INFO] [minecraft/ChatComponent]: [System] [CHAT] [@: 杀死了猪]
[13:07:37] [Server thread/INFO] [minecraft/MinecraftServer]: [@: 召唤了新的猪]
[13:07:37] [Server thread/INFO] [minecraft/MinecraftServer]: [@: 杀死了猪]
[13:07:37] [Render thread/INFO] [minecraft/ChatComponent]: [System] [CHAT] [@: 召唤了新的猪]
[13:07:37] [Render thread/INFO] [minecraft/ChatComponent]: [System] [CHAT] [@: 杀死了猪]
[13:07:37] [Server thread/INFO] [minecraft/MinecraftServer]: [@: 召唤了新的猪]
[13:07:37] [Server thread/INFO] [minecraft/MinecraftServer]: [@: 杀死了猪]
[13:07:37] [Render thread/INFO] [minecraft/ChatComponent]: [System] [CHAT] [@: 召唤了新的猪]
[13:07:37] [Render thread/INFO] [minecraft/ChatComponent]: [System] [CHAT] [@: 杀死了猪]
[13:07:37] [Server thread/INFO] [minecraft/MinecraftServer]: [@: 召唤了新的猪]
[13:07:37] [Server thread/INFO] [minecraft/MinecraftServer]: [@: 杀死了猪]
[13:07:37] [Render thread/INFO] [minecraft/ChatComponent]: [System] [CHAT] [@: 召唤了新的猪]
[13:07:37] [Render thread/INFO] [minecraft/ChatComponent]: [System] [CHAT] [@: 杀死了猪]
[13:07:37] [Server thread/INFO] [minecraft/MinecraftServer]: [@: 召唤了新的猪]
[13:07:37] [Server thread/INFO] [minecraft/MinecraftServer]: [@: 杀死了猪]
[13:07:37] [Render thread/INFO] [minecraft/ChatComponent]: [System] [CHAT] [@: 召唤了新的猪]
[13:07:37] [Render thread/INFO] [minecraft/ChatComponent]: [System] [CHAT] [@: 杀死了猪]
[13:07:37] [Server thread/INFO] [minecraft/MinecraftServer]: [@: 召唤了新的猪]
[13:07:37] [Server thread/INFO] [minecraft/MinecraftServer]: [@: 杀死了猪]
[13:07:37] [Render thread/INFO] [minecraft/ChatComponent]: [System] [CHAT] [@: 召唤了新的猪]
[13:07:37] [Render thread/INFO] [minecraft/ChatComponent]: [System] [CHAT] [@: 杀死了猪]
[13:07:37] [Server thread/INFO] [minecraft/MinecraftServer]: [@: 召唤了新的猪]
[13:07:37] [Server thread/INFO] [minecraft/MinecraftServer]: [@: 杀死了猪]
[13:07:37] [Render thread/INFO] [minecraft/ChatComponent]: [System] [CHAT] [@: 召唤了新的猪]
[13:07:37] [Render thread/INFO] [minecraft/ChatComponent]: [System] [CHAT] [@: 杀死了猪]
[13:07:37] [Server thread/INFO] [minecraft/MinecraftServer]: [@: 召唤了新的猪]
[13:07:37] [Server thread/INFO] [minecraft/MinecraftServer]: [@: 杀死了猪]
[13:07:37] [Render thread/INFO] [minecraft/ChatComponent]: [System] [CHAT] [@: 召唤了新的猪]
[13:07:37] [Render thread/INFO] [minecraft/ChatComponent]: [System] [CHAT] [@: 杀死了猪]
[13:07:37] [Server thread/INFO] [minecraft/MinecraftServer]: [@: 召唤了新的猪]
[13:07:37] [Server thread/INFO] [minecraft/MinecraftServer]: [@: 杀死了猪]
[13:07:37] [Render thread/INFO] [minecraft/ChatComponent]: [System] [CHAT] [@: 召唤了新的猪]
[13:07:37] [Render thread/INFO] [minecraft/ChatComponent]: [System] [CHAT] [@: 杀死了猪]
[13:07:37] [Server thread/INFO] [minecraft/MinecraftServer]: [@: 召唤了新的猪]
[13:07:37] [Server thread/INFO] [minecraft/MinecraftServer]: [@: 杀死了猪]
[13:07:37] [Render thread/INFO] [minecraft/ChatComponent]: [System] [CHAT] [@: 召唤了新的猪]
[13:07:37] [Render thread/INFO] [minecraft/ChatComponent]: [System] [CHAT] [@: 杀死了猪]
[13:07:38] [Server thread/INFO] [minecraft/MinecraftServer]: [@: 召唤了新的猪]
[13:07:38] [Server thread/INFO] [minecraft/MinecraftServer]: [@: 杀死了猪]
[13:07:38] [Render thread/INFO] [minecraft/ChatComponent]: [System] [CHAT] [@: 召唤了新的猪]
[13:07:38] [Render thread/INFO] [minecraft/ChatComponent]: [System] [CHAT] [@: 杀死了猪]
[13:07:38] [Server thread/INFO] [minecraft/MinecraftServer]: [@: 召唤了新的猪]
[13:07:38] [Server thread/INFO] [minecraft/MinecraftServer]: [@: 杀死了猪]
[13:07:38] [Render thread/INFO] [minecraft/ChatComponent]: [System] [CHAT] [@: 召唤了新的猪]
[13:07:38] [Render thread/INFO] [minecraft/ChatComponent]: [System] [CHAT] [@: 杀死了猪]
[13:07:38] [Server thread/INFO] [minecraft/MinecraftServer]: [@: 召唤了新的猪]
[13:07:38] [Server thread/INFO] [minecraft/MinecraftServer]: [@: 杀死了猪]
[13:07:38] [Render thread/INFO] [minecraft/ChatComponent]: [System] [CHAT] [@: 召唤了新的猪]
[13:07:38] [Render thread/INFO] [minecraft/ChatComponent]: [System] [CHAT] [@: 杀死了猪]
[13:07:38] [Server thread/INFO] [minecraft/MinecraftServer]: [@: 召唤了新的猪]
[13:07:38] [Server thread/INFO] [minecraft/MinecraftServer]: [@: 杀死了猪]
[13:07:38] [Render thread/INFO] [minecraft/ChatComponent]: [System] [CHAT] [@: 召唤了新的猪]
[13:07:38] [Render thread/INFO] [minecraft/ChatComponent]: [System] [CHAT] [@: 杀死了猪]
[13:07:38] [Server thread/INFO] [minecraft/MinecraftServer]: [@: 召唤了新的猪]
[13:07:38] [Server thread/INFO] [minecraft/MinecraftServer]: [@: 杀死了猪]
[13:07:38] [Render thread/INFO] [minecraft/ChatComponent]: [System] [CHAT] [@: 召唤了新的猪]
[13:07:38] [Render thread/INFO] [minecraft/ChatComponent]: [System] [CHAT] [@: 杀死了猪]
[13:07:38] [Server thread/INFO] [minecraft/MinecraftServer]: [@: 召唤了新的猪]
[13:07:38] [Server thread/INFO] [minecraft/MinecraftServer]: [@: 杀死了猪]
[13:07:38] [Render thread/INFO] [minecraft/ChatComponent]: [System] [CHAT] [@: 召唤了新的猪]
[13:07:38] [Render thread/INFO] [minecraft/ChatComponent]: [System] [CHAT] [@: 杀死了猪]
[13:07:38] [Server thread/INFO] [minecraft/MinecraftServer]: [@: 召唤了新的猪]
[13:07:38] [Server thread/INFO] [minecraft/MinecraftServer]: [@: 杀死了猪]
[13:07:38] [Render thread/INFO] [minecraft/ChatComponent]: [System] [CHAT] [@: 召唤了新的猪]
[13:07:38] [Render thread/INFO] [minecraft/ChatComponent]: [System] [CHAT] [@: 杀死了猪]
[13:07:38] [Server thread/INFO] [minecraft/MinecraftServer]: [@: 召唤了新的猪]
[13:07:38] [Server thread/INFO] [minecraft/MinecraftServer]: [@: 杀死了猪]
[13:07:38] [Render thread/INFO] [minecraft/ChatComponent]: [System] [CHAT] [@: 召唤了新的猪]
[13:07:38] [Render thread/INFO] [minecraft/ChatComponent]: [System] [CHAT] [@: 杀死了猪]
[13:07:38] [Server thread/INFO] [minecraft/MinecraftServer]: [@: 召唤了新的猪]
[13:07:38] [Server thread/INFO] [minecraft/MinecraftServer]: [@: 杀死了猪]
[13:07:38] [Render thread/INFO] [minecraft/ChatComponent]: [System] [CHAT] [@: 召唤了新的猪]
[13:07:38] [Render thread/INFO] [minecraft/ChatComponent]: [System] [CHAT] [@: 杀死了猪]
[13:07:38] [Server thread/INFO] [minecraft/MinecraftServer]: [@: 召唤了新的猪]
[13:07:38] [Server thread/INFO] [minecraft/MinecraftServer]: [@: 杀死了猪]
[13:07:38] [Render thread/INFO] [minecraft/ChatComponent]: [System] [CHAT] [@: 召唤了新的猪]
[13:07:38] [Render thread/INFO] [minecraft/ChatComponent]: [System] [CHAT] [@: 杀死了猪]
[13:07:38] [Server thread/INFO] [minecraft/MinecraftServer]: [@: 召唤了新的猪]
[13:07:38] [Server thread/INFO] [minecraft/MinecraftServer]: [@: 杀死了猪]
[13:07:38] [Render thread/INFO] [minecraft/ChatComponent]: [System] [CHAT] [@: 召唤了新的猪]
[13:07:38] [Render thread/INFO] [minecraft/ChatComponent]: [System] [CHAT] [@: 杀死了猪]
[13:07:38] [Server thread/INFO] [minecraft/MinecraftServer]: [@: 召唤了新的猪]
[13:07:38] [Server thread/INFO] [minecraft/MinecraftServer]: [@: 杀死了猪]
[13:07:38] [Render thread/INFO] [minecraft/ChatComponent]: [System] [CHAT] [@: 召唤了新的猪]
[13:07:38] [Render thread/INFO] [minecraft/ChatComponent]: [System] [CHAT] [@: 杀死了猪]
[13:07:38] [Server thread/INFO] [minecraft/MinecraftServer]: [@: 召唤了新的猪]
[13:07:38] [Server thread/INFO] [minecraft/MinecraftServer]: [@: 杀死了猪]
[13:07:38] [Render thread/INFO] [minecraft/ChatComponent]: [System] [CHAT] [@: 召唤了新的猪]
[13:07:38] [Render thread/INFO] [minecraft/ChatComponent]: [System] [CHAT] [@: 杀死了猪]
[13:07:38] [Server thread/INFO] [minecraft/MinecraftServer]: [@: 召唤了新的猪]
[13:07:38] [Server thread/INFO] [minecraft/MinecraftServer]: [@: 杀死了猪]
[13:07:38] [Render thread/INFO] [minecraft/ChatComponent]: [System] [CHAT] [@: 召唤了新的猪]
[13:07:38] [Render thread/INFO] [minecraft/ChatComponent]: [System] [CHAT] [@: 杀死了猪]
[13:07:38] [Server thread/INFO] [minecraft/MinecraftServer]: [@: 召唤了新的猪]
[13:07:38] [Server thread/INFO] [minecraft/MinecraftServer]: [@: 杀死了猪]
[13:07:38] [Render thread/INFO] [minecraft/ChatComponent]: [System] [CHAT] [@: 召唤了新的猪]
[13:07:38] [Render thread/INFO] [minecraft/ChatComponent]: [System] [CHAT] [@: 杀死了猪]
[13:07:38] [Server thread/INFO] [minecraft/MinecraftServer]: [@: 召唤了新的猪]
[13:07:38] [Server thread/INFO] [minecraft/MinecraftServer]: [@: 杀死了猪]
[13:07:38] [Render thread/INFO] [minecraft/ChatComponent]: [System] [CHAT] [@: 召唤了新的猪]
[13:07:38] [Render thread/INFO] [minecraft/ChatComponent]: [System] [CHAT] [@: 杀死了猪]
[13:07:38] [Server thread/INFO] [minecraft/MinecraftServer]: [@: 召唤了新的猪]
[13:07:38] [Server thread/INFO] [minecraft/MinecraftServer]: [@: 杀死了猪]
[13:07:38] [Render thread/INFO] [minecraft/ChatComponent]: [System] [CHAT] [@: 召唤了新的猪]
[13:07:38] [Render thread/INFO] [minecraft/ChatComponent]: [System] [CHAT] [@: 杀死了猪]
[13:07:38] [Server thread/INFO] [minecraft/MinecraftServer]: [@: 召唤了新的猪]
[13:07:38] [Server thread/INFO] [minecraft/MinecraftServer]: [@: 杀死了猪]
[13:07:38] [Render thread/INFO] [minecraft/ChatComponent]: [System] [CHAT] [@: 召唤了新的猪]
[13:07:38] [Render thread/INFO] [minecraft/ChatComponent]: [System] [CHAT] [@: 杀死了猪]
[13:07:38] [Server thread/INFO] [minecraft/MinecraftServer]: [@: 召唤了新的猪]
[13:07:38] [Server thread/INFO] [minecraft/MinecraftServer]: [@: 杀死了猪]
[13:07:38] [Render thread/INFO] [minecraft/ChatComponent]: [System] [CHAT] [@: 召唤了新的猪]
[13:07:38] [Render thread/INFO] [minecraft/ChatComponent]: [System] [CHAT] [@: 杀死了猪]
[13:07:38] [Server thread/INFO] [minecraft/MinecraftServer]: [@: 召唤了新的猪]
[13:07:38] [Server thread/INFO] [minecraft/MinecraftServer]: [@: 杀死了猪]
[13:07:38] [Render thread/INFO] [minecraft/ChatComponent]: [System] [CHAT] [@: 召唤了新的猪]
[13:07:38] [Render thread/INFO] [minecraft/ChatComponent]: [System] [CHAT] [@: 杀死了猪]
[13:07:39] [Server thread/INFO] [minecraft/MinecraftServer]: [@: 召唤了新的猪]
[13:07:39] [Server thread/INFO] [minecraft/MinecraftServer]: [@: 杀死了猪]
[13:07:39] [Render thread/INFO] [minecraft/ChatComponent]: [System] [CHAT] [@: 召唤了新的猪]
[13:07:39] [Render thread/INFO] [minecraft/ChatComponent]: [System] [CHAT] [@: 杀死了猪]
[13:07:39] [Server thread/INFO] [minecraft/MinecraftServer]: [@: 召唤了新的猪]
[13:07:39] [Server thread/INFO] [minecraft/MinecraftServer]: [@: 杀死了猪]
[13:07:39] [Render thread/INFO] [minecraft/ChatComponent]: [System] [CHAT] [@: 召唤了新的猪]
[13:07:39] [Render thread/INFO] [minecraft/ChatComponent]: [System] [CHAT] [@: 杀死了猪]
[13:07:39] [Server thread/INFO] [minecraft/MinecraftServer]: [@: 召唤了新的猪]
[13:07:39] [Server thread/INFO] [minecraft/MinecraftServer]: [@: 杀死了猪]
[13:07:39] [Render thread/INFO] [minecraft/ChatComponent]: [System] [CHAT] [@: 召唤了新的猪]
[13:07:39] [Render thread/INFO] [minecraft/ChatComponent]: [System] [CHAT] [@: 杀死了猪]
[13:07:39] [Server thread/INFO] [minecraft/MinecraftServer]: [@: 召唤了新的猪]
[13:07:39] [Server thread/INFO] [minecraft/MinecraftServer]: [@: 杀死了猪]
[13:07:39] [Render thread/INFO] [minecraft/ChatComponent]: [System] [CHAT] [@: 召唤了新的猪]
[13:07:39] [Render thread/INFO] [minecraft/ChatComponent]: [System] [CHAT] [@: 杀死了猪]
[13:07:39] [Server thread/INFO] [minecraft/MinecraftServer]: [@: 召唤了新的猪]
[13:07:39] [Server thread/INFO] [minecraft/MinecraftServer]: [@: 杀死了猪]
[13:07:39] [Render thread/INFO] [minecraft/ChatComponent]: [System] [CHAT] [@: 召唤了新的猪]
[13:07:39] [Render thread/INFO] [minecraft/ChatComponent]: [System] [CHAT] [@: 杀死了猪]
[13:07:39] [Server thread/INFO] [minecraft/MinecraftServer]: [@: 召唤了新的猪]
[13:07:39] [Server thread/INFO] [minecraft/MinecraftServer]: [@: 杀死了猪]
[13:07:39] [Render thread/INFO] [minecraft/ChatComponent]: [System] [CHAT] [@: 召唤了新的猪]
[13:07:39] [Render thread/INFO] [minecraft/ChatComponent]: [System] [CHAT] [@: 杀死了猪]
[13:07:39] [Server thread/INFO] [minecraft/MinecraftServer]: [@: 召唤了新的猪]
[13:07:39] [Server thread/INFO] [minecraft/MinecraftServer]: [@: 杀死了猪]
[13:07:39] [Render thread/INFO] [minecraft/ChatComponent]: [System] [CHAT] [@: 召唤了新的猪]
[13:07:39] [Render thread/INFO] [minecraft/ChatComponent]: [System] [CHAT] [@: 杀死了猪]
[13:07:39] [Server thread/INFO] [minecraft/MinecraftServer]: [@: 召唤了新的猪]
[13:07:39] [Server thread/INFO] [minecraft/MinecraftServer]: [@: 杀死了猪]
[13:07:39] [Render thread/INFO] [minecraft/ChatComponent]: [System] [CHAT] [@: 召唤了新的猪]
[13:07:39] [Render thread/INFO] [minecraft/ChatComponent]: [System] [CHAT] [@: 杀死了猪]
[13:07:39] [Server thread/INFO] [minecraft/MinecraftServer]: [@: 召唤了新的猪]
[13:07:39] [Server thread/INFO] [minecraft/MinecraftServer]: [@: 杀死了猪]
[13:07:39] [Render thread/INFO] [minecraft/ChatComponent]: [System] [CHAT] [@: 召唤了新的猪]
[13:07:39] [Render thread/INFO] [minecraft/ChatComponent]: [System] [CHAT] [@: 杀死了猪]
[13:07:39] [Server thread/INFO] [minecraft/MinecraftServer]: [@: 召唤了新的猪]
[13:07:39] [Server thread/INFO] [minecraft/MinecraftServer]: [@: 杀死了猪]
[13:07:39] [Render thread/INFO] [minecraft/ChatComponent]: [System] [CHAT] [@: 召唤了新的猪]
[13:07:39] [Render thread/INFO] [minecraft/ChatComponent]: [System] [CHAT] [@: 杀死了猪]
[13:07:39] [Server thread/INFO] [minecraft/MinecraftServer]: [@: 召唤了新的猪]
[13:07:39] [Server thread/INFO] [minecraft/MinecraftServer]: [@: 杀死了猪]
[13:07:39] [Render thread/INFO] [minecraft/ChatComponent]: [System] [CHAT] [@: 召唤了新的猪]
[13:07:39] [Render thread/INFO] [minecraft/ChatComponent]: [System] [CHAT] [@: 杀死了猪]
[13:07:39] [Server thread/INFO] [minecraft/MinecraftServer]: [@: 召唤了新的猪]
[13:07:39] [Server thread/INFO] [minecraft/MinecraftServer]: [@: 杀死了猪]
[13:07:39] [Render thread/INFO] [minecraft/ChatComponent]: [System] [CHAT] [@: 召唤了新的猪]
[13:07:39] [Render thread/INFO] [minecraft/ChatComponent]: [System] [CHAT] [@: 杀死了猪]
[13:07:39] [Server thread/INFO] [minecraft/MinecraftServer]: [@: 召唤了新的猪]
[13:07:39] [Server thread/INFO] [minecraft/MinecraftServer]: [@: 杀死了猪]
[13:07:39] [Render thread/INFO] [minecraft/ChatComponent]: [System] [CHAT] [@: 召唤了新的猪]
[13:07:39] [Render thread/INFO] [minecraft/ChatComponent]: [System] [CHAT] [@: 杀死了猪]
[13:07:39] [Server thread/INFO] [minecraft/MinecraftServer]: [@: 召唤了新的猪]
[13:07:39] [Server thread/INFO] [minecraft/MinecraftServer]: [@: 杀死了猪]
[13:07:39] [Render thread/INFO] [minecraft/ChatComponent]: [System] [CHAT] [@: 召唤了新的猪]
[13:07:39] [Render thread/INFO] [minecraft/ChatComponent]: [System] [CHAT] [@: 杀死了猪]
[13:07:39] [Server thread/INFO] [minecraft/MinecraftServer]: [@: 召唤了新的猪]
[13:07:39] [Server thread/INFO] [minecraft/MinecraftServer]: [@: 杀死了猪]
[13:07:39] [Render thread/INFO] [minecraft/ChatComponent]: [System] [CHAT] [@: 召唤了新的猪]
[13:07:39] [Render thread/INFO] [minecraft/ChatComponent]: [System] [CHAT] [@: 杀死了猪]
[13:07:39] [Server thread/INFO] [minecraft/MinecraftServer]: [@: 召唤了新的猪]
[13:07:39] [Server thread/INFO] [minecraft/MinecraftServer]: [@: 杀死了猪]
[13:07:39] [Render thread/INFO] [minecraft/ChatComponent]: [System] [CHAT] [@: 召唤了新的猪]
[13:07:39] [Render thread/INFO] [minecraft/ChatComponent]: [System] [CHAT] [@: 杀死了猪]
[13:07:39] [Server thread/INFO] [minecraft/MinecraftServer]: [@: 召唤了新的猪]
[13:07:39] [Server thread/INFO] [minecraft/MinecraftServer]: [@: 杀死了猪]
[13:07:39] [Render thread/INFO] [minecraft/ChatComponent]: [System] [CHAT] [@: 召唤了新的猪]
[13:07:39] [Render thread/INFO] [minecraft/ChatComponent]: [System] [CHAT] [@: 杀死了猪]
[13:07:39] [Server thread/INFO] [minecraft/MinecraftServer]: [@: 召唤了新的猪]
[13:07:39] [Server thread/INFO] [minecraft/MinecraftServer]: [@: 杀死了猪]
[13:07:39] [Render thread/INFO] [minecraft/ChatComponent]: [System] [CHAT] [@: 召唤了新的猪]
[13:07:39] [Render thread/INFO] [minecraft/ChatComponent]: [System] [CHAT] [@: 杀死了猪]
[13:07:39] [Server thread/INFO] [minecraft/MinecraftServer]: [@: 召唤了新的猪]
[13:07:39] [Server thread/INFO] [minecraft/MinecraftServer]: [@: 杀死了猪]
[13:07:39] [Render thread/INFO] [minecraft/ChatComponent]: [System] [CHAT] [@: 召唤了新的猪]
[13:07:39] [Render thread/INFO] [minecraft/ChatComponent]: [System] [CHAT] [@: 杀死了猪]
[13:07:39] [Server thread/INFO] [minecraft/MinecraftServer]: [@: 召唤了新的猪]
[13:07:39] [Server thread/INFO] [minecraft/MinecraftServer]: [@: 杀死了猪]
[13:07:39] [Render thread/INFO] [minecraft/ChatComponent]: [System] [CHAT] [@: 召唤了新的猪]
[13:07:39] [Render thread/INFO] [minecraft/ChatComponent]: [System] [CHAT] [@: 杀死了猪]
[13:07:40] [Server thread/INFO] [minecraft/MinecraftServer]: [@: 召唤了新的猪]
[13:07:40] [Server thread/INFO] [minecraft/MinecraftServer]: [@: 杀死了猪]
[13:07:40] [Render thread/INFO] [minecraft/ChatComponent]: [System] [CHAT] [@: 召唤了新的猪]
[13:07:40] [Render thread/INFO] [minecraft/ChatComponent]: [System] [CHAT] [@: 杀死了猪]
[13:07:40] [Server thread/INFO] [minecraft/MinecraftServer]: [@: 召唤了新的猪]
[13:07:40] [Server thread/INFO] [minecraft/MinecraftServer]: [@: 杀死了猪]
[13:07:40] [Render thread/INFO] [minecraft/ChatComponent]: [System] [CHAT] [@: 召唤了新的猪]
[13:07:40] [Render thread/INFO] [minecraft/ChatComponent]: [System] [CHAT] [@: 杀死了猪]
[13:07:40] [Server thread/INFO] [minecraft/MinecraftServer]: [@: 召唤了新的猪]
[13:07:40] [Server thread/INFO] [minecraft/MinecraftServer]: [@: 杀死了猪]
[13:07:40] [Render thread/INFO] [minecraft/ChatComponent]: [System] [CHAT] [@: 召唤了新的猪]
[13:07:40] [Render thread/INFO] [minecraft/ChatComponent]: [System] [CHAT] [@: 杀死了猪]
[13:07:40] [Server thread/INFO] [minecraft/MinecraftServer]: [@: 召唤了新的猪]
[13:07:40] [Server thread/INFO] [minecraft/MinecraftServer]: [@: 杀死了猪]
[13:07:40] [Render thread/INFO] [minecraft/ChatComponent]: [System] [CHAT] [@: 召唤了新的猪]
[13:07:40] [Render thread/INFO] [minecraft/ChatComponent]: [System] [CHAT] [@: 杀死了猪]
[13:07:40] [Server thread/INFO] [minecraft/MinecraftServer]: [@: 召唤了新的猪]
[13:07:40] [Server thread/INFO] [minecraft/MinecraftServer]: [@: 杀死了猪]
[13:07:40] [Render thread/INFO] [minecraft/ChatComponent]: [System] [CHAT] [@: 召唤了新的猪]
[13:07:40] [Render thread/INFO] [minecraft/ChatComponent]: [System] [CHAT] [@: 杀死了猪]
[13:07:40] [Server thread/INFO] [minecraft/MinecraftServer]: [@: 召唤了新的猪]
[13:07:40] [Server thread/INFO] [minecraft/MinecraftServer]: [@: 杀死了猪]
[13:07:40] [Render thread/INFO] [minecraft/ChatComponent]: [System] [CHAT] [@: 召唤了新的猪]
[13:07:40] [Render thread/INFO] [minecraft/ChatComponent]: [System] [CHAT] [@: 杀死了猪]
[13:07:40] [Server thread/INFO] [minecraft/MinecraftServer]: [@: 召唤了新的猪]
[13:07:40] [Server thread/INFO] [minecraft/MinecraftServer]: [@: 杀死了猪]
[13:07:40] [Render thread/INFO] [minecraft/ChatComponent]: [System] [CHAT] [@: 召唤了新的猪]
[13:07:40] [Render thread/INFO] [minecraft/ChatComponent]: [System] [CHAT] [@: 杀死了猪]
[13:07:40] [Server thread/INFO] [minecraft/MinecraftServer]: [@: 召唤了新的猪]
[13:07:40] [Server thread/INFO] [minecraft/MinecraftServer]: [@: 杀死了猪]
[13:07:40] [Render thread/INFO] [minecraft/ChatComponent]: [System] [CHAT] [@: 召唤了新的猪]
[13:07:40] [Render thread/INFO] [minecraft/ChatComponent]: [System] [CHAT] [@: 杀死了猪]
[13:07:40] [Server thread/INFO] [minecraft/MinecraftServer]: [@: 召唤了新的猪]
[13:07:40] [Server thread/INFO] [minecraft/MinecraftServer]: [@: 杀死了猪]
[13:07:40] [Render thread/INFO] [minecraft/ChatComponent]: [System] [CHAT] [@: 召唤了新的猪]
[13:07:40] [Render thread/INFO] [minecraft/ChatComponent]: [System] [CHAT] [@: 杀死了猪]
[13:07:40] [Server thread/INFO] [minecraft/MinecraftServer]: [@: 召唤了新的猪]
[13:07:40] [Server thread/INFO] [minecraft/MinecraftServer]: [@: 杀死了猪]
[13:07:40] [Render thread/INFO] [minecraft/ChatComponent]: [System] [CHAT] [@: 召唤了新的猪]
[13:07:40] [Render thread/INFO] [minecraft/ChatComponent]: [System] [CHAT] [@: 杀死了猪]
[13:07:40] [Server thread/INFO] [minecraft/MinecraftServer]: [@: 召唤了新的猪]
[13:07:40] [Server thread/INFO] [minecraft/MinecraftServer]: [@: 杀死了猪]
[13:07:40] [Render thread/INFO] [minecraft/ChatComponent]: [System] [CHAT] [@: 召唤了新的猪]
[13:07:40] [Render thread/INFO] [minecraft/ChatComponent]: [System] [CHAT] [@: 杀死了猪]
[13:07:40] [Server thread/INFO] [minecraft/MinecraftServer]: [@: 召唤了新的猪]
[13:07:40] [Server thread/INFO] [minecraft/MinecraftServer]: [@: 杀死了猪]
[13:07:40] [Render thread/INFO] [minecraft/ChatComponent]: [System] [CHAT] [@: 召唤了新的猪]
[13:07:40] [Render thread/INFO] [minecraft/ChatComponent]: [System] [CHAT] [@: 杀死了猪]
[13:07:40] [Server thread/INFO] [minecraft/MinecraftServer]: [@: 召唤了新的猪]
[13:07:40] [Server thread/INFO] [minecraft/MinecraftServer]: [@: 杀死了猪]
[13:07:40] [Render thread/INFO] [minecraft/ChatComponent]: [System] [CHAT] [@: 召唤了新的猪]
[13:07:40] [Render thread/INFO] [minecraft/ChatComponent]: [System] [CHAT] [@: 杀死了猪]
[13:07:40] [Server thread/INFO] [minecraft/MinecraftServer]: [@: 召唤了新的猪]
[13:07:40] [Server thread/INFO] [minecraft/MinecraftServer]: [@: 杀死了猪]
[13:07:40] [Render thread/INFO] [minecraft/ChatComponent]: [System] [CHAT] [@: 召唤了新的猪]
[13:07:40] [Render thread/INFO] [minecraft/ChatComponent]: [System] [CHAT] [@: 杀死了猪]
[13:07:40] [Server thread/INFO] [minecraft/MinecraftServer]: [@: 召唤了新的猪]
[13:07:40] [Server thread/INFO] [minecraft/MinecraftServer]: [@: 杀死了猪]
[13:07:40] [Render thread/INFO] [minecraft/ChatComponent]: [System] [CHAT] [@: 召唤了新的猪]
[13:07:40] [Render thread/INFO] [minecraft/ChatComponent]: [System] [CHAT] [@: 杀死了猪]
[13:07:40] [Server thread/INFO] [minecraft/MinecraftServer]: [@: 召唤了新的猪]
[13:07:40] [Server thread/INFO] [minecraft/MinecraftServer]: [@: 杀死了猪]
[13:07:40] [Render thread/INFO] [minecraft/ChatComponent]: [System] [CHAT] [@: 召唤了新的猪]
[13:07:40] [Render thread/INFO] [minecraft/ChatComponent]: [System] [CHAT] [@: 杀死了猪]
[13:07:40] [Server thread/INFO] [minecraft/MinecraftServer]: [@: 召唤了新的猪]
[13:07:40] [Server thread/INFO] [minecraft/MinecraftServer]: [@: 杀死了猪]
[13:07:40] [Render thread/INFO] [minecraft/ChatComponent]: [System] [CHAT] [@: 召唤了新的猪]
[13:07:40] [Render thread/INFO] [minecraft/ChatComponent]: [System] [CHAT] [@: 杀死了猪]
[13:07:40] [Server thread/INFO] [minecraft/MinecraftServer]: [@: 召唤了新的猪]
[13:07:40] [Server thread/INFO] [minecraft/MinecraftServer]: [@: 杀死了猪]
[13:07:40] [Render thread/INFO] [minecraft/ChatComponent]: [System] [CHAT] [@: 召唤了新的猪]
[13:07:40] [Render thread/INFO] [minecraft/ChatComponent]: [System] [CHAT] [@: 杀死了猪]
[13:07:40] [Server thread/INFO] [minecraft/MinecraftServer]: [@: 召唤了新的猪]
[13:07:40] [Server thread/INFO] [minecraft/MinecraftServer]: [@: 杀死了猪]
[13:07:40] [Render thread/INFO] [minecraft/ChatComponent]: [System] [CHAT] [@: 召唤了新的猪]
[13:07:40] [Render thread/INFO] [minecraft/ChatComponent]: [System] [CHAT] [@: 杀死了猪]
[13:07:40] [Server thread/INFO] [minecraft/MinecraftServer]: [@: 召唤了新的猪]
[13:07:40] [Server thread/INFO] [minecraft/MinecraftServer]: [@: 杀死了猪]
[13:07:40] [Render thread/INFO] [minecraft/ChatComponent]: [System] [CHAT] [@: 召唤了新的猪]
[13:07:40] [Render thread/INFO] [minecraft/ChatComponent]: [System] [CHAT] [@: 杀死了猪]
[13:07:41] [Server thread/INFO] [minecraft/MinecraftServer]: [@: 召唤了新的猪]
[13:07:41] [Server thread/INFO] [minecraft/MinecraftServer]: [@: 杀死了猪]
[13:07:41] [Render thread/INFO] [minecraft/ChatComponent]: [System] [CHAT] [@: 召唤了新的猪]
[13:07:41] [Render thread/INFO] [minecraft/ChatComponent]: [System] [CHAT] [@: 杀死了猪]
[13:07:41] [Server thread/INFO] [minecraft/MinecraftServer]: [@: 召唤了新的猪]
[13:07:41] [Server thread/INFO] [minecraft/MinecraftServer]: [@: 杀死了猪]
[13:07:41] [Render thread/INFO] [minecraft/ChatComponent]: [System] [CHAT] [@: 召唤了新的猪]
[13:07:41] [Render thread/INFO] [minecraft/ChatComponent]: [System] [CHAT] [@: 杀死了猪]
[13:07:41] [Server thread/INFO] [minecraft/MinecraftServer]: [@: 召唤了新的猪]
[13:07:41] [Server thread/INFO] [minecraft/MinecraftServer]: [@: 杀死了猪]
[13:07:41] [Render thread/INFO] [minecraft/ChatComponent]: [System] [CHAT] [@: 召唤了新的猪]
[13:07:41] [Render thread/INFO] [minecraft/ChatComponent]: [System] [CHAT] [@: 杀死了猪]
[13:07:41] [Server thread/INFO] [minecraft/MinecraftServer]: [@: 召唤了新的猪]
[13:07:41] [Server thread/INFO] [minecraft/MinecraftServer]: [@: 杀死了猪]
[13:07:41] [Render thread/INFO] [minecraft/ChatComponent]: [System] [CHAT] [@: 召唤了新的猪]
[13:07:41] [Render thread/INFO] [minecraft/ChatComponent]: [System] [CHAT] [@: 杀死了猪]
[13:07:41] [Server thread/INFO] [minecraft/MinecraftServer]: [@: 召唤了新的猪]
[13:07:41] [Server thread/INFO] [minecraft/MinecraftServer]: [@: 杀死了猪]
[13:07:41] [Render thread/INFO] [minecraft/ChatComponent]: [System] [CHAT] [@: 召唤了新的猪]
[13:07:41] [Render thread/INFO] [minecraft/ChatComponent]: [System] [CHAT] [@: 杀死了猪]
[13:07:41] [Server thread/INFO] [minecraft/MinecraftServer]: [@: 召唤了新的猪]
[13:07:41] [Server thread/INFO] [minecraft/MinecraftServer]: [@: 杀死了猪]
[13:07:41] [Render thread/INFO] [minecraft/ChatComponent]: [System] [CHAT] [@: 召唤了新的猪]
[13:07:41] [Render thread/INFO] [minecraft/ChatComponent]: [System] [CHAT] [@: 杀死了猪]
[13:07:41] [Server thread/INFO] [minecraft/MinecraftServer]: [@: 召唤了新的猪]
[13:07:41] [Server thread/INFO] [minecraft/MinecraftServer]: [@: 杀死了猪]
[13:07:41] [Render thread/INFO] [minecraft/ChatComponent]: [System] [CHAT] [@: 召唤了新的猪]
[13:07:41] [Render thread/INFO] [minecraft/ChatComponent]: [System] [CHAT] [@: 杀死了猪]
[13:07:41] [Server thread/INFO] [minecraft/MinecraftServer]: [@: 召唤了新的猪]
[13:07:41] [Server thread/INFO] [minecraft/MinecraftServer]: [@: 杀死了猪]
[13:07:41] [Render thread/INFO] [minecraft/ChatComponent]: [System] [CHAT] [@: 召唤了新的猪]
[13:07:41] [Render thread/INFO] [minecraft/ChatComponent]: [System] [CHAT] [@: 杀死了猪]
[13:07:41] [Server thread/INFO] [minecraft/MinecraftServer]: [@: 召唤了新的猪]
[13:07:41] [Server thread/INFO] [minecraft/MinecraftServer]: [@: 杀死了猪]
[13:07:41] [Render thread/INFO] [minecraft/ChatComponent]: [System] [CHAT] [@: 召唤了新的猪]
[13:07:41] [Render thread/INFO] [minecraft/ChatComponent]: [System] [CHAT] [@: 杀死了猪]
[13:07:41] [Server thread/INFO] [minecraft/MinecraftServer]: [@: 召唤了新的猪]
[13:07:41] [Server thread/INFO] [minecraft/MinecraftServer]: [@: 杀死了猪]
[13:07:41] [Render thread/INFO] [minecraft/ChatComponent]: [System] [CHAT] [@: 召唤了新的猪]
[13:07:41] [Render thread/INFO] [minecraft/ChatComponent]: [System] [CHAT] [@: 杀死了猪]
[13:07:41] [Server thread/INFO] [minecraft/MinecraftServer]: [@: 召唤了新的猪]
[13:07:41] [Server thread/INFO] [minecraft/MinecraftServer]: [@: 杀死了猪]
[13:07:41] [Render thread/INFO] [minecraft/ChatComponent]: [System] [CHAT] [@: 召唤了新的猪]
[13:07:41] [Render thread/INFO] [minecraft/ChatComponent]: [System] [CHAT] [@: 杀死了猪]
[13:07:41] [Server thread/INFO] [minecraft/MinecraftServer]: [@: 召唤了新的猪]
[13:07:41] [Server thread/INFO] [minecraft/MinecraftServer]: [@: 杀死了猪]
[13:07:41] [Render thread/INFO] [minecraft/ChatComponent]: [System] [CHAT] [@: 召唤了新的猪]
[13:07:41] [Render thread/INFO] [minecraft/ChatComponent]: [System] [CHAT] [@: 杀死了猪]
[13:07:41] [Server thread/INFO] [minecraft/MinecraftServer]: [@: 召唤了新的猪]
[13:07:41] [Server thread/INFO] [minecraft/MinecraftServer]: [@: 杀死了猪]
[13:07:41] [Render thread/INFO] [minecraft/ChatComponent]: [System] [CHAT] [@: 召唤了新的猪]
[13:07:41] [Render thread/INFO] [minecraft/ChatComponent]: [System] [CHAT] [@: 杀死了猪]
[13:07:41] [Server thread/INFO] [minecraft/MinecraftServer]: [@: 召唤了新的猪]
[13:07:41] [Server thread/INFO] [minecraft/MinecraftServer]: [@: 杀死了猪]
[13:07:41] [Render thread/INFO] [minecraft/ChatComponent]: [System] [CHAT] [@: 召唤了新的猪]
[13:07:41] [Render thread/INFO] [minecraft/ChatComponent]: [System] [CHAT] [@: 杀死了猪]
[13:07:41] [Server thread/INFO] [minecraft/MinecraftServer]: [@: 召唤了新的猪]
[13:07:41] [Server thread/INFO] [minecraft/MinecraftServer]: [@: 杀死了猪]
[13:07:41] [Render thread/INFO] [minecraft/ChatComponent]: [System] [CHAT] [@: 召唤了新的猪]
[13:07:41] [Render thread/INFO] [minecraft/ChatComponent]: [System] [CHAT] [@: 杀死了猪]
[13:07:41] [Server thread/INFO] [minecraft/MinecraftServer]: [@: 召唤了新的猪]
[13:07:41] [Server thread/INFO] [minecraft/MinecraftServer]: [@: 杀死了猪]
[13:07:41] [Render thread/INFO] [minecraft/ChatComponent]: [System] [CHAT] [@: 召唤了新的猪]
[13:07:41] [Render thread/INFO] [minecraft/ChatComponent]: [System] [CHAT] [@: 杀死了猪]
[13:07:41] [Server thread/INFO] [minecraft/MinecraftServer]: [@: 召唤了新的猪]
[13:07:41] [Server thread/INFO] [minecraft/MinecraftServer]: [@: 杀死了猪]
[13:07:41] [Render thread/INFO] [minecraft/ChatComponent]: [System] [CHAT] [@: 召唤了新的猪]
[13:07:41] [Render thread/INFO] [minecraft/ChatComponent]: [System] [CHAT] [@: 杀死了猪]
[13:07:41] [Server thread/INFO] [minecraft/MinecraftServer]: [@: 召唤了新的猪]
[13:07:41] [Server thread/INFO] [minecraft/MinecraftServer]: [@: 杀死了猪]
[13:07:41] [Render thread/INFO] [minecraft/ChatComponent]: [System] [CHAT] [@: 召唤了新的猪]
[13:07:41] [Render thread/INFO] [minecraft/ChatComponent]: [System] [CHAT] [@: 杀死了猪]
[13:07:41] [Server thread/INFO] [minecraft/MinecraftServer]: [@: 召唤了新的猪]
[13:07:41] [Server thread/INFO] [minecraft/MinecraftServer]: [@: 杀死了猪]
[13:07:41] [Render thread/INFO] [minecraft/ChatComponent]: [System] [CHAT] [@: 召唤了新的猪]
[13:07:41] [Render thread/INFO] [minecraft/ChatComponent]: [System] [CHAT] [@: 杀死了猪]
[13:07:41] [Server thread/INFO] [minecraft/MinecraftServer]: [@: 召唤了新的猪]
[13:07:41] [Server thread/INFO] [minecraft/MinecraftServer]: [@: 杀死了猪]
[13:07:41] [Render thread/INFO] [minecraft/ChatComponent]: [System] [CHAT] [@: 召唤了新的猪]
[13:07:41] [Render thread/INFO] [minecraft/ChatComponent]: [System] [CHAT] [@: 杀死了猪]
[13:07:42] [Server thread/INFO] [minecraft/MinecraftServer]: [@: 召唤了新的猪]
[13:07:42] [Server thread/INFO] [minecraft/MinecraftServer]: [@: 杀死了猪]
[13:07:42] [Render thread/INFO] [minecraft/ChatComponent]: [System] [CHAT] [@: 召唤了新的猪]
[13:07:42] [Render thread/INFO] [minecraft/ChatComponent]: [System] [CHAT] [@: 杀死了猪]
[13:07:42] [Server thread/INFO] [minecraft/MinecraftServer]: [@: 召唤了新的猪]
[13:07:42] [Server thread/INFO] [minecraft/MinecraftServer]: [@: 杀死了猪]
[13:07:42] [Render thread/INFO] [minecraft/ChatComponent]: [System] [CHAT] [@: 召唤了新的猪]
[13:07:42] [Render thread/INFO] [minecraft/ChatComponent]: [System] [CHAT] [@: 杀死了猪]
[13:07:42] [Server thread/INFO] [minecraft/MinecraftServer]: [@: 召唤了新的猪]
[13:07:42] [Server thread/INFO] [minecraft/MinecraftServer]: [@: 杀死了猪]
[13:07:42] [Render thread/INFO] [minecraft/ChatComponent]: [System] [CHAT] [@: 召唤了新的猪]
[13:07:42] [Render thread/INFO] [minecraft/ChatComponent]: [System] [CHAT] [@: 杀死了猪]
[13:07:42] [Server thread/INFO] [minecraft/MinecraftServer]: [@: 召唤了新的猪]
[13:07:42] [Server thread/INFO] [minecraft/MinecraftServer]: [@: 杀死了猪]
[13:07:42] [Render thread/INFO] [minecraft/ChatComponent]: [System] [CHAT] [@: 召唤了新的猪]
[13:07:42] [Render thread/INFO] [minecraft/ChatComponent]: [System] [CHAT] [@: 杀死了猪]
[13:07:42] [Server thread/INFO] [minecraft/MinecraftServer]: [@: 召唤了新的猪]
[13:07:42] [Server thread/INFO] [minecraft/MinecraftServer]: [@: 杀死了猪]
[13:07:42] [Render thread/INFO] [minecraft/ChatComponent]: [System] [CHAT] [@: 召唤了新的猪]
[13:07:42] [Render thread/INFO] [minecraft/ChatComponent]: [System] [CHAT] [@: 杀死了猪]
[13:07:42] [Server thread/INFO] [minecraft/MinecraftServer]: [@: 召唤了新的猪]
[13:07:42] [Server thread/INFO] [minecraft/MinecraftServer]: [@: 杀死了猪]
[13:07:42] [Render thread/INFO] [minecraft/ChatComponent]: [System] [CHAT] [@: 召唤了新的猪]
[13:07:42] [Render thread/INFO] [minecraft/ChatComponent]: [System] [CHAT] [@: 杀死了猪]
[13:07:42] [Server thread/INFO] [minecraft/MinecraftServer]: [@: 召唤了新的猪]
[13:07:42] [Server thread/INFO] [minecraft/MinecraftServer]: [@: 杀死了猪]
[13:07:42] [Render thread/INFO] [minecraft/ChatComponent]: [System] [CHAT] [@: 召唤了新的猪]
[13:07:42] [Render thread/INFO] [minecraft/ChatComponent]: [System] [CHAT] [@: 杀死了猪]
[13:07:48] [Server thread/INFO] [minecraft/MinecraftServer]: [@: 召唤了新的猪]
[13:07:48] [Server thread/INFO] [minecraft/MinecraftServer]: [@: 杀死了猪]
[13:07:48] [Render thread/INFO] [minecraft/ChatComponent]: [System] [CHAT] [@: 召唤了新的猪]
[13:07:48] [Render thread/INFO] [minecraft/ChatComponent]: [System] [CHAT] [@: 杀死了猪]
[13:07:48] [Server thread/INFO] [minecraft/MinecraftServer]: [@: 召唤了新的猪]
[13:07:48] [Server thread/INFO] [minecraft/MinecraftServer]: [@: 杀死了猪]
[13:07:48] [Render thread/INFO] [minecraft/ChatComponent]: [System] [CHAT] [@: 召唤了新的猪]
[13:07:48] [Render thread/INFO] [minecraft/ChatComponent]: [System] [CHAT] [@: 杀死了猪]
[13:07:48] [Server thread/INFO] [minecraft/MinecraftServer]: [@: 召唤了新的猪]
[13:07:48] [Server thread/INFO] [minecraft/MinecraftServer]: [@: 杀死了猪]
[13:07:48] [Render thread/INFO] [minecraft/ChatComponent]: [System] [CHAT] [@: 召唤了新的猪]
[13:07:48] [Render thread/INFO] [minecraft/ChatComponent]: [System] [CHAT] [@: 杀死了猪]
[13:07:48] [Server thread/INFO] [minecraft/MinecraftServer]: [@: 召唤了新的猪]
[13:07:48] [Server thread/INFO] [minecraft/MinecraftServer]: [@: 杀死了猪]
[13:07:48] [Render thread/INFO] [minecraft/ChatComponent]: [System] [CHAT] [@: 召唤了新的猪]
[13:07:48] [Render thread/INFO] [minecraft/ChatComponent]: [System] [CHAT] [@: 杀死了猪]
[13:07:48] [Server thread/INFO] [minecraft/MinecraftServer]: [@: 召唤了新的猪]
[13:07:48] [Server thread/INFO] [minecraft/MinecraftServer]: [@: 杀死了猪]
[13:07:48] [Render thread/INFO] [minecraft/ChatComponent]: [System] [CHAT] [@: 召唤了新的猪]
[13:07:48] [Render thread/INFO] [minecraft/ChatComponent]: [System] [CHAT] [@: 杀死了猪]
[13:07:48] [Server thread/INFO] [minecraft/MinecraftServer]: [@: 召唤了新的猪]
[13:07:48] [Server thread/INFO] [minecraft/MinecraftServer]: [@: 杀死了猪]
[13:07:48] [Render thread/INFO] [minecraft/ChatComponent]: [System] [CHAT] [@: 召唤了新的猪]
[13:07:48] [Render thread/INFO] [minecraft/ChatComponent]: [System] [CHAT] [@: 杀死了猪]
[13:07:48] [Server thread/INFO] [minecraft/MinecraftServer]: [@: 召唤了新的猪]
[13:07:48] [Server thread/INFO] [minecraft/MinecraftServer]: [@: 杀死了猪]
[13:07:48] [Render thread/INFO] [minecraft/ChatComponent]: [System] [CHAT] [@: 召唤了新的猪]
[13:07:48] [Server thread/INFO] [minecraft/MinecraftServer]: [@: 召唤了新的猪]
[13:07:48] [Render thread/INFO] [minecraft/ChatComponent]: [System] [CHAT] [@: 杀死了猪]
[13:07:48] [Server thread/INFO] [minecraft/MinecraftServer]: [@: 杀死了猪]
[13:07:48] [Render thread/INFO] [minecraft/ChatComponent]: [System] [CHAT] [@: 召唤了新的猪]
[13:07:48] [Render thread/INFO] [minecraft/ChatComponent]: [System] [CHAT] [@: 杀死了猪]
[13:07:48] [Server thread/INFO] [minecraft/MinecraftServer]: [@: 召唤了新的猪]
[13:07:48] [Server thread/INFO] [minecraft/MinecraftServer]: [@: 杀死了猪]
[13:07:48] [Render thread/INFO] [minecraft/ChatComponent]: [System] [CHAT] [@: 召唤了新的猪]
[13:07:48] [Render thread/INFO] [minecraft/ChatComponent]: [System] [CHAT] [@: 杀死了猪]
[13:07:48] [Server thread/INFO] [minecraft/MinecraftServer]: [@: 召唤了新的猪]
[13:07:48] [Server thread/INFO] [minecraft/MinecraftServer]: [@: 杀死了猪]
[13:07:48] [Render thread/INFO] [minecraft/ChatComponent]: [System] [CHAT] [@: 召唤了新的猪]
[13:07:48] [Render thread/INFO] [minecraft/ChatComponent]: [System] [CHAT] [@: 杀死了猪]
[13:07:48] [Server thread/INFO] [minecraft/MinecraftServer]: [@: 召唤了新的猪]
[13:07:48] [Server thread/INFO] [minecraft/MinecraftServer]: [@: 杀死了猪]
[13:07:48] [Render thread/INFO] [minecraft/ChatComponent]: [System] [CHAT] [@: 召唤了新的猪]
[13:07:48] [Render thread/INFO] [minecraft/ChatComponent]: [System] [CHAT] [@: 杀死了猪]
[13:07:48] [Server thread/INFO] [minecraft/MinecraftServer]: [@: 召唤了新的猪]
[13:07:48] [Server thread/INFO] [minecraft/MinecraftServer]: [@: 杀死了猪]
[13:07:48] [Render thread/INFO] [minecraft/ChatComponent]: [System] [CHAT] [@: 召唤了新的猪]
[13:07:48] [Render thread/INFO] [minecraft/ChatComponent]: [System] [CHAT] [@: 杀死了猪]
[13:07:48] [Server thread/INFO] [minecraft/MinecraftServer]: [@: 召唤了新的猪]
[13:07:48] [Server thread/INFO] [minecraft/MinecraftServer]: [@: 杀死了猪]
[13:07:48] [Render thread/INFO] [minecraft/ChatComponent]: [System] [CHAT] [@: 召唤了新的猪]
[13:07:48] [Render thread/INFO] [minecraft/ChatComponent]: [System] [CHAT] [@: 杀死了猪]
[13:07:48] [Server thread/INFO] [minecraft/MinecraftServer]: [@: 召唤了新的猪]
[13:07:48] [Server thread/INFO] [minecraft/MinecraftServer]: [@: 杀死了猪]
[13:07:48] [Render thread/INFO] [minecraft/ChatComponent]: [System] [CHAT] [@: 召唤了新的猪]
[13:07:48] [Render thread/INFO] [minecraft/ChatComponent]: [System] [CHAT] [@: 杀死了猪]
[13:07:48] [Server thread/INFO] [minecraft/MinecraftServer]: [@: 召唤了新的猪]
[13:07:48] [Server thread/INFO] [minecraft/MinecraftServer]: [@: 杀死了猪]
[13:07:48] [Render thread/INFO] [minecraft/ChatComponent]: [System] [CHAT] [@: 召唤了新的猪]
[13:07:48] [Render thread/INFO] [minecraft/ChatComponent]: [System] [CHAT] [@: 杀死了猪]
[13:07:49] [Server thread/INFO] [minecraft/MinecraftServer]: [@: 召唤了新的猪]
[13:07:49] [Server thread/INFO] [minecraft/MinecraftServer]: [@: 杀死了猪]
[13:07:49] [Render thread/INFO] [minecraft/ChatComponent]: [System] [CHAT] [@: 召唤了新的猪]
[13:07:49] [Render thread/INFO] [minecraft/ChatComponent]: [System] [CHAT] [@: 杀死了猪]
[13:07:49] [Server thread/INFO] [minecraft/MinecraftServer]: [@: 召唤了新的猪]
[13:07:49] [Server thread/INFO] [minecraft/MinecraftServer]: [@: 杀死了猪]
[13:07:49] [Render thread/INFO] [minecraft/ChatComponent]: [System] [CHAT] [@: 召唤了新的猪]
[13:07:49] [Render thread/INFO] [minecraft/ChatComponent]: [System] [CHAT] [@: 杀死了猪]
[13:07:49] [Server thread/INFO] [minecraft/MinecraftServer]: [@: 召唤了新的猪]
[13:07:49] [Server thread/INFO] [minecraft/MinecraftServer]: [@: 杀死了猪]
[13:07:49] [Render thread/INFO] [minecraft/ChatComponent]: [System] [CHAT] [@: 召唤了新的猪]
[13:07:49] [Render thread/INFO] [minecraft/ChatComponent]: [System] [CHAT] [@: 杀死了猪]
[13:07:49] [Server thread/INFO] [minecraft/MinecraftServer]: [@: 召唤了新的猪]
[13:07:49] [Server thread/INFO] [minecraft/MinecraftServer]: [@: 杀死了猪]
[13:07:49] [Render thread/INFO] [minecraft/ChatComponent]: [System] [CHAT] [@: 召唤了新的猪]
[13:07:49] [Render thread/INFO] [minecraft/ChatComponent]: [System] [CHAT] [@: 杀死了猪]
[13:07:49] [Server thread/INFO] [minecraft/MinecraftServer]: [@: 召唤了新的猪]
[13:07:49] [Server thread/INFO] [minecraft/MinecraftServer]: [@: 杀死了猪]
[13:07:49] [Render thread/INFO] [minecraft/ChatComponent]: [System] [CHAT] [@: 召唤了新的猪]
[13:07:49] [Render thread/INFO] [minecraft/ChatComponent]: [System] [CHAT] [@: 杀死了猪]
[13:07:52] [Server thread/INFO] [minecraft/MinecraftServer]: [@: 召唤了新的猪]
[13:07:52] [Server thread/INFO] [minecraft/MinecraftServer]: [@: 杀死了猪]
[13:07:52] [Render thread/INFO] [minecraft/ChatComponent]: [System] [CHAT] [@: 召唤了新的猪]
[13:07:52] [Render thread/INFO] [minecraft/ChatComponent]: [System] [CHAT] [@: 杀死了猪]
[13:07:52] [Server thread/INFO] [minecraft/MinecraftServer]: [@: 召唤了新的猪]
[13:07:52] [Server thread/INFO] [minecraft/MinecraftServer]: [@: 杀死了猪]
[13:07:52] [Render thread/INFO] [minecraft/ChatComponent]: [System] [CHAT] [@: 召唤了新的猪]
[13:07:52] [Render thread/INFO] [minecraft/ChatComponent]: [System] [CHAT] [@: 杀死了猪]
[13:07:52] [Server thread/INFO] [minecraft/MinecraftServer]: [@: 召唤了新的猪]
[13:07:52] [Server thread/INFO] [minecraft/MinecraftServer]: [@: 杀死了猪]
[13:07:52] [Render thread/INFO] [minecraft/ChatComponent]: [System] [CHAT] [@: 召唤了新的猪]
[13:07:52] [Render thread/INFO] [minecraft/ChatComponent]: [System] [CHAT] [@: 杀死了猪]
[13:07:52] [Server thread/INFO] [minecraft/MinecraftServer]: [@: 召唤了新的猪]
[13:07:52] [Server thread/INFO] [minecraft/MinecraftServer]: [@: 杀死了猪]
[13:07:52] [Render thread/INFO] [minecraft/ChatComponent]: [System] [CHAT] [@: 召唤了新的猪]
[13:07:52] [Render thread/INFO] [minecraft/ChatComponent]: [System] [CHAT] [@: 杀死了猪]
[13:07:52] [Server thread/INFO] [minecraft/MinecraftServer]: [@: 召唤了新的猪]
[13:07:52] [Server thread/INFO] [minecraft/MinecraftServer]: [@: 杀死了猪]
[13:07:52] [Render thread/INFO] [minecraft/ChatComponent]: [System] [CHAT] [@: 召唤了新的猪]
[13:07:52] [Render thread/INFO] [minecraft/ChatComponent]: [System] [CHAT] [@: 杀死了猪]
[13:07:52] [Server thread/INFO] [minecraft/MinecraftServer]: [@: 召唤了新的猪]
[13:07:52] [Server thread/INFO] [minecraft/MinecraftServer]: [@: 杀死了猪]
[13:07:52] [Render thread/INFO] [minecraft/ChatComponent]: [System] [CHAT] [@: 召唤了新的猪]
[13:07:52] [Render thread/INFO] [minecraft/ChatComponent]: [System] [CHAT] [@: 杀死了猪]
[13:07:52] [Server thread/INFO] [minecraft/MinecraftServer]: [@: 召唤了新的猪]
[13:07:52] [Server thread/INFO] [minecraft/MinecraftServer]: [@: 杀死了猪]
[13:07:52] [Render thread/INFO] [minecraft/ChatComponent]: [System] [CHAT] [@: 召唤了新的猪]
[13:07:52] [Render thread/INFO] [minecraft/ChatComponent]: [System] [CHAT] [@: 杀死了猪]
[13:07:52] [Server thread/INFO] [minecraft/MinecraftServer]: [@: 召唤了新的猪]
[13:07:52] [Server thread/INFO] [minecraft/MinecraftServer]: [@: 杀死了猪]
[13:07:52] [Render thread/INFO] [minecraft/ChatComponent]: [System] [CHAT] [@: 召唤了新的猪]
[13:07:52] [Render thread/INFO] [minecraft/ChatComponent]: [System] [CHAT] [@: 杀死了猪]
[13:07:52] [Server thread/INFO] [minecraft/MinecraftServer]: [@: 召唤了新的猪]
[13:07:52] [Server thread/INFO] [minecraft/MinecraftServer]: [@: 杀死了猪]
[13:07:52] [Render thread/INFO] [minecraft/ChatComponent]: [System] [CHAT] [@: 召唤了新的猪]
[13:07:52] [Render thread/INFO] [minecraft/ChatComponent]: [System] [CHAT] [@: 杀死了猪]
[13:07:52] [Server thread/INFO] [minecraft/MinecraftServer]: [@: 召唤了新的猪]
[13:07:52] [Server thread/INFO] [minecraft/MinecraftServer]: [@: 杀死了猪]
[13:07:52] [Render thread/INFO] [minecraft/ChatComponent]: [System] [CHAT] [@: 召唤了新的猪]
[13:07:52] [Render thread/INFO] [minecraft/ChatComponent]: [System] [CHAT] [@: 杀死了猪]
[13:07:52] [Server thread/INFO] [minecraft/MinecraftServer]: [@: 召唤了新的猪]
[13:07:52] [Server thread/INFO] [minecraft/MinecraftServer]: [@: 杀死了猪]
[13:07:52] [Render thread/INFO] [minecraft/ChatComponent]: [System] [CHAT] [@: 召唤了新的猪]
[13:07:52] [Render thread/INFO] [minecraft/ChatComponent]: [System] [CHAT] [@: 杀死了猪]
[13:07:52] [Server thread/INFO] [minecraft/MinecraftServer]: [@: 召唤了新的猪]
[13:07:52] [Server thread/INFO] [minecraft/MinecraftServer]: [@: 杀死了猪]
[13:07:52] [Render thread/INFO] [minecraft/ChatComponent]: [System] [CHAT] [@: 召唤了新的猪]
[13:07:52] [Render thread/INFO] [minecraft/ChatComponent]: [System] [CHAT] [@: 杀死了猪]
[13:07:53] [Server thread/INFO] [minecraft/MinecraftServer]: [@: 召唤了新的猪]
[13:07:53] [Server thread/INFO] [minecraft/MinecraftServer]: [@: 杀死了猪]
[13:07:53] [Render thread/INFO] [minecraft/ChatComponent]: [System] [CHAT] [@: 召唤了新的猪]
[13:07:53] [Render thread/INFO] [minecraft/ChatComponent]: [System] [CHAT] [@: 杀死了猪]
[13:07:53] [Server thread/INFO] [minecraft/MinecraftServer]: [@: 召唤了新的猪]
[13:07:53] [Server thread/INFO] [minecraft/MinecraftServer]: [@: 杀死了猪]
[13:07:53] [Render thread/INFO] [minecraft/ChatComponent]: [System] [CHAT] [@: 召唤了新的猪]
[13:07:53] [Render thread/INFO] [minecraft/ChatComponent]: [System] [CHAT] [@: 杀死了猪]
[13:07:53] [Server thread/INFO] [minecraft/MinecraftServer]: [@: 召唤了新的猪]
[13:07:53] [Server thread/INFO] [minecraft/MinecraftServer]: [@: 杀死了猪]
[13:07:53] [Render thread/INFO] [minecraft/ChatComponent]: [System] [CHAT] [@: 召唤了新的猪]
[13:07:53] [Render thread/INFO] [minecraft/ChatComponent]: [System] [CHAT] [@: 杀死了猪]
[13:07:53] [Server thread/INFO] [minecraft/MinecraftServer]: [@: 召唤了新的猪]
[13:07:53] [Server thread/INFO] [minecraft/MinecraftServer]: [@: 杀死了猪]
[13:07:53] [Render thread/INFO] [minecraft/ChatComponent]: [System] [CHAT] [@: 召唤了新的猪]
[13:07:53] [Render thread/INFO] [minecraft/ChatComponent]: [System] [CHAT] [@: 杀死了猪]
[13:07:53] [Server thread/INFO] [minecraft/MinecraftServer]: [@: 召唤了新的猪]
[13:07:53] [Server thread/INFO] [minecraft/MinecraftServer]: [@: 杀死了猪]
[13:07:53] [Render thread/INFO] [minecraft/ChatComponent]: [System] [CHAT] [@: 召唤了新的猪]
[13:07:53] [Render thread/INFO] [minecraft/ChatComponent]: [System] [CHAT] [@: 杀死了猪]
[13:07:53] [Server thread/INFO] [minecraft/MinecraftServer]: [@: 召唤了新的猪]
[13:07:53] [Server thread/INFO] [minecraft/MinecraftServer]: [@: 杀死了猪]
[13:07:53] [Render thread/INFO] [minecraft/ChatComponent]: [System] [CHAT] [@: 召唤了新的猪]
[13:07:53] [Render thread/INFO] [minecraft/ChatComponent]: [System] [CHAT] [@: 杀死了猪]
[13:07:53] [Server thread/INFO] [minecraft/MinecraftServer]: [@: 召唤了新的猪]
[13:07:53] [Server thread/INFO] [minecraft/MinecraftServer]: [@: 杀死了猪]
[13:07:53] [Render thread/INFO] [minecraft/ChatComponent]: [System] [CHAT] [@: 召唤了新的猪]
[13:07:53] [Render thread/INFO] [minecraft/ChatComponent]: [System] [CHAT] [@: 杀死了猪]
[13:07:53] [Server thread/INFO] [minecraft/MinecraftServer]: [@: 召唤了新的猪]
[13:07:53] [Server thread/INFO] [minecraft/MinecraftServer]: [@: 杀死了猪]
[13:07:53] [Render thread/INFO] [minecraft/ChatComponent]: [System] [CHAT] [@: 召唤了新的猪]
[13:07:53] [Render thread/INFO] [minecraft/ChatComponent]: [System] [CHAT] [@: 杀死了猪]
[13:08:17] [Server thread/INFO] [minecraft/IntegratedServer]: Saving and pausing game...
[13:08:17] [Server thread/INFO] [minecraft/MinecraftServer]: Saving chunks for level 'ServerLevel[新的世界]'/minecraft:overworld
[13:08:17] [Server thread/INFO] [minecraft/MinecraftServer]: Saving chunks for level 'ServerLevel[新的世界]'/minecraft:the_nether
[13:08:17] [Server thread/INFO] [minecraft/MinecraftServer]: Saving chunks for level 'ServerLevel[新的世界]'/minecraft:the_end
[13:08:18] [Server thread/INFO] [minecraft/ServerGamePacketListenerImpl]: Trail_Akivili lost connection: 连接中断
[13:08:18] [Server thread/INFO] [minecraft/MinecraftServer]: Trail_Akivili退出了游戏
[13:08:18] [Server thread/INFO] [minecraft/ServerCommonPacketListenerImpl]: Stopping singleplayer server as player logged out
[13:08:18] [Server thread/INFO] [minecraft/MinecraftServer]: Stopping server
[13:08:18] [Server thread/INFO] [minecraft/MinecraftServer]: Saving players
[13:08:18] [Server thread/INFO] [minecraft/MinecraftServer]: Saving worlds
[13:08:19] [Server thread/INFO] [minecraft/MinecraftServer]: Saving chunks for level 'ServerLevel[新的世界]'/minecraft:overworld
[13:08:20] [Server thread/INFO] [minecraft/MinecraftServer]: Saving chunks for level 'ServerLevel[新的世界]'/minecraft:the_nether
[13:08:20] [Server thread/INFO] [minecraft/MinecraftServer]: Saving chunks for level 'ServerLevel[新的世界]'/minecraft:the_end
[13:08:20] [Server thread/INFO] [minecraft/MinecraftServer]: ThreadedAnvilChunkStorage (新的世界): All chunks are saved
[13:08:20] [Server thread/INFO] [minecraft/MinecraftServer]: ThreadedAnvilChunkStorage (DIM-1): All chunks are saved
[13:08:20] [Server thread/INFO] [minecraft/MinecraftServer]: ThreadedAnvilChunkStorage (DIM1): All chunks are saved
[13:08:20] [Server thread/INFO] [minecraft/MinecraftServer]: ThreadedAnvilChunkStorage: All dimensions are saved
[13:08:20] [Render thread/INFO] [ChunkBuilder/]: Stopping worker threads
Shutting down culling task!
[13:08:21] [Render thread/INFO] [minecraft/Minecraft]: Stopping!
[INFO] <NativeInput> Input ready: 0
EGLBridge: Terminating
