[01:22:38] [@.util.SelfDependencyPatcher.patch/INFO] Missing JavaFX dependencies, attempting to patch in missing classes
[01:22:38] [@.util.SelfDependencyPatcher.loadFromCache/INFO]  - Loading dependencies...
[01:22:38] [@.util.SelfDependencyPatcher.patch/INFO]  - Done!
[01:22:38] [@.Launcher.main/INFO] *** HMCL 3.16.4 ***
[01:22:38] [@.Launcher.main/INFO] Operating System: Windows 11 21H2 10.0.22000.2538
[01:22:38] [@.Launcher.main/INFO] Processor Identifier: Intel64 Family 6 Model 45 Stepping 6, GenuineIntel
[01:22:38] [@.Launcher.main/INFO] System Architecture: x86-64
[01:22:38] [@.Launcher.main/INFO] Native Encoding: GB18030
[01:22:38] [@.Launcher.main/INFO] JNU Encoding: GBK
[01:22:38] [@.Launcher.main/INFO] Code Page: 936
[01:22:38] [@.Launcher.main/INFO] Java Architecture: x86-64
[01:22:38] [@.Launcher.main/INFO] Java Version: 25.0.4, Oracle Corporation
[01:22:38] [@.Launcher.main/INFO] Java VM Version: Java HotSpot(TM) 64-Bit Server VM (mixed mode, sharing), Oracle Corporation
[01:22:38] [@.Launcher.main/INFO] Java Home: C:\Program Files\Java\jdk-25.0.4
[01:22:38] [@.Launcher.main/INFO] Current Directory: D:\Minecraft
[01:22:38] [@.Launcher.main/INFO] HMCL User Home: C:\Users\huang\AppData\Roaming\.hmcl
[01:22:38] [@.Launcher.main/INFO] HMCL Local Home: D:\Minecraft\.hmcl
[01:22:38] [@.Launcher.main/INFO] HMCL Jar Path: D:\Minecraft\HMCL-3.16.4.exe
[01:22:38] [@.Launcher.main/INFO] HMCL Log File: D:\Minecraft\.hmcl\logs\2026-10-01T01-22-38.log
[01:22:38] [@.Launcher.main/INFO] JVM Max Memory: 1024 MiB
[01:22:38] [@.Launcher.main/INFO] Metaspace: 6.24 MiB
[01:22:38] [@.Launcher.main/INFO] Native Backend: JNA
[01:22:38] [@.Launcher.main/INFO] Zlib Compatible: true
[01:22:38] [@.util.platform.SystemInfo.initialize/INFO] System Info:
 - CPU: Intel Xeon E5-2660 0 (8 Cores / 16 Threads)
 - GPU: NVIDIA GeForce GTX 960 [Discrete]
 - Memory: 7.5 GiB / 15.93 GiB (47%)
[01:22:39] [@.Launcher.start/INFO] JavaFX Version: 25+29
[01:22:39] [@.Launcher.start/INFO] Prism Pipeline: com.sun.prism.d3d.D3DPipeline
[01:22:39] [@.Launcher.start/INFO] Dark Mode: true
[01:22:39] [@.Launcher.start/INFO] Reduced Motion: false
[01:22:39] [@.Launcher.start/INFO] Screens:
 - Screen 1: 1920x1080 101dpi in 22" (0, 0, 1920, 1080)
[01:22:40] [@.task.AsyncTaskExecutor.lambda$executeNormalTask$19/TRACE] Executing task: org.jackhuang.hmcl.game.GameRepository.refreshVersionsAsync(GameRepository.java:91)
[01:22:40] [@.event.EventBus.fireEvent/INFO] RefreshingVersionsEvent [source=HMCLGameRepository [versions=null, baseDirectory=.minecraft]] gets fired
[01:22:40] [@.event.EventBus.fireEvent/INFO] LoadedOneVersionEvent [source=HMCLGameRepository [versions=null, baseDirectory=.minecraft], version=Version [id=26.2-NeoForge_26.2.0.82]] gets fired
[01:22:40] [@.event.EventBus.fireEvent/INFO] LoadedOneVersionEvent [source=HMCLGameRepository [versions=null, baseDirectory=.minecraft], version=Version [id=1.18.2-Forge_40.2.9-OptiFine_H9]] gets fired
[01:22:40] [@.event.EventBus.fireEvent/INFO] LoadedOneVersionEvent [source=HMCLGameRepository [versions=null, baseDirectory=.minecraft], version=Version [id=1.21.1 NeoForge]] gets fired
[01:22:40] [@.event.EventBus.fireEvent/INFO] RefreshedVersionsEvent [source=HMCLGameRepository [versions=[1.18.2-Forge_40.2.9-OptiFine_H9, 1.21.1 NeoForge, 26.2-NeoForge_26.2.0.82], baseDirectory=.minecraft]] gets fired
[01:22:40] [@.task.AsyncTaskExecutor.lambda$executeNormalTask$29/TRACE] Task finished: org.jackhuang.hmcl.game.GameRepository.refreshVersionsAsync(GameRepository.java:91)
[01:22:40] [@.util.FileSaver.saveSync/INFO] Saving file D:\Minecraft\.hmcl\config\launcher-settings.json
[01:22:40] [@.ui.Controllers.initialize/INFO] Start initializing application
[01:22:40] [@.ui.Controllers.initialize/INFO] April Fools: false
[01:22:41] [@.auth.authlibinjector.AuthlibInjectorServer.refreshMetadata/INFO] authlib-injector server metadata refreshed: https://littleskin.cn/api/yggdrasil/
[01:22:41] [@.setting.FontManager.<clinit>/INFO] Font: System
[01:22:41] [@.java.JavaManager.searchPotentialJavaExecutables/TRACE] Finished Java lookup, found 2
 - JDK 21.0.12 (x86-64, Oracle Corporation): C:\Program Files\Java\jdk-21.0.12\bin\java.exe
 - JDK 25.0.4 (x86-64, Oracle Corporation): C:\Program Files\Java\jdk-25.0.4\bin\java.exe
[01:22:42] [@.auth.microsoft.MicrosoftService.lambda$new$0/INFO] Fetching properties of 050f97b8-d0c9-42c5-a3fc-65e7017d8894
[01:22:42] [@.util.FileSaver.saveSync/INFO] Saving file D:\Minecraft\.hmcl\cache\authlib-injector-server-metadata.json
[01:22:43] [@.upgrade.IntegrityChecker.isSelfVerified/INFO] Successfully verified current JAR
[01:22:45] [@.ui.Controllers.prepareSettingsPage/INFO] Prepare the settings page
[01:22:46] [@.ui.construct.Navigator.navigate/INFO] Navigate to LauncherSettingsPage@14ad05eb[styleClass=root gray-background]
[01:22:47] [@.upgrade.UpdateChecker.lambda$requestCheckUpdate$2/INFO] Latest version (STABLE, preview=false) is [3.16.4 from https://hmcl.glavo.site/download/HMCL-3.16.4.jar]
[01:22:56] [@.util.FileSaver.saveSync/INFO] Saving file D:\Minecraft\.hmcl\config\game-settings.json
[01:22:57] [@.ui.construct.Navigator.close/INFO] Closed page LauncherSettingsPage@14ad05eb[styleClass=root gray-background]
[01:22:58] [@.game.LauncherHelper.launch/INFO] Launching game version: 1.21.1 NeoForge
[01:22:58] [@.ui.construct.JFXDialogPane.push/INFO] JFXDialogPane@44de08f8 [TaskExecutorDialogPane@5d483734[styleClass=task-executor-dialog-layout]]
[01:22:59] [@.task.AsyncTaskExecutor.lambda$executeNormalTask$19/TRACE] Executing task: org.jackhuang.hmcl.task.Task$StagesHintTask
[01:22:59] [@.task.AsyncTaskExecutor.lambda$executeNormalTask$19/TRACE] Executing task: org.jackhuang.hmcl.game.LauncherHelper$$Lambda/0x000000000857f378@23eeb16a
[01:22:59] [@.task.AsyncTaskExecutor.lambda$executeNormalTask$19/TRACE] Executing task: org.jackhuang.hmcl.task.Task$UniCompose$$Lambda/0x000000000857ecc8@1475ac83
[01:22:59] [@.task.AsyncTaskExecutor.lambda$executeNormalTask$19/TRACE] Executing task: org.jackhuang.hmcl.task.Task$UniCompose$$Lambda/0x000000000857ecc8@76d7ba44
[01:22:59] [@.task.AsyncTaskExecutor.lambda$executeNormalTask$19/TRACE] Executing task: org.jackhuang.hmcl.task.Task$UniCompose$$Lambda/0x000000000857ecc8@7071df95
[01:22:59] [@.task.AsyncTaskExecutor.lambda$executeNormalTask$19/TRACE] Executing task: org.jackhuang.hmcl.task.Task$StageTask
[01:22:59] [@.task.AsyncTaskExecutor.lambda$executeNormalTask$19/TRACE] Executing task: org.jackhuang.hmcl.game.LauncherHelper$$Lambda/0x000000000857e858@2ded5250
[01:22:59] [@.task.AsyncTaskExecutor.lambda$executeNormalTask$19/TRACE] Executing task: org.jackhuang.hmcl.task.Task$StageTask
[01:22:59] [@.task.AsyncTaskExecutor.lambda$executeNormalTask$19/TRACE] Executing task: org.jackhuang.hmcl.game.LauncherHelper$$Lambda/0x000000000857e628@786d2ac5
[01:22:59] [@.task.AsyncTaskExecutor.lambda$executeNormalTask$19/TRACE] Executing task: org.jackhuang.hmcl.game.LauncherHelper.checkGameState(LauncherHelper.java:393)
[01:22:59] [@.task.AsyncTaskExecutor.lambda$executeNormalTask$29/TRACE] Task finished: org.jackhuang.hmcl.game.LauncherHelper.checkGameState(LauncherHelper.java:393)
[01:22:59] [@.task.AsyncTaskExecutor.lambda$executeCompletableFutureTask$10/TRACE] Executing task: org.jackhuang.hmcl.task.Task$5
[01:22:59] [@.task.AsyncTaskExecutor.lambda$executeCompletableFutureTask$12/TRACE] Task finished: org.jackhuang.hmcl.task.Task$5
[01:22:59] [@.task.AsyncTaskExecutor.lambda$executeNormalTask$29/TRACE] Task finished: org.jackhuang.hmcl.game.LauncherHelper$$Lambda/0x000000000857e628@786d2ac5
[01:22:59] [@.task.AsyncTaskExecutor.lambda$executeNormalTask$29/TRACE] Task finished: org.jackhuang.hmcl.task.Task$StageTask
[01:22:59] [@.task.AsyncTaskExecutor.lambda$executeNormalTask$19/TRACE] Executing task: org.jackhuang.hmcl.game.LauncherHelper.lambda$launch0$4(LauncherHelper.java:168)
[01:22:59] [@.task.AsyncTaskExecutor.lambda$executeNormalTask$19/TRACE] Executing task: org.jackhuang.hmcl.game.LauncherHelper.lambda$launch0$4(LauncherHelper.java:178)
[01:22:59] [@.task.AsyncTaskExecutor.lambda$executeNormalTask$19/TRACE] Executing task: org.jackhuang.hmcl.task.Task$UniCompose$$Lambda/0x000000000857ecc8@392e520d
[01:22:59] [@.task.AsyncTaskExecutor.lambda$executeNormalTask$19/TRACE] Executing task: org.jackhuang.hmcl.download.DefaultDependencyManager.checkGameCompletionAsync(DefaultDependencyManager.java:83)
[01:22:59] [@.task.AsyncTaskExecutor.lambda$executeNormalTask$19/TRACE] Executing task: org.jackhuang.hmcl.download.game.GameAssetDownloadTask
[01:22:59] [@.task.AsyncTaskExecutor.lambda$executeNormalTask$19/TRACE] Executing task: org.jackhuang.hmcl.download.game.GameLibrariesTask
[01:22:59] [@.task.AsyncTaskExecutor.lambda$executeNormalTask$29/TRACE] Task finished: org.jackhuang.hmcl.download.DefaultDependencyManager.checkGameCompletionAsync(DefaultDependencyManager.java:83)
[01:22:59] [@.task.AsyncTaskExecutor.lambda$executeNormalTask$19/TRACE] Executing task: org.jackhuang.hmcl.download.game.GameAssetIndexDownloadTask
[01:22:59] [@.task.AsyncTaskExecutor.lambda$executeNormalTask$29/TRACE] Task finished: org.jackhuang.hmcl.game.LauncherHelper.lambda$launch0$4(LauncherHelper.java:178)
[01:22:59] [@.task.AsyncTaskExecutor.lambda$executeNormalTask$19/TRACE] Executing task: org.jackhuang.hmcl.download.DefaultDependencyManager.checkPatchCompletionAsync(DefaultDependencyManager.java:103)
[01:22:59] [@.task.AsyncTaskExecutor.lambda$executeNormalTask$29/TRACE] Task finished: org.jackhuang.hmcl.download.DefaultDependencyManager.checkPatchCompletionAsync(DefaultDependencyManager.java:103)
[01:22:59] [@.task.AsyncTaskExecutor.lambda$executeNormalTask$29/TRACE] Task finished: org.jackhuang.hmcl.task.Task$UniCompose$$Lambda/0x000000000857ecc8@392e520d
[01:22:59] [@.task.AsyncTaskExecutor.lambda$executeNormalTask$29/TRACE] Task finished: org.jackhuang.hmcl.game.LauncherHelper.lambda$launch0$4(LauncherHelper.java:168)
[01:22:59] [@.task.AsyncTaskExecutor.lambda$executeNormalTask$29/TRACE] Task finished: org.jackhuang.hmcl.download.game.GameAssetIndexDownloadTask
[01:22:59] [@.task.AsyncTaskExecutor.lambda$executeNormalTask$29/TRACE] Task finished: org.jackhuang.hmcl.download.game.GameLibrariesTask
[01:23:12] [@.task.AsyncTaskExecutor.lambda$executeNormalTask$29/TRACE] Task finished: org.jackhuang.hmcl.download.game.GameAssetDownloadTask
[01:23:12] [@.task.AsyncTaskExecutor.lambda$executeNormalTask$29/TRACE] Task finished: org.jackhuang.hmcl.game.LauncherHelper$$Lambda/0x000000000857e858@2ded5250
[01:23:12] [@.task.AsyncTaskExecutor.lambda$executeNormalTask$29/TRACE] Task finished: org.jackhuang.hmcl.task.Task$StageTask
[01:23:12] [@.task.AsyncTaskExecutor.lambda$executeNormalTask$19/TRACE] Executing task: org.jackhuang.hmcl.download.game.GameVerificationFixTask
[01:23:12] [@.task.AsyncTaskExecutor.lambda$executeNormalTask$29/TRACE] Task finished: org.jackhuang.hmcl.download.game.GameVerificationFixTask
[01:23:12] [@.task.AsyncTaskExecutor.lambda$executeNormalTask$29/TRACE] Task finished: org.jackhuang.hmcl.task.Task$UniCompose$$Lambda/0x000000000857ecc8@7071df95
[01:23:12] [@.task.AsyncTaskExecutor.lambda$executeCompletableFutureTask$10/TRACE] Executing task: org.jackhuang.hmcl.task.Task$5
[01:23:12] [@.task.AsyncTaskExecutor.lambda$executeCompletableFutureTask$12/TRACE] Task finished: org.jackhuang.hmcl.task.Task$5
[01:23:12] [@.task.AsyncTaskExecutor.lambda$executeNormalTask$29/TRACE] Task finished: org.jackhuang.hmcl.task.Task$UniCompose$$Lambda/0x000000000857ecc8@76d7ba44
[01:23:12] [@.task.AsyncTaskExecutor.lambda$executeNormalTask$19/TRACE] Executing task: org.jackhuang.hmcl.task.Task$StageTask
[01:23:12] [@.task.AsyncTaskExecutor.lambda$executeNormalTask$19/TRACE] Executing task: org.jackhuang.hmcl.game.LauncherHelper.logIn(LauncherHelper.java:719)
[01:23:12] [@.task.AsyncTaskExecutor.lambda$executeCompletableFutureTask$10/TRACE] Executing task: org.jackhuang.hmcl.task.Task$5
[01:23:12] [@.task.AsyncTaskExecutor.lambda$executeCompletableFutureTask$12/TRACE] Task finished: org.jackhuang.hmcl.task.Task$5
[01:23:12] [@.task.AsyncTaskExecutor.lambda$executeNormalTask$29/TRACE] Task finished: org.jackhuang.hmcl.game.LauncherHelper.logIn(LauncherHelper.java:719)
[01:23:12] [@.task.AsyncTaskExecutor.lambda$executeNormalTask$29/TRACE] Task finished: org.jackhuang.hmcl.task.Task$StageTask
[01:23:12] [@.task.AsyncTaskExecutor.lambda$executeNormalTask$29/TRACE] Task finished: org.jackhuang.hmcl.task.Task$UniCompose$$Lambda/0x000000000857ecc8@1475ac83
[01:23:12] [@.task.AsyncTaskExecutor.lambda$executeNormalTask$19/TRACE] Executing task: org.jackhuang.hmcl.task.Task$StageTask
[01:23:12] [@.task.AsyncTaskExecutor.lambda$executeNormalTask$19/TRACE] Executing task: 请耐心等待
[01:23:12] [@.task.AsyncTaskExecutor.lambda$executeNormalTask$19/TRACE] Executing task: org.jackhuang.hmcl.game.LauncherHelper.lambda$launch0$19(LauncherHelper.java:261)
[01:23:12] [@.task.AsyncTaskExecutor.lambda$executeNormalTask$19/TRACE] Executing task: org.jackhuang.hmcl.game.LauncherHelper$$Lambda/0x00000000085b2938@6f1e9e82
[01:23:12] [@.task.AsyncTaskExecutor.lambda$executeNormalTask$19/TRACE] Executing task: org.jackhuang.hmcl.game.LauncherHelper.lambda$launch0$19(LauncherHelper.java:229)
[01:23:12] [@.game.LauncherHelper.lambda$launch0$12/INFO] Here's the structure of game mod directory:
Filesystem structure of: .minecraft\mods
|-> mods
|  |-> appliedenergistics2-19.2.17.jar
|  |-> architectury-13.0.11-neoforge.jar
|  |-> colorwheel-neoforge-1.2.9+mc1.21.1.jar
|  |-> cosmeticarmorreworkedforked-neoforge-1.21.1-0.0.4.jar
|  |-> create-1.21.1-6.0.10.jar
|  |-> create-aeronautics-bundled-1.21.1-1.3.0.jar
|  |-> createbetterfps-1.21.1-1.1.4.jar
|  |-> create_connected-1.3.2-mc1.21.1.jar
|  |-> curios-neoforge-9.5.1+1.21.1.jar
|  |-> CustomSkinLoader_Universal-15.0.1.jar.disabled
|  |-> flerovium-neoforge-1.21.1-1.1.2-all.jar
|  |-> framework-neoforge-1.21.1-0.13.11.jar
|  |-> gl4es-stencil-fix-neoforge-1.21.1.jar
|  |-> guideme-21.1.17.jar
|  |-> ImmediatelyFast-NeoForge-1.6.11+1.21.1.jar
|  |-> iris-neoforge-1.8.14-beta.1+mc1.21.1.jar
|  |-> irisveil-0.3.0.jar
|  |-> Jade-1.21.1-NeoForge-15.10.6.jar
|  |-> jei-1.21.1-neoforge-19.43.0.395.jar
|  |-> kotlinforforge-5.12.0-all.jar
|  |-> KotlinLangForge-2.12.2-k2.4.10-3.0+neoforge.jar
|  |-> lanserverproperties-1.13.2-neoforge.jar
|  |-> libIPN-neoforge-1.21-6.3.1.jar
|  |-> Mekanism-1.21.1-10.7.19.85.jar
|  |-> MekanismGenerators-1.21.1-10.7.19.85.jar
|  |-> mekanism_ponders-1.0.3-1.21.1.jar
|  |-> sable-android-patch-2.0.3.jar.disabled
|  |-> sable-neoforge-1.21.1-2.0.3.jar
|  |-> sclp-neoforge-3.17.8.jar
|  |-> sodium-neoforge-0.8.13-beta.2+mc1.21.1.jar
|  |-> tree-vein-miner-2.0.0.jar
|  |-> trinketsandbaubles-1.2.3.jar
|  |-> veinminer-neoforge-2.11.2+1.21.1.jar
|  |-> [Reese的钠视频界面] reeses-sodium-options-neoforge-2.2.3+mc1.21.1.jar
|  |-> [一键背包整理Next] InventoryProfilesNext-neoforge-1.21-2.1.4.jar
|  |-> [动态 FPS] dynamic-fps-3.11.4+minecraft-1.21.0-neoforge.jar
|  |-> [手柄控制] controllable-neoforge-1.21.1-0.25.4.jar.disabled
|  |-> [机械动力：电气时代] create-new-age-1.2.0+neoforge-mc1.21.1.jar
|  |-> [机械动力：附魔工业] create-enchantment-industry-2.5.3b.jar
|  |-> [机械动力：龙+] CreateDragonsPlus-1.11.8b.jar
|  |-> [沉浸工程] ImmersiveEngineering-1.21.1-12.4.2-194.jar
|  |-> [等价交换重制版] ProjectE-1.21.1-PE1.1.0.jar
|  |-> [苹果皮] appleskin-neoforge-mc1.21-3.0.9.jar
|  |-> [钠 · 扩展] sodium-extra-neoforge-0.9.3+mc1.21.1.jar
|  |-> [钠／Embeddium：动态光源] sodiumdynamiclights-neoforge-1.0.10-1.21.1.jar
|  |-> [铁氧体磁芯] ferritecore-7.0.3-neoforge.jar
|  |-> [鼠标手势] MouseTweaks-neoforge-mc1.21-2.26.1.jar
[01:23:12] [@.task.AsyncTaskExecutor.lambda$executeNormalTask$29/TRACE] Task finished: org.jackhuang.hmcl.game.LauncherHelper.lambda$launch0$19(LauncherHelper.java:229)
[01:23:12] [@.task.AsyncTaskExecutor.lambda$executeNormalTask$19/TRACE] Executing task: org.jackhuang.hmcl.game.LauncherHelper.lambda$launch0$14(LauncherHelper.java:254)
[01:23:12] [@.launch.DefaultLauncher.decompressNatives/INFO] Decompress native libraries to D:\Minecraft\.minecraft\versions\1.21.1 NeoForge\natives-windows-x86_64
[01:23:12] [@.game.LauncherHelper$HMCLProcessListener.setProcess/INFO] Launched process: "C:\\Program Files\\Java\\jdk-21.0.12\\bin\\java.exe" -Xmx6627m -Dfile.encoding=GB18030 -Dstdout.encoding=GB18030 -Dstderr.encoding=GB18030 -Djava.rmi.server.useCodebaseOnly=true -Dcom.sun.jndi.rmi.object.trustURLCodebase=false -Dcom.sun.jndi.cosnaming.object.trustURLCodebase=false -Dlog4j2.formatMsgNoLookups=true "-Dlog4j.configurationFile=D:\\Minecraft\\.minecraft\\versions\\1.21.1 NeoForge\\log4j2.xml" "-Dminecraft.client.jar=D:\\Minecraft\\.minecraft\\versions\\1.21.1 NeoForge\\1.21.1 NeoForge.jar" -Djava.net.useSystemProxies=true -XX:+UnlockExperimentalVMOptions -XX:+UnlockDiagnosticVMOptions -XX:+UseG1GC -XX:G1MixedGCCountTarget=5 -XX:G1NewSizePercent=20 -XX:G1ReservePercent=20 -XX:MaxGCPauseMillis=50 -XX:G1HeapRegionSize=32m -XX:-OmitStackTraceInFastThrow -XX:-DontCompileHugeMethods -XX:MaxNodeLimit=240000 -XX:NodeLimitFudgeFactor=8000 -XX:TieredCompileTaskTimeout=10000 -XX:ReservedCodeCacheSize=400M -XX:NonNMethodCodeHeapSize=12M -XX:ProfiledCodeHeapSize=194M -XX:NmethodSweepActivity=1 -Dfml.ignoreInvalidMinecraftCertificates=true -Dfml.ignorePatchDiscrepancies=true -XX:HeapDumpPath=MojangTricksIntelDriversForPerformance_javaw.exe_minecraft.exe.heapdump "-Djava.library.path=D:\\Minecraft\\.minecraft\\versions\\1.21.1 NeoForge\\natives-windows-x86_64" "-Djna.tmpdir=D:\\Minecraft\\.minecraft\\versions\\1.21.1 NeoForge\\natives-windows-x86_64" "-Dorg.lwjgl.system.SharedLibraryExtractPath=D:\\Minecraft\\.minecraft\\versions\\1.21.1 NeoForge\\natives-windows-x86_64" "-Dio.netty.native.workdir=D:\\Minecraft\\.minecraft\\versions\\1.21.1 NeoForge\\natives-windows-x86_64" -Dminecraft.launcher.brand=HMCL -Dminecraft.launcher.version=3.16.4 -cp "D:\\Minecraft\\.minecraft\\libraries\\com\\github\\oshi\\oshi-core\\6.4.10\\oshi-core-6.4.10.jar;D:\\Minecraft\\.minecraft\\libraries\\com\\google\\code\\gson\\gson\\2.10.1\\gson-2.10.1.jar;D:\\Minecraft\\.minecraft\\libraries\\com\\google\\guava\\failureaccess\\1.0.1\\failureaccess-1.0.1.jar;D:\\Minecraft\\.minecraft\\libraries\\com\\google\\guava\\guava\\32.1.2-jre\\guava-32.1.2-jre.jar;D:\\Minecraft\\.minecraft\\libraries\\com\\ibm\\icu\\icu4j\\73.2\\icu4j-73.2.jar;D:\\Minecraft\\.minecraft\\libraries\\com\\mojang\\authlib\\6.0.54\\authlib-6.0.54.jar;D:\\Minecraft\\.minecraft\\libraries\\com\\mojang\\blocklist\\1.0.10\\blocklist-1.0.10.jar;D:\\Minecraft\\.minecraft\\libraries\\com\\mojang\\brigadier\\1.3.10\\brigadier-1.3.10.jar;D:\\Minecraft\\.minecraft\\libraries\\com\\mojang\\datafixerupper\\8.0.16\\datafixerupper-8.0.16.jar;D:\\Minecraft\\.minecraft\\libraries\\com\\mojang\\logging\\1.2.7\\logging-1.2.7.jar;D:\\Minecraft\\.minecraft\\libraries\\com\\mojang\\patchy\\2.2.10\\patchy-2.2.10.jar;D:\\Minecraft\\.minecraft\\libraries\\com\\mojang\\text2speech\\1.17.9\\text2speech-1.17.9.jar;D:\\Minecraft\\.minecraft\\libraries\\commons-codec\\commons-codec\\1.16.0\\commons-codec-1.16.0.jar;D:\\Minecraft\\.minecraft\\libraries\\commons-io\\commons-io\\2.15.1\\commons-io-2.15.1.jar;D:\\Minecraft\\.minecraft\\libraries\\commons-logging\\commons-logging\\1.2\\commons-logging-1.2.jar;D:\\Minecraft\\.minecraft\\libraries\\io\\netty\\netty-buffer\\4.1.97.Final\\netty-buffer-4.1.97.Final.jar;D:\\Minecraft\\.minecraft\\libraries\\io\\netty\\netty-codec\\4.1.97.Final\\netty-codec-4.1.97.Final.jar;D:\\Minecraft\\.minecraft\\libraries\\io\\netty\\netty-common\\4.1.97.Final\\netty-common-4.1.97.Final.jar;D:\\Minecraft\\.minecraft\\libraries\\io\\netty\\netty-handler\\4.1.97.Final\\netty-handler-4.1.97.Final.jar;D:\\Minecraft\\.minecraft\\libraries\\io\\netty\\netty-resolver\\4.1.97.Final\\netty-resolver-4.1.97.Final.jar;D:\\Minecraft\\.minecraft\\libraries\\io\\netty\\netty-transport-classes-epoll\\4.1.97.Final\\netty-transport-classes-epoll-4.1.97.Final.jar;D:\\Minecraft\\.minecraft\\libraries\\io\\netty\\netty-transport-native-unix-common\\4.1.97.Final\\netty-transport-native-unix-common-4.1.97.Final.jar;D:\\Minecraft\\.minecraft\\libraries\\io\\netty\\netty-transport\\4.1.97.Final\\netty-transport-4.1.97.Final.jar;D:\\Minecraft\\.minecraft\\libraries\\it\\unimi\\dsi\\fastutil\\8.5.12\\fastutil-8.5.12.jar;D:\\Minecraft\\.minecraft\\libraries\\net\\java\\dev\\jna\\jna-platform\\5.14.0\\jna-platform-5.14.0.jar;D:\\Minecraft\\.minecraft\\libraries\\net\\java\\dev\\jna\\jna\\5.14.0\\jna-5.14.0.jar;D:\\Minecraft\\.minecraft\\libraries\\net\\sf\\jopt-simple\\jopt-simple\\5.0.4\\jopt-simple-5.0.4.jar;D:\\Minecraft\\.minecraft\\libraries\\org\\apache\\commons\\commons-compress\\1.26.0\\commons-compress-1.26.0.jar;D:\\Minecraft\\.minecraft\\libraries\\org\\apache\\commons\\commons-lang3\\3.14.0\\commons-lang3-3.14.0.jar;D:\\Minecraft\\.minecraft\\libraries\\org\\apache\\httpcomponents\\httpclient\\4.5.13\\httpclient-4.5.13.jar;D:\\Minecraft\\.minecraft\\libraries\\org\\apache\\httpcomponents\\httpcore\\4.4.16\\httpcore-4.4.16.jar;D:\\Minecraft\\.minecraft\\libraries\\org\\apache\\logging\\log4j\\log4j-api\\2.22.1\\log4j-api-2.22.1.jar;D:\\Minecraft\\.minecraft\\libraries\\org\\apache\\logging\\log4j\\log4j-core\\2.22.1\\log4j-core-2.22.1.jar;D:\\Minecraft\\.minecraft\\libraries\\org\\apache\\logging\\log4j\\log4j-slf4j2-impl\\2.22.1\\log4j-slf4j2-impl-2.22.1.jar;D:\\Minecraft\\.minecraft\\libraries\\org\\jcraft\\jorbis\\0.0.17\\jorbis-0.0.17.jar;D:\\Minecraft\\.minecraft\\libraries\\org\\joml\\joml\\1.10.5\\joml-1.10.5.jar;D:\\Minecraft\\.minecraft\\libraries\\org\\lwjgl\\lwjgl-freetype\\3.3.3\\lwjgl-freetype-3.3.3.jar;D:\\Minecraft\\.minecraft\\libraries\\org\\lwjgl\\lwjgl-freetype\\3.3.3\\lwjgl-freetype-3.3.3-natives-windows.jar;D:\\Minecraft\\.minecraft\\libraries\\org\\lwjgl\\lwjgl-freetype\\3.3.3\\lwjgl-freetype-3.3.3-natives-windows-arm64.jar;D:\\Minecraft\\.minecraft\\libraries\\org\\lwjgl\\lwjgl-freetype\\3.3.3\\lwjgl-freetype-3.3.3-natives-windows-x86.jar;D:\\Minecraft\\.minecraft\\libraries\\org\\lwjgl\\lwjgl-glfw\\3.3.3\\lwjgl-glfw-3.3.3.jar;D:\\Minecraft\\.minecraft\\libraries\\org\\lwjgl\\lwjgl-glfw\\3.3.3\\lwjgl-glfw-3.3.3-natives-windows.jar;D:\\Minecraft\\.minecraft\\libraries\\org\\lwjgl\\lwjgl-glfw\\3.3.3\\lwjgl-glfw-3.3.3-natives-windows-arm64.jar;D:\\Minecraft\\.minecraft\\libraries\\org\\lwjgl\\lwjgl-glfw\\3.3.3\\lwjgl-glfw-3.3.3-natives-windows-x86.jar;D:\\Minecraft\\.minecraft\\libraries\\org\\lwjgl\\lwjgl-jemalloc\\3.3.3\\lwjgl-jemalloc-3.3.3.jar;D:\\Minecraft\\.minecraft\\libraries\\org\\lwjgl\\lwjgl-jemalloc\\3.3.3\\lwjgl-jemalloc-3.3.3-natives-windows.jar;D:\\Minecraft\\.minecraft\\libraries\\org\\lwjgl\\lwjgl-jemalloc\\3.3.3\\lwjgl-jemalloc-3.3.3-natives-windows-arm64.jar;D:\\Minecraft\\.minecraft\\libraries\\org\\lwjgl\\lwjgl-jemalloc\\3.3.3\\lwjgl-jemalloc-3.3.3-natives-windows-x86.jar;D:\\Minecraft\\.minecraft\\libraries\\org\\lwjgl\\lwjgl-openal\\3.3.3\\lwjgl-openal-3.3.3.jar;D:\\Minecraft\\.minecraft\\libraries\\org\\lwjgl\\lwjgl-openal\\3.3.3\\lwjgl-openal-3.3.3-natives-windows.jar;D:\\Minecraft\\.minecraft\\libraries\\org\\lwjgl\\lwjgl-openal\\3.3.3\\lwjgl-openal-3.3.3-natives-windows-arm64.jar;D:\\Minecraft\\.minecraft\\libraries\\org\\lwjgl\\lwjgl-openal\\3.3.3\\lwjgl-openal-3.3.3-natives-windows-x86.jar;D:\\Minecraft\\.minecraft\\libraries\\org\\lwjgl\\lwjgl-opengl\\3.3.3\\lwjgl-opengl-3.3.3.jar;D:\\Minecraft\\.minecraft\\libraries\\org\\lwjgl\\lwjgl-opengl\\3.3.3\\lwjgl-opengl-3.3.3-natives-windows.jar;D:\\Minecraft\\.minecraft\\libraries\\org\\lwjgl\\lwjgl-opengl\\3.3.3\\lwjgl-opengl-3.3.3-natives-windows-arm64.jar;D:\\Minecraft\\.minecraft\\libraries\\org\\lwjgl\\lwjgl-opengl\\3.3.3\\lwjgl-opengl-3.3.3-natives-windows-x86.jar;D:\\Minecraft\\.minecraft\\libraries\\org\\lwjgl\\lwjgl-stb\\3.3.3\\lwjgl-stb-3.3.3.jar;D:\\Minecraft\\.minecraft\\libraries\\org\\lwjgl\\lwjgl-stb\\3.3.3\\lwjgl-stb-3.3.3-natives-windows.jar;D:\\Minecraft\\.minecraft\\libraries\\org\\lwjgl\\lwjgl-stb\\3.3.3\\lwjgl-stb-3.3.3-natives-windows-arm64.jar;D:\\Minecraft\\.minecraft\\libraries\\org\\lwjgl\\lwjgl-stb\\3.3.3\\lwjgl-stb-3.3.3-natives-windows-x86.jar;D:\\Minecraft\\.minecraft\\libraries\\org\\lwjgl\\lwjgl-tinyfd\\3.3.3\\lwjgl-tinyfd-3.3.3.jar;D:\\Minecraft\\.minecraft\\libraries\\org\\lwjgl\\lwjgl-tinyfd\\3.3.3\\lwjgl-tinyfd-3.3.3-natives-windows.jar;D:\\Minecraft\\.minecraft\\libraries\\org\\lwjgl\\lwjgl-tinyfd\\3.3.3\\lwjgl-tinyfd-3.3.3-natives-windows-arm64.jar;D:\\Minecraft\\.minecraft\\libraries\\org\\lwjgl\\lwjgl-tinyfd\\3.3.3\\lwjgl-tinyfd-3.3.3-natives-windows-x86.jar;D:\\Minecraft\\.minecraft\\libraries\\org\\lwjgl\\lwjgl\\3.3.3\\lwjgl-3.3.3.jar;D:\\Minecraft\\.minecraft\\libraries\\org\\lwjgl\\lwjgl\\3.3.3\\lwjgl-3.3.3-natives-windows.jar;D:\\Minecraft\\.minecraft\\libraries\\org\\lwjgl\\lwjgl\\3.3.3\\lwjgl-3.3.3-natives-windows-arm64.jar;D:\\Minecraft\\.minecraft\\libraries\\org\\lwjgl\\lwjgl\\3.3.3\\lwjgl-3.3.3-natives-windows-x86.jar;D:\\Minecraft\\.minecraft\\libraries\\org\\lz4\\lz4-java\\1.8.0\\lz4-java-1.8.0.jar;D:\\Minecraft\\.minecraft\\libraries\\org\\slf4j\\slf4j-api\\2.0.9\\slf4j-api-2.0.9.jar;D:\\Minecraft\\.minecraft\\libraries\\net\\neoforged\\fancymodloader\\earlydisplay\\4.0.43\\earlydisplay-4.0.43.jar;D:\\Minecraft\\.minecraft\\libraries\\net\\neoforged\\fancymodloader\\loader\\4.0.43\\loader-4.0.43.jar;D:\\Minecraft\\.minecraft\\libraries\\net\\neoforged\\accesstransformers\\at-modlauncher\\10.0.1\\at-modlauncher-10.0.1.jar;D:\\Minecraft\\.minecraft\\libraries\\net\\neoforged\\accesstransformers\\10.0.1\\accesstransformers-10.0.1.jar;D:\\Minecraft\\.minecraft\\libraries\\net\\neoforged\\bus\\8.0.5\\bus-8.0.5.jar;D:\\Minecraft\\.minecraft\\libraries\\net\\neoforged\\coremods\\7.0.3\\coremods-7.0.3.jar;D:\\Minecraft\\.minecraft\\libraries\\cpw\\mods\\modlauncher\\11.0.5\\modlauncher-11.0.5.jar;D:\\Minecraft\\.minecraft\\libraries\\net\\neoforged\\mergetool\\2.0.0\\mergetool-2.0.0-api.jar;D:\\Minecraft\\.minecraft\\libraries\\com\\electronwill\\night-config\\toml\\3.8.3\\toml-3.8.3.jar;D:\\Minecraft\\.minecraft\\libraries\\com\\electronwill\\night-config\\core\\3.8.3\\core-3.8.3.jar;D:\\Minecraft\\.minecraft\\libraries\\net\\neoforged\\JarJarSelector\\0.4.1\\JarJarSelector-0.4.1.jar;D:\\Minecraft\\.minecraft\\libraries\\net\\neoforged\\JarJarMetadata\\0.4.1\\JarJarMetadata-0.4.1.jar;D:\\Minecraft\\.minecraft\\libraries\\org\\apache\\maven\\maven-artifact\\3.8.5\\maven-artifact-3.8.5.jar;D:\\Minecraft\\.minecraft\\libraries\\net\\jodah\\typetools\\0.6.3\\typetools-0.6.3.jar;D:\\Minecraft\\.minecraft\\libraries\\net\\minecrell\\terminalconsoleappender\\1.3.0\\terminalconsoleappender-1.3.0.jar;D:\\Minecraft\\.minecraft\\libraries\\net\\fabricmc\\sponge-mixin\\0.15.2+mixin.0.8.7\\sponge-mixin-0.15.2+mixin.0.8.7.jar;D:\\Minecraft\\.minecraft\\libraries\\org\\openjdk\\nashorn\\nashorn-core\\15.4\\nashorn-core-15.4.jar;D:\\Minecraft\\.minecraft\\libraries\\cpw\\mods\\bootstraplauncher\\2.0.2\\bootstraplauncher-2.0.2.jar;D:\\Minecraft\\.minecraft\\libraries\\cpw\\mods\\securejarhandler\\3.0.8\\securejarhandler-3.0.8.jar;D:\\Minecraft\\.minecraft\\libraries\\org\\ow2\\asm\\asm-commons\\9.10.1\\asm-commons-9.10.1.jar;D:\\Minecraft\\.minecraft\\libraries\\org\\ow2\\asm\\asm-util\\9.10.1\\asm-util-9.10.1.jar;D:\\Minecraft\\.minecraft\\libraries\\org\\ow2\\asm\\asm-analysis\\9.10.1\\asm-analysis-9.10.1.jar;D:\\Minecraft\\.minecraft\\libraries\\org\\ow2\\asm\\asm-tree\\9.10.1\\asm-tree-9.10.1.jar;D:\\Minecraft\\.minecraft\\libraries\\org\\ow2\\asm\\asm\\9.10.1\\asm-9.10.1.jar;D:\\Minecraft\\.minecraft\\libraries\\net\\neoforged\\JarJarFileSystems\\0.4.1\\JarJarFileSystems-0.4.1.jar;D:\\Minecraft\\.minecraft\\libraries\\org\\antlr\\antlr4-runtime\\4.13.1\\antlr4-runtime-4.13.1.jar;D:\\Minecraft\\.minecraft\\libraries\\org\\jline\\jline-reader\\3.20.0\\jline-reader-3.20.0.jar;D:\\Minecraft\\.minecraft\\libraries\\org\\jline\\jline-terminal\\3.20.0\\jline-terminal-3.20.0.jar;D:\\Minecraft\\.minecraft\\libraries\\net\\minecraftforge\\srgutils\\0.4.15\\srgutils-0.4.15.jar;D:\\Minecraft\\.minecraft\\libraries\\com\\google\\guava\\listenablefuture\\9999.0-empty-to-avoid-conflict-with-guava\\listenablefuture-9999.0-empty-to-avoid-conflict-with-guava.jar;D:\\Minecraft\\.minecraft\\libraries\\com\\google\\code\\findbugs\\jsr305\\3.0.2\\jsr305-3.0.2.jar;D:\\Minecraft\\.minecraft\\libraries\\org\\checkerframework\\checker-qual\\3.33.0\\checker-qual-3.33.0.jar;D:\\Minecraft\\.minecraft\\libraries\\com\\google\\errorprone\\error_prone_annotations\\2.18.0\\error_prone_annotations-2.18.0.jar;D:\\Minecraft\\.minecraft\\libraries\\com\\google\\j2objc\\j2objc-annotations\\2.8\\j2objc-annotations-2.8.jar;D:\\Minecraft\\.minecraft\\libraries\\org\\codehaus\\plexus\\plexus-utils\\3.3.0\\plexus-utils-3.3.0.jar;D:\\Minecraft\\.minecraft\\libraries\\com\\machinezoo\\noexception\\noexception\\1.7.1\\noexception-1.7.1.jar;D:\\Minecraft\\.minecraft\\versions\\1.21.1 NeoForge\\1.21.1 NeoForge.jar" -Djava.net.preferIPv6Addresses=system "-DignoreList=client-extra,1.21.1 NeoForge.jar,1.21.1 NeoForge.jar" -DlibraryDirectory=D:\Minecraft\.minecraft\libraries -p D:\Minecraft\.minecraft\libraries/cpw/mods/bootstraplauncher/2.0.2/bootstraplauncher-2.0.2.jar;D:\Minecraft\.minecraft\libraries/cpw/mods/securejarhandler/3.0.8/securejarhandler-3.0.8.jar;D:\Minecraft\.minecraft\libraries/org/ow2/asm/asm-commons/9.10.1/asm-commons-9.10.1.jar;D:\Minecraft\.minecraft\libraries/org/ow2/asm/asm-util/9.10.1/asm-util-9.10.1.jar;D:\Minecraft\.minecraft\libraries/org/ow2/asm/asm-analysis/9.10.1/asm-analysis-9.10.1.jar;D:\Minecraft\.minecraft\libraries/org/ow2/asm/asm-tree/9.10.1/asm-tree-9.10.1.jar;D:\Minecraft\.minecraft\libraries/org/ow2/asm/asm/9.10.1/asm-9.10.1.jar;D:\Minecraft\.minecraft\libraries/net/neoforged/JarJarFileSystems/0.4.1/JarJarFileSystems-0.4.1.jar --add-modules ALL-MODULE-PATH --add-opens java.base/java.util.jar=cpw.mods.securejarhandler --add-opens java.base/java.lang.invoke=cpw.mods.securejarhandler --add-exports java.base/sun.security.util=cpw.mods.securejarhandler --add-exports jdk.naming.dns/com.sun.jndi.dns=java.naming cpw.mods.bootstraplauncher.BootstrapLauncher --username Trail_Akivili --version "1.21.1 NeoForge" --gameDir D:\Minecraft\.minecraft --assetsDir D:\Minecraft\.minecraft\assets --assetIndex 17 --uuid 050f97b8d0c942c5a3fc65e7017d8894 --accessToken <access token> --clientId ${clientid} --xuid ${auth_xuid} --userType msa --versionType "HMCL 3.16.4" --width 1920 --height 1080 --fml.neoForgeVersion 21.1.244 --fml.fmlVersion 4.0.43 --fml.mcVersion 1.21.1 --fml.neoFormVersion 20240808.144430 --launchTarget forgeclient
[01:23:12] [@.task.AsyncTaskExecutor.lambda$executeNormalTask$29/TRACE] Task finished: org.jackhuang.hmcl.game.LauncherHelper.lambda$launch0$14(LauncherHelper.java:254)
[01:23:12] [@.task.AsyncTaskExecutor.lambda$executeNormalTask$29/TRACE] Task finished: org.jackhuang.hmcl.game.LauncherHelper$$Lambda/0x00000000085b2938@6f1e9e82
[01:23:12] [@.task.AsyncTaskExecutor.lambda$executeNormalTask$29/TRACE] Task finished: org.jackhuang.hmcl.game.LauncherHelper.lambda$launch0$19(LauncherHelper.java:261)
[01:23:52] [@.task.AsyncTaskExecutor.lambda$executeNormalTask$29/TRACE] Task finished: 请耐心等待
[01:23:52] [@.task.AsyncTaskExecutor.lambda$executeNormalTask$29/TRACE] Task finished: org.jackhuang.hmcl.task.Task$StageTask
[01:23:52] [@.task.AsyncTaskExecutor.lambda$executeNormalTask$29/TRACE] Task finished: org.jackhuang.hmcl.game.LauncherHelper$$Lambda/0x000000000857f378@23eeb16a
[01:23:52] [@.task.AsyncTaskExecutor.lambda$executeNormalTask$29/TRACE] Task finished: org.jackhuang.hmcl.task.Task$StagesHintTask
[01:23:53] [@.ui.construct.JFXDialogPane.pop/INFO] JFXDialogPane@44de08f8 [], removed: true, object: TaskExecutorDialogPane@5d483734[styleClass=task-executor-dialog-layout]
[02:01:23] [@.event.EventBus.fireEvent/INFO] ProcessExitedAbnormallyEvent [source=org.jackhuang.hmcl.launch.ExitWaiter@54b1cc8f, process=ManagedProcess[commands=[C:\Program Files\Java\jdk-21.0.12\bin\java.exe, -Xmx6627m, -Dfile.encoding=GB18030, -Dstdout.encoding=GB18030, -Dstderr.encoding=GB18030, -Djava.rmi.server.useCodebaseOnly=true, -Dcom.sun.jndi.rmi.object.trustURLCodebase=false, -Dcom.sun.jndi.cosnaming.object.trustURLCodebase=false, -Dlog4j2.formatMsgNoLookups=true, -Dlog4j.configurationFile=D:\Minecraft\.minecraft\versions\1.21.1 NeoForge\log4j2.xml, -Dminecraft.client.jar=D:\Minecraft\.minecraft\versions\1.21.1 NeoForge\1.21.1 NeoForge.jar, -Djava.net.useSystemProxies=true, -XX:+UnlockExperimentalVMOptions, -XX:+UnlockDiagnosticVMOptions, -XX:+UseG1GC, -XX:G1MixedGCCountTarget=5, -XX:G1NewSizePercent=20, -XX:G1ReservePercent=20, -XX:MaxGCPauseMillis=50, -XX:G1HeapRegionSize=32m, -XX:-OmitStackTraceInFastThrow, -XX:-DontCompileHugeMethods, -XX:MaxNodeLimit=240000, -XX:NodeLimitFudgeFactor=8000, -XX:TieredCompileTaskTimeout=10000, -XX:ReservedCodeCacheSize=400M, -XX:NonNMethodCodeHeapSize=12M, -XX:ProfiledCodeHeapSize=194M, -XX:NmethodSweepActivity=1, -Dfml.ignoreInvalidMinecraftCertificates=true, -Dfml.ignorePatchDiscrepancies=true, -XX:HeapDumpPath=MojangTricksIntelDriversForPerformance_javaw.exe_minecraft.exe.heapdump, -Djava.library.path=D:\Minecraft\.minecraft\versions\1.21.1 NeoForge\natives-windows-x86_64, -Djna.tmpdir=D:\Minecraft\.minecraft\versions\1.21.1 NeoForge\natives-windows-x86_64, -Dorg.lwjgl.system.SharedLibraryExtractPath=D:\Minecraft\.minecraft\versions\1.21.1 NeoForge\natives-windows-x86_64, -Dio.netty.native.workdir=D:\Minecraft\.minecraft\versions\1.21.1 NeoForge\natives-windows-x86_64, -Dminecraft.launcher.brand=HMCL, -Dminecraft.launcher.version=3.16.4, -cp, D:\Minecraft\.minecraft\libraries\com\github\oshi\oshi-core\6.4.10\oshi-core-6.4.10.jar;D:\Minecraft\.minecraft\libraries\com\google\code\gson\gson\2.10.1\gson-2.10.1.jar;D:\Minecraft\.minecraft\libraries\com\google\guava\failureaccess\1.0.1\failureaccess-1.0.1.jar;D:\Minecraft\.minecraft\libraries\com\google\guava\guava\32.1.2-jre\guava-32.1.2-jre.jar;D:\Minecraft\.minecraft\libraries\com\ibm\icu\icu4j\73.2\icu4j-73.2.jar;D:\Minecraft\.minecraft\libraries\com\mojang\authlib\6.0.54\authlib-6.0.54.jar;D:\Minecraft\.minecraft\libraries\com\mojang\blocklist\1.0.10\blocklist-1.0.10.jar;D:\Minecraft\.minecraft\libraries\com\mojang\brigadier\1.3.10\brigadier-1.3.10.jar;D:\Minecraft\.minecraft\libraries\com\mojang\datafixerupper\8.0.16\datafixerupper-8.0.16.jar;D:\Minecraft\.minecraft\libraries\com\mojang\logging\1.2.7\logging-1.2.7.jar;D:\Minecraft\.minecraft\libraries\com\mojang\patchy\2.2.10\patchy-2.2.10.jar;D:\Minecraft\.minecraft\libraries\com\mojang\text2speech\1.17.9\text2speech-1.17.9.jar;D:\Minecraft\.minecraft\libraries\commons-codec\commons-codec\1.16.0\commons-codec-1.16.0.jar;D:\Minecraft\.minecraft\libraries\commons-io\commons-io\2.15.1\commons-io-2.15.1.jar;D:\Minecraft\.minecraft\libraries\commons-logging\commons-logging\1.2\commons-logging-1.2.jar;D:\Minecraft\.minecraft\libraries\io\netty\netty-buffer\4.1.97.Final\netty-buffer-4.1.97.Final.jar;D:\Minecraft\.minecraft\libraries\io\netty\netty-codec\4.1.97.Final\netty-codec-4.1.97.Final.jar;D:\Minecraft\.minecraft\libraries\io\netty\netty-common\4.1.97.Final\netty-common-4.1.97.Final.jar;D:\Minecraft\.minecraft\libraries\io\netty\netty-handler\4.1.97.Final\netty-handler-4.1.97.Final.jar;D:\Minecraft\.minecraft\libraries\io\netty\netty-resolver\4.1.97.Final\netty-resolver-4.1.97.Final.jar;D:\Minecraft\.minecraft\libraries\io\netty\netty-transport-classes-epoll\4.1.97.Final\netty-transport-classes-epoll-4.1.97.Final.jar;D:\Minecraft\.minecraft\libraries\io\netty\netty-transport-native-unix-common\4.1.97.Final\netty-transport-native-unix-common-4.1.97.Final.jar;D:\Minecraft\.minecraft\libraries\io\netty\netty-transport\4.1.97.Final\netty-transport-4.1.97.Final.jar;D:\Minecraft\.minecraft\libraries\it\unimi\dsi\fastutil\8.5.12\fastutil-8.5.12.jar;D:\Minecraft\.minecraft\libraries\net\java\dev\jna\jna-platform\5.14.0\jna-platform-5.14.0.jar;D:\Minecraft\.minecraft\libraries\net\java\dev\jna\jna\5.14.0\jna-5.14.0.jar;D:\Minecraft\.minecraft\libraries\net\sf\jopt-simple\jopt-simple\5.0.4\jopt-simple-5.0.4.jar;D:\Minecraft\.minecraft\libraries\org\apache\commons\commons-compress\1.26.0\commons-compress-1.26.0.jar;D:\Minecraft\.minecraft\libraries\org\apache\commons\commons-lang3\3.14.0\commons-lang3-3.14.0.jar;D:\Minecraft\.minecraft\libraries\org\apache\httpcomponents\httpclient\4.5.13\httpclient-4.5.13.jar;D:\Minecraft\.minecraft\libraries\org\apache\httpcomponents\httpcore\4.4.16\httpcore-4.4.16.jar;D:\Minecraft\.minecraft\libraries\org\apache\logging\log4j\log4j-api\2.22.1\log4j-api-2.22.1.jar;D:\Minecraft\.minecraft\libraries\org\apache\logging\log4j\log4j-core\2.22.1\log4j-core-2.22.1.jar;D:\Minecraft\.minecraft\libraries\org\apache\logging\log4j\log4j-slf4j2-impl\2.22.1\log4j-slf4j2-impl-2.22.1.jar;D:\Minecraft\.minecraft\libraries\org\jcraft\jorbis\0.0.17\jorbis-0.0.17.jar;D:\Minecraft\.minecraft\libraries\org\joml\joml\1.10.5\joml-1.10.5.jar;D:\Minecraft\.minecraft\libraries\org\lwjgl\lwjgl-freetype\3.3.3\lwjgl-freetype-3.3.3.jar;D:\Minecraft\.minecraft\libraries\org\lwjgl\lwjgl-freetype\3.3.3\lwjgl-freetype-3.3.3-natives-windows.jar;D:\Minecraft\.minecraft\libraries\org\lwjgl\lwjgl-freetype\3.3.3\lwjgl-freetype-3.3.3-natives-windows-arm64.jar;D:\Minecraft\.minecraft\libraries\org\lwjgl\lwjgl-freetype\3.3.3\lwjgl-freetype-3.3.3-natives-windows-x86.jar;D:\Minecraft\.minecraft\libraries\org\lwjgl\lwjgl-glfw\3.3.3\lwjgl-glfw-3.3.3.jar;D:\Minecraft\.minecraft\libraries\org\lwjgl\lwjgl-glfw\3.3.3\lwjgl-glfw-3.3.3-natives-windows.jar;D:\Minecraft\.minecraft\libraries\org\lwjgl\lwjgl-glfw\3.3.3\lwjgl-glfw-3.3.3-natives-windows-arm64.jar;D:\Minecraft\.minecraft\libraries\org\lwjgl\lwjgl-glfw\3.3.3\lwjgl-glfw-3.3.3-natives-windows-x86.jar;D:\Minecraft\.minecraft\libraries\org\lwjgl\lwjgl-jemalloc\3.3.3\lwjgl-jemalloc-3.3.3.jar;D:\Minecraft\.minecraft\libraries\org\lwjgl\lwjgl-jemalloc\3.3.3\lwjgl-jemalloc-3.3.3-natives-windows.jar;D:\Minecraft\.minecraft\libraries\org\lwjgl\lwjgl-jemalloc\3.3.3\lwjgl-jemalloc-3.3.3-natives-windows-arm64.jar;D:\Minecraft\.minecraft\libraries\org\lwjgl\lwjgl-jemalloc\3.3.3\lwjgl-jemalloc-3.3.3-natives-windows-x86.jar;D:\Minecraft\.minecraft\libraries\org\lwjgl\lwjgl-openal\3.3.3\lwjgl-openal-3.3.3.jar;D:\Minecraft\.minecraft\libraries\org\lwjgl\lwjgl-openal\3.3.3\lwjgl-openal-3.3.3-natives-windows.jar;D:\Minecraft\.minecraft\libraries\org\lwjgl\lwjgl-openal\3.3.3\lwjgl-openal-3.3.3-natives-windows-arm64.jar;D:\Minecraft\.minecraft\libraries\org\lwjgl\lwjgl-openal\3.3.3\lwjgl-openal-3.3.3-natives-windows-x86.jar;D:\Minecraft\.minecraft\libraries\org\lwjgl\lwjgl-opengl\3.3.3\lwjgl-opengl-3.3.3.jar;D:\Minecraft\.minecraft\libraries\org\lwjgl\lwjgl-opengl\3.3.3\lwjgl-opengl-3.3.3-natives-windows.jar;D:\Minecraft\.minecraft\libraries\org\lwjgl\lwjgl-opengl\3.3.3\lwjgl-opengl-3.3.3-natives-windows-arm64.jar;D:\Minecraft\.minecraft\libraries\org\lwjgl\lwjgl-opengl\3.3.3\lwjgl-opengl-3.3.3-natives-windows-x86.jar;D:\Minecraft\.minecraft\libraries\org\lwjgl\lwjgl-stb\3.3.3\lwjgl-stb-3.3.3.jar;D:\Minecraft\.minecraft\libraries\org\lwjgl\lwjgl-stb\3.3.3\lwjgl-stb-3.3.3-natives-windows.jar;D:\Minecraft\.minecraft\libraries\org\lwjgl\lwjgl-stb\3.3.3\lwjgl-stb-3.3.3-natives-windows-arm64.jar;D:\Minecraft\.minecraft\libraries\org\lwjgl\lwjgl-stb\3.3.3\lwjgl-stb-3.3.3-natives-windows-x86.jar;D:\Minecraft\.minecraft\libraries\org\lwjgl\lwjgl-tinyfd\3.3.3\lwjgl-tinyfd-3.3.3.jar;D:\Minecraft\.minecraft\libraries\org\lwjgl\lwjgl-tinyfd\3.3.3\lwjgl-tinyfd-3.3.3-natives-windows.jar;D:\Minecraft\.minecraft\libraries\org\lwjgl\lwjgl-tinyfd\3.3.3\lwjgl-tinyfd-3.3.3-natives-windows-arm64.jar;D:\Minecraft\.minecraft\libraries\org\lwjgl\lwjgl-tinyfd\3.3.3\lwjgl-tinyfd-3.3.3-natives-windows-x86.jar;D:\Minecraft\.minecraft\libraries\org\lwjgl\lwjgl\3.3.3\lwjgl-3.3.3.jar;D:\Minecraft\.minecraft\libraries\org\lwjgl\lwjgl\3.3.3\lwjgl-3.3.3-natives-windows.jar;D:\Minecraft\.minecraft\libraries\org\lwjgl\lwjgl\3.3.3\lwjgl-3.3.3-natives-windows-arm64.jar;D:\Minecraft\.minecraft\libraries\org\lwjgl\lwjgl\3.3.3\lwjgl-3.3.3-natives-windows-x86.jar;D:\Minecraft\.minecraft\libraries\org\lz4\lz4-java\1.8.0\lz4-java-1.8.0.jar;D:\Minecraft\.minecraft\libraries\org\slf4j\slf4j-api\2.0.9\slf4j-api-2.0.9.jar;D:\Minecraft\.minecraft\libraries\net\neoforged\fancymodloader\earlydisplay\4.0.43\earlydisplay-4.0.43.jar;D:\Minecraft\.minecraft\libraries\net\neoforged\fancymodloader\loader\4.0.43\loader-4.0.43.jar;D:\Minecraft\.minecraft\libraries\net\neoforged\accesstransformers\at-modlauncher\10.0.1\at-modlauncher-10.0.1.jar;D:\Minecraft\.minecraft\libraries\net\neoforged\accesstransformers\10.0.1\accesstransformers-10.0.1.jar;D:\Minecraft\.minecraft\libraries\net\neoforged\bus\8.0.5\bus-8.0.5.jar;D:\Minecraft\.minecraft\libraries\net\neoforged\coremods\7.0.3\coremods-7.0.3.jar;D:\Minecraft\.minecraft\libraries\cpw\mods\modlauncher\11.0.5\modlauncher-11.0.5.jar;D:\Minecraft\.minecraft\libraries\net\neoforged\mergetool\2.0.0\mergetool-2.0.0-api.jar;D:\Minecraft\.minecraft\libraries\com\electronwill\night-config\toml\3.8.3\toml-3.8.3.jar;D:\Minecraft\.minecraft\libraries\com\electronwill\night-config\core\3.8.3\core-3.8.3.jar;D:\Minecraft\.minecraft\libraries\net\neoforged\JarJarSelector\0.4.1\JarJarSelector-0.4.1.jar;D:\Minecraft\.minecraft\libraries\net\neoforged\JarJarMetadata\0.4.1\JarJarMetadata-0.4.1.jar;D:\Minecraft\.minecraft\libraries\org\apache\maven\maven-artifact\3.8.5\maven-artifact-3.8.5.jar;D:\Minecraft\.minecraft\libraries\net\jodah\typetools\0.6.3\typetools-0.6.3.jar;D:\Minecraft\.minecraft\libraries\net\minecrell\terminalconsoleappender\1.3.0\terminalconsoleappender-1.3.0.jar;D:\Minecraft\.minecraft\libraries\net\fabricmc\sponge-mixin\0.15.2+mixin.0.8.7\sponge-mixin-0.15.2+mixin.0.8.7.jar;D:\Minecraft\.minecraft\libraries\org\openjdk\nashorn\nashorn-core\15.4\nashorn-core-15.4.jar;D:\Minecraft\.minecraft\libraries\cpw\mods\bootstraplauncher\2.0.2\bootstraplauncher-2.0.2.jar;D:\Minecraft\.minecraft\libraries\cpw\mods\securejarhandler\3.0.8\securejarhandler-3.0.8.jar;D:\Minecraft\.minecraft\libraries\org\ow2\asm\asm-commons\9.10.1\asm-commons-9.10.1.jar;D:\Minecraft\.minecraft\libraries\org\ow2\asm\asm-util\9.10.1\asm-util-9.10.1.jar;D:\Minecraft\.minecraft\libraries\org\ow2\asm\asm-analysis\9.10.1\asm-analysis-9.10.1.jar;D:\Minecraft\.minecraft\libraries\org\ow2\asm\asm-tree\9.10.1\asm-tree-9.10.1.jar;D:\Minecraft\.minecraft\libraries\org\ow2\asm\asm\9.10.1\asm-9.10.1.jar;D:\Minecraft\.minecraft\libraries\net\neoforged\JarJarFileSystems\0.4.1\JarJarFileSystems-0.4.1.jar;D:\Minecraft\.minecraft\libraries\org\antlr\antlr4-runtime\4.13.1\antlr4-runtime-4.13.1.jar;D:\Minecraft\.minecraft\libraries\org\jline\jline-reader\3.20.0\jline-reader-3.20.0.jar;D:\Minecraft\.minecraft\libraries\org\jline\jline-terminal\3.20.0\jline-terminal-3.20.0.jar;D:\Minecraft\.minecraft\libraries\net\minecraftforge\srgutils\0.4.15\srgutils-0.4.15.jar;D:\Minecraft\.minecraft\libraries\com\google\guava\listenablefuture\9999.0-empty-to-avoid-conflict-with-guava\listenablefuture-9999.0-empty-to-avoid-conflict-with-guava.jar;D:\Minecraft\.minecraft\libraries\com\google\code\findbugs\jsr305\3.0.2\jsr305-3.0.2.jar;D:\Minecraft\.minecraft\libraries\org\checkerframework\checker-qual\3.33.0\checker-qual-3.33.0.jar;D:\Minecraft\.minecraft\libraries\com\google\errorprone\error_prone_annotations\2.18.0\error_prone_annotations-2.18.0.jar;D:\Minecraft\.minecraft\libraries\com\google\j2objc\j2objc-annotations\2.8\j2objc-annotations-2.8.jar;D:\Minecraft\.minecraft\libraries\org\codehaus\plexus\plexus-utils\3.3.0\plexus-utils-3.3.0.jar;D:\Minecraft\.minecraft\libraries\com\machinezoo\noexception\noexception\1.7.1\noexception-1.7.1.jar;D:\Minecraft\.minecraft\versions\1.21.1 NeoForge\1.21.1 NeoForge.jar, -Djava.net.preferIPv6Addresses=system, -DignoreList=client-extra,1.21.1 NeoForge.jar,1.21.1 NeoForge.jar, -DlibraryDirectory=D:\Minecraft\.minecraft\libraries, -p, D:\Minecraft\.minecraft\libraries/cpw/mods/bootstraplauncher/2.0.2/bootstraplauncher-2.0.2.jar;D:\Minecraft\.minecraft\libraries/cpw/mods/securejarhandler/3.0.8/securejarhandler-3.0.8.jar;D:\Minecraft\.minecraft\libraries/org/ow2/asm/asm-commons/9.10.1/asm-commons-9.10.1.jar;D:\Minecraft\.minecraft\libraries/org/ow2/asm/asm-util/9.10.1/asm-util-9.10.1.jar;D:\Minecraft\.minecraft\libraries/org/ow2/asm/asm-analysis/9.10.1/asm-analysis-9.10.1.jar;D:\Minecraft\.minecraft\libraries/org/ow2/asm/asm-tree/9.10.1/asm-tree-9.10.1.jar;D:\Minecraft\.minecraft\libraries/org/ow2/asm/asm/9.10.1/asm-9.10.1.jar;D:\Minecraft\.minecraft\libraries/net/neoforged/JarJarFileSystems/0.4.1/JarJarFileSystems-0.4.1.jar, --add-modules, ALL-MODULE-PATH, --add-opens, java.base/java.util.jar=cpw.mods.securejarhandler, --add-opens, java.base/java.lang.invoke=cpw.mods.securejarhandler, --add-exports, java.base/sun.security.util=cpw.mods.securejarhandler, --add-exports, jdk.naming.dns/com.sun.jndi.dns=java.naming, cpw.mods.bootstraplauncher.BootstrapLauncher, --username, Trail_Akivili, --version, 1.21.1 NeoForge, --gameDir, D:\Minecraft\.minecraft, --assetsDir, D:\Minecraft\.minecraft\assets, --assetIndex, 17, --uuid, 050f97b8d0c942c5a3fc65e7017d8894, --accessToken, <access token>, --clientId, ${clientid}, --xuid, ${auth_xuid}, --userType, msa, --versionType, HMCL 3.16.4, --width, 1920, --height, 1080, --fml.neoForgeVersion, 21.1.244, --fml.fmlVersion, 4.0.43, --fml.mcVersion, 1.21.1, --fml.neoFormVersion, 20240808.144430, --launchTarget, forgeclient], isRunning=false]] gets fired
[02:01:23] [@.event.EventBus.fireEvent/INFO] ProcessStoppedEvent [source=org.jackhuang.hmcl.launch.ExitWaiter@54b1cc8f] gets fired
[02:01:23] [@.task.AsyncTaskExecutor.lambda$executeNormalTask$19/TRACE] Executing task: org.jackhuang.hmcl.ui.GameCrashWindow.analyzeCrashReport(GameCrashWindow.java:159)
[02:01:23] [@.task.AsyncTaskExecutor.lambda$executeNormalTask$19/TRACE] Executing task: org.jackhuang.hmcl.ui.GameCrashWindow.analyzeCrashReport(GameCrashWindow.java:144)
[02:01:23] [@.task.AsyncTaskExecutor.lambda$executeNormalTask$19/TRACE] Executing task: org.jackhuang.hmcl.ui.GameCrashWindow.analyzeCrashReport(GameCrashWindow.java:129)
[02:01:24] [@.task.AsyncTaskExecutor.lambda$executeNormalTask$29/TRACE] Task finished: org.jackhuang.hmcl.ui.GameCrashWindow.analyzeCrashReport(GameCrashWindow.java:144)
[02:01:24] [@.task.AsyncTaskExecutor.lambda$executeNormalTask$29/TRACE] Task finished: org.jackhuang.hmcl.ui.GameCrashWindow.analyzeCrashReport(GameCrashWindow.java:129)
[02:01:24] [@.ui.GameCrashWindow.lambda$analyzeCrashReport$4/INFO] Number of reasons: 0
[02:01:24] [@.ui.GameCrashWindow.lambda$analyzeCrashReport$4/INFO] Crash reason unknown, but some log keywords have been found: modlauncher@11, components, neoforged, TRANSFORMER/neoforge@21, targets, 5/cpw, screens, bootstraplauncher@2, 2/cpw, neoforge, base/jdk, 244/net, 1/com, 43/net, blaze3d, MC-BOOTSTRAP/fml_loader@4, 0, bootstraplauncher, TRANSFORMER/minecraft@1, 1, base/java, 1/net, MC-BOOTSTRAP/cpw, providers, 21, font
[02:01:24] [@.task.AsyncTaskExecutor.lambda$executeNormalTask$29/TRACE] Task finished: org.jackhuang.hmcl.ui.GameCrashWindow.analyzeCrashReport(GameCrashWindow.java:159)
[02:01:31] [@.game.LogExporter.processLogs/WARNING] Failed to find any log on liteconfig
java.nio.file.NoSuchFileException: .minecraft\liteconfig
	at java.base/sun.nio.fs.WindowsException.translateToIOException(WindowsException.java:85)
	at java.base/sun.nio.fs.WindowsException.rethrowAsIOException(WindowsException.java:103)
	at java.base/sun.nio.fs.WindowsException.rethrowAsIOException(WindowsException.java:108)
	at java.base/sun.nio.fs.WindowsDirectoryStream.<init>(WindowsDirectoryStream.java:86)
	at java.base/sun.nio.fs.WindowsFileSystemProvider.newDirectoryStream(WindowsFileSystemProvider.java:516)
	at java.base/java.nio.file.Files.newDirectoryStream(Files.java:509)
	at org.jackhuang.hmcl.game.LogExporter.processLogs(LogExporter.java:90)
	at org.jackhuang.hmcl.game.LogExporter.lambda$exportLogs$0(LogExporter.java:68)
	at java.base/java.util.concurrent.CompletableFuture$AsyncRun.run(CompletableFuture.java:1825)
	at java.base/java.util.concurrent.CompletableFuture$AsyncRun.exec(CompletableFuture.java:1817)
	at java.base/java.util.concurrent.ForkJoinTask.doExec(ForkJoinTask.java:511)
	at java.base/java.util.concurrent.ForkJoinPool$WorkQueue.topLevelExec(ForkJoinPool.java:1450)
	at java.base/java.util.concurrent.ForkJoinPool.runWorker(ForkJoinPool.java:2019)
	at java.base/java.util.concurrent.ForkJoinWorkerThread.run(ForkJoinWorkerThread.java:187)
[02:01:31] [@.ui.construct.JFXDialogPane.push/INFO] JFXDialogPane@7701007a [MessageDialogPane@37b32461[styleClass=jfx-dialog-layout]]
[02:09:38] [@.ui.construct.JFXDialogPane.pop/INFO] JFXDialogPane@7701007a [], removed: true, object: MessageDialogPane@37b32461[styleClass=jfx-dialog-layout]
[02:09:43] [@.ui.Controllers.prepareDownloadPage/INFO] Prepare the download page
[02:09:43] [@.task.AsyncTaskExecutor.lambda$executeNormalTask$19/TRACE] Executing task: org.jackhuang.hmcl.ui.download.VersionsPage.refresh(VersionsPage.java:116)
[02:09:43] [@.task.AsyncTaskExecutor.lambda$executeNormalTask$19/TRACE] Executing task: org.jackhuang.hmcl.task.Task$UniCompose$$Lambda/0x000000000857ecc8@31c1c380
[02:09:43] [@.task.AsyncTaskExecutor.lambda$executeNormalTask$19/TRACE] Executing task: org.jackhuang.hmcl.task.Task$UniCompose$$Lambda/0x000000000857ecc8@40c86555
[02:09:43] [@.task.AsyncTaskExecutor.lambda$executeNormalTask$19/TRACE] Executing task: MultipleSourceVersionList.refreshAsync(task=org.jackhuang.hmcl.download.game.GameVersionList.refreshAsync(GameVersionList.java:57), index=0, all=2)
[02:09:43] [@.task.AsyncTaskExecutor.lambda$executeNormalTask$19/TRACE] Executing task: org.jackhuang.hmcl.download.game.GameVersionList.refreshAsync(GameVersionList.java:57)
[02:09:43] [@.task.AsyncTaskExecutor.lambda$executeNormalTask$19/TRACE] Executing task: org.jackhuang.hmcl.download.game.GameVersionList.refreshAsync(GameVersionList.java:56)
[02:09:43] [@.task.AsyncTaskExecutor.lambda$executeNormalTask$19/TRACE] Executing task: https://bmclapi2.bangbang93.com/mc/game/version_manifest.json
[02:09:44] [@.ui.Controllers.prepareVersionPage/INFO] Prepare the version page
[02:09:45] [@.ui.construct.Navigator.navigate/INFO] Navigate to VersionPage@49c69be8[styleClass=root gray-background]
[02:09:47] [@.task.AsyncTaskExecutor.lambda$executeNormalTask$29/TRACE] Task finished: https://bmclapi2.bangbang93.com/mc/game/version_manifest.json
[02:09:47] [@.addon.meta.ForgeNewModMetadata.analyzeLoader/WARNING] Cannot determine the mod loader for mod iris, expected NEO_FORGE
[02:09:47] [@.task.AsyncTaskExecutor.lambda$executeNormalTask$29/TRACE] Task finished: org.jackhuang.hmcl.download.game.GameVersionList.refreshAsync(GameVersionList.java:56)
[02:09:47] [@.task.AsyncTaskExecutor.lambda$executeNormalTask$29/TRACE] Task finished: org.jackhuang.hmcl.download.game.GameVersionList.refreshAsync(GameVersionList.java:57)
[02:09:47] [@.task.AsyncTaskExecutor.lambda$executeNormalTask$29/TRACE] Task finished: MultipleSourceVersionList.refreshAsync(task=org.jackhuang.hmcl.download.game.GameVersionList.refreshAsync(GameVersionList.java:57), index=0, all=2)
[02:09:47] [@.task.AsyncTaskExecutor.lambda$executeNormalTask$29/TRACE] Task finished: org.jackhuang.hmcl.task.Task$UniCompose$$Lambda/0x000000000857ecc8@40c86555
[02:09:47] [@.task.AsyncTaskExecutor.lambda$executeNormalTask$19/TRACE] Executing task: org.jackhuang.hmcl.util.Lang.lambda$wrap$2(Lang.java:303)
[02:09:47] [@.task.AsyncTaskExecutor.lambda$executeNormalTask$29/TRACE] Task finished: org.jackhuang.hmcl.util.Lang.lambda$wrap$2(Lang.java:303)
[02:09:47] [@.task.AsyncTaskExecutor.lambda$executeNormalTask$29/TRACE] Task finished: org.jackhuang.hmcl.task.Task$UniCompose$$Lambda/0x000000000857ecc8@31c1c380
[02:09:47] [@.task.AsyncTaskExecutor.lambda$executeNormalTask$29/TRACE] Task finished: org.jackhuang.hmcl.ui.download.VersionsPage.refresh(VersionsPage.java:116)
[02:09:47] [@.addon.meta.ForgeNewModMetadata.analyzeLoader/WARNING] Cannot determine the mod loader for mod kotlinforforge, expected NEO_FORGE
[02:09:47] [@.addon.meta.ForgeNewModMetadata.analyzeLoader/WARNING] Cannot determine the mod loader for mod klf, expected NEO_FORGE
[02:09:48] [@.addon.meta.ForgeNewModMetadata.analyzeLoader/WARNING] Cannot determine the mod loader for mod mekanismgenerators, expected NEO_FORGE
[02:09:48] [@.addon.meta.ForgeNewModMetadata.analyzeLoader/WARNING] Cannot determine the mod loader for mod sclp, expected NEO_FORGE
[02:09:48] [@.addon.meta.ForgeNewModMetadata.analyzeLoader/WARNING] Cannot determine the mod loader for mod reeses_sodium_options, expected NEO_FORGE
[02:09:48] [@.addon.meta.ForgeNewModMetadata.analyzeLoader/WARNING] Cannot determine the mod loader for mod dynamic_fps, expected NEO_FORGE
[02:09:48] [@.addon.meta.ForgeNewModMetadata.analyzeLoader/WARNING] Cannot determine the mod loader for mod sodium_extra, expected NEO_FORGE
[02:09:48] [@.addon.meta.ForgeNewModMetadata.analyzeLoader/WARNING] Cannot determine the mod loader for mod sodiumdynamiclights, expected NEO_FORGE
[02:10:00] [@.ui.construct.JFXDialogPane.push/INFO] JFXDialogPane@14b45f2d [TaskExecutorDialogPane@4d3d8f50[styleClass=task-executor-dialog-layout]]
[02:10:00] [@.task.AsyncTaskExecutor.lambda$executeNormalTask$19/TRACE] Executing task: org.jackhuang.hmcl.task.Task$StagesHintTask
[02:10:00] [@.task.AsyncTaskExecutor.lambda$executeNormalTask$19/TRACE] Executing task: org.jackhuang.hmcl.ui.versions.ModListPage.lambda$checkUpdates$13(ModListPage.java:244)
[02:10:00] [@.task.AsyncTaskExecutor.lambda$executeNormalTask$19/TRACE] Executing task: org.jackhuang.hmcl.ui.versions.ModListPage.lambda$checkUpdates$13(ModListPage.java:240)
[02:10:00] [@.task.AsyncTaskExecutor.lambda$executeNormalTask$19/TRACE] Executing task: org.jackhuang.hmcl.ui.versions.AddonCheckUpdatesTask
[02:10:00] [@.task.AsyncTaskExecutor.lambda$executeNormalTask$19/TRACE] Executing task: [一键背包整理Next] InventoryProfilesNext-neoforge-1.21-2.1.4
[02:10:00] [@.task.AsyncTaskExecutor.lambda$executeNormalTask$19/TRACE] Executing task: [动态 FPS] dynamic-fps-3.11.4+minecraft-1.21.0-neoforge
[02:10:00] [@.task.AsyncTaskExecutor.lambda$executeNormalTask$19/TRACE] Executing task: [Reese的钠视频界面] reeses-sodium-options-neoforge-2.2.3+mc1.21.1
[02:10:00] [@.task.AsyncTaskExecutor.lambda$executeNormalTask$19/TRACE] Executing task: [机械动力：电气时代] create-new-age-1.2.0+neoforge-mc1.21.1
[02:10:00] [@.task.AsyncTaskExecutor.lambda$executeNormalTask$19/TRACE] Executing task: [手柄控制] controllable-neoforge-1.21.1-0.25.4
[02:10:00] [@.task.AsyncTaskExecutor.lambda$executeNormalTask$19/TRACE] Executing task: [机械动力：附魔工业] create-enchantment-industry-2.5.3b
[02:10:00] [@.task.AsyncTaskExecutor.lambda$executeNormalTask$19/TRACE] Executing task: [等价交换重制版] ProjectE-1.21.1-PE1.1.0
[02:10:00] [@.task.AsyncTaskExecutor.lambda$executeNormalTask$19/TRACE] Executing task: [苹果皮] appleskin-neoforge-mc1.21-3.0.9
[02:10:00] [@.task.AsyncTaskExecutor.lambda$executeNormalTask$19/TRACE] Executing task: [钠 · 扩展] sodium-extra-neoforge-0.9.3+mc1.21.1
[02:10:00] [@.task.AsyncTaskExecutor.lambda$executeNormalTask$19/TRACE] Executing task: [钠／Embeddium：动态光源] sodiumdynamiclights-neoforge-1.0.10-1.21.1
[02:10:00] [@.task.AsyncTaskExecutor.lambda$executeNormalTask$19/TRACE] Executing task: [铁氧体磁芯] ferritecore-7.0.3-neoforge
[02:10:00] [@.task.AsyncTaskExecutor.lambda$executeNormalTask$19/TRACE] Executing task: [沉浸工程] ImmersiveEngineering-1.21.1-12.4.2-194
[02:10:00] [@.task.AsyncTaskExecutor.lambda$executeNormalTask$19/TRACE] Executing task: [鼠标手势] MouseTweaks-neoforge-mc1.21-2.26.1
[02:10:00] [@.task.AsyncTaskExecutor.lambda$executeNormalTask$19/TRACE] Executing task: architectury-13.0.11-neoforge
[02:10:00] [@.task.AsyncTaskExecutor.lambda$executeNormalTask$19/TRACE] Executing task: cosmeticarmorreworkedforked-neoforge-1.21.1-0.0.4
[02:10:00] [@.task.AsyncTaskExecutor.lambda$executeNormalTask$19/TRACE] Executing task: colorwheel-neoforge-1.2.9+mc1.21.1
[02:10:00] [@.task.AsyncTaskExecutor.lambda$executeNormalTask$19/TRACE] Executing task: veinminer-neoforge-2.11.2+1.21.1
[02:10:00] [@.task.AsyncTaskExecutor.lambda$executeNormalTask$19/TRACE] Executing task: create-1.21.1-6.0.10
[02:10:00] [@.task.AsyncTaskExecutor.lambda$executeNormalTask$19/TRACE] Executing task: trinketsandbaubles-1.2.3
[02:10:00] [@.task.AsyncTaskExecutor.lambda$executeNormalTask$19/TRACE] Executing task: create_connected-1.3.2-mc1.21.1
[02:10:00] [@.task.AsyncTaskExecutor.lambda$executeNormalTask$19/TRACE] Executing task: createbetterfps-1.21.1-1.1.4
[02:10:00] [@.task.AsyncTaskExecutor.lambda$executeNormalTask$19/TRACE] Executing task: [机械动力：龙+] CreateDragonsPlus-1.11.8b
[02:10:00] [@.task.AsyncTaskExecutor.lambda$executeNormalTask$19/TRACE] Executing task: tree-vein-miner-2.0.0
[02:10:00] [@.task.AsyncTaskExecutor.lambda$executeNormalTask$19/TRACE] Executing task: curios-neoforge-9.5.1+1.21.1
[02:10:00] [@.task.AsyncTaskExecutor.lambda$executeNormalTask$19/TRACE] Executing task: CustomSkinLoader_Universal-15.0.1
[02:10:00] [@.task.AsyncTaskExecutor.lambda$executeNormalTask$19/TRACE] Executing task: sodium-neoforge-0.8.13-beta.2+mc1.21.1
[02:10:00] [@.task.AsyncTaskExecutor.lambda$executeNormalTask$19/TRACE] Executing task: flerovium-neoforge-1.21.1-1.1.2-all
[02:10:00] [@.task.AsyncTaskExecutor.lambda$executeNormalTask$19/TRACE] Executing task: framework-neoforge-1.21.1-0.13.11
[02:10:00] [@.task.AsyncTaskExecutor.lambda$executeNormalTask$19/TRACE] Executing task: gl4es-stencil-fix-neoforge-1.21.1
[02:10:00] [@.task.AsyncTaskExecutor.lambda$executeNormalTask$19/TRACE] Executing task: guideme-21.1.17
[02:10:00] [@.task.AsyncTaskExecutor.lambda$executeNormalTask$19/TRACE] Executing task: create-aeronautics-bundled-1.21.1-1.3.0
[02:10:00] [@.task.AsyncTaskExecutor.lambda$executeNormalTask$19/TRACE] Executing task: iris-neoforge-1.8.14-beta.1+mc1.21.1
[02:10:00] [@.task.AsyncTaskExecutor.lambda$executeNormalTask$19/TRACE] Executing task: jei-1.21.1-neoforge-19.43.0.395
[02:10:00] [@.task.AsyncTaskExecutor.lambda$executeNormalTask$19/TRACE] Executing task: irisveil-0.3.0
[02:10:00] [@.task.AsyncTaskExecutor.lambda$executeNormalTask$19/TRACE] Executing task: kotlinforforge-5.12.0-all
[02:10:00] [@.task.AsyncTaskExecutor.lambda$executeNormalTask$19/TRACE] Executing task: KotlinLangForge-2.12.2-k2.4.10-3.0+neoforge
[02:10:00] [@.task.AsyncTaskExecutor.lambda$executeNormalTask$19/TRACE] Executing task: libIPN-neoforge-1.21-6.3.1
[02:10:00] [@.task.AsyncTaskExecutor.lambda$executeNormalTask$19/TRACE] Executing task: Mekanism-1.21.1-10.7.19.85
[02:10:00] [@.task.AsyncTaskExecutor.lambda$executeNormalTask$19/TRACE] Executing task: mekanism_ponders-1.0.3-1.21.1
[02:10:00] [@.task.AsyncTaskExecutor.lambda$executeNormalTask$19/TRACE] Executing task: lanserverproperties-1.13.2-neoforge
[02:10:00] [@.task.AsyncTaskExecutor.lambda$executeNormalTask$19/TRACE] Executing task: sable-android-patch-2.0.3
[02:10:00] [@.task.AsyncTaskExecutor.lambda$executeNormalTask$19/TRACE] Executing task: Jade-1.21.1-NeoForge-15.10.6
[02:10:00] [@.task.AsyncTaskExecutor.lambda$executeNormalTask$19/TRACE] Executing task: sclp-neoforge-3.17.8
[02:10:00] [@.task.AsyncTaskExecutor.lambda$executeNormalTask$19/TRACE] Executing task: appliedenergistics2-19.2.17
[02:10:00] [@.task.AsyncTaskExecutor.lambda$executeNormalTask$19/TRACE] Executing task: ImmediatelyFast-NeoForge-1.6.11+1.21.1
[02:10:00] [@.task.AsyncTaskExecutor.lambda$executeNormalTask$19/TRACE] Executing task: MekanismGenerators-1.21.1-10.7.19.85
[02:10:00] [@.task.AsyncTaskExecutor.lambda$executeNormalTask$19/TRACE] Executing task: sable-neoforge-1.21.1-2.0.3
[02:10:04] [@.task.AsyncTaskExecutor.lambda$executeNormalTask$29/TRACE] Task finished: tree-vein-miner-2.0.0
[02:10:05] [@.task.AsyncTaskExecutor.lambda$executeNormalTask$29/TRACE] Task finished: cosmeticarmorreworkedforked-neoforge-1.21.1-0.0.4
[02:10:05] [@.task.AsyncTaskExecutor.lambda$executeNormalTask$29/TRACE] Task finished: lanserverproperties-1.13.2-neoforge
[02:10:05] [@.task.AsyncTaskExecutor.lambda$executeNormalTask$29/TRACE] Task finished: [机械动力：龙+] CreateDragonsPlus-1.11.8b
[02:10:05] [@.task.AsyncTaskExecutor.lambda$executeNormalTask$29/TRACE] Task finished: flerovium-neoforge-1.21.1-1.1.2-all
[02:10:05] [@.task.AsyncTaskExecutor.lambda$executeNormalTask$29/TRACE] Task finished: trinketsandbaubles-1.2.3
[02:10:05] [@.task.AsyncTaskExecutor.lambda$executeNormalTask$29/TRACE] Task finished: [铁氧体磁芯] ferritecore-7.0.3-neoforge
[02:10:06] [@.task.AsyncTaskExecutor.lambda$executeNormalTask$29/TRACE] Task finished: [苹果皮] appleskin-neoforge-mc1.21-3.0.9
[02:10:06] [@.task.AsyncTaskExecutor.lambda$executeNormalTask$29/TRACE] Task finished: [鼠标手势] MouseTweaks-neoforge-mc1.21-2.26.1
[02:10:06] [@.task.AsyncTaskExecutor.lambda$executeNormalTask$29/TRACE] Task finished: sclp-neoforge-3.17.8
[02:10:06] [@.task.AsyncTaskExecutor.lambda$executeNormalTask$29/TRACE] Task finished: colorwheel-neoforge-1.2.9+mc1.21.1
[02:10:06] [@.task.AsyncTaskExecutor.lambda$executeNormalTask$29/TRACE] Task finished: [钠／Embeddium：动态光源] sodiumdynamiclights-neoforge-1.0.10-1.21.1
[02:10:06] [@.task.AsyncTaskExecutor.lambda$executeNormalTask$29/TRACE] Task finished: irisveil-0.3.0
[02:10:06] [@.task.AsyncTaskExecutor.lambda$executeNormalTask$29/TRACE] Task finished: veinminer-neoforge-2.11.2+1.21.1
[02:10:06] [@.task.AsyncTaskExecutor.lambda$executeNormalTask$29/TRACE] Task finished: [机械动力：电气时代] create-new-age-1.2.0+neoforge-mc1.21.1
[02:10:06] [@.task.AsyncTaskExecutor.lambda$executeNormalTask$29/TRACE] Task finished: [动态 FPS] dynamic-fps-3.11.4+minecraft-1.21.0-neoforge
[02:10:06] [@.task.AsyncTaskExecutor.lambda$executeNormalTask$29/TRACE] Task finished: createbetterfps-1.21.1-1.1.4
[02:10:06] [@.task.AsyncTaskExecutor.lambda$executeNormalTask$29/TRACE] Task finished: gl4es-stencil-fix-neoforge-1.21.1
[02:10:06] [@.task.AsyncTaskExecutor.lambda$executeNormalTask$29/TRACE] Task finished: [钠 · 扩展] sodium-extra-neoforge-0.9.3+mc1.21.1
[02:10:07] [@.task.AsyncTaskExecutor.lambda$executeNormalTask$29/TRACE] Task finished: [一键背包整理Next] InventoryProfilesNext-neoforge-1.21-2.1.4
[02:10:07] [@.task.AsyncTaskExecutor.lambda$executeNormalTask$29/TRACE] Task finished: [机械动力：附魔工业] create-enchantment-industry-2.5.3b
[02:10:07] [@.task.AsyncTaskExecutor.lambda$executeNormalTask$29/TRACE] Task finished: MekanismGenerators-1.21.1-10.7.19.85
[02:10:07] [@.task.AsyncTaskExecutor.lambda$executeNormalTask$29/TRACE] Task finished: iris-neoforge-1.8.14-beta.1+mc1.21.1
[02:10:07] [@.task.AsyncTaskExecutor.lambda$executeNormalTask$29/TRACE] Task finished: sodium-neoforge-0.8.13-beta.2+mc1.21.1
[02:10:08] [@.task.AsyncTaskExecutor.lambda$executeNormalTask$29/TRACE] Task finished: [Reese的钠视频界面] reeses-sodium-options-neoforge-2.2.3+mc1.21.1
[02:10:08] [@.task.AsyncTaskExecutor.lambda$executeNormalTask$29/TRACE] Task finished: [手柄控制] controllable-neoforge-1.21.1-0.25.4
[02:10:08] [@.task.AsyncTaskExecutor.lambda$executeNormalTask$29/TRACE] Task finished: create-aeronautics-bundled-1.21.1-1.3.0
[02:10:08] [@.task.AsyncTaskExecutor.lambda$executeNormalTask$29/TRACE] Task finished: create_connected-1.3.2-mc1.21.1
[02:10:08] [@.task.AsyncTaskExecutor.lambda$executeNormalTask$29/TRACE] Task finished: [沉浸工程] ImmersiveEngineering-1.21.1-12.4.2-194
[02:10:08] [@.task.AsyncTaskExecutor.lambda$executeNormalTask$29/TRACE] Task finished: framework-neoforge-1.21.1-0.13.11
[02:10:08] [@.task.AsyncTaskExecutor.lambda$executeNormalTask$29/TRACE] Task finished: sable-android-patch-2.0.3
[02:10:08] [@.task.AsyncTaskExecutor.lambda$executeNormalTask$29/TRACE] Task finished: [等价交换重制版] ProjectE-1.21.1-PE1.1.0
[02:10:08] [@.task.AsyncTaskExecutor.lambda$executeNormalTask$29/TRACE] Task finished: libIPN-neoforge-1.21-6.3.1
[02:10:08] [@.task.AsyncTaskExecutor.lambda$executeNormalTask$29/TRACE] Task finished: kotlinforforge-5.12.0-all
[02:10:09] [@.task.AsyncTaskExecutor.lambda$executeNormalTask$29/TRACE] Task finished: curios-neoforge-9.5.1+1.21.1
[02:10:09] [@.task.AsyncTaskExecutor.lambda$executeNormalTask$29/TRACE] Task finished: create-1.21.1-6.0.10
[02:10:09] [@.task.AsyncTaskExecutor.lambda$executeNormalTask$29/TRACE] Task finished: mekanism_ponders-1.0.3-1.21.1
[02:10:09] [@.task.AsyncTaskExecutor.lambda$executeNormalTask$29/TRACE] Task finished: Jade-1.21.1-NeoForge-15.10.6
[02:10:09] [@.task.AsyncTaskExecutor.lambda$executeNormalTask$29/TRACE] Task finished: architectury-13.0.11-neoforge
[02:10:09] [@.task.AsyncTaskExecutor.lambda$executeNormalTask$29/TRACE] Task finished: sable-neoforge-1.21.1-2.0.3
[02:10:09] [@.task.AsyncTaskExecutor.lambda$executeNormalTask$29/TRACE] Task finished: KotlinLangForge-2.12.2-k2.4.10-3.0+neoforge
[02:10:09] [@.task.AsyncTaskExecutor.lambda$executeNormalTask$29/TRACE] Task finished: guideme-21.1.17
[02:10:11] [@.task.AsyncTaskExecutor.lambda$executeNormalTask$29/TRACE] Task finished: ImmediatelyFast-NeoForge-1.6.11+1.21.1
[02:10:12] [@.task.AsyncTaskExecutor.lambda$executeNormalTask$29/TRACE] Task finished: Mekanism-1.21.1-10.7.19.85
[02:10:13] [@.task.AsyncTaskExecutor.lambda$executeNormalTask$29/TRACE] Task finished: CustomSkinLoader_Universal-15.0.1
[02:10:16] [@.task.AsyncTaskExecutor.lambda$executeNormalTask$29/TRACE] Task finished: appliedenergistics2-19.2.17
[02:10:30] [@.task.AsyncTaskExecutor.lambda$executeNormalTask$29/TRACE] Task finished: jei-1.21.1-neoforge-19.43.0.395
[02:10:30] [@.task.AsyncTaskExecutor.lambda$executeNormalTask$29/TRACE] Task finished: org.jackhuang.hmcl.ui.versions.AddonCheckUpdatesTask
[02:10:30] [@.task.AsyncTaskExecutor.lambda$executeNormalTask$29/TRACE] Task finished: org.jackhuang.hmcl.ui.versions.ModListPage.lambda$checkUpdates$13(ModListPage.java:240)
[02:10:31] [@.ui.construct.Navigator.navigate/INFO] Navigate to AddonUpdatesPage@75a791ec[styleClass=gray-background]
[02:10:31] [@.task.AsyncTaskExecutor.lambda$executeNormalTask$29/TRACE] Task finished: org.jackhuang.hmcl.ui.versions.ModListPage.lambda$checkUpdates$13(ModListPage.java:244)
[02:10:31] [@.task.AsyncTaskExecutor.lambda$executeNormalTask$29/TRACE] Task finished: org.jackhuang.hmcl.task.Task$StagesHintTask
[02:10:31] [@.ui.construct.JFXDialogPane.pop/INFO] JFXDialogPane@14b45f2d [], removed: true, object: TaskExecutorDialogPane@4d3d8f50[styleClass=task-executor-dialog-layout]
[13:18:21] [@.ui.construct.JFXDialogPane.push/INFO] JFXDialogPane@4fe3c206 [TaskExecutorDialogPane@25811356[styleClass=task-executor-dialog-layout]]
[13:18:21] [@.task.AsyncTaskExecutor.lambda$executeNormalTask$19/TRACE] Executing task: org.jackhuang.hmcl.ui.versions.AddonUpdatesPage.updateFiles(AddonUpdatesPage.java:142)
[13:18:21] [@.task.AsyncTaskExecutor.lambda$executeNormalTask$19/TRACE] Executing task: org.jackhuang.hmcl.ui.versions.AddonUpdatesPage$AddonUpdateTask
[13:18:21] [@.task.AsyncTaskExecutor.lambda$executeNormalTask$19/TRACE] Executing task: org.jackhuang.hmcl.ui.versions.AddonUpdatesPage$AddonUpdateTask.<init>(AddonUpdatesPage.java:313)
[13:18:21] [@.task.AsyncTaskExecutor.lambda$executeNormalTask$19/TRACE] Executing task: org.jackhuang.hmcl.task.Task$UniCompose$$Lambda/0x000000000857ecc8@6dbd14c5
[13:18:21] [@.task.AsyncTaskExecutor.lambda$executeNormalTask$19/TRACE] Executing task: org.jackhuang.hmcl.ui.versions.AddonUpdatesPage$AddonUpdateTask.<init>(AddonUpdatesPage.java:299)
[13:18:21] [@.task.AsyncTaskExecutor.lambda$executeNormalTask$29/TRACE] Task finished: org.jackhuang.hmcl.ui.versions.AddonUpdatesPage$AddonUpdateTask.<init>(AddonUpdatesPage.java:299)
[13:18:21] [@.task.AsyncTaskExecutor.lambda$executeNormalTask$19/TRACE] Executing task: ImmediatelyFast 1.6.14
[13:18:21] [@.task.FileDownloadTask.beforeDownload/TRACE] Downloading https://cdn.modrinth.com/data/5ZwdcRci/versions/OUpXxw4n/ImmediatelyFast-NeoForge-1.6.14%2B1.21.1.jar to .minecraft\mods\ImmediatelyFast-NeoForge-1.6.14+1.21.1.jar
[13:18:25] [@.task.AsyncTaskExecutor.lambda$executeNormalTask$29/TRACE] Task finished: ImmediatelyFast 1.6.14
[13:18:25] [@.task.AsyncTaskExecutor.lambda$executeNormalTask$29/TRACE] Task finished: org.jackhuang.hmcl.task.Task$UniCompose$$Lambda/0x000000000857ecc8@6dbd14c5
[13:18:25] [@.task.AsyncTaskExecutor.lambda$executeNormalTask$29/TRACE] Task finished: org.jackhuang.hmcl.ui.versions.AddonUpdatesPage$AddonUpdateTask.<init>(AddonUpdatesPage.java:313)
[13:18:25] [@.task.AsyncTaskExecutor.lambda$executeNormalTask$29/TRACE] Task finished: org.jackhuang.hmcl.ui.versions.AddonUpdatesPage$AddonUpdateTask
[13:18:25] [@.ui.construct.Navigator.close/INFO] Closed page AddonUpdatesPage@75a791ec[styleClass=gray-background]
[13:18:25] [@.ui.construct.JFXDialogPane.push/INFO] JFXDialogPane@4fe3c206 [TaskExecutorDialogPane@25811356[styleClass=task-executor-dialog-layout], MessageDialogPane@536a71f4[styleClass=jfx-dialog-layout]]
[13:18:25] [@.task.AsyncTaskExecutor.lambda$executeNormalTask$29/TRACE] Task finished: org.jackhuang.hmcl.ui.versions.AddonUpdatesPage.updateFiles(AddonUpdatesPage.java:142)
[13:18:25] [@.ui.construct.JFXDialogPane.pop/INFO] JFXDialogPane@4fe3c206 [MessageDialogPane@536a71f4[styleClass=jfx-dialog-layout]], removed: true, object: TaskExecutorDialogPane@25811356[styleClass=task-executor-dialog-layout]
[13:18:25] [@.addon.meta.ForgeNewModMetadata.analyzeLoader/WARNING] Cannot determine the mod loader for mod iris, expected NEO_FORGE
[13:18:25] [@.addon.meta.ForgeNewModMetadata.analyzeLoader/WARNING] Cannot determine the mod loader for mod kotlinforforge, expected NEO_FORGE
[13:18:25] [@.addon.meta.ForgeNewModMetadata.analyzeLoader/WARNING] Cannot determine the mod loader for mod klf, expected NEO_FORGE
[13:18:25] [@.addon.meta.ForgeNewModMetadata.analyzeLoader/WARNING] Cannot determine the mod loader for mod mekanismgenerators, expected NEO_FORGE
[13:18:25] [@.addon.meta.ForgeNewModMetadata.analyzeLoader/WARNING] Cannot determine the mod loader for mod sclp, expected NEO_FORGE
[13:18:25] [@.addon.meta.ForgeNewModMetadata.analyzeLoader/WARNING] Cannot determine the mod loader for mod reeses_sodium_options, expected NEO_FORGE
[13:18:25] [@.addon.meta.ForgeNewModMetadata.analyzeLoader/WARNING] Cannot determine the mod loader for mod dynamic_fps, expected NEO_FORGE
[13:18:25] [@.addon.meta.ForgeNewModMetadata.analyzeLoader/WARNING] Cannot determine the mod loader for mod sodium_extra, expected NEO_FORGE
[13:18:25] [@.addon.meta.ForgeNewModMetadata.analyzeLoader/WARNING] Cannot determine the mod loader for mod sodiumdynamiclights, expected NEO_FORGE
[13:18:28] [@.ui.construct.JFXDialogPane.pop/INFO] JFXDialogPane@4fe3c206 [], removed: true, object: MessageDialogPane@536a71f4[styleClass=jfx-dialog-layout]
[13:18:29] [@.ui.construct.Navigator.close/INFO] Closed page VersionPage@49c69be8[styleClass=root gray-background]
[13:18:43] [@.game.LauncherHelper.launch/INFO] Launching game version: 1.21.1 NeoForge
[13:18:43] [@.ui.construct.JFXDialogPane.push/INFO] JFXDialogPane@11a31d74 [TaskExecutorDialogPane@276b58a1[styleClass=task-executor-dialog-layout]]
[13:18:43] [@.task.AsyncTaskExecutor.lambda$executeNormalTask$19/TRACE] Executing task: org.jackhuang.hmcl.task.Task$StagesHintTask
[13:18:43] [@.task.AsyncTaskExecutor.lambda$executeNormalTask$19/TRACE] Executing task: org.jackhuang.hmcl.game.LauncherHelper$$Lambda/0x000000000857f378@ed1b5fc
[13:18:43] [@.task.AsyncTaskExecutor.lambda$executeNormalTask$19/TRACE] Executing task: org.jackhuang.hmcl.task.Task$UniCompose$$Lambda/0x000000000857ecc8@5208fa8
[13:18:43] [@.task.AsyncTaskExecutor.lambda$executeNormalTask$19/TRACE] Executing task: org.jackhuang.hmcl.task.Task$UniCompose$$Lambda/0x000000000857ecc8@8c0b914
[13:18:43] [@.task.AsyncTaskExecutor.lambda$executeNormalTask$19/TRACE] Executing task: org.jackhuang.hmcl.task.Task$UniCompose$$Lambda/0x000000000857ecc8@75934957
[13:18:43] [@.task.AsyncTaskExecutor.lambda$executeNormalTask$19/TRACE] Executing task: org.jackhuang.hmcl.task.Task$StageTask
[13:18:43] [@.task.AsyncTaskExecutor.lambda$executeNormalTask$19/TRACE] Executing task: org.jackhuang.hmcl.game.LauncherHelper$$Lambda/0x000000000857e858@71ff50a0
[13:18:43] [@.task.AsyncTaskExecutor.lambda$executeNormalTask$19/TRACE] Executing task: org.jackhuang.hmcl.task.Task$StageTask
[13:18:43] [@.task.AsyncTaskExecutor.lambda$executeNormalTask$19/TRACE] Executing task: org.jackhuang.hmcl.game.LauncherHelper$$Lambda/0x000000000857e628@783eba6e
[13:18:43] [@.task.AsyncTaskExecutor.lambda$executeNormalTask$19/TRACE] Executing task: org.jackhuang.hmcl.game.LauncherHelper.checkGameState(LauncherHelper.java:393)
[13:18:43] [@.task.AsyncTaskExecutor.lambda$executeNormalTask$29/TRACE] Task finished: org.jackhuang.hmcl.game.LauncherHelper.checkGameState(LauncherHelper.java:393)
[13:18:43] [@.task.AsyncTaskExecutor.lambda$executeCompletableFutureTask$10/TRACE] Executing task: org.jackhuang.hmcl.task.Task$5
[13:18:43] [@.task.AsyncTaskExecutor.lambda$executeCompletableFutureTask$12/TRACE] Task finished: org.jackhuang.hmcl.task.Task$5
[13:18:43] [@.task.AsyncTaskExecutor.lambda$executeNormalTask$29/TRACE] Task finished: org.jackhuang.hmcl.game.LauncherHelper$$Lambda/0x000000000857e628@783eba6e
[13:18:43] [@.task.AsyncTaskExecutor.lambda$executeNormalTask$29/TRACE] Task finished: org.jackhuang.hmcl.task.Task$StageTask
[13:18:44] [@.task.AsyncTaskExecutor.lambda$executeNormalTask$19/TRACE] Executing task: org.jackhuang.hmcl.game.LauncherHelper.lambda$launch0$4(LauncherHelper.java:178)
[13:18:44] [@.task.AsyncTaskExecutor.lambda$executeNormalTask$19/TRACE] Executing task: org.jackhuang.hmcl.game.LauncherHelper.lambda$launch0$4(LauncherHelper.java:168)
[13:18:44] [@.task.AsyncTaskExecutor.lambda$executeNormalTask$19/TRACE] Executing task: org.jackhuang.hmcl.task.Task$UniCompose$$Lambda/0x000000000857ecc8@3af9898e
[13:18:44] [@.task.AsyncTaskExecutor.lambda$executeNormalTask$19/TRACE] Executing task: org.jackhuang.hmcl.download.game.GameAssetDownloadTask
[13:18:44] [@.task.AsyncTaskExecutor.lambda$executeNormalTask$19/TRACE] Executing task: org.jackhuang.hmcl.download.game.GameAssetIndexDownloadTask
[13:18:44] [@.task.AsyncTaskExecutor.lambda$executeNormalTask$29/TRACE] Task finished: org.jackhuang.hmcl.game.LauncherHelper.lambda$launch0$4(LauncherHelper.java:178)
[13:18:44] [@.task.AsyncTaskExecutor.lambda$executeNormalTask$19/TRACE] Executing task: org.jackhuang.hmcl.download.game.GameLibrariesTask
[13:18:44] [@.task.AsyncTaskExecutor.lambda$executeNormalTask$19/TRACE] Executing task: org.jackhuang.hmcl.download.DefaultDependencyManager.checkGameCompletionAsync(DefaultDependencyManager.java:83)
[13:18:44] [@.task.AsyncTaskExecutor.lambda$executeNormalTask$29/TRACE] Task finished: org.jackhuang.hmcl.game.LauncherHelper.lambda$launch0$4(LauncherHelper.java:168)
[13:18:44] [@.task.AsyncTaskExecutor.lambda$executeNormalTask$29/TRACE] Task finished: org.jackhuang.hmcl.download.DefaultDependencyManager.checkGameCompletionAsync(DefaultDependencyManager.java:83)
[13:18:44] [@.task.AsyncTaskExecutor.lambda$executeNormalTask$19/TRACE] Executing task: org.jackhuang.hmcl.download.DefaultDependencyManager.checkPatchCompletionAsync(DefaultDependencyManager.java:103)
[13:18:44] [@.task.AsyncTaskExecutor.lambda$executeNormalTask$29/TRACE] Task finished: org.jackhuang.hmcl.download.DefaultDependencyManager.checkPatchCompletionAsync(DefaultDependencyManager.java:103)
[13:18:44] [@.task.AsyncTaskExecutor.lambda$executeNormalTask$29/TRACE] Task finished: org.jackhuang.hmcl.task.Task$UniCompose$$Lambda/0x000000000857ecc8@3af9898e
[13:18:44] [@.task.AsyncTaskExecutor.lambda$executeNormalTask$29/TRACE] Task finished: org.jackhuang.hmcl.download.game.GameAssetIndexDownloadTask
[13:18:47] [@.task.AsyncTaskExecutor.lambda$executeNormalTask$29/TRACE] Task finished: org.jackhuang.hmcl.download.game.GameLibrariesTask
[13:19:38] [@.task.AsyncTaskExecutor.lambda$executeNormalTask$29/TRACE] Task finished: org.jackhuang.hmcl.download.game.GameAssetDownloadTask
[13:19:38] [@.task.AsyncTaskExecutor.lambda$executeNormalTask$29/TRACE] Task finished: org.jackhuang.hmcl.game.LauncherHelper$$Lambda/0x000000000857e858@71ff50a0
[13:19:38] [@.task.AsyncTaskExecutor.lambda$executeNormalTask$29/TRACE] Task finished: org.jackhuang.hmcl.task.Task$StageTask
[13:19:38] [@.task.AsyncTaskExecutor.lambda$executeNormalTask$19/TRACE] Executing task: org.jackhuang.hmcl.download.game.GameVerificationFixTask
[13:19:38] [@.task.AsyncTaskExecutor.lambda$executeNormalTask$29/TRACE] Task finished: org.jackhuang.hmcl.download.game.GameVerificationFixTask
[13:19:38] [@.task.AsyncTaskExecutor.lambda$executeNormalTask$29/TRACE] Task finished: org.jackhuang.hmcl.task.Task$UniCompose$$Lambda/0x000000000857ecc8@75934957
[13:19:38] [@.task.AsyncTaskExecutor.lambda$executeCompletableFutureTask$10/TRACE] Executing task: org.jackhuang.hmcl.task.Task$5
[13:19:38] [@.task.AsyncTaskExecutor.lambda$executeCompletableFutureTask$12/TRACE] Task finished: org.jackhuang.hmcl.task.Task$5
[13:19:38] [@.task.AsyncTaskExecutor.lambda$executeNormalTask$29/TRACE] Task finished: org.jackhuang.hmcl.task.Task$UniCompose$$Lambda/0x000000000857ecc8@8c0b914
[13:19:38] [@.task.AsyncTaskExecutor.lambda$executeNormalTask$19/TRACE] Executing task: org.jackhuang.hmcl.task.Task$StageTask
[13:19:38] [@.task.AsyncTaskExecutor.lambda$executeNormalTask$19/TRACE] Executing task: org.jackhuang.hmcl.game.LauncherHelper.logIn(LauncherHelper.java:719)
[13:19:38] [@.task.AsyncTaskExecutor.lambda$executeCompletableFutureTask$10/TRACE] Executing task: org.jackhuang.hmcl.task.Task$5
[13:19:38] [@.task.AsyncTaskExecutor.lambda$executeCompletableFutureTask$12/TRACE] Task finished: org.jackhuang.hmcl.task.Task$5
[13:19:38] [@.task.AsyncTaskExecutor.lambda$executeNormalTask$29/TRACE] Task finished: org.jackhuang.hmcl.game.LauncherHelper.logIn(LauncherHelper.java:719)
[13:19:38] [@.task.AsyncTaskExecutor.lambda$executeNormalTask$29/TRACE] Task finished: org.jackhuang.hmcl.task.Task$StageTask
[13:19:38] [@.task.AsyncTaskExecutor.lambda$executeNormalTask$29/TRACE] Task finished: org.jackhuang.hmcl.task.Task$UniCompose$$Lambda/0x000000000857ecc8@5208fa8
[13:19:38] [@.task.AsyncTaskExecutor.lambda$executeNormalTask$19/TRACE] Executing task: org.jackhuang.hmcl.task.Task$StageTask
[13:19:38] [@.task.AsyncTaskExecutor.lambda$executeNormalTask$19/TRACE] Executing task: 请耐心等待
[13:19:38] [@.task.AsyncTaskExecutor.lambda$executeNormalTask$19/TRACE] Executing task: org.jackhuang.hmcl.game.LauncherHelper.lambda$launch0$19(LauncherHelper.java:261)
[13:19:38] [@.task.AsyncTaskExecutor.lambda$executeNormalTask$19/TRACE] Executing task: org.jackhuang.hmcl.game.LauncherHelper$$Lambda/0x00000000085b2938@20026dd1
[13:19:38] [@.task.AsyncTaskExecutor.lambda$executeNormalTask$19/TRACE] Executing task: org.jackhuang.hmcl.game.LauncherHelper.lambda$launch0$19(LauncherHelper.java:229)
[13:19:38] [@.game.LauncherHelper.lambda$launch0$12/INFO] Here's the structure of game mod directory:
Filesystem structure of: .minecraft\mods
|-> mods
|  |-> appliedenergistics2-19.2.17.jar
|  |-> architectury-13.0.11-neoforge.jar
|  |-> colorwheel-neoforge-1.2.9+mc1.21.1.jar
|  |-> cosmeticarmorreworkedforked-neoforge-1.21.1-0.0.4.jar
|  |-> create-1.21.1-6.0.10.jar
|  |-> create-aeronautics-bundled-1.21.1-1.3.0.jar
|  |-> createbetterfps-1.21.1-1.1.4.jar
|  |-> create_connected-1.3.2-mc1.21.1.jar
|  |-> curios-neoforge-9.5.1+1.21.1.jar
|  |-> CustomSkinLoader_Universal-15.0.1.jar.disabled
|  |-> flerovium-neoforge-1.21.1-1.1.2-all.jar
|  |-> framework-neoforge-1.21.1-0.13.11.jar
|  |-> gl4es-stencil-fix-neoforge-1.21.1.jar
|  |-> guideme-21.1.17.jar
|  |-> ImmediatelyFast-NeoForge-1.6.11+1.21.1.jar.old
|  |-> ImmediatelyFast-NeoForge-1.6.14+1.21.1.jar
|  |-> iris-neoforge-1.8.14-beta.1+mc1.21.1.jar
|  |-> irisveil-0.3.0.jar
|  |-> Jade-1.21.1-NeoForge-15.10.6.jar
|  |-> jei-1.21.1-neoforge-19.43.0.395.jar
|  |-> kotlinforforge-5.12.0-all.jar
|  |-> KotlinLangForge-2.12.2-k2.4.10-3.0+neoforge.jar
|  |-> lanserverproperties-1.13.2-neoforge.jar
|  |-> libIPN-neoforge-1.21-6.3.1.jar
|  |-> Mekanism-1.21.1-10.7.19.85.jar
|  |-> MekanismGenerators-1.21.1-10.7.19.85.jar
|  |-> mekanism_ponders-1.0.3-1.21.1.jar
|  |-> sable-android-patch-2.0.3.jar.disabled
|  |-> sable-neoforge-1.21.1-2.0.3.jar
|  |-> sclp-neoforge-3.17.8.jar
|  |-> sodium-neoforge-0.8.13-beta.2+mc1.21.1.jar
|  |-> tree-vein-miner-2.0.0.jar
|  |-> trinketsandbaubles-1.2.3.jar
|  |-> veinminer-neoforge-2.11.2+1.21.1.jar
|  |-> [Reese的钠视频界面] reeses-sodium-options-neoforge-2.2.3+mc1.21.1.jar
|  |-> [一键背包整理Next] InventoryProfilesNext-neoforge-1.21-2.1.4.jar
|  |-> [动态 FPS] dynamic-fps-3.11.4+minecraft-1.21.0-neoforge.jar
|  |-> [手柄控制] controllable-neoforge-1.21.1-0.25.4.jar
|  |-> [机械动力：电气时代] create-new-age-1.2.0+neoforge-mc1.21.1.jar
|  |-> [机械动力：附魔工业] create-enchantment-industry-2.5.3b.jar
|  |-> [机械动力：龙+] CreateDragonsPlus-1.11.8b.jar
|  |-> [沉浸工程] ImmersiveEngineering-1.21.1-12.4.2-194.jar
|  |-> [等价交换重制版] ProjectE-1.21.1-PE1.1.0.jar
|  |-> [苹果皮] appleskin-neoforge-mc1.21-3.0.9.jar
|  |-> [钠 · 扩展] sodium-extra-neoforge-0.9.3+mc1.21.1.jar
|  |-> [钠／Embeddium：动态光源] sodiumdynamiclights-neoforge-1.0.10-1.21.1.jar
|  |-> [铁氧体磁芯] ferritecore-7.0.3-neoforge.jar
|  |-> [鼠标手势] MouseTweaks-neoforge-mc1.21-2.26.1.jar
[13:19:38] [@.task.AsyncTaskExecutor.lambda$executeNormalTask$29/TRACE] Task finished: org.jackhuang.hmcl.game.LauncherHelper.lambda$launch0$19(LauncherHelper.java:229)
[13:19:38] [@.task.AsyncTaskExecutor.lambda$executeNormalTask$19/TRACE] Executing task: org.jackhuang.hmcl.game.LauncherHelper.lambda$launch0$14(LauncherHelper.java:254)
[13:19:38] [@.launch.DefaultLauncher.decompressNatives/INFO] Decompress native libraries to D:\Minecraft\.minecraft\versions\1.21.1 NeoForge\natives-windows-x86_64
[13:19:38] [@.game.LauncherHelper$HMCLProcessListener.setProcess/INFO] Launched process: "C:\\Program Files\\Java\\jdk-21.0.12\\bin\\java.exe" -Xmx6553m -Dfile.encoding=GB18030 -Dstdout.encoding=GB18030 -Dstderr.encoding=GB18030 -Djava.rmi.server.useCodebaseOnly=true -Dcom.sun.jndi.rmi.object.trustURLCodebase=false -Dcom.sun.jndi.cosnaming.object.trustURLCodebase=false -Dlog4j2.formatMsgNoLookups=true "-Dlog4j.configurationFile=D:\\Minecraft\\.minecraft\\versions\\1.21.1 NeoForge\\log4j2.xml" "-Dminecraft.client.jar=D:\\Minecraft\\.minecraft\\versions\\1.21.1 NeoForge\\1.21.1 NeoForge.jar" -Djava.net.useSystemProxies=true -XX:+UnlockExperimentalVMOptions -XX:+UnlockDiagnosticVMOptions -XX:+UseG1GC -XX:G1MixedGCCountTarget=5 -XX:G1NewSizePercent=20 -XX:G1ReservePercent=20 -XX:MaxGCPauseMillis=50 -XX:G1HeapRegionSize=32m -XX:-OmitStackTraceInFastThrow -XX:-DontCompileHugeMethods -XX:MaxNodeLimit=240000 -XX:NodeLimitFudgeFactor=8000 -XX:TieredCompileTaskTimeout=10000 -XX:ReservedCodeCacheSize=400M -XX:NonNMethodCodeHeapSize=12M -XX:ProfiledCodeHeapSize=194M -XX:NmethodSweepActivity=1 -Dfml.ignoreInvalidMinecraftCertificates=true -Dfml.ignorePatchDiscrepancies=true -XX:HeapDumpPath=MojangTricksIntelDriversForPerformance_javaw.exe_minecraft.exe.heapdump "-Djava.library.path=D:\\Minecraft\\.minecraft\\versions\\1.21.1 NeoForge\\natives-windows-x86_64" "-Djna.tmpdir=D:\\Minecraft\\.minecraft\\versions\\1.21.1 NeoForge\\natives-windows-x86_64" "-Dorg.lwjgl.system.SharedLibraryExtractPath=D:\\Minecraft\\.minecraft\\versions\\1.21.1 NeoForge\\natives-windows-x86_64" "-Dio.netty.native.workdir=D:\\Minecraft\\.minecraft\\versions\\1.21.1 NeoForge\\natives-windows-x86_64" -Dminecraft.launcher.brand=HMCL -Dminecraft.launcher.version=3.16.4 -cp "D:\\Minecraft\\.minecraft\\libraries\\com\\github\\oshi\\oshi-core\\6.4.10\\oshi-core-6.4.10.jar;D:\\Minecraft\\.minecraft\\libraries\\com\\google\\code\\gson\\gson\\2.10.1\\gson-2.10.1.jar;D:\\Minecraft\\.minecraft\\libraries\\com\\google\\guava\\failureaccess\\1.0.1\\failureaccess-1.0.1.jar;D:\\Minecraft\\.minecraft\\libraries\\com\\google\\guava\\guava\\32.1.2-jre\\guava-32.1.2-jre.jar;D:\\Minecraft\\.minecraft\\libraries\\com\\ibm\\icu\\icu4j\\73.2\\icu4j-73.2.jar;D:\\Minecraft\\.minecraft\\libraries\\com\\mojang\\authlib\\6.0.54\\authlib-6.0.54.jar;D:\\Minecraft\\.minecraft\\libraries\\com\\mojang\\blocklist\\1.0.10\\blocklist-1.0.10.jar;D:\\Minecraft\\.minecraft\\libraries\\com\\mojang\\brigadier\\1.3.10\\brigadier-1.3.10.jar;D:\\Minecraft\\.minecraft\\libraries\\com\\mojang\\datafixerupper\\8.0.16\\datafixerupper-8.0.16.jar;D:\\Minecraft\\.minecraft\\libraries\\com\\mojang\\logging\\1.2.7\\logging-1.2.7.jar;D:\\Minecraft\\.minecraft\\libraries\\com\\mojang\\patchy\\2.2.10\\patchy-2.2.10.jar;D:\\Minecraft\\.minecraft\\libraries\\com\\mojang\\text2speech\\1.17.9\\text2speech-1.17.9.jar;D:\\Minecraft\\.minecraft\\libraries\\commons-codec\\commons-codec\\1.16.0\\commons-codec-1.16.0.jar;D:\\Minecraft\\.minecraft\\libraries\\commons-io\\commons-io\\2.15.1\\commons-io-2.15.1.jar;D:\\Minecraft\\.minecraft\\libraries\\commons-logging\\commons-logging\\1.2\\commons-logging-1.2.jar;D:\\Minecraft\\.minecraft\\libraries\\io\\netty\\netty-buffer\\4.1.97.Final\\netty-buffer-4.1.97.Final.jar;D:\\Minecraft\\.minecraft\\libraries\\io\\netty\\netty-codec\\4.1.97.Final\\netty-codec-4.1.97.Final.jar;D:\\Minecraft\\.minecraft\\libraries\\io\\netty\\netty-common\\4.1.97.Final\\netty-common-4.1.97.Final.jar;D:\\Minecraft\\.minecraft\\libraries\\io\\netty\\netty-handler\\4.1.97.Final\\netty-handler-4.1.97.Final.jar;D:\\Minecraft\\.minecraft\\libraries\\io\\netty\\netty-resolver\\4.1.97.Final\\netty-resolver-4.1.97.Final.jar;D:\\Minecraft\\.minecraft\\libraries\\io\\netty\\netty-transport-classes-epoll\\4.1.97.Final\\netty-transport-classes-epoll-4.1.97.Final.jar;D:\\Minecraft\\.minecraft\\libraries\\io\\netty\\netty-transport-native-unix-common\\4.1.97.Final\\netty-transport-native-unix-common-4.1.97.Final.jar;D:\\Minecraft\\.minecraft\\libraries\\io\\netty\\netty-transport\\4.1.97.Final\\netty-transport-4.1.97.Final.jar;D:\\Minecraft\\.minecraft\\libraries\\it\\unimi\\dsi\\fastutil\\8.5.12\\fastutil-8.5.12.jar;D:\\Minecraft\\.minecraft\\libraries\\net\\java\\dev\\jna\\jna-platform\\5.14.0\\jna-platform-5.14.0.jar;D:\\Minecraft\\.minecraft\\libraries\\net\\java\\dev\\jna\\jna\\5.14.0\\jna-5.14.0.jar;D:\\Minecraft\\.minecraft\\libraries\\net\\sf\\jopt-simple\\jopt-simple\\5.0.4\\jopt-simple-5.0.4.jar;D:\\Minecraft\\.minecraft\\libraries\\org\\apache\\commons\\commons-compress\\1.26.0\\commons-compress-1.26.0.jar;D:\\Minecraft\\.minecraft\\libraries\\org\\apache\\commons\\commons-lang3\\3.14.0\\commons-lang3-3.14.0.jar;D:\\Minecraft\\.minecraft\\libraries\\org\\apache\\httpcomponents\\httpclient\\4.5.13\\httpclient-4.5.13.jar;D:\\Minecraft\\.minecraft\\libraries\\org\\apache\\httpcomponents\\httpcore\\4.4.16\\httpcore-4.4.16.jar;D:\\Minecraft\\.minecraft\\libraries\\org\\apache\\logging\\log4j\\log4j-api\\2.22.1\\log4j-api-2.22.1.jar;D:\\Minecraft\\.minecraft\\libraries\\org\\apache\\logging\\log4j\\log4j-core\\2.22.1\\log4j-core-2.22.1.jar;D:\\Minecraft\\.minecraft\\libraries\\org\\apache\\logging\\log4j\\log4j-slf4j2-impl\\2.22.1\\log4j-slf4j2-impl-2.22.1.jar;D:\\Minecraft\\.minecraft\\libraries\\org\\jcraft\\jorbis\\0.0.17\\jorbis-0.0.17.jar;D:\\Minecraft\\.minecraft\\libraries\\org\\joml\\joml\\1.10.5\\joml-1.10.5.jar;D:\\Minecraft\\.minecraft\\libraries\\org\\lwjgl\\lwjgl-freetype\\3.3.3\\lwjgl-freetype-3.3.3.jar;D:\\Minecraft\\.minecraft\\libraries\\org\\lwjgl\\lwjgl-freetype\\3.3.3\\lwjgl-freetype-3.3.3-natives-windows.jar;D:\\Minecraft\\.minecraft\\libraries\\org\\lwjgl\\lwjgl-freetype\\3.3.3\\lwjgl-freetype-3.3.3-natives-windows-arm64.jar;D:\\Minecraft\\.minecraft\\libraries\\org\\lwjgl\\lwjgl-freetype\\3.3.3\\lwjgl-freetype-3.3.3-natives-windows-x86.jar;D:\\Minecraft\\.minecraft\\libraries\\org\\lwjgl\\lwjgl-glfw\\3.3.3\\lwjgl-glfw-3.3.3.jar;D:\\Minecraft\\.minecraft\\libraries\\org\\lwjgl\\lwjgl-glfw\\3.3.3\\lwjgl-glfw-3.3.3-natives-windows.jar;D:\\Minecraft\\.minecraft\\libraries\\org\\lwjgl\\lwjgl-glfw\\3.3.3\\lwjgl-glfw-3.3.3-natives-windows-arm64.jar;D:\\Minecraft\\.minecraft\\libraries\\org\\lwjgl\\lwjgl-glfw\\3.3.3\\lwjgl-glfw-3.3.3-natives-windows-x86.jar;D:\\Minecraft\\.minecraft\\libraries\\org\\lwjgl\\lwjgl-jemalloc\\3.3.3\\lwjgl-jemalloc-3.3.3.jar;D:\\Minecraft\\.minecraft\\libraries\\org\\lwjgl\\lwjgl-jemalloc\\3.3.3\\lwjgl-jemalloc-3.3.3-natives-windows.jar;D:\\Minecraft\\.minecraft\\libraries\\org\\lwjgl\\lwjgl-jemalloc\\3.3.3\\lwjgl-jemalloc-3.3.3-natives-windows-arm64.jar;D:\\Minecraft\\.minecraft\\libraries\\org\\lwjgl\\lwjgl-jemalloc\\3.3.3\\lwjgl-jemalloc-3.3.3-natives-windows-x86.jar;D:\\Minecraft\\.minecraft\\libraries\\org\\lwjgl\\lwjgl-openal\\3.3.3\\lwjgl-openal-3.3.3.jar;D:\\Minecraft\\.minecraft\\libraries\\org\\lwjgl\\lwjgl-openal\\3.3.3\\lwjgl-openal-3.3.3-natives-windows.jar;D:\\Minecraft\\.minecraft\\libraries\\org\\lwjgl\\lwjgl-openal\\3.3.3\\lwjgl-openal-3.3.3-natives-windows-arm64.jar;D:\\Minecraft\\.minecraft\\libraries\\org\\lwjgl\\lwjgl-openal\\3.3.3\\lwjgl-openal-3.3.3-natives-windows-x86.jar;D:\\Minecraft\\.minecraft\\libraries\\org\\lwjgl\\lwjgl-opengl\\3.3.3\\lwjgl-opengl-3.3.3.jar;D:\\Minecraft\\.minecraft\\libraries\\org\\lwjgl\\lwjgl-opengl\\3.3.3\\lwjgl-opengl-3.3.3-natives-windows.jar;D:\\Minecraft\\.minecraft\\libraries\\org\\lwjgl\\lwjgl-opengl\\3.3.3\\lwjgl-opengl-3.3.3-natives-windows-arm64.jar;D:\\Minecraft\\.minecraft\\libraries\\org\\lwjgl\\lwjgl-opengl\\3.3.3\\lwjgl-opengl-3.3.3-natives-windows-x86.jar;D:\\Minecraft\\.minecraft\\libraries\\org\\lwjgl\\lwjgl-stb\\3.3.3\\lwjgl-stb-3.3.3.jar;D:\\Minecraft\\.minecraft\\libraries\\org\\lwjgl\\lwjgl-stb\\3.3.3\\lwjgl-stb-3.3.3-natives-windows.jar;D:\\Minecraft\\.minecraft\\libraries\\org\\lwjgl\\lwjgl-stb\\3.3.3\\lwjgl-stb-3.3.3-natives-windows-arm64.jar;D:\\Minecraft\\.minecraft\\libraries\\org\\lwjgl\\lwjgl-stb\\3.3.3\\lwjgl-stb-3.3.3-natives-windows-x86.jar;D:\\Minecraft\\.minecraft\\libraries\\org\\lwjgl\\lwjgl-tinyfd\\3.3.3\\lwjgl-tinyfd-3.3.3.jar;D:\\Minecraft\\.minecraft\\libraries\\org\\lwjgl\\lwjgl-tinyfd\\3.3.3\\lwjgl-tinyfd-3.3.3-natives-windows.jar;D:\\Minecraft\\.minecraft\\libraries\\org\\lwjgl\\lwjgl-tinyfd\\3.3.3\\lwjgl-tinyfd-3.3.3-natives-windows-arm64.jar;D:\\Minecraft\\.minecraft\\libraries\\org\\lwjgl\\lwjgl-tinyfd\\3.3.3\\lwjgl-tinyfd-3.3.3-natives-windows-x86.jar;D:\\Minecraft\\.minecraft\\libraries\\org\\lwjgl\\lwjgl\\3.3.3\\lwjgl-3.3.3.jar;D:\\Minecraft\\.minecraft\\libraries\\org\\lwjgl\\lwjgl\\3.3.3\\lwjgl-3.3.3-natives-windows.jar;D:\\Minecraft\\.minecraft\\libraries\\org\\lwjgl\\lwjgl\\3.3.3\\lwjgl-3.3.3-natives-windows-arm64.jar;D:\\Minecraft\\.minecraft\\libraries\\org\\lwjgl\\lwjgl\\3.3.3\\lwjgl-3.3.3-natives-windows-x86.jar;D:\\Minecraft\\.minecraft\\libraries\\org\\lz4\\lz4-java\\1.8.0\\lz4-java-1.8.0.jar;D:\\Minecraft\\.minecraft\\libraries\\org\\slf4j\\slf4j-api\\2.0.9\\slf4j-api-2.0.9.jar;D:\\Minecraft\\.minecraft\\libraries\\net\\neoforged\\fancymodloader\\earlydisplay\\4.0.43\\earlydisplay-4.0.43.jar;D:\\Minecraft\\.minecraft\\libraries\\net\\neoforged\\fancymodloader\\loader\\4.0.43\\loader-4.0.43.jar;D:\\Minecraft\\.minecraft\\libraries\\net\\neoforged\\accesstransformers\\at-modlauncher\\10.0.1\\at-modlauncher-10.0.1.jar;D:\\Minecraft\\.minecraft\\libraries\\net\\neoforged\\accesstransformers\\10.0.1\\accesstransformers-10.0.1.jar;D:\\Minecraft\\.minecraft\\libraries\\net\\neoforged\\bus\\8.0.5\\bus-8.0.5.jar;D:\\Minecraft\\.minecraft\\libraries\\net\\neoforged\\coremods\\7.0.3\\coremods-7.0.3.jar;D:\\Minecraft\\.minecraft\\libraries\\cpw\\mods\\modlauncher\\11.0.5\\modlauncher-11.0.5.jar;D:\\Minecraft\\.minecraft\\libraries\\net\\neoforged\\mergetool\\2.0.0\\mergetool-2.0.0-api.jar;D:\\Minecraft\\.minecraft\\libraries\\com\\electronwill\\night-config\\toml\\3.8.3\\toml-3.8.3.jar;D:\\Minecraft\\.minecraft\\libraries\\com\\electronwill\\night-config\\core\\3.8.3\\core-3.8.3.jar;D:\\Minecraft\\.minecraft\\libraries\\net\\neoforged\\JarJarSelector\\0.4.1\\JarJarSelector-0.4.1.jar;D:\\Minecraft\\.minecraft\\libraries\\net\\neoforged\\JarJarMetadata\\0.4.1\\JarJarMetadata-0.4.1.jar;D:\\Minecraft\\.minecraft\\libraries\\org\\apache\\maven\\maven-artifact\\3.8.5\\maven-artifact-3.8.5.jar;D:\\Minecraft\\.minecraft\\libraries\\net\\jodah\\typetools\\0.6.3\\typetools-0.6.3.jar;D:\\Minecraft\\.minecraft\\libraries\\net\\minecrell\\terminalconsoleappender\\1.3.0\\terminalconsoleappender-1.3.0.jar;D:\\Minecraft\\.minecraft\\libraries\\net\\fabricmc\\sponge-mixin\\0.15.2+mixin.0.8.7\\sponge-mixin-0.15.2+mixin.0.8.7.jar;D:\\Minecraft\\.minecraft\\libraries\\org\\openjdk\\nashorn\\nashorn-core\\15.4\\nashorn-core-15.4.jar;D:\\Minecraft\\.minecraft\\libraries\\cpw\\mods\\bootstraplauncher\\2.0.2\\bootstraplauncher-2.0.2.jar;D:\\Minecraft\\.minecraft\\libraries\\cpw\\mods\\securejarhandler\\3.0.8\\securejarhandler-3.0.8.jar;D:\\Minecraft\\.minecraft\\libraries\\org\\ow2\\asm\\asm-commons\\9.10.1\\asm-commons-9.10.1.jar;D:\\Minecraft\\.minecraft\\libraries\\org\\ow2\\asm\\asm-util\\9.10.1\\asm-util-9.10.1.jar;D:\\Minecraft\\.minecraft\\libraries\\org\\ow2\\asm\\asm-analysis\\9.10.1\\asm-analysis-9.10.1.jar;D:\\Minecraft\\.minecraft\\libraries\\org\\ow2\\asm\\asm-tree\\9.10.1\\asm-tree-9.10.1.jar;D:\\Minecraft\\.minecraft\\libraries\\org\\ow2\\asm\\asm\\9.10.1\\asm-9.10.1.jar;D:\\Minecraft\\.minecraft\\libraries\\net\\neoforged\\JarJarFileSystems\\0.4.1\\JarJarFileSystems-0.4.1.jar;D:\\Minecraft\\.minecraft\\libraries\\org\\antlr\\antlr4-runtime\\4.13.1\\antlr4-runtime-4.13.1.jar;D:\\Minecraft\\.minecraft\\libraries\\org\\jline\\jline-reader\\3.20.0\\jline-reader-3.20.0.jar;D:\\Minecraft\\.minecraft\\libraries\\org\\jline\\jline-terminal\\3.20.0\\jline-terminal-3.20.0.jar;D:\\Minecraft\\.minecraft\\libraries\\net\\minecraftforge\\srgutils\\0.4.15\\srgutils-0.4.15.jar;D:\\Minecraft\\.minecraft\\libraries\\com\\google\\guava\\listenablefuture\\9999.0-empty-to-avoid-conflict-with-guava\\listenablefuture-9999.0-empty-to-avoid-conflict-with-guava.jar;D:\\Minecraft\\.minecraft\\libraries\\com\\google\\code\\findbugs\\jsr305\\3.0.2\\jsr305-3.0.2.jar;D:\\Minecraft\\.minecraft\\libraries\\org\\checkerframework\\checker-qual\\3.33.0\\checker-qual-3.33.0.jar;D:\\Minecraft\\.minecraft\\libraries\\com\\google\\errorprone\\error_prone_annotations\\2.18.0\\error_prone_annotations-2.18.0.jar;D:\\Minecraft\\.minecraft\\libraries\\com\\google\\j2objc\\j2objc-annotations\\2.8\\j2objc-annotations-2.8.jar;D:\\Minecraft\\.minecraft\\libraries\\org\\codehaus\\plexus\\plexus-utils\\3.3.0\\plexus-utils-3.3.0.jar;D:\\Minecraft\\.minecraft\\libraries\\com\\machinezoo\\noexception\\noexception\\1.7.1\\noexception-1.7.1.jar;D:\\Minecraft\\.minecraft\\versions\\1.21.1 NeoForge\\1.21.1 NeoForge.jar" -Djava.net.preferIPv6Addresses=system "-DignoreList=client-extra,1.21.1 NeoForge.jar,1.21.1 NeoForge.jar" -DlibraryDirectory=D:\Minecraft\.minecraft\libraries -p D:\Minecraft\.minecraft\libraries/cpw/mods/bootstraplauncher/2.0.2/bootstraplauncher-2.0.2.jar;D:\Minecraft\.minecraft\libraries/cpw/mods/securejarhandler/3.0.8/securejarhandler-3.0.8.jar;D:\Minecraft\.minecraft\libraries/org/ow2/asm/asm-commons/9.10.1/asm-commons-9.10.1.jar;D:\Minecraft\.minecraft\libraries/org/ow2/asm/asm-util/9.10.1/asm-util-9.10.1.jar;D:\Minecraft\.minecraft\libraries/org/ow2/asm/asm-analysis/9.10.1/asm-analysis-9.10.1.jar;D:\Minecraft\.minecraft\libraries/org/ow2/asm/asm-tree/9.10.1/asm-tree-9.10.1.jar;D:\Minecraft\.minecraft\libraries/org/ow2/asm/asm/9.10.1/asm-9.10.1.jar;D:\Minecraft\.minecraft\libraries/net/neoforged/JarJarFileSystems/0.4.1/JarJarFileSystems-0.4.1.jar --add-modules ALL-MODULE-PATH --add-opens java.base/java.util.jar=cpw.mods.securejarhandler --add-opens java.base/java.lang.invoke=cpw.mods.securejarhandler --add-exports java.base/sun.security.util=cpw.mods.securejarhandler --add-exports jdk.naming.dns/com.sun.jndi.dns=java.naming cpw.mods.bootstraplauncher.BootstrapLauncher --username Trail_Akivili --version "1.21.1 NeoForge" --gameDir D:\Minecraft\.minecraft --assetsDir D:\Minecraft\.minecraft\assets --assetIndex 17 --uuid 050f97b8d0c942c5a3fc65e7017d8894 --accessToken <access token> --clientId ${clientid} --xuid ${auth_xuid} --userType msa --versionType "HMCL 3.16.4" --width 1920 --height 1080 --fml.neoForgeVersion 21.1.244 --fml.fmlVersion 4.0.43 --fml.mcVersion 1.21.1 --fml.neoFormVersion 20240808.144430 --launchTarget forgeclient
[13:19:38] [@.task.AsyncTaskExecutor.lambda$executeNormalTask$29/TRACE] Task finished: org.jackhuang.hmcl.game.LauncherHelper.lambda$launch0$14(LauncherHelper.java:254)
[13:19:38] [@.task.AsyncTaskExecutor.lambda$executeNormalTask$29/TRACE] Task finished: org.jackhuang.hmcl.game.LauncherHelper$$Lambda/0x00000000085b2938@20026dd1
[13:19:38] [@.task.AsyncTaskExecutor.lambda$executeNormalTask$29/TRACE] Task finished: org.jackhuang.hmcl.game.LauncherHelper.lambda$launch0$19(LauncherHelper.java:261)
[13:20:16] [@.task.AsyncTaskExecutor.lambda$executeNormalTask$29/TRACE] Task finished: 请耐心等待
[13:20:16] [@.task.AsyncTaskExecutor.lambda$executeNormalTask$29/TRACE] Task finished: org.jackhuang.hmcl.task.Task$StageTask
[13:20:16] [@.task.AsyncTaskExecutor.lambda$executeNormalTask$29/TRACE] Task finished: org.jackhuang.hmcl.game.LauncherHelper$$Lambda/0x000000000857f378@ed1b5fc
[13:20:16] [@.task.AsyncTaskExecutor.lambda$executeNormalTask$29/TRACE] Task finished: org.jackhuang.hmcl.task.Task$StagesHintTask
[13:20:17] [@.ui.construct.JFXDialogPane.pop/INFO] JFXDialogPane@11a31d74 [], removed: true, object: TaskExecutorDialogPane@276b58a1[styleClass=task-executor-dialog-layout]
[13:21:30] [@.event.EventBus.fireEvent/INFO] ProcessExitedAbnormallyEvent [source=org.jackhuang.hmcl.launch.ExitWaiter@51d198c, process=ManagedProcess[commands=[C:\Program Files\Java\jdk-21.0.12\bin\java.exe, -Xmx6553m, -Dfile.encoding=GB18030, -Dstdout.encoding=GB18030, -Dstderr.encoding=GB18030, -Djava.rmi.server.useCodebaseOnly=true, -Dcom.sun.jndi.rmi.object.trustURLCodebase=false, -Dcom.sun.jndi.cosnaming.object.trustURLCodebase=false, -Dlog4j2.formatMsgNoLookups=true, -Dlog4j.configurationFile=D:\Minecraft\.minecraft\versions\1.21.1 NeoForge\log4j2.xml, -Dminecraft.client.jar=D:\Minecraft\.minecraft\versions\1.21.1 NeoForge\1.21.1 NeoForge.jar, -Djava.net.useSystemProxies=true, -XX:+UnlockExperimentalVMOptions, -XX:+UnlockDiagnosticVMOptions, -XX:+UseG1GC, -XX:G1MixedGCCountTarget=5, -XX:G1NewSizePercent=20, -XX:G1ReservePercent=20, -XX:MaxGCPauseMillis=50, -XX:G1HeapRegionSize=32m, -XX:-OmitStackTraceInFastThrow, -XX:-DontCompileHugeMethods, -XX:MaxNodeLimit=240000, -XX:NodeLimitFudgeFactor=8000, -XX:TieredCompileTaskTimeout=10000, -XX:ReservedCodeCacheSize=400M, -XX:NonNMethodCodeHeapSize=12M, -XX:ProfiledCodeHeapSize=194M, -XX:NmethodSweepActivity=1, -Dfml.ignoreInvalidMinecraftCertificates=true, -Dfml.ignorePatchDiscrepancies=true, -XX:HeapDumpPath=MojangTricksIntelDriversForPerformance_javaw.exe_minecraft.exe.heapdump, -Djava.library.path=D:\Minecraft\.minecraft\versions\1.21.1 NeoForge\natives-windows-x86_64, -Djna.tmpdir=D:\Minecraft\.minecraft\versions\1.21.1 NeoForge\natives-windows-x86_64, -Dorg.lwjgl.system.SharedLibraryExtractPath=D:\Minecraft\.minecraft\versions\1.21.1 NeoForge\natives-windows-x86_64, -Dio.netty.native.workdir=D:\Minecraft\.minecraft\versions\1.21.1 NeoForge\natives-windows-x86_64, -Dminecraft.launcher.brand=HMCL, -Dminecraft.launcher.version=3.16.4, -cp, D:\Minecraft\.minecraft\libraries\com\github\oshi\oshi-core\6.4.10\oshi-core-6.4.10.jar;D:\Minecraft\.minecraft\libraries\com\google\code\gson\gson\2.10.1\gson-2.10.1.jar;D:\Minecraft\.minecraft\libraries\com\google\guava\failureaccess\1.0.1\failureaccess-1.0.1.jar;D:\Minecraft\.minecraft\libraries\com\google\guava\guava\32.1.2-jre\guava-32.1.2-jre.jar;D:\Minecraft\.minecraft\libraries\com\ibm\icu\icu4j\73.2\icu4j-73.2.jar;D:\Minecraft\.minecraft\libraries\com\mojang\authlib\6.0.54\authlib-6.0.54.jar;D:\Minecraft\.minecraft\libraries\com\mojang\blocklist\1.0.10\blocklist-1.0.10.jar;D:\Minecraft\.minecraft\libraries\com\mojang\brigadier\1.3.10\brigadier-1.3.10.jar;D:\Minecraft\.minecraft\libraries\com\mojang\datafixerupper\8.0.16\datafixerupper-8.0.16.jar;D:\Minecraft\.minecraft\libraries\com\mojang\logging\1.2.7\logging-1.2.7.jar;D:\Minecraft\.minecraft\libraries\com\mojang\patchy\2.2.10\patchy-2.2.10.jar;D:\Minecraft\.minecraft\libraries\com\mojang\text2speech\1.17.9\text2speech-1.17.9.jar;D:\Minecraft\.minecraft\libraries\commons-codec\commons-codec\1.16.0\commons-codec-1.16.0.jar;D:\Minecraft\.minecraft\libraries\commons-io\commons-io\2.15.1\commons-io-2.15.1.jar;D:\Minecraft\.minecraft\libraries\commons-logging\commons-logging\1.2\commons-logging-1.2.jar;D:\Minecraft\.minecraft\libraries\io\netty\netty-buffer\4.1.97.Final\netty-buffer-4.1.97.Final.jar;D:\Minecraft\.minecraft\libraries\io\netty\netty-codec\4.1.97.Final\netty-codec-4.1.97.Final.jar;D:\Minecraft\.minecraft\libraries\io\netty\netty-common\4.1.97.Final\netty-common-4.1.97.Final.jar;D:\Minecraft\.minecraft\libraries\io\netty\netty-handler\4.1.97.Final\netty-handler-4.1.97.Final.jar;D:\Minecraft\.minecraft\libraries\io\netty\netty-resolver\4.1.97.Final\netty-resolver-4.1.97.Final.jar;D:\Minecraft\.minecraft\libraries\io\netty\netty-transport-classes-epoll\4.1.97.Final\netty-transport-classes-epoll-4.1.97.Final.jar;D:\Minecraft\.minecraft\libraries\io\netty\netty-transport-native-unix-common\4.1.97.Final\netty-transport-native-unix-common-4.1.97.Final.jar;D:\Minecraft\.minecraft\libraries\io\netty\netty-transport\4.1.97.Final\netty-transport-4.1.97.Final.jar;D:\Minecraft\.minecraft\libraries\it\unimi\dsi\fastutil\8.5.12\fastutil-8.5.12.jar;D:\Minecraft\.minecraft\libraries\net\java\dev\jna\jna-platform\5.14.0\jna-platform-5.14.0.jar;D:\Minecraft\.minecraft\libraries\net\java\dev\jna\jna\5.14.0\jna-5.14.0.jar;D:\Minecraft\.minecraft\libraries\net\sf\jopt-simple\jopt-simple\5.0.4\jopt-simple-5.0.4.jar;D:\Minecraft\.minecraft\libraries\org\apache\commons\commons-compress\1.26.0\commons-compress-1.26.0.jar;D:\Minecraft\.minecraft\libraries\org\apache\commons\commons-lang3\3.14.0\commons-lang3-3.14.0.jar;D:\Minecraft\.minecraft\libraries\org\apache\httpcomponents\httpclient\4.5.13\httpclient-4.5.13.jar;D:\Minecraft\.minecraft\libraries\org\apache\httpcomponents\httpcore\4.4.16\httpcore-4.4.16.jar;D:\Minecraft\.minecraft\libraries\org\apache\logging\log4j\log4j-api\2.22.1\log4j-api-2.22.1.jar;D:\Minecraft\.minecraft\libraries\org\apache\logging\log4j\log4j-core\2.22.1\log4j-core-2.22.1.jar;D:\Minecraft\.minecraft\libraries\org\apache\logging\log4j\log4j-slf4j2-impl\2.22.1\log4j-slf4j2-impl-2.22.1.jar;D:\Minecraft\.minecraft\libraries\org\jcraft\jorbis\0.0.17\jorbis-0.0.17.jar;D:\Minecraft\.minecraft\libraries\org\joml\joml\1.10.5\joml-1.10.5.jar;D:\Minecraft\.minecraft\libraries\org\lwjgl\lwjgl-freetype\3.3.3\lwjgl-freetype-3.3.3.jar;D:\Minecraft\.minecraft\libraries\org\lwjgl\lwjgl-freetype\3.3.3\lwjgl-freetype-3.3.3-natives-windows.jar;D:\Minecraft\.minecraft\libraries\org\lwjgl\lwjgl-freetype\3.3.3\lwjgl-freetype-3.3.3-natives-windows-arm64.jar;D:\Minecraft\.minecraft\libraries\org\lwjgl\lwjgl-freetype\3.3.3\lwjgl-freetype-3.3.3-natives-windows-x86.jar;D:\Minecraft\.minecraft\libraries\org\lwjgl\lwjgl-glfw\3.3.3\lwjgl-glfw-3.3.3.jar;D:\Minecraft\.minecraft\libraries\org\lwjgl\lwjgl-glfw\3.3.3\lwjgl-glfw-3.3.3-natives-windows.jar;D:\Minecraft\.minecraft\libraries\org\lwjgl\lwjgl-glfw\3.3.3\lwjgl-glfw-3.3.3-natives-windows-arm64.jar;D:\Minecraft\.minecraft\libraries\org\lwjgl\lwjgl-glfw\3.3.3\lwjgl-glfw-3.3.3-natives-windows-x86.jar;D:\Minecraft\.minecraft\libraries\org\lwjgl\lwjgl-jemalloc\3.3.3\lwjgl-jemalloc-3.3.3.jar;D:\Minecraft\.minecraft\libraries\org\lwjgl\lwjgl-jemalloc\3.3.3\lwjgl-jemalloc-3.3.3-natives-windows.jar;D:\Minecraft\.minecraft\libraries\org\lwjgl\lwjgl-jemalloc\3.3.3\lwjgl-jemalloc-3.3.3-natives-windows-arm64.jar;D:\Minecraft\.minecraft\libraries\org\lwjgl\lwjgl-jemalloc\3.3.3\lwjgl-jemalloc-3.3.3-natives-windows-x86.jar;D:\Minecraft\.minecraft\libraries\org\lwjgl\lwjgl-openal\3.3.3\lwjgl-openal-3.3.3.jar;D:\Minecraft\.minecraft\libraries\org\lwjgl\lwjgl-openal\3.3.3\lwjgl-openal-3.3.3-natives-windows.jar;D:\Minecraft\.minecraft\libraries\org\lwjgl\lwjgl-openal\3.3.3\lwjgl-openal-3.3.3-natives-windows-arm64.jar;D:\Minecraft\.minecraft\libraries\org\lwjgl\lwjgl-openal\3.3.3\lwjgl-openal-3.3.3-natives-windows-x86.jar;D:\Minecraft\.minecraft\libraries\org\lwjgl\lwjgl-opengl\3.3.3\lwjgl-opengl-3.3.3.jar;D:\Minecraft\.minecraft\libraries\org\lwjgl\lwjgl-opengl\3.3.3\lwjgl-opengl-3.3.3-natives-windows.jar;D:\Minecraft\.minecraft\libraries\org\lwjgl\lwjgl-opengl\3.3.3\lwjgl-opengl-3.3.3-natives-windows-arm64.jar;D:\Minecraft\.minecraft\libraries\org\lwjgl\lwjgl-opengl\3.3.3\lwjgl-opengl-3.3.3-natives-windows-x86.jar;D:\Minecraft\.minecraft\libraries\org\lwjgl\lwjgl-stb\3.3.3\lwjgl-stb-3.3.3.jar;D:\Minecraft\.minecraft\libraries\org\lwjgl\lwjgl-stb\3.3.3\lwjgl-stb-3.3.3-natives-windows.jar;D:\Minecraft\.minecraft\libraries\org\lwjgl\lwjgl-stb\3.3.3\lwjgl-stb-3.3.3-natives-windows-arm64.jar;D:\Minecraft\.minecraft\libraries\org\lwjgl\lwjgl-stb\3.3.3\lwjgl-stb-3.3.3-natives-windows-x86.jar;D:\Minecraft\.minecraft\libraries\org\lwjgl\lwjgl-tinyfd\3.3.3\lwjgl-tinyfd-3.3.3.jar;D:\Minecraft\.minecraft\libraries\org\lwjgl\lwjgl-tinyfd\3.3.3\lwjgl-tinyfd-3.3.3-natives-windows.jar;D:\Minecraft\.minecraft\libraries\org\lwjgl\lwjgl-tinyfd\3.3.3\lwjgl-tinyfd-3.3.3-natives-windows-arm64.jar;D:\Minecraft\.minecraft\libraries\org\lwjgl\lwjgl-tinyfd\3.3.3\lwjgl-tinyfd-3.3.3-natives-windows-x86.jar;D:\Minecraft\.minecraft\libraries\org\lwjgl\lwjgl\3.3.3\lwjgl-3.3.3.jar;D:\Minecraft\.minecraft\libraries\org\lwjgl\lwjgl\3.3.3\lwjgl-3.3.3-natives-windows.jar;D:\Minecraft\.minecraft\libraries\org\lwjgl\lwjgl\3.3.3\lwjgl-3.3.3-natives-windows-arm64.jar;D:\Minecraft\.minecraft\libraries\org\lwjgl\lwjgl\3.3.3\lwjgl-3.3.3-natives-windows-x86.jar;D:\Minecraft\.minecraft\libraries\org\lz4\lz4-java\1.8.0\lz4-java-1.8.0.jar;D:\Minecraft\.minecraft\libraries\org\slf4j\slf4j-api\2.0.9\slf4j-api-2.0.9.jar;D:\Minecraft\.minecraft\libraries\net\neoforged\fancymodloader\earlydisplay\4.0.43\earlydisplay-4.0.43.jar;D:\Minecraft\.minecraft\libraries\net\neoforged\fancymodloader\loader\4.0.43\loader-4.0.43.jar;D:\Minecraft\.minecraft\libraries\net\neoforged\accesstransformers\at-modlauncher\10.0.1\at-modlauncher-10.0.1.jar;D:\Minecraft\.minecraft\libraries\net\neoforged\accesstransformers\10.0.1\accesstransformers-10.0.1.jar;D:\Minecraft\.minecraft\libraries\net\neoforged\bus\8.0.5\bus-8.0.5.jar;D:\Minecraft\.minecraft\libraries\net\neoforged\coremods\7.0.3\coremods-7.0.3.jar;D:\Minecraft\.minecraft\libraries\cpw\mods\modlauncher\11.0.5\modlauncher-11.0.5.jar;D:\Minecraft\.minecraft\libraries\net\neoforged\mergetool\2.0.0\mergetool-2.0.0-api.jar;D:\Minecraft\.minecraft\libraries\com\electronwill\night-config\toml\3.8.3\toml-3.8.3.jar;D:\Minecraft\.minecraft\libraries\com\electronwill\night-config\core\3.8.3\core-3.8.3.jar;D:\Minecraft\.minecraft\libraries\net\neoforged\JarJarSelector\0.4.1\JarJarSelector-0.4.1.jar;D:\Minecraft\.minecraft\libraries\net\neoforged\JarJarMetadata\0.4.1\JarJarMetadata-0.4.1.jar;D:\Minecraft\.minecraft\libraries\org\apache\maven\maven-artifact\3.8.5\maven-artifact-3.8.5.jar;D:\Minecraft\.minecraft\libraries\net\jodah\typetools\0.6.3\typetools-0.6.3.jar;D:\Minecraft\.minecraft\libraries\net\minecrell\terminalconsoleappender\1.3.0\terminalconsoleappender-1.3.0.jar;D:\Minecraft\.minecraft\libraries\net\fabricmc\sponge-mixin\0.15.2+mixin.0.8.7\sponge-mixin-0.15.2+mixin.0.8.7.jar;D:\Minecraft\.minecraft\libraries\org\openjdk\nashorn\nashorn-core\15.4\nashorn-core-15.4.jar;D:\Minecraft\.minecraft\libraries\cpw\mods\bootstraplauncher\2.0.2\bootstraplauncher-2.0.2.jar;D:\Minecraft\.minecraft\libraries\cpw\mods\securejarhandler\3.0.8\securejarhandler-3.0.8.jar;D:\Minecraft\.minecraft\libraries\org\ow2\asm\asm-commons\9.10.1\asm-commons-9.10.1.jar;D:\Minecraft\.minecraft\libraries\org\ow2\asm\asm-util\9.10.1\asm-util-9.10.1.jar;D:\Minecraft\.minecraft\libraries\org\ow2\asm\asm-analysis\9.10.1\asm-analysis-9.10.1.jar;D:\Minecraft\.minecraft\libraries\org\ow2\asm\asm-tree\9.10.1\asm-tree-9.10.1.jar;D:\Minecraft\.minecraft\libraries\org\ow2\asm\asm\9.10.1\asm-9.10.1.jar;D:\Minecraft\.minecraft\libraries\net\neoforged\JarJarFileSystems\0.4.1\JarJarFileSystems-0.4.1.jar;D:\Minecraft\.minecraft\libraries\org\antlr\antlr4-runtime\4.13.1\antlr4-runtime-4.13.1.jar;D:\Minecraft\.minecraft\libraries\org\jline\jline-reader\3.20.0\jline-reader-3.20.0.jar;D:\Minecraft\.minecraft\libraries\org\jline\jline-terminal\3.20.0\jline-terminal-3.20.0.jar;D:\Minecraft\.minecraft\libraries\net\minecraftforge\srgutils\0.4.15\srgutils-0.4.15.jar;D:\Minecraft\.minecraft\libraries\com\google\guava\listenablefuture\9999.0-empty-to-avoid-conflict-with-guava\listenablefuture-9999.0-empty-to-avoid-conflict-with-guava.jar;D:\Minecraft\.minecraft\libraries\com\google\code\findbugs\jsr305\3.0.2\jsr305-3.0.2.jar;D:\Minecraft\.minecraft\libraries\org\checkerframework\checker-qual\3.33.0\checker-qual-3.33.0.jar;D:\Minecraft\.minecraft\libraries\com\google\errorprone\error_prone_annotations\2.18.0\error_prone_annotations-2.18.0.jar;D:\Minecraft\.minecraft\libraries\com\google\j2objc\j2objc-annotations\2.8\j2objc-annotations-2.8.jar;D:\Minecraft\.minecraft\libraries\org\codehaus\plexus\plexus-utils\3.3.0\plexus-utils-3.3.0.jar;D:\Minecraft\.minecraft\libraries\com\machinezoo\noexception\noexception\1.7.1\noexception-1.7.1.jar;D:\Minecraft\.minecraft\versions\1.21.1 NeoForge\1.21.1 NeoForge.jar, -Djava.net.preferIPv6Addresses=system, -DignoreList=client-extra,1.21.1 NeoForge.jar,1.21.1 NeoForge.jar, -DlibraryDirectory=D:\Minecraft\.minecraft\libraries, -p, D:\Minecraft\.minecraft\libraries/cpw/mods/bootstraplauncher/2.0.2/bootstraplauncher-2.0.2.jar;D:\Minecraft\.minecraft\libraries/cpw/mods/securejarhandler/3.0.8/securejarhandler-3.0.8.jar;D:\Minecraft\.minecraft\libraries/org/ow2/asm/asm-commons/9.10.1/asm-commons-9.10.1.jar;D:\Minecraft\.minecraft\libraries/org/ow2/asm/asm-util/9.10.1/asm-util-9.10.1.jar;D:\Minecraft\.minecraft\libraries/org/ow2/asm/asm-analysis/9.10.1/asm-analysis-9.10.1.jar;D:\Minecraft\.minecraft\libraries/org/ow2/asm/asm-tree/9.10.1/asm-tree-9.10.1.jar;D:\Minecraft\.minecraft\libraries/org/ow2/asm/asm/9.10.1/asm-9.10.1.jar;D:\Minecraft\.minecraft\libraries/net/neoforged/JarJarFileSystems/0.4.1/JarJarFileSystems-0.4.1.jar, --add-modules, ALL-MODULE-PATH, --add-opens, java.base/java.util.jar=cpw.mods.securejarhandler, --add-opens, java.base/java.lang.invoke=cpw.mods.securejarhandler, --add-exports, java.base/sun.security.util=cpw.mods.securejarhandler, --add-exports, jdk.naming.dns/com.sun.jndi.dns=java.naming, cpw.mods.bootstraplauncher.BootstrapLauncher, --username, Trail_Akivili, --version, 1.21.1 NeoForge, --gameDir, D:\Minecraft\.minecraft, --assetsDir, D:\Minecraft\.minecraft\assets, --assetIndex, 17, --uuid, 050f97b8d0c942c5a3fc65e7017d8894, --accessToken, <access token>, --clientId, ${clientid}, --xuid, ${auth_xuid}, --userType, msa, --versionType, HMCL 3.16.4, --width, 1920, --height, 1080, --fml.neoForgeVersion, 21.1.244, --fml.fmlVersion, 4.0.43, --fml.mcVersion, 1.21.1, --fml.neoFormVersion, 20240808.144430, --launchTarget, forgeclient], isRunning=false]] gets fired
[13:21:30] [@.event.EventBus.fireEvent/INFO] ProcessStoppedEvent [source=org.jackhuang.hmcl.launch.ExitWaiter@51d198c] gets fired
[13:21:30] [@.task.AsyncTaskExecutor.lambda$executeNormalTask$19/TRACE] Executing task: org.jackhuang.hmcl.ui.GameCrashWindow.analyzeCrashReport(GameCrashWindow.java:159)
[13:21:30] [@.task.AsyncTaskExecutor.lambda$executeNormalTask$19/TRACE] Executing task: org.jackhuang.hmcl.ui.GameCrashWindow.analyzeCrashReport(GameCrashWindow.java:144)
[13:21:30] [@.task.AsyncTaskExecutor.lambda$executeNormalTask$19/TRACE] Executing task: org.jackhuang.hmcl.ui.GameCrashWindow.analyzeCrashReport(GameCrashWindow.java:129)
[13:21:30] [@.task.AsyncTaskExecutor.lambda$executeNormalTask$29/TRACE] Task finished: org.jackhuang.hmcl.ui.GameCrashWindow.analyzeCrashReport(GameCrashWindow.java:144)
[13:21:30] [@.task.AsyncTaskExecutor.lambda$executeNormalTask$29/TRACE] Task finished: org.jackhuang.hmcl.ui.GameCrashWindow.analyzeCrashReport(GameCrashWindow.java:129)
[13:21:30] [@.ui.GameCrashWindow.lambda$analyzeCrashReport$4/INFO] Number of reasons: 2
[13:21:30] [@.ui.GameCrashWindow.lambda$analyzeCrashReport$4/INFO] Crash cause: MODMIXIN_FAILURE: 当前游戏由于某些模组注入失败，无法继续运行。
这一般代表着该模组存在问题，或与当前环境不兼容。
你可以查看日志寻找出错模组。
[13:21:30] [@.ui.GameCrashWindow.lambda$analyzeCrashReport$4/INFO] Crash cause: MIXIN_APPLY_MOD_FAILED: 当前游戏由于 Mixin 无法应用于“controllable”模组，无法继续运行。
你可以尝试删除或更新该模组以解决问题。
[13:21:30] [@.task.AsyncTaskExecutor.lambda$executeNormalTask$29/TRACE] Task finished: org.jackhuang.hmcl.ui.GameCrashWindow.analyzeCrashReport(GameCrashWindow.java:159)
[13:21:44] [@.ui.construct.Navigator.navigate/INFO] Navigate to VersionPage@49c69be8[styleClass=root gray-background]
[13:21:44] [@.addon.meta.ForgeNewModMetadata.analyzeLoader/WARNING] Cannot determine the mod loader for mod iris, expected NEO_FORGE
[13:21:44] [@.addon.meta.ForgeNewModMetadata.analyzeLoader/WARNING] Cannot determine the mod loader for mod kotlinforforge, expected NEO_FORGE
[13:21:44] [@.addon.meta.ForgeNewModMetadata.analyzeLoader/WARNING] Cannot determine the mod loader for mod klf, expected NEO_FORGE
[13:21:44] [@.addon.meta.ForgeNewModMetadata.analyzeLoader/WARNING] Cannot determine the mod loader for mod mekanismgenerators, expected NEO_FORGE
[13:21:44] [@.addon.meta.ForgeNewModMetadata.analyzeLoader/WARNING] Cannot determine the mod loader for mod sclp, expected NEO_FORGE
[13:21:44] [@.addon.meta.ForgeNewModMetadata.analyzeLoader/WARNING] Cannot determine the mod loader for mod reeses_sodium_options, expected NEO_FORGE
[13:21:44] [@.addon.meta.ForgeNewModMetadata.analyzeLoader/WARNING] Cannot determine the mod loader for mod dynamic_fps, expected NEO_FORGE
[13:21:45] [@.addon.meta.ForgeNewModMetadata.analyzeLoader/WARNING] Cannot determine the mod loader for mod sodium_extra, expected NEO_FORGE
[13:21:45] [@.addon.meta.ForgeNewModMetadata.analyzeLoader/WARNING] Cannot determine the mod loader for mod sodiumdynamiclights, expected NEO_FORGE
[13:22:03] [@.ui.construct.Navigator.close/INFO] Closed page VersionPage@49c69be8[styleClass=root gray-background]
[13:22:05] [@.game.LauncherHelper.launch/INFO] Launching game version: 1.21.1 NeoForge
[13:22:05] [@.ui.construct.JFXDialogPane.push/INFO] JFXDialogPane@7e17b36 [TaskExecutorDialogPane@1ae18806[styleClass=task-executor-dialog-layout]]
[13:22:05] [@.task.AsyncTaskExecutor.lambda$executeNormalTask$19/TRACE] Executing task: org.jackhuang.hmcl.task.Task$StagesHintTask
[13:22:05] [@.task.AsyncTaskExecutor.lambda$executeNormalTask$19/TRACE] Executing task: org.jackhuang.hmcl.game.LauncherHelper$$Lambda/0x000000000857f378@7bcdc954
[13:22:05] [@.task.AsyncTaskExecutor.lambda$executeNormalTask$19/TRACE] Executing task: org.jackhuang.hmcl.task.Task$UniCompose$$Lambda/0x000000000857ecc8@5e49e385
[13:22:05] [@.task.AsyncTaskExecutor.lambda$executeNormalTask$19/TRACE] Executing task: org.jackhuang.hmcl.task.Task$UniCompose$$Lambda/0x000000000857ecc8@69e23086
[13:22:05] [@.task.AsyncTaskExecutor.lambda$executeNormalTask$19/TRACE] Executing task: org.jackhuang.hmcl.task.Task$UniCompose$$Lambda/0x000000000857ecc8@21a8d7b9
[13:22:05] [@.task.AsyncTaskExecutor.lambda$executeNormalTask$19/TRACE] Executing task: org.jackhuang.hmcl.task.Task$StageTask
[13:22:05] [@.task.AsyncTaskExecutor.lambda$executeNormalTask$19/TRACE] Executing task: org.jackhuang.hmcl.game.LauncherHelper$$Lambda/0x000000000857e858@2fa15008
[13:22:05] [@.task.AsyncTaskExecutor.lambda$executeNormalTask$19/TRACE] Executing task: org.jackhuang.hmcl.task.Task$StageTask
[13:22:05] [@.task.AsyncTaskExecutor.lambda$executeNormalTask$19/TRACE] Executing task: org.jackhuang.hmcl.game.LauncherHelper$$Lambda/0x000000000857e628@4e4f3a6d
[13:22:05] [@.task.AsyncTaskExecutor.lambda$executeNormalTask$19/TRACE] Executing task: org.jackhuang.hmcl.game.LauncherHelper.checkGameState(LauncherHelper.java:393)
[13:22:05] [@.task.AsyncTaskExecutor.lambda$executeNormalTask$29/TRACE] Task finished: org.jackhuang.hmcl.game.LauncherHelper.checkGameState(LauncherHelper.java:393)
[13:22:05] [@.task.AsyncTaskExecutor.lambda$executeCompletableFutureTask$10/TRACE] Executing task: org.jackhuang.hmcl.task.Task$5
[13:22:05] [@.task.AsyncTaskExecutor.lambda$executeCompletableFutureTask$12/TRACE] Task finished: org.jackhuang.hmcl.task.Task$5
[13:22:05] [@.task.AsyncTaskExecutor.lambda$executeNormalTask$29/TRACE] Task finished: org.jackhuang.hmcl.game.LauncherHelper$$Lambda/0x000000000857e628@4e4f3a6d
[13:22:05] [@.task.AsyncTaskExecutor.lambda$executeNormalTask$29/TRACE] Task finished: org.jackhuang.hmcl.task.Task$StageTask
[13:22:05] [@.task.AsyncTaskExecutor.lambda$executeNormalTask$19/TRACE] Executing task: org.jackhuang.hmcl.game.LauncherHelper.lambda$launch0$4(LauncherHelper.java:178)
[13:22:05] [@.task.AsyncTaskExecutor.lambda$executeNormalTask$19/TRACE] Executing task: org.jackhuang.hmcl.download.game.GameAssetDownloadTask
[13:22:05] [@.task.AsyncTaskExecutor.lambda$executeNormalTask$19/TRACE] Executing task: org.jackhuang.hmcl.download.game.GameLibrariesTask
[13:22:05] [@.task.AsyncTaskExecutor.lambda$executeNormalTask$19/TRACE] Executing task: org.jackhuang.hmcl.game.LauncherHelper.lambda$launch0$4(LauncherHelper.java:168)
[13:22:05] [@.task.AsyncTaskExecutor.lambda$executeNormalTask$19/TRACE] Executing task: org.jackhuang.hmcl.task.Task$UniCompose$$Lambda/0x000000000857ecc8@6c5b360e
[13:22:05] [@.task.AsyncTaskExecutor.lambda$executeNormalTask$29/TRACE] Task finished: org.jackhuang.hmcl.game.LauncherHelper.lambda$launch0$4(LauncherHelper.java:178)
[13:22:05] [@.task.AsyncTaskExecutor.lambda$executeNormalTask$19/TRACE] Executing task: org.jackhuang.hmcl.download.DefaultDependencyManager.checkGameCompletionAsync(DefaultDependencyManager.java:83)
[13:22:05] [@.task.AsyncTaskExecutor.lambda$executeNormalTask$29/TRACE] Task finished: org.jackhuang.hmcl.game.LauncherHelper.lambda$launch0$4(LauncherHelper.java:168)
[13:22:05] [@.task.AsyncTaskExecutor.lambda$executeNormalTask$19/TRACE] Executing task: org.jackhuang.hmcl.download.game.GameAssetIndexDownloadTask
[13:22:05] [@.task.AsyncTaskExecutor.lambda$executeNormalTask$29/TRACE] Task finished: org.jackhuang.hmcl.download.DefaultDependencyManager.checkGameCompletionAsync(DefaultDependencyManager.java:83)
[13:22:05] [@.task.AsyncTaskExecutor.lambda$executeNormalTask$19/TRACE] Executing task: org.jackhuang.hmcl.download.DefaultDependencyManager.checkPatchCompletionAsync(DefaultDependencyManager.java:103)
[13:22:05] [@.task.AsyncTaskExecutor.lambda$executeNormalTask$29/TRACE] Task finished: org.jackhuang.hmcl.download.DefaultDependencyManager.checkPatchCompletionAsync(DefaultDependencyManager.java:103)
[13:22:05] [@.task.AsyncTaskExecutor.lambda$executeNormalTask$29/TRACE] Task finished: org.jackhuang.hmcl.task.Task$UniCompose$$Lambda/0x000000000857ecc8@6c5b360e
[13:22:05] [@.task.AsyncTaskExecutor.lambda$executeNormalTask$29/TRACE] Task finished: org.jackhuang.hmcl.download.game.GameAssetIndexDownloadTask
[13:22:08] [@.task.AsyncTaskExecutor.lambda$executeNormalTask$29/TRACE] Task finished: org.jackhuang.hmcl.download.game.GameLibrariesTask
[13:22:59] [@.task.AsyncTaskExecutor.lambda$executeNormalTask$29/TRACE] Task finished: org.jackhuang.hmcl.download.game.GameAssetDownloadTask
[13:22:59] [@.task.AsyncTaskExecutor.lambda$executeNormalTask$29/TRACE] Task finished: org.jackhuang.hmcl.game.LauncherHelper$$Lambda/0x000000000857e858@2fa15008
[13:22:59] [@.task.AsyncTaskExecutor.lambda$executeNormalTask$29/TRACE] Task finished: org.jackhuang.hmcl.task.Task$StageTask
[13:22:59] [@.task.AsyncTaskExecutor.lambda$executeNormalTask$19/TRACE] Executing task: org.jackhuang.hmcl.download.game.GameVerificationFixTask
[13:22:59] [@.task.AsyncTaskExecutor.lambda$executeNormalTask$29/TRACE] Task finished: org.jackhuang.hmcl.download.game.GameVerificationFixTask
[13:22:59] [@.task.AsyncTaskExecutor.lambda$executeNormalTask$29/TRACE] Task finished: org.jackhuang.hmcl.task.Task$UniCompose$$Lambda/0x000000000857ecc8@21a8d7b9
[13:22:59] [@.task.AsyncTaskExecutor.lambda$executeCompletableFutureTask$10/TRACE] Executing task: org.jackhuang.hmcl.task.Task$5
[13:22:59] [@.task.AsyncTaskExecutor.lambda$executeCompletableFutureTask$12/TRACE] Task finished: org.jackhuang.hmcl.task.Task$5
[13:22:59] [@.task.AsyncTaskExecutor.lambda$executeNormalTask$29/TRACE] Task finished: org.jackhuang.hmcl.task.Task$UniCompose$$Lambda/0x000000000857ecc8@69e23086
[13:22:59] [@.task.AsyncTaskExecutor.lambda$executeNormalTask$19/TRACE] Executing task: org.jackhuang.hmcl.task.Task$StageTask
[13:22:59] [@.task.AsyncTaskExecutor.lambda$executeNormalTask$19/TRACE] Executing task: org.jackhuang.hmcl.game.LauncherHelper.logIn(LauncherHelper.java:719)
[13:22:59] [@.task.AsyncTaskExecutor.lambda$executeCompletableFutureTask$10/TRACE] Executing task: org.jackhuang.hmcl.task.Task$5
[13:22:59] [@.task.AsyncTaskExecutor.lambda$executeCompletableFutureTask$12/TRACE] Task finished: org.jackhuang.hmcl.task.Task$5
[13:22:59] [@.task.AsyncTaskExecutor.lambda$executeNormalTask$29/TRACE] Task finished: org.jackhuang.hmcl.game.LauncherHelper.logIn(LauncherHelper.java:719)
[13:22:59] [@.task.AsyncTaskExecutor.lambda$executeNormalTask$29/TRACE] Task finished: org.jackhuang.hmcl.task.Task$StageTask
[13:22:59] [@.task.AsyncTaskExecutor.lambda$executeNormalTask$29/TRACE] Task finished: org.jackhuang.hmcl.task.Task$UniCompose$$Lambda/0x000000000857ecc8@5e49e385
[13:22:59] [@.task.AsyncTaskExecutor.lambda$executeNormalTask$19/TRACE] Executing task: org.jackhuang.hmcl.task.Task$StageTask
[13:22:59] [@.task.AsyncTaskExecutor.lambda$executeNormalTask$19/TRACE] Executing task: 请耐心等待
[13:22:59] [@.task.AsyncTaskExecutor.lambda$executeNormalTask$19/TRACE] Executing task: org.jackhuang.hmcl.game.LauncherHelper.lambda$launch0$19(LauncherHelper.java:261)
[13:22:59] [@.task.AsyncTaskExecutor.lambda$executeNormalTask$19/TRACE] Executing task: org.jackhuang.hmcl.game.LauncherHelper$$Lambda/0x00000000085b2938@629cc5f5
[13:22:59] [@.task.AsyncTaskExecutor.lambda$executeNormalTask$19/TRACE] Executing task: org.jackhuang.hmcl.game.LauncherHelper.lambda$launch0$19(LauncherHelper.java:229)
[13:22:59] [@.game.LauncherHelper.lambda$launch0$12/INFO] Here's the structure of game mod directory:
Filesystem structure of: .minecraft\mods
|-> mods
|  |-> appliedenergistics2-19.2.17.jar
|  |-> architectury-13.0.11-neoforge.jar
|  |-> colorwheel-neoforge-1.2.9+mc1.21.1.jar
|  |-> cosmeticarmorreworkedforked-neoforge-1.21.1-0.0.4.jar
|  |-> create-1.21.1-6.0.10.jar
|  |-> create-aeronautics-bundled-1.21.1-1.3.0.jar
|  |-> createbetterfps-1.21.1-1.1.4.jar
|  |-> create_connected-1.3.2-mc1.21.1.jar
|  |-> curios-neoforge-9.5.1+1.21.1.jar
|  |-> CustomSkinLoader_Universal-15.0.1.jar.disabled
|  |-> flerovium-neoforge-1.21.1-1.1.2-all.jar
|  |-> framework-neoforge-1.21.1-0.13.11.jar
|  |-> gl4es-stencil-fix-neoforge-1.21.1.jar
|  |-> guideme-21.1.17.jar
|  |-> ImmediatelyFast-NeoForge-1.6.11+1.21.1.jar.old
|  |-> ImmediatelyFast-NeoForge-1.6.14+1.21.1.jar
|  |-> iris-neoforge-1.8.14-beta.1+mc1.21.1.jar
|  |-> irisveil-0.3.0.jar
|  |-> Jade-1.21.1-NeoForge-15.10.6.jar
|  |-> jei-1.21.1-neoforge-19.43.0.395.jar
|  |-> kotlinforforge-5.12.0-all.jar
|  |-> KotlinLangForge-2.12.2-k2.4.10-3.0+neoforge.jar
|  |-> lanserverproperties-1.13.2-neoforge.jar
|  |-> libIPN-neoforge-1.21-6.3.1.jar
|  |-> Mekanism-1.21.1-10.7.19.85.jar
|  |-> MekanismGenerators-1.21.1-10.7.19.85.jar
|  |-> mekanism_ponders-1.0.3-1.21.1.jar
|  |-> sable-android-patch-2.0.3.jar.disabled
|  |-> sable-neoforge-1.21.1-2.0.3.jar
|  |-> sclp-neoforge-3.17.8.jar
|  |-> sodium-neoforge-0.8.13-beta.2+mc1.21.1.jar
|  |-> tree-vein-miner-2.0.0.jar
|  |-> trinketsandbaubles-1.2.3.jar
|  |-> veinminer-neoforge-2.11.2+1.21.1.jar
|  |-> [Reese的钠视频界面] reeses-sodium-options-neoforge-2.2.3+mc1.21.1.jar
|  |-> [一键背包整理Next] InventoryProfilesNext-neoforge-1.21-2.1.4.jar
|  |-> [动态 FPS] dynamic-fps-3.11.4+minecraft-1.21.0-neoforge.jar
|  |-> [手柄控制] controllable-neoforge-1.21.1-0.25.4.jar.disabled
|  |-> [机械动力：电气时代] create-new-age-1.2.0+neoforge-mc1.21.1.jar
|  |-> [机械动力：附魔工业] create-enchantment-industry-2.5.3b.jar
|  |-> [机械动力：龙+] CreateDragonsPlus-1.11.8b.jar
|  |-> [沉浸工程] ImmersiveEngineering-1.21.1-12.4.2-194.jar
|  |-> [等价交换重制版] ProjectE-1.21.1-PE1.1.0.jar
|  |-> [苹果皮] appleskin-neoforge-mc1.21-3.0.9.jar
|  |-> [钠 · 扩展] sodium-extra-neoforge-0.9.3+mc1.21.1.jar
|  |-> [钠／Embeddium：动态光源] sodiumdynamiclights-neoforge-1.0.10-1.21.1.jar
|  |-> [铁氧体磁芯] ferritecore-7.0.3-neoforge.jar
|  |-> [鼠标手势] MouseTweaks-neoforge-mc1.21-2.26.1.jar
[13:22:59] [@.task.AsyncTaskExecutor.lambda$executeNormalTask$29/TRACE] Task finished: org.jackhuang.hmcl.game.LauncherHelper.lambda$launch0$19(LauncherHelper.java:229)
[13:22:59] [@.task.AsyncTaskExecutor.lambda$executeNormalTask$19/TRACE] Executing task: org.jackhuang.hmcl.game.LauncherHelper.lambda$launch0$14(LauncherHelper.java:254)
[13:22:59] [@.launch.DefaultLauncher.decompressNatives/INFO] Decompress native libraries to D:\Minecraft\.minecraft\versions\1.21.1 NeoForge\natives-windows-x86_64
[13:22:59] [@.game.LauncherHelper$HMCLProcessListener.setProcess/INFO] Launched process: "C:\\Program Files\\Java\\jdk-21.0.12\\bin\\java.exe" -Xmx6581m -Dfile.encoding=GB18030 -Dstdout.encoding=GB18030 -Dstderr.encoding=GB18030 -Djava.rmi.server.useCodebaseOnly=true -Dcom.sun.jndi.rmi.object.trustURLCodebase=false -Dcom.sun.jndi.cosnaming.object.trustURLCodebase=false -Dlog4j2.formatMsgNoLookups=true "-Dlog4j.configurationFile=D:\\Minecraft\\.minecraft\\versions\\1.21.1 NeoForge\\log4j2.xml" "-Dminecraft.client.jar=D:\\Minecraft\\.minecraft\\versions\\1.21.1 NeoForge\\1.21.1 NeoForge.jar" -Djava.net.useSystemProxies=true -XX:+UnlockExperimentalVMOptions -XX:+UnlockDiagnosticVMOptions -XX:+UseG1GC -XX:G1MixedGCCountTarget=5 -XX:G1NewSizePercent=20 -XX:G1ReservePercent=20 -XX:MaxGCPauseMillis=50 -XX:G1HeapRegionSize=32m -XX:-OmitStackTraceInFastThrow -XX:-DontCompileHugeMethods -XX:MaxNodeLimit=240000 -XX:NodeLimitFudgeFactor=8000 -XX:TieredCompileTaskTimeout=10000 -XX:ReservedCodeCacheSize=400M -XX:NonNMethodCodeHeapSize=12M -XX:ProfiledCodeHeapSize=194M -XX:NmethodSweepActivity=1 -Dfml.ignoreInvalidMinecraftCertificates=true -Dfml.ignorePatchDiscrepancies=true -XX:HeapDumpPath=MojangTricksIntelDriversForPerformance_javaw.exe_minecraft.exe.heapdump "-Djava.library.path=D:\\Minecraft\\.minecraft\\versions\\1.21.1 NeoForge\\natives-windows-x86_64" "-Djna.tmpdir=D:\\Minecraft\\.minecraft\\versions\\1.21.1 NeoForge\\natives-windows-x86_64" "-Dorg.lwjgl.system.SharedLibraryExtractPath=D:\\Minecraft\\.minecraft\\versions\\1.21.1 NeoForge\\natives-windows-x86_64" "-Dio.netty.native.workdir=D:\\Minecraft\\.minecraft\\versions\\1.21.1 NeoForge\\natives-windows-x86_64" -Dminecraft.launcher.brand=HMCL -Dminecraft.launcher.version=3.16.4 -cp "D:\\Minecraft\\.minecraft\\libraries\\com\\github\\oshi\\oshi-core\\6.4.10\\oshi-core-6.4.10.jar;D:\\Minecraft\\.minecraft\\libraries\\com\\google\\code\\gson\\gson\\2.10.1\\gson-2.10.1.jar;D:\\Minecraft\\.minecraft\\libraries\\com\\google\\guava\\failureaccess\\1.0.1\\failureaccess-1.0.1.jar;D:\\Minecraft\\.minecraft\\libraries\\com\\google\\guava\\guava\\32.1.2-jre\\guava-32.1.2-jre.jar;D:\\Minecraft\\.minecraft\\libraries\\com\\ibm\\icu\\icu4j\\73.2\\icu4j-73.2.jar;D:\\Minecraft\\.minecraft\\libraries\\com\\mojang\\authlib\\6.0.54\\authlib-6.0.54.jar;D:\\Minecraft\\.minecraft\\libraries\\com\\mojang\\blocklist\\1.0.10\\blocklist-1.0.10.jar;D:\\Minecraft\\.minecraft\\libraries\\com\\mojang\\brigadier\\1.3.10\\brigadier-1.3.10.jar;D:\\Minecraft\\.minecraft\\libraries\\com\\mojang\\datafixerupper\\8.0.16\\datafixerupper-8.0.16.jar;D:\\Minecraft\\.minecraft\\libraries\\com\\mojang\\logging\\1.2.7\\logging-1.2.7.jar;D:\\Minecraft\\.minecraft\\libraries\\com\\mojang\\patchy\\2.2.10\\patchy-2.2.10.jar;D:\\Minecraft\\.minecraft\\libraries\\com\\mojang\\text2speech\\1.17.9\\text2speech-1.17.9.jar;D:\\Minecraft\\.minecraft\\libraries\\commons-codec\\commons-codec\\1.16.0\\commons-codec-1.16.0.jar;D:\\Minecraft\\.minecraft\\libraries\\commons-io\\commons-io\\2.15.1\\commons-io-2.15.1.jar;D:\\Minecraft\\.minecraft\\libraries\\commons-logging\\commons-logging\\1.2\\commons-logging-1.2.jar;D:\\Minecraft\\.minecraft\\libraries\\io\\netty\\netty-buffer\\4.1.97.Final\\netty-buffer-4.1.97.Final.jar;D:\\Minecraft\\.minecraft\\libraries\\io\\netty\\netty-codec\\4.1.97.Final\\netty-codec-4.1.97.Final.jar;D:\\Minecraft\\.minecraft\\libraries\\io\\netty\\netty-common\\4.1.97.Final\\netty-common-4.1.97.Final.jar;D:\\Minecraft\\.minecraft\\libraries\\io\\netty\\netty-handler\\4.1.97.Final\\netty-handler-4.1.97.Final.jar;D:\\Minecraft\\.minecraft\\libraries\\io\\netty\\netty-resolver\\4.1.97.Final\\netty-resolver-4.1.97.Final.jar;D:\\Minecraft\\.minecraft\\libraries\\io\\netty\\netty-transport-classes-epoll\\4.1.97.Final\\netty-transport-classes-epoll-4.1.97.Final.jar;D:\\Minecraft\\.minecraft\\libraries\\io\\netty\\netty-transport-native-unix-common\\4.1.97.Final\\netty-transport-native-unix-common-4.1.97.Final.jar;D:\\Minecraft\\.minecraft\\libraries\\io\\netty\\netty-transport\\4.1.97.Final\\netty-transport-4.1.97.Final.jar;D:\\Minecraft\\.minecraft\\libraries\\it\\unimi\\dsi\\fastutil\\8.5.12\\fastutil-8.5.12.jar;D:\\Minecraft\\.minecraft\\libraries\\net\\java\\dev\\jna\\jna-platform\\5.14.0\\jna-platform-5.14.0.jar;D:\\Minecraft\\.minecraft\\libraries\\net\\java\\dev\\jna\\jna\\5.14.0\\jna-5.14.0.jar;D:\\Minecraft\\.minecraft\\libraries\\net\\sf\\jopt-simple\\jopt-simple\\5.0.4\\jopt-simple-5.0.4.jar;D:\\Minecraft\\.minecraft\\libraries\\org\\apache\\commons\\commons-compress\\1.26.0\\commons-compress-1.26.0.jar;D:\\Minecraft\\.minecraft\\libraries\\org\\apache\\commons\\commons-lang3\\3.14.0\\commons-lang3-3.14.0.jar;D:\\Minecraft\\.minecraft\\libraries\\org\\apache\\httpcomponents\\httpclient\\4.5.13\\httpclient-4.5.13.jar;D:\\Minecraft\\.minecraft\\libraries\\org\\apache\\httpcomponents\\httpcore\\4.4.16\\httpcore-4.4.16.jar;D:\\Minecraft\\.minecraft\\libraries\\org\\apache\\logging\\log4j\\log4j-api\\2.22.1\\log4j-api-2.22.1.jar;D:\\Minecraft\\.minecraft\\libraries\\org\\apache\\logging\\log4j\\log4j-core\\2.22.1\\log4j-core-2.22.1.jar;D:\\Minecraft\\.minecraft\\libraries\\org\\apache\\logging\\log4j\\log4j-slf4j2-impl\\2.22.1\\log4j-slf4j2-impl-2.22.1.jar;D:\\Minecraft\\.minecraft\\libraries\\org\\jcraft\\jorbis\\0.0.17\\jorbis-0.0.17.jar;D:\\Minecraft\\.minecraft\\libraries\\org\\joml\\joml\\1.10.5\\joml-1.10.5.jar;D:\\Minecraft\\.minecraft\\libraries\\org\\lwjgl\\lwjgl-freetype\\3.3.3\\lwjgl-freetype-3.3.3.jar;D:\\Minecraft\\.minecraft\\libraries\\org\\lwjgl\\lwjgl-freetype\\3.3.3\\lwjgl-freetype-3.3.3-natives-windows.jar;D:\\Minecraft\\.minecraft\\libraries\\org\\lwjgl\\lwjgl-freetype\\3.3.3\\lwjgl-freetype-3.3.3-natives-windows-arm64.jar;D:\\Minecraft\\.minecraft\\libraries\\org\\lwjgl\\lwjgl-freetype\\3.3.3\\lwjgl-freetype-3.3.3-natives-windows-x86.jar;D:\\Minecraft\\.minecraft\\libraries\\org\\lwjgl\\lwjgl-glfw\\3.3.3\\lwjgl-glfw-3.3.3.jar;D:\\Minecraft\\.minecraft\\libraries\\org\\lwjgl\\lwjgl-glfw\\3.3.3\\lwjgl-glfw-3.3.3-natives-windows.jar;D:\\Minecraft\\.minecraft\\libraries\\org\\lwjgl\\lwjgl-glfw\\3.3.3\\lwjgl-glfw-3.3.3-natives-windows-arm64.jar;D:\\Minecraft\\.minecraft\\libraries\\org\\lwjgl\\lwjgl-glfw\\3.3.3\\lwjgl-glfw-3.3.3-natives-windows-x86.jar;D:\\Minecraft\\.minecraft\\libraries\\org\\lwjgl\\lwjgl-jemalloc\\3.3.3\\lwjgl-jemalloc-3.3.3.jar;D:\\Minecraft\\.minecraft\\libraries\\org\\lwjgl\\lwjgl-jemalloc\\3.3.3\\lwjgl-jemalloc-3.3.3-natives-windows.jar;D:\\Minecraft\\.minecraft\\libraries\\org\\lwjgl\\lwjgl-jemalloc\\3.3.3\\lwjgl-jemalloc-3.3.3-natives-windows-arm64.jar;D:\\Minecraft\\.minecraft\\libraries\\org\\lwjgl\\lwjgl-jemalloc\\3.3.3\\lwjgl-jemalloc-3.3.3-natives-windows-x86.jar;D:\\Minecraft\\.minecraft\\libraries\\org\\lwjgl\\lwjgl-openal\\3.3.3\\lwjgl-openal-3.3.3.jar;D:\\Minecraft\\.minecraft\\libraries\\org\\lwjgl\\lwjgl-openal\\3.3.3\\lwjgl-openal-3.3.3-natives-windows.jar;D:\\Minecraft\\.minecraft\\libraries\\org\\lwjgl\\lwjgl-openal\\3.3.3\\lwjgl-openal-3.3.3-natives-windows-arm64.jar;D:\\Minecraft\\.minecraft\\libraries\\org\\lwjgl\\lwjgl-openal\\3.3.3\\lwjgl-openal-3.3.3-natives-windows-x86.jar;D:\\Minecraft\\.minecraft\\libraries\\org\\lwjgl\\lwjgl-opengl\\3.3.3\\lwjgl-opengl-3.3.3.jar;D:\\Minecraft\\.minecraft\\libraries\\org\\lwjgl\\lwjgl-opengl\\3.3.3\\lwjgl-opengl-3.3.3-natives-windows.jar;D:\\Minecraft\\.minecraft\\libraries\\org\\lwjgl\\lwjgl-opengl\\3.3.3\\lwjgl-opengl-3.3.3-natives-windows-arm64.jar;D:\\Minecraft\\.minecraft\\libraries\\org\\lwjgl\\lwjgl-opengl\\3.3.3\\lwjgl-opengl-3.3.3-natives-windows-x86.jar;D:\\Minecraft\\.minecraft\\libraries\\org\\lwjgl\\lwjgl-stb\\3.3.3\\lwjgl-stb-3.3.3.jar;D:\\Minecraft\\.minecraft\\libraries\\org\\lwjgl\\lwjgl-stb\\3.3.3\\lwjgl-stb-3.3.3-natives-windows.jar;D:\\Minecraft\\.minecraft\\libraries\\org\\lwjgl\\lwjgl-stb\\3.3.3\\lwjgl-stb-3.3.3-natives-windows-arm64.jar;D:\\Minecraft\\.minecraft\\libraries\\org\\lwjgl\\lwjgl-stb\\3.3.3\\lwjgl-stb-3.3.3-natives-windows-x86.jar;D:\\Minecraft\\.minecraft\\libraries\\org\\lwjgl\\lwjgl-tinyfd\\3.3.3\\lwjgl-tinyfd-3.3.3.jar;D:\\Minecraft\\.minecraft\\libraries\\org\\lwjgl\\lwjgl-tinyfd\\3.3.3\\lwjgl-tinyfd-3.3.3-natives-windows.jar;D:\\Minecraft\\.minecraft\\libraries\\org\\lwjgl\\lwjgl-tinyfd\\3.3.3\\lwjgl-tinyfd-3.3.3-natives-windows-arm64.jar;D:\\Minecraft\\.minecraft\\libraries\\org\\lwjgl\\lwjgl-tinyfd\\3.3.3\\lwjgl-tinyfd-3.3.3-natives-windows-x86.jar;D:\\Minecraft\\.minecraft\\libraries\\org\\lwjgl\\lwjgl\\3.3.3\\lwjgl-3.3.3.jar;D:\\Minecraft\\.minecraft\\libraries\\org\\lwjgl\\lwjgl\\3.3.3\\lwjgl-3.3.3-natives-windows.jar;D:\\Minecraft\\.minecraft\\libraries\\org\\lwjgl\\lwjgl\\3.3.3\\lwjgl-3.3.3-natives-windows-arm64.jar;D:\\Minecraft\\.minecraft\\libraries\\org\\lwjgl\\lwjgl\\3.3.3\\lwjgl-3.3.3-natives-windows-x86.jar;D:\\Minecraft\\.minecraft\\libraries\\org\\lz4\\lz4-java\\1.8.0\\lz4-java-1.8.0.jar;D:\\Minecraft\\.minecraft\\libraries\\org\\slf4j\\slf4j-api\\2.0.9\\slf4j-api-2.0.9.jar;D:\\Minecraft\\.minecraft\\libraries\\net\\neoforged\\fancymodloader\\earlydisplay\\4.0.43\\earlydisplay-4.0.43.jar;D:\\Minecraft\\.minecraft\\libraries\\net\\neoforged\\fancymodloader\\loader\\4.0.43\\loader-4.0.43.jar;D:\\Minecraft\\.minecraft\\libraries\\net\\neoforged\\accesstransformers\\at-modlauncher\\10.0.1\\at-modlauncher-10.0.1.jar;D:\\Minecraft\\.minecraft\\libraries\\net\\neoforged\\accesstransformers\\10.0.1\\accesstransformers-10.0.1.jar;D:\\Minecraft\\.minecraft\\libraries\\net\\neoforged\\bus\\8.0.5\\bus-8.0.5.jar;D:\\Minecraft\\.minecraft\\libraries\\net\\neoforged\\coremods\\7.0.3\\coremods-7.0.3.jar;D:\\Minecraft\\.minecraft\\libraries\\cpw\\mods\\modlauncher\\11.0.5\\modlauncher-11.0.5.jar;D:\\Minecraft\\.minecraft\\libraries\\net\\neoforged\\mergetool\\2.0.0\\mergetool-2.0.0-api.jar;D:\\Minecraft\\.minecraft\\libraries\\com\\electronwill\\night-config\\toml\\3.8.3\\toml-3.8.3.jar;D:\\Minecraft\\.minecraft\\libraries\\com\\electronwill\\night-config\\core\\3.8.3\\core-3.8.3.jar;D:\\Minecraft\\.minecraft\\libraries\\net\\neoforged\\JarJarSelector\\0.4.1\\JarJarSelector-0.4.1.jar;D:\\Minecraft\\.minecraft\\libraries\\net\\neoforged\\JarJarMetadata\\0.4.1\\JarJarMetadata-0.4.1.jar;D:\\Minecraft\\.minecraft\\libraries\\org\\apache\\maven\\maven-artifact\\3.8.5\\maven-artifact-3.8.5.jar;D:\\Minecraft\\.minecraft\\libraries\\net\\jodah\\typetools\\0.6.3\\typetools-0.6.3.jar;D:\\Minecraft\\.minecraft\\libraries\\net\\minecrell\\terminalconsoleappender\\1.3.0\\terminalconsoleappender-1.3.0.jar;D:\\Minecraft\\.minecraft\\libraries\\net\\fabricmc\\sponge-mixin\\0.15.2+mixin.0.8.7\\sponge-mixin-0.15.2+mixin.0.8.7.jar;D:\\Minecraft\\.minecraft\\libraries\\org\\openjdk\\nashorn\\nashorn-core\\15.4\\nashorn-core-15.4.jar;D:\\Minecraft\\.minecraft\\libraries\\cpw\\mods\\bootstraplauncher\\2.0.2\\bootstraplauncher-2.0.2.jar;D:\\Minecraft\\.minecraft\\libraries\\cpw\\mods\\securejarhandler\\3.0.8\\securejarhandler-3.0.8.jar;D:\\Minecraft\\.minecraft\\libraries\\org\\ow2\\asm\\asm-commons\\9.10.1\\asm-commons-9.10.1.jar;D:\\Minecraft\\.minecraft\\libraries\\org\\ow2\\asm\\asm-util\\9.10.1\\asm-util-9.10.1.jar;D:\\Minecraft\\.minecraft\\libraries\\org\\ow2\\asm\\asm-analysis\\9.10.1\\asm-analysis-9.10.1.jar;D:\\Minecraft\\.minecraft\\libraries\\org\\ow2\\asm\\asm-tree\\9.10.1\\asm-tree-9.10.1.jar;D:\\Minecraft\\.minecraft\\libraries\\org\\ow2\\asm\\asm\\9.10.1\\asm-9.10.1.jar;D:\\Minecraft\\.minecraft\\libraries\\net\\neoforged\\JarJarFileSystems\\0.4.1\\JarJarFileSystems-0.4.1.jar;D:\\Minecraft\\.minecraft\\libraries\\org\\antlr\\antlr4-runtime\\4.13.1\\antlr4-runtime-4.13.1.jar;D:\\Minecraft\\.minecraft\\libraries\\org\\jline\\jline-reader\\3.20.0\\jline-reader-3.20.0.jar;D:\\Minecraft\\.minecraft\\libraries\\org\\jline\\jline-terminal\\3.20.0\\jline-terminal-3.20.0.jar;D:\\Minecraft\\.minecraft\\libraries\\net\\minecraftforge\\srgutils\\0.4.15\\srgutils-0.4.15.jar;D:\\Minecraft\\.minecraft\\libraries\\com\\google\\guava\\listenablefuture\\9999.0-empty-to-avoid-conflict-with-guava\\listenablefuture-9999.0-empty-to-avoid-conflict-with-guava.jar;D:\\Minecraft\\.minecraft\\libraries\\com\\google\\code\\findbugs\\jsr305\\3.0.2\\jsr305-3.0.2.jar;D:\\Minecraft\\.minecraft\\libraries\\org\\checkerframework\\checker-qual\\3.33.0\\checker-qual-3.33.0.jar;D:\\Minecraft\\.minecraft\\libraries\\com\\google\\errorprone\\error_prone_annotations\\2.18.0\\error_prone_annotations-2.18.0.jar;D:\\Minecraft\\.minecraft\\libraries\\com\\google\\j2objc\\j2objc-annotations\\2.8\\j2objc-annotations-2.8.jar;D:\\Minecraft\\.minecraft\\libraries\\org\\codehaus\\plexus\\plexus-utils\\3.3.0\\plexus-utils-3.3.0.jar;D:\\Minecraft\\.minecraft\\libraries\\com\\machinezoo\\noexception\\noexception\\1.7.1\\noexception-1.7.1.jar;D:\\Minecraft\\.minecraft\\versions\\1.21.1 NeoForge\\1.21.1 NeoForge.jar" -Djava.net.preferIPv6Addresses=system "-DignoreList=client-extra,1.21.1 NeoForge.jar,1.21.1 NeoForge.jar" -DlibraryDirectory=D:\Minecraft\.minecraft\libraries -p D:\Minecraft\.minecraft\libraries/cpw/mods/bootstraplauncher/2.0.2/bootstraplauncher-2.0.2.jar;D:\Minecraft\.minecraft\libraries/cpw/mods/securejarhandler/3.0.8/securejarhandler-3.0.8.jar;D:\Minecraft\.minecraft\libraries/org/ow2/asm/asm-commons/9.10.1/asm-commons-9.10.1.jar;D:\Minecraft\.minecraft\libraries/org/ow2/asm/asm-util/9.10.1/asm-util-9.10.1.jar;D:\Minecraft\.minecraft\libraries/org/ow2/asm/asm-analysis/9.10.1/asm-analysis-9.10.1.jar;D:\Minecraft\.minecraft\libraries/org/ow2/asm/asm-tree/9.10.1/asm-tree-9.10.1.jar;D:\Minecraft\.minecraft\libraries/org/ow2/asm/asm/9.10.1/asm-9.10.1.jar;D:\Minecraft\.minecraft\libraries/net/neoforged/JarJarFileSystems/0.4.1/JarJarFileSystems-0.4.1.jar --add-modules ALL-MODULE-PATH --add-opens java.base/java.util.jar=cpw.mods.securejarhandler --add-opens java.base/java.lang.invoke=cpw.mods.securejarhandler --add-exports java.base/sun.security.util=cpw.mods.securejarhandler --add-exports jdk.naming.dns/com.sun.jndi.dns=java.naming cpw.mods.bootstraplauncher.BootstrapLauncher --username Trail_Akivili --version "1.21.1 NeoForge" --gameDir D:\Minecraft\.minecraft --assetsDir D:\Minecraft\.minecraft\assets --assetIndex 17 --uuid 050f97b8d0c942c5a3fc65e7017d8894 --accessToken <access token> --clientId ${clientid} --xuid ${auth_xuid} --userType msa --versionType "HMCL 3.16.4" --width 1920 --height 1080 --fml.neoForgeVersion 21.1.244 --fml.fmlVersion 4.0.43 --fml.mcVersion 1.21.1 --fml.neoFormVersion 20240808.144430 --launchTarget forgeclient
[13:22:59] [@.task.AsyncTaskExecutor.lambda$executeNormalTask$29/TRACE] Task finished: org.jackhuang.hmcl.game.LauncherHelper.lambda$launch0$14(LauncherHelper.java:254)
[13:22:59] [@.task.AsyncTaskExecutor.lambda$executeNormalTask$29/TRACE] Task finished: org.jackhuang.hmcl.game.LauncherHelper$$Lambda/0x00000000085b2938@629cc5f5
[13:22:59] [@.task.AsyncTaskExecutor.lambda$executeNormalTask$29/TRACE] Task finished: org.jackhuang.hmcl.game.LauncherHelper.lambda$launch0$19(LauncherHelper.java:261)
[13:23:34] [@.task.AsyncTaskExecutor.lambda$executeNormalTask$29/TRACE] Task finished: 请耐心等待
[13:23:34] [@.task.AsyncTaskExecutor.lambda$executeNormalTask$29/TRACE] Task finished: org.jackhuang.hmcl.task.Task$StageTask
[13:23:34] [@.task.AsyncTaskExecutor.lambda$executeNormalTask$29/TRACE] Task finished: org.jackhuang.hmcl.game.LauncherHelper$$Lambda/0x000000000857f378@7bcdc954
[13:23:34] [@.task.AsyncTaskExecutor.lambda$executeNormalTask$29/TRACE] Task finished: org.jackhuang.hmcl.task.Task$StagesHintTask
[13:23:34] [@.ui.construct.JFXDialogPane.pop/INFO] JFXDialogPane@7e17b36 [], removed: true, object: TaskExecutorDialogPane@1ae18806[styleClass=task-executor-dialog-layout]
[13:44:25] [@.event.EventBus.fireEvent/INFO] ProcessExitedAbnormallyEvent [source=org.jackhuang.hmcl.launch.ExitWaiter@58f36603, process=ManagedProcess[commands=[C:\Program Files\Java\jdk-21.0.12\bin\java.exe, -Xmx6581m, -Dfile.encoding=GB18030, -Dstdout.encoding=GB18030, -Dstderr.encoding=GB18030, -Djava.rmi.server.useCodebaseOnly=true, -Dcom.sun.jndi.rmi.object.trustURLCodebase=false, -Dcom.sun.jndi.cosnaming.object.trustURLCodebase=false, -Dlog4j2.formatMsgNoLookups=true, -Dlog4j.configurationFile=D:\Minecraft\.minecraft\versions\1.21.1 NeoForge\log4j2.xml, -Dminecraft.client.jar=D:\Minecraft\.minecraft\versions\1.21.1 NeoForge\1.21.1 NeoForge.jar, -Djava.net.useSystemProxies=true, -XX:+UnlockExperimentalVMOptions, -XX:+UnlockDiagnosticVMOptions, -XX:+UseG1GC, -XX:G1MixedGCCountTarget=5, -XX:G1NewSizePercent=20, -XX:G1ReservePercent=20, -XX:MaxGCPauseMillis=50, -XX:G1HeapRegionSize=32m, -XX:-OmitStackTraceInFastThrow, -XX:-DontCompileHugeMethods, -XX:MaxNodeLimit=240000, -XX:NodeLimitFudgeFactor=8000, -XX:TieredCompileTaskTimeout=10000, -XX:ReservedCodeCacheSize=400M, -XX:NonNMethodCodeHeapSize=12M, -XX:ProfiledCodeHeapSize=194M, -XX:NmethodSweepActivity=1, -Dfml.ignoreInvalidMinecraftCertificates=true, -Dfml.ignorePatchDiscrepancies=true, -XX:HeapDumpPath=MojangTricksIntelDriversForPerformance_javaw.exe_minecraft.exe.heapdump, -Djava.library.path=D:\Minecraft\.minecraft\versions\1.21.1 NeoForge\natives-windows-x86_64, -Djna.tmpdir=D:\Minecraft\.minecraft\versions\1.21.1 NeoForge\natives-windows-x86_64, -Dorg.lwjgl.system.SharedLibraryExtractPath=D:\Minecraft\.minecraft\versions\1.21.1 NeoForge\natives-windows-x86_64, -Dio.netty.native.workdir=D:\Minecraft\.minecraft\versions\1.21.1 NeoForge\natives-windows-x86_64, -Dminecraft.launcher.brand=HMCL, -Dminecraft.launcher.version=3.16.4, -cp, D:\Minecraft\.minecraft\libraries\com\github\oshi\oshi-core\6.4.10\oshi-core-6.4.10.jar;D:\Minecraft\.minecraft\libraries\com\google\code\gson\gson\2.10.1\gson-2.10.1.jar;D:\Minecraft\.minecraft\libraries\com\google\guava\failureaccess\1.0.1\failureaccess-1.0.1.jar;D:\Minecraft\.minecraft\libraries\com\google\guava\guava\32.1.2-jre\guava-32.1.2-jre.jar;D:\Minecraft\.minecraft\libraries\com\ibm\icu\icu4j\73.2\icu4j-73.2.jar;D:\Minecraft\.minecraft\libraries\com\mojang\authlib\6.0.54\authlib-6.0.54.jar;D:\Minecraft\.minecraft\libraries\com\mojang\blocklist\1.0.10\blocklist-1.0.10.jar;D:\Minecraft\.minecraft\libraries\com\mojang\brigadier\1.3.10\brigadier-1.3.10.jar;D:\Minecraft\.minecraft\libraries\com\mojang\datafixerupper\8.0.16\datafixerupper-8.0.16.jar;D:\Minecraft\.minecraft\libraries\com\mojang\logging\1.2.7\logging-1.2.7.jar;D:\Minecraft\.minecraft\libraries\com\mojang\patchy\2.2.10\patchy-2.2.10.jar;D:\Minecraft\.minecraft\libraries\com\mojang\text2speech\1.17.9\text2speech-1.17.9.jar;D:\Minecraft\.minecraft\libraries\commons-codec\commons-codec\1.16.0\commons-codec-1.16.0.jar;D:\Minecraft\.minecraft\libraries\commons-io\commons-io\2.15.1\commons-io-2.15.1.jar;D:\Minecraft\.minecraft\libraries\commons-logging\commons-logging\1.2\commons-logging-1.2.jar;D:\Minecraft\.minecraft\libraries\io\netty\netty-buffer\4.1.97.Final\netty-buffer-4.1.97.Final.jar;D:\Minecraft\.minecraft\libraries\io\netty\netty-codec\4.1.97.Final\netty-codec-4.1.97.Final.jar;D:\Minecraft\.minecraft\libraries\io\netty\netty-common\4.1.97.Final\netty-common-4.1.97.Final.jar;D:\Minecraft\.minecraft\libraries\io\netty\netty-handler\4.1.97.Final\netty-handler-4.1.97.Final.jar;D:\Minecraft\.minecraft\libraries\io\netty\netty-resolver\4.1.97.Final\netty-resolver-4.1.97.Final.jar;D:\Minecraft\.minecraft\libraries\io\netty\netty-transport-classes-epoll\4.1.97.Final\netty-transport-classes-epoll-4.1.97.Final.jar;D:\Minecraft\.minecraft\libraries\io\netty\netty-transport-native-unix-common\4.1.97.Final\netty-transport-native-unix-common-4.1.97.Final.jar;D:\Minecraft\.minecraft\libraries\io\netty\netty-transport\4.1.97.Final\netty-transport-4.1.97.Final.jar;D:\Minecraft\.minecraft\libraries\it\unimi\dsi\fastutil\8.5.12\fastutil-8.5.12.jar;D:\Minecraft\.minecraft\libraries\net\java\dev\jna\jna-platform\5.14.0\jna-platform-5.14.0.jar;D:\Minecraft\.minecraft\libraries\net\java\dev\jna\jna\5.14.0\jna-5.14.0.jar;D:\Minecraft\.minecraft\libraries\net\sf\jopt-simple\jopt-simple\5.0.4\jopt-simple-5.0.4.jar;D:\Minecraft\.minecraft\libraries\org\apache\commons\commons-compress\1.26.0\commons-compress-1.26.0.jar;D:\Minecraft\.minecraft\libraries\org\apache\commons\commons-lang3\3.14.0\commons-lang3-3.14.0.jar;D:\Minecraft\.minecraft\libraries\org\apache\httpcomponents\httpclient\4.5.13\httpclient-4.5.13.jar;D:\Minecraft\.minecraft\libraries\org\apache\httpcomponents\httpcore\4.4.16\httpcore-4.4.16.jar;D:\Minecraft\.minecraft\libraries\org\apache\logging\log4j\log4j-api\2.22.1\log4j-api-2.22.1.jar;D:\Minecraft\.minecraft\libraries\org\apache\logging\log4j\log4j-core\2.22.1\log4j-core-2.22.1.jar;D:\Minecraft\.minecraft\libraries\org\apache\logging\log4j\log4j-slf4j2-impl\2.22.1\log4j-slf4j2-impl-2.22.1.jar;D:\Minecraft\.minecraft\libraries\org\jcraft\jorbis\0.0.17\jorbis-0.0.17.jar;D:\Minecraft\.minecraft\libraries\org\joml\joml\1.10.5\joml-1.10.5.jar;D:\Minecraft\.minecraft\libraries\org\lwjgl\lwjgl-freetype\3.3.3\lwjgl-freetype-3.3.3.jar;D:\Minecraft\.minecraft\libraries\org\lwjgl\lwjgl-freetype\3.3.3\lwjgl-freetype-3.3.3-natives-windows.jar;D:\Minecraft\.minecraft\libraries\org\lwjgl\lwjgl-freetype\3.3.3\lwjgl-freetype-3.3.3-natives-windows-arm64.jar;D:\Minecraft\.minecraft\libraries\org\lwjgl\lwjgl-freetype\3.3.3\lwjgl-freetype-3.3.3-natives-windows-x86.jar;D:\Minecraft\.minecraft\libraries\org\lwjgl\lwjgl-glfw\3.3.3\lwjgl-glfw-3.3.3.jar;D:\Minecraft\.minecraft\libraries\org\lwjgl\lwjgl-glfw\3.3.3\lwjgl-glfw-3.3.3-natives-windows.jar;D:\Minecraft\.minecraft\libraries\org\lwjgl\lwjgl-glfw\3.3.3\lwjgl-glfw-3.3.3-natives-windows-arm64.jar;D:\Minecraft\.minecraft\libraries\org\lwjgl\lwjgl-glfw\3.3.3\lwjgl-glfw-3.3.3-natives-windows-x86.jar;D:\Minecraft\.minecraft\libraries\org\lwjgl\lwjgl-jemalloc\3.3.3\lwjgl-jemalloc-3.3.3.jar;D:\Minecraft\.minecraft\libraries\org\lwjgl\lwjgl-jemalloc\3.3.3\lwjgl-jemalloc-3.3.3-natives-windows.jar;D:\Minecraft\.minecraft\libraries\org\lwjgl\lwjgl-jemalloc\3.3.3\lwjgl-jemalloc-3.3.3-natives-windows-arm64.jar;D:\Minecraft\.minecraft\libraries\org\lwjgl\lwjgl-jemalloc\3.3.3\lwjgl-jemalloc-3.3.3-natives-windows-x86.jar;D:\Minecraft\.minecraft\libraries\org\lwjgl\lwjgl-openal\3.3.3\lwjgl-openal-3.3.3.jar;D:\Minecraft\.minecraft\libraries\org\lwjgl\lwjgl-openal\3.3.3\lwjgl-openal-3.3.3-natives-windows.jar;D:\Minecraft\.minecraft\libraries\org\lwjgl\lwjgl-openal\3.3.3\lwjgl-openal-3.3.3-natives-windows-arm64.jar;D:\Minecraft\.minecraft\libraries\org\lwjgl\lwjgl-openal\3.3.3\lwjgl-openal-3.3.3-natives-windows-x86.jar;D:\Minecraft\.minecraft\libraries\org\lwjgl\lwjgl-opengl\3.3.3\lwjgl-opengl-3.3.3.jar;D:\Minecraft\.minecraft\libraries\org\lwjgl\lwjgl-opengl\3.3.3\lwjgl-opengl-3.3.3-natives-windows.jar;D:\Minecraft\.minecraft\libraries\org\lwjgl\lwjgl-opengl\3.3.3\lwjgl-opengl-3.3.3-natives-windows-arm64.jar;D:\Minecraft\.minecraft\libraries\org\lwjgl\lwjgl-opengl\3.3.3\lwjgl-opengl-3.3.3-natives-windows-x86.jar;D:\Minecraft\.minecraft\libraries\org\lwjgl\lwjgl-stb\3.3.3\lwjgl-stb-3.3.3.jar;D:\Minecraft\.minecraft\libraries\org\lwjgl\lwjgl-stb\3.3.3\lwjgl-stb-3.3.3-natives-windows.jar;D:\Minecraft\.minecraft\libraries\org\lwjgl\lwjgl-stb\3.3.3\lwjgl-stb-3.3.3-natives-windows-arm64.jar;D:\Minecraft\.minecraft\libraries\org\lwjgl\lwjgl-stb\3.3.3\lwjgl-stb-3.3.3-natives-windows-x86.jar;D:\Minecraft\.minecraft\libraries\org\lwjgl\lwjgl-tinyfd\3.3.3\lwjgl-tinyfd-3.3.3.jar;D:\Minecraft\.minecraft\libraries\org\lwjgl\lwjgl-tinyfd\3.3.3\lwjgl-tinyfd-3.3.3-natives-windows.jar;D:\Minecraft\.minecraft\libraries\org\lwjgl\lwjgl-tinyfd\3.3.3\lwjgl-tinyfd-3.3.3-natives-windows-arm64.jar;D:\Minecraft\.minecraft\libraries\org\lwjgl\lwjgl-tinyfd\3.3.3\lwjgl-tinyfd-3.3.3-natives-windows-x86.jar;D:\Minecraft\.minecraft\libraries\org\lwjgl\lwjgl\3.3.3\lwjgl-3.3.3.jar;D:\Minecraft\.minecraft\libraries\org\lwjgl\lwjgl\3.3.3\lwjgl-3.3.3-natives-windows.jar;D:\Minecraft\.minecraft\libraries\org\lwjgl\lwjgl\3.3.3\lwjgl-3.3.3-natives-windows-arm64.jar;D:\Minecraft\.minecraft\libraries\org\lwjgl\lwjgl\3.3.3\lwjgl-3.3.3-natives-windows-x86.jar;D:\Minecraft\.minecraft\libraries\org\lz4\lz4-java\1.8.0\lz4-java-1.8.0.jar;D:\Minecraft\.minecraft\libraries\org\slf4j\slf4j-api\2.0.9\slf4j-api-2.0.9.jar;D:\Minecraft\.minecraft\libraries\net\neoforged\fancymodloader\earlydisplay\4.0.43\earlydisplay-4.0.43.jar;D:\Minecraft\.minecraft\libraries\net\neoforged\fancymodloader\loader\4.0.43\loader-4.0.43.jar;D:\Minecraft\.minecraft\libraries\net\neoforged\accesstransformers\at-modlauncher\10.0.1\at-modlauncher-10.0.1.jar;D:\Minecraft\.minecraft\libraries\net\neoforged\accesstransformers\10.0.1\accesstransformers-10.0.1.jar;D:\Minecraft\.minecraft\libraries\net\neoforged\bus\8.0.5\bus-8.0.5.jar;D:\Minecraft\.minecraft\libraries\net\neoforged\coremods\7.0.3\coremods-7.0.3.jar;D:\Minecraft\.minecraft\libraries\cpw\mods\modlauncher\11.0.5\modlauncher-11.0.5.jar;D:\Minecraft\.minecraft\libraries\net\neoforged\mergetool\2.0.0\mergetool-2.0.0-api.jar;D:\Minecraft\.minecraft\libraries\com\electronwill\night-config\toml\3.8.3\toml-3.8.3.jar;D:\Minecraft\.minecraft\libraries\com\electronwill\night-config\core\3.8.3\core-3.8.3.jar;D:\Minecraft\.minecraft\libraries\net\neoforged\JarJarSelector\0.4.1\JarJarSelector-0.4.1.jar;D:\Minecraft\.minecraft\libraries\net\neoforged\JarJarMetadata\0.4.1\JarJarMetadata-0.4.1.jar;D:\Minecraft\.minecraft\libraries\org\apache\maven\maven-artifact\3.8.5\maven-artifact-3.8.5.jar;D:\Minecraft\.minecraft\libraries\net\jodah\typetools\0.6.3\typetools-0.6.3.jar;D:\Minecraft\.minecraft\libraries\net\minecrell\terminalconsoleappender\1.3.0\terminalconsoleappender-1.3.0.jar;D:\Minecraft\.minecraft\libraries\net\fabricmc\sponge-mixin\0.15.2+mixin.0.8.7\sponge-mixin-0.15.2+mixin.0.8.7.jar;D:\Minecraft\.minecraft\libraries\org\openjdk\nashorn\nashorn-core\15.4\nashorn-core-15.4.jar;D:\Minecraft\.minecraft\libraries\cpw\mods\bootstraplauncher\2.0.2\bootstraplauncher-2.0.2.jar;D:\Minecraft\.minecraft\libraries\cpw\mods\securejarhandler\3.0.8\securejarhandler-3.0.8.jar;D:\Minecraft\.minecraft\libraries\org\ow2\asm\asm-commons\9.10.1\asm-commons-9.10.1.jar;D:\Minecraft\.minecraft\libraries\org\ow2\asm\asm-util\9.10.1\asm-util-9.10.1.jar;D:\Minecraft\.minecraft\libraries\org\ow2\asm\asm-analysis\9.10.1\asm-analysis-9.10.1.jar;D:\Minecraft\.minecraft\libraries\org\ow2\asm\asm-tree\9.10.1\asm-tree-9.10.1.jar;D:\Minecraft\.minecraft\libraries\org\ow2\asm\asm\9.10.1\asm-9.10.1.jar;D:\Minecraft\.minecraft\libraries\net\neoforged\JarJarFileSystems\0.4.1\JarJarFileSystems-0.4.1.jar;D:\Minecraft\.minecraft\libraries\org\antlr\antlr4-runtime\4.13.1\antlr4-runtime-4.13.1.jar;D:\Minecraft\.minecraft\libraries\org\jline\jline-reader\3.20.0\jline-reader-3.20.0.jar;D:\Minecraft\.minecraft\libraries\org\jline\jline-terminal\3.20.0\jline-terminal-3.20.0.jar;D:\Minecraft\.minecraft\libraries\net\minecraftforge\srgutils\0.4.15\srgutils-0.4.15.jar;D:\Minecraft\.minecraft\libraries\com\google\guava\listenablefuture\9999.0-empty-to-avoid-conflict-with-guava\listenablefuture-9999.0-empty-to-avoid-conflict-with-guava.jar;D:\Minecraft\.minecraft\libraries\com\google\code\findbugs\jsr305\3.0.2\jsr305-3.0.2.jar;D:\Minecraft\.minecraft\libraries\org\checkerframework\checker-qual\3.33.0\checker-qual-3.33.0.jar;D:\Minecraft\.minecraft\libraries\com\google\errorprone\error_prone_annotations\2.18.0\error_prone_annotations-2.18.0.jar;D:\Minecraft\.minecraft\libraries\com\google\j2objc\j2objc-annotations\2.8\j2objc-annotations-2.8.jar;D:\Minecraft\.minecraft\libraries\org\codehaus\plexus\plexus-utils\3.3.0\plexus-utils-3.3.0.jar;D:\Minecraft\.minecraft\libraries\com\machinezoo\noexception\noexception\1.7.1\noexception-1.7.1.jar;D:\Minecraft\.minecraft\versions\1.21.1 NeoForge\1.21.1 NeoForge.jar, -Djava.net.preferIPv6Addresses=system, -DignoreList=client-extra,1.21.1 NeoForge.jar,1.21.1 NeoForge.jar, -DlibraryDirectory=D:\Minecraft\.minecraft\libraries, -p, D:\Minecraft\.minecraft\libraries/cpw/mods/bootstraplauncher/2.0.2/bootstraplauncher-2.0.2.jar;D:\Minecraft\.minecraft\libraries/cpw/mods/securejarhandler/3.0.8/securejarhandler-3.0.8.jar;D:\Minecraft\.minecraft\libraries/org/ow2/asm/asm-commons/9.10.1/asm-commons-9.10.1.jar;D:\Minecraft\.minecraft\libraries/org/ow2/asm/asm-util/9.10.1/asm-util-9.10.1.jar;D:\Minecraft\.minecraft\libraries/org/ow2/asm/asm-analysis/9.10.1/asm-analysis-9.10.1.jar;D:\Minecraft\.minecraft\libraries/org/ow2/asm/asm-tree/9.10.1/asm-tree-9.10.1.jar;D:\Minecraft\.minecraft\libraries/org/ow2/asm/asm/9.10.1/asm-9.10.1.jar;D:\Minecraft\.minecraft\libraries/net/neoforged/JarJarFileSystems/0.4.1/JarJarFileSystems-0.4.1.jar, --add-modules, ALL-MODULE-PATH, --add-opens, java.base/java.util.jar=cpw.mods.securejarhandler, --add-opens, java.base/java.lang.invoke=cpw.mods.securejarhandler, --add-exports, java.base/sun.security.util=cpw.mods.securejarhandler, --add-exports, jdk.naming.dns/com.sun.jndi.dns=java.naming, cpw.mods.bootstraplauncher.BootstrapLauncher, --username, Trail_Akivili, --version, 1.21.1 NeoForge, --gameDir, D:\Minecraft\.minecraft, --assetsDir, D:\Minecraft\.minecraft\assets, --assetIndex, 17, --uuid, 050f97b8d0c942c5a3fc65e7017d8894, --accessToken, <access token>, --clientId, ${clientid}, --xuid, ${auth_xuid}, --userType, msa, --versionType, HMCL 3.16.4, --width, 1920, --height, 1080, --fml.neoForgeVersion, 21.1.244, --fml.fmlVersion, 4.0.43, --fml.mcVersion, 1.21.1, --fml.neoFormVersion, 20240808.144430, --launchTarget, forgeclient], isRunning=false]] gets fired
[13:44:25] [@.event.EventBus.fireEvent/INFO] ProcessStoppedEvent [source=org.jackhuang.hmcl.launch.ExitWaiter@58f36603] gets fired
[13:44:25] [@.task.AsyncTaskExecutor.lambda$executeNormalTask$19/TRACE] Executing task: org.jackhuang.hmcl.ui.GameCrashWindow.analyzeCrashReport(GameCrashWindow.java:159)
[13:44:25] [@.task.AsyncTaskExecutor.lambda$executeNormalTask$19/TRACE] Executing task: org.jackhuang.hmcl.ui.GameCrashWindow.analyzeCrashReport(GameCrashWindow.java:144)
[13:44:25] [@.task.AsyncTaskExecutor.lambda$executeNormalTask$19/TRACE] Executing task: org.jackhuang.hmcl.ui.GameCrashWindow.analyzeCrashReport(GameCrashWindow.java:129)
[13:44:25] [@.task.AsyncTaskExecutor.lambda$executeNormalTask$29/TRACE] Task finished: org.jackhuang.hmcl.ui.GameCrashWindow.analyzeCrashReport(GameCrashWindow.java:129)
[13:44:25] [@.task.AsyncTaskExecutor.lambda$executeNormalTask$29/TRACE] Task finished: org.jackhuang.hmcl.ui.GameCrashWindow.analyzeCrashReport(GameCrashWindow.java:144)
[13:44:25] [@.ui.GameCrashWindow.lambda$analyzeCrashReport$4/INFO] Number of reasons: 0
[13:44:25] [@.ui.GameCrashWindow.lambda$analyzeCrashReport$4/INFO] Crash reason unknown
[13:44:25] [@.task.AsyncTaskExecutor.lambda$executeNormalTask$29/TRACE] Task finished: org.jackhuang.hmcl.ui.GameCrashWindow.analyzeCrashReport(GameCrashWindow.java:159)
[13:44:38] [@.game.LogExporter.processLogs/WARNING] Failed to find any log on liteconfig
java.nio.file.NoSuchFileException: .minecraft\liteconfig
	at java.base/sun.nio.fs.WindowsException.translateToIOException(WindowsException.java:85)
	at java.base/sun.nio.fs.WindowsException.rethrowAsIOException(WindowsException.java:103)
	at java.base/sun.nio.fs.WindowsException.rethrowAsIOException(WindowsException.java:108)
	at java.base/sun.nio.fs.WindowsDirectoryStream.<init>(WindowsDirectoryStream.java:86)
	at java.base/sun.nio.fs.WindowsFileSystemProvider.newDirectoryStream(WindowsFileSystemProvider.java:516)
	at java.base/java.nio.file.Files.newDirectoryStream(Files.java:509)
	at org.jackhuang.hmcl.game.LogExporter.processLogs(LogExporter.java:90)
	at org.jackhuang.hmcl.game.LogExporter.lambda$exportLogs$0(LogExporter.java:68)
	at java.base/java.util.concurrent.CompletableFuture$AsyncRun.run(CompletableFuture.java:1825)
	at java.base/java.util.concurrent.CompletableFuture$AsyncRun.exec(CompletableFuture.java:1817)
	at java.base/java.util.concurrent.ForkJoinTask.doExec(ForkJoinTask.java:511)
	at java.base/java.util.concurrent.ForkJoinPool$WorkQueue.topLevelExec(ForkJoinPool.java:1450)
	at java.base/java.util.concurrent.ForkJoinPool.runWorker(ForkJoinPool.java:2019)
	at java.base/java.util.concurrent.ForkJoinWorkerThread.run(ForkJoinWorkerThread.java:187)
