[13:23:04] [main/INFO]: ModLauncher running: args [--username, Trail_Akivili, --version, 1.21.1 NeoForge, --gameDir, D:\Minecraft\.minecraft, --assetsDir, D:\Minecraft\.minecraft\assets, --assetIndex, 17, --uuid, 050f97b8d0c942c5a3fc65e7017d8894, --accessToken, ❄❄❄❄❄❄❄❄, --clientId, ${clientid}, --xuid, ${auth_xuid}, --userType, msa, --versionType, HMCL 3.16.4, --width, 1920, --height, 1080, --fml.neoForgeVersion, 21.1.244, --fml.fmlVersion, 4.0.43, --fml.mcVersion, 1.21.1, --fml.neoFormVersion, 20240808.144430, --launchTarget, forgeclient]
[13:23:04] [main/INFO]: JVM identified as Oracle Corporation Java HotSpot(TM) 64-Bit Server VM 21.0.12+7-LTS-205
[13:23:04] [main/INFO]: ModLauncher 11.0.5+main.901c6ea8 starting: java version 21.0.12 by Oracle Corporation; OS Windows 11 arch amd64 version 10.0
[13:23:05] [main/INFO]: Searching for graphics cards...
[13:23:05] [main/INFO]: Found graphics adapter: AdapterInfo{vendor=NVIDIA, description='NVIDIA GeForce GTX 960', adapterType=0x0000031B, openglIcdFilePath='C:\Windows\System32\DriverStore\FileRepository\nv_dispig.inf_amd64_0afec3f2050014a0\nvoglv64.dll', openglIcdVersion=32.0.15.6094}
[13:23:05] [main/WARN]: Sodium has applied one or more workarounds to prevent crashes or other issues on your system: [NVIDIA_THREADED_OPTIMIZATIONS_BROKEN]
[13:23:05] [main/WARN]: This is not necessarily an issue, but it may result in certain features or optimizations being disabled. You can sometimes fix these issues by upgrading your graphics driver.
[13:23:05] [main/INFO]: Modifying process environment to apply workarounds for the NVIDIA graphics driver...
[13:23:05] [main/INFO]: Loading ImmediateWindowProvider fmlearlywindow
[13:23:05] [main/INFO]: Trying GL version 4.6
[13:23:06] [main/INFO]: Requested GL version 4.6 got version 4.6
[13:23:06] [main/INFO]: SpongePowered MIXIN Subsystem Version=0.8.7 Source=union:/D:/Minecraft/.minecraft/libraries/net/fabricmc/sponge-mixin/0.15.2+mixin.0.8.7/sponge-mixin-0.15.2+mixin.0.8.7.jar%23175!/ Service=ModLauncher Env=CLIENT
[13:23:06] [pool-2-thread-1/INFO]: GL info: NVIDIA GeForce GTX 960/PCIe/SSE2 GL version 4.6.0 NVIDIA 560.94, NVIDIA Corporation
[13:23:06] [main/INFO]: Found mod file "client-1.21.1-20240808.144430-srg.jar" [locator: production client provider +net.neoforged:neoforge:21.1.244:client]
[13:23:06] [main/INFO]: Found mod file "neoforge-21.1.244-universal.jar" [locator: PathBasedLocator[name=neoforge, paths=[D:\Minecraft\.minecraft\libraries\net\neoforged\neoforge\21.1.244\neoforge-21.1.244-universal.jar]], reader: mod manifest]
[13:23:07] [main/INFO]: Found mod file "net.caffeinemc.sodium-neoforge-0.8.13-beta.2+mc1.21.1-mod.jar" [locator: net.caffeinemc.mods.sodium.service.SodiumServiceModLocator@74f7d1d2, reader: mod manifest]
[13:23:07] [main/INFO]: Found mod file "fabric-rendering-data-attachment-v1-0.3.48+73761d2e19.jar" [locator: net.caffeinemc.mods.sodium.service.SodiumServiceModLocator@74f7d1d2, reader: mod manifest]
[13:23:07] [main/INFO]: Found mod file "fabric-renderer-api-v1-3.4.1+9125b6dc19.jar" [locator: net.caffeinemc.mods.sodium.service.SodiumServiceModLocator@74f7d1d2, reader: mod manifest]
[13:23:07] [main/INFO]: Found mod file "fabric-block-view-api-v2-1.0.10+9afaaf8c19.jar" [locator: net.caffeinemc.mods.sodium.service.SodiumServiceModLocator@74f7d1d2, reader: mod manifest]
[13:23:07] [main/INFO]: Found mod file "fabric-api-base-0.4.42+d1308ded19.jar" [locator: net.caffeinemc.mods.sodium.service.SodiumServiceModLocator@74f7d1d2, reader: mod manifest]
[13:23:07] [main/INFO]: Found mod file "[Reese的钠视频界面] reeses-sodium-options-neoforge-2.2.3+mc1.21.1.jar" [locator: {mods folder locator at D:\Minecraft\.minecraft\mods}, reader: mod manifest]
[13:23:07] [main/INFO]: Found mod file "[一键背包整理Next] InventoryProfilesNext-neoforge-1.21-2.1.4.jar" [locator: {mods folder locator at D:\Minecraft\.minecraft\mods}, reader: mod manifest]
[13:23:07] [main/INFO]: Found mod file "[动态 FPS] dynamic-fps-3.11.4+minecraft-1.21.0-neoforge.jar" [locator: {mods folder locator at D:\Minecraft\.minecraft\mods}, reader: mod manifest]
[13:23:07] [main/INFO]: Found mod file "[机械动力：电气时代] create-new-age-1.2.0+neoforge-mc1.21.1.jar" [locator: {mods folder locator at D:\Minecraft\.minecraft\mods}, reader: mod manifest]
[13:23:07] [main/INFO]: Found mod file "[机械动力：附魔工业] create-enchantment-industry-2.5.3b.jar" [locator: {mods folder locator at D:\Minecraft\.minecraft\mods}, reader: mod manifest]
[13:23:07] [main/INFO]: Found mod file "[机械动力：龙+] CreateDragonsPlus-1.11.8b.jar" [locator: {mods folder locator at D:\Minecraft\.minecraft\mods}, reader: mod manifest]
[13:23:07] [main/INFO]: Found mod file "[沉浸工程] ImmersiveEngineering-1.21.1-12.4.2-194.jar" [locator: {mods folder locator at D:\Minecraft\.minecraft\mods}, reader: mod manifest]
[13:23:07] [main/INFO]: Found mod file "[等价交换重制版] ProjectE-1.21.1-PE1.1.0.jar" [locator: {mods folder locator at D:\Minecraft\.minecraft\mods}, reader: mod manifest]
[13:23:07] [main/INFO]: Found mod file "[苹果皮] appleskin-neoforge-mc1.21-3.0.9.jar" [locator: {mods folder locator at D:\Minecraft\.minecraft\mods}, reader: mod manifest]
[13:23:07] [main/INFO]: Found mod file "[钠 · 扩展] sodium-extra-neoforge-0.9.3+mc1.21.1.jar" [locator: {mods folder locator at D:\Minecraft\.minecraft\mods}, reader: mod manifest]
[13:23:07] [main/INFO]: Found mod file "[钠／Embeddium：动态光源] sodiumdynamiclights-neoforge-1.0.10-1.21.1.jar" [locator: {mods folder locator at D:\Minecraft\.minecraft\mods}, reader: mod manifest]
[13:23:07] [main/INFO]: Found mod file "[铁氧体磁芯] ferritecore-7.0.3-neoforge.jar" [locator: {mods folder locator at D:\Minecraft\.minecraft\mods}, reader: mod manifest]
[13:23:07] [main/INFO]: Found mod file "[鼠标手势] MouseTweaks-neoforge-mc1.21-2.26.1.jar" [locator: {mods folder locator at D:\Minecraft\.minecraft\mods}, reader: mod manifest]
[13:23:07] [main/INFO]: Found mod file "appliedenergistics2-19.2.17.jar" [locator: {mods folder locator at D:\Minecraft\.minecraft\mods}, reader: mod manifest]
[13:23:07] [main/INFO]: Found mod file "architectury-13.0.11-neoforge.jar" [locator: {mods folder locator at D:\Minecraft\.minecraft\mods}, reader: mod manifest]
[13:23:07] [main/INFO]: Found mod file "colorwheel-neoforge-1.2.9+mc1.21.1.jar" [locator: {mods folder locator at D:\Minecraft\.minecraft\mods}, reader: mod manifest]
[13:23:07] [main/INFO]: Found mod file "cosmeticarmorreworkedforked-neoforge-1.21.1-0.0.4.jar" [locator: {mods folder locator at D:\Minecraft\.minecraft\mods}, reader: mod manifest]
[13:23:07] [main/INFO]: Found mod file "create-1.21.1-6.0.10.jar" [locator: {mods folder locator at D:\Minecraft\.minecraft\mods}, reader: mod manifest]
[13:23:07] [main/INFO]: Found mod file "create-aeronautics-bundled-1.21.1-1.3.0.jar" [locator: {mods folder locator at D:\Minecraft\.minecraft\mods}, reader: mod manifest]
[13:23:07] [main/INFO]: Found mod file "create_connected-1.3.2-mc1.21.1.jar" [locator: {mods folder locator at D:\Minecraft\.minecraft\mods}, reader: mod manifest]
[13:23:07] [main/INFO]: Found mod file "createbetterfps-1.21.1-1.1.4.jar" [locator: {mods folder locator at D:\Minecraft\.minecraft\mods}, reader: mod manifest]
[13:23:07] [main/INFO]: Found mod file "curios-neoforge-9.5.1+1.21.1.jar" [locator: {mods folder locator at D:\Minecraft\.minecraft\mods}, reader: mod manifest]
[13:23:07] [main/INFO]: Found mod file "flerovium-neoforge-1.21.1-1.1.2-all.jar" [locator: {mods folder locator at D:\Minecraft\.minecraft\mods}, reader: mod manifest]
[13:23:07] [main/INFO]: Found mod file "framework-neoforge-1.21.1-0.13.11.jar" [locator: {mods folder locator at D:\Minecraft\.minecraft\mods}, reader: mod manifest]
[13:23:07] [main/INFO]: Found mod file "gl4es-stencil-fix-neoforge-1.21.1.jar" [locator: {mods folder locator at D:\Minecraft\.minecraft\mods}, reader: mod manifest]
[13:23:07] [main/INFO]: Found mod file "guideme-21.1.17.jar" [locator: {mods folder locator at D:\Minecraft\.minecraft\mods}, reader: mod manifest]
[13:23:07] [main/INFO]: Found mod file "ImmediatelyFast-NeoForge-1.6.14+1.21.1.jar" [locator: {mods folder locator at D:\Minecraft\.minecraft\mods}, reader: mod manifest]
[13:23:07] [main/INFO]: Found mod file "iris-neoforge-1.8.14-beta.1+mc1.21.1.jar" [locator: {mods folder locator at D:\Minecraft\.minecraft\mods}, reader: mod manifest]
[13:23:07] [main/INFO]: Found mod file "irisveil-0.3.0.jar" [locator: {mods folder locator at D:\Minecraft\.minecraft\mods}, reader: mod manifest]
[13:23:07] [main/INFO]: Found mod file "Jade-1.21.1-NeoForge-15.10.6.jar" [locator: {mods folder locator at D:\Minecraft\.minecraft\mods}, reader: mod manifest]
[13:23:07] [main/INFO]: Found mod file "jei-1.21.1-neoforge-19.43.0.395.jar" [locator: {mods folder locator at D:\Minecraft\.minecraft\mods}, reader: mod manifest]
[13:23:07] [main/INFO]: Found library file "kotlinforforge-5.12.0-all.jar" [locator: {mods folder locator at D:\Minecraft\.minecraft\mods}, reader: mod manifest]
[13:23:07] [main/INFO]: Found library file "KotlinLangForge-2.12.2-k2.4.10-3.0+neoforge.jar" [locator: {mods folder locator at D:\Minecraft\.minecraft\mods}, reader: mod manifest]
[13:23:07] [main/INFO]: Found mod file "lanserverproperties-1.13.2-neoforge.jar" [locator: {mods folder locator at D:\Minecraft\.minecraft\mods}, reader: mod manifest]
[13:23:07] [main/INFO]: Found mod file "libIPN-neoforge-1.21-6.3.1.jar" [locator: {mods folder locator at D:\Minecraft\.minecraft\mods}, reader: mod manifest]
[13:23:07] [main/INFO]: Found mod file "Mekanism-1.21.1-10.7.19.85.jar" [locator: {mods folder locator at D:\Minecraft\.minecraft\mods}, reader: mod manifest]
[13:23:07] [main/INFO]: Found mod file "mekanism_ponders-1.0.3-1.21.1.jar" [locator: {mods folder locator at D:\Minecraft\.minecraft\mods}, reader: mod manifest]
[13:23:07] [main/INFO]: Found mod file "MekanismGenerators-1.21.1-10.7.19.85.jar" [locator: {mods folder locator at D:\Minecraft\.minecraft\mods}, reader: mod manifest]
[13:23:07] [main/INFO]: Found mod file "sable-neoforge-1.21.1-2.0.3.jar" [locator: {mods folder locator at D:\Minecraft\.minecraft\mods}, reader: mod manifest]
[13:23:07] [main/INFO]: Found mod file "sclp-neoforge-3.17.8.jar" [locator: {mods folder locator at D:\Minecraft\.minecraft\mods}, reader: mod manifest]
[13:23:07] [main/INFO]: Found mod file "tree-vein-miner-2.0.0.jar" [locator: {mods folder locator at D:\Minecraft\.minecraft\mods}, reader: mod manifest]
[13:23:07] [main/INFO]: Found mod file "trinketsandbaubles-1.2.3.jar" [locator: {mods folder locator at D:\Minecraft\.minecraft\mods}, reader: mod manifest]
[13:23:07] [main/INFO]: Found mod file "veinminer-neoforge-2.11.2+1.21.1.jar" [locator: {mods folder locator at D:\Minecraft\.minecraft\mods}, reader: mod manifest]
[13:23:09] [main/WARN]: Attempted to select two dependency jars from JarJar which have the same identification: Nested Mod File  in Mod File: D:\Minecraft\.minecraft\mods\kotlinforforge-5.12.0-all.jar and Nested Mod File  in Mod File: D:\Minecraft\.minecraft\mods\KotlinLangForge-2.12.2-k2.4.10-3.0+neoforge.jar. Using Nested Mod File  in Mod File: D:\Minecraft\.minecraft\mods\kotlinforforge-5.12.0-all.jar
[13:23:09] [main/WARN]: Attempted to select two dependency jars from JarJar which have the same identification: Nested Mod File  in Mod File: D:\Minecraft\.minecraft\mods\KotlinLangForge-2.12.2-k2.4.10-3.0+neoforge.jar and Nested Mod File  in Mod File: D:\Minecraft\.minecraft\mods\kotlinforforge-5.12.0-all.jar. Using Nested Mod File  in Mod File: D:\Minecraft\.minecraft\mods\KotlinLangForge-2.12.2-k2.4.10-3.0+neoforge.jar
[13:23:09] [main/WARN]: Attempted to select a dependency jar for JarJar which was passed in as source: fabric_api_base. Using Mod File: 
[13:23:09] [main/WARN]: Attempted to select a dependency jar for JarJar which was passed in as source: fabric_renderer_api_v1. Using Mod File: 
[13:23:09] [main/WARN]: Attempted to select a dependency jar for JarJar which was passed in as source: fabric_block_view_api_v2. Using Mod File: 
[13:23:09] [main/WARN]: Attempted to select a dependency jar for JarJar which was passed in as source: fabric_rendering_data_attachment_v1. Using Mod File: 
[13:23:09] [main/INFO]: Found 38 dependencies adding them to mods collection
[13:23:09] [main/INFO]: Found gamelibrary file "mixinextras-neoforge-0.5.3.jar" [parent: neoforge-21.1.244-universal.jar, locator: jarinjar, reader: mod manifest]
[13:23:09] [main/INFO]: Found library file "BlockModelSplitter-2.0.1.jar" [parent: [沉浸工程] ImmersiveEngineering-1.21.1-12.4.2-194.jar, locator: jarinjar, reader: mod manifest]
[13:23:09] [main/INFO]: Found library file "kotlinx-datetime-jvm-0.7.1-0.6.x-compat.jar" [parent: KotlinLangForge-2.12.2-k2.4.10-3.0+neoforge.jar, locator: jarinjar]
[13:23:09] [main/INFO]: Found gamelibrary file "dev.ryanhcode.sable.sable-sable_rapier-1.21.1-2.0.3.jar" [parent: sable-neoforge-1.21.1-2.0.3.jar, locator: jarinjar, reader: mod manifest]
[13:23:09] [main/INFO]: Found library file "glsl-processor-0.2.3.jar" [parent: veil-neoforge-1.21.1-4.1.4.jar, locator: jarinjar]
[13:23:10] [main/INFO]: Found mod file "ponder-neoforge-1.0.82+mc1.21.1.jar" [parent: mekanism_ponders-1.0.3-1.21.1.jar, locator: jarinjar, reader: mod manifest]
[13:23:10] [main/INFO]: Found library file "net.neoforged.neoforge-coremods-21.1.244.jar" [parent: neoforge-21.1.244-universal.jar, locator: jarinjar, reader: mod manifest]
[13:23:10] [main/INFO]: Found library file "greenlight-api-0.1.0+mc1.21.10.jar" [parent: [钠 · 扩展] sodium-extra-neoforge-0.9.3+mc1.21.1.jar, locator: jarinjar]
[13:23:10] [main/INFO]: Found library file "thedarkcolour.kfflang-5.12.0.jar" [parent: kotlinforforge-5.12.0-all.jar, locator: jarinjar, reader: mod manifest]
[13:23:10] [main/INFO]: Found mod file "dev.eriksonn.aeronautics.aeronautics-neoforge-1.21.1-1.3.0.jar" [parent: create-aeronautics-bundled-1.21.1-1.3.0.jar, locator: jarinjar, reader: mod manifest]
[13:23:10] [main/INFO]: Found gamelibrary file "thedarkcolour.kfflib-5.12.0.jar" [parent: kotlinforforge-5.12.0-all.jar, locator: jarinjar, reader: mod manifest]
[13:23:10] [main/INFO]: Found library file "jcpp-1.4.14.jar" [parent: iris-neoforge-1.8.14-beta.1+mc1.21.1.jar, locator: jarinjar]
[13:23:10] [main/INFO]: Found library file "glsl-transformer-3.0.0-pre3.jar" [parent: iris-neoforge-1.8.14-beta.1+mc1.21.1.jar, locator: jarinjar]
[13:23:10] [main/INFO]: Found mod file "thedarkcolour.kffmod-5.12.0.jar" [parent: kotlinforforge-5.12.0-all.jar, locator: jarinjar, reader: mod manifest]
[13:23:10] [main/INFO]: Found library file "kotlinx-serialization-cbor-jvm-1.9.0.jar" [parent: KotlinLangForge-2.12.2-k2.4.10-3.0+neoforge.jar, locator: jarinjar]
[13:23:10] [main/INFO]: Found library file "kotlin-stdlib-2.4.10.jar" [parent: KotlinLangForge-2.12.2-k2.4.10-3.0+neoforge.jar, locator: jarinjar]
[13:23:10] [main/INFO]: Found library file "kotlin-reflect-2.4.10.jar" [parent: KotlinLangForge-2.12.2-k2.4.10-3.0+neoforge.jar, locator: jarinjar]
[13:23:10] [main/INFO]: Found mod file "flywheel-neoforge-1.21.1-1.0.6.jar" [parent: create-1.21.1-6.0.10.jar, locator: jarinjar, reader: mod manifest]
[13:23:10] [main/INFO]: Found mod file "sable-companion-common-1.21.1-1.6.0.jar" [parent: sable-neoforge-1.21.1-2.0.3.jar, locator: jarinjar, reader: mod manifest]
[13:23:10] [main/INFO]: Found library file "kotlinx-coroutines-core-jvm-1.11.0.jar" [parent: kotlinforforge-5.12.0-all.jar, locator: jarinjar]
[13:23:10] [main/INFO]: Found library file "kotlinx-io-bytestring-jvm-0.8.0.jar" [parent: KotlinLangForge-2.12.2-k2.4.10-3.0+neoforge.jar, locator: jarinjar]
[13:23:10] [main/INFO]: Found mod file "veil-neoforge-1.21.1-4.1.4.jar" [parent: sable-neoforge-1.21.1-2.0.3.jar, locator: jarinjar, reader: mod manifest]
[13:23:10] [main/INFO]: Found mod file "dev.simulated_team.simulated.simulated-neoforge-1.21.1-1.3.0.jar" [parent: create-aeronautics-bundled-1.21.1-1.3.0.jar, locator: jarinjar, reader: mod manifest]
[13:23:10] [main/INFO]: Found library file "kotlinx-coroutines-jdk8-1.11.0.jar" [parent: kotlinforforge-5.12.0-all.jar, locator: jarinjar]
[13:23:10] [main/INFO]: Found mod file "conditional-mixin-neoforge-0.6.4.jar" [parent: [机械动力：龙+] CreateDragonsPlus-1.11.8b.jar, locator: jarinjar, reader: mod manifest]
[13:23:10] [main/INFO]: Found library file "kotlin-stdlib-jdk7-2.4.10.jar" [parent: KotlinLangForge-2.12.2-k2.4.10-3.0+neoforge.jar, locator: jarinjar]
[13:23:10] [main/INFO]: Found library file "kotlin-stdlib-jdk8-2.4.10.jar" [parent: KotlinLangForge-2.12.2-k2.4.10-3.0+neoforge.jar, locator: jarinjar]
[13:23:10] [main/INFO]: Found library file "battery-2.0.0.jar" [parent: [动态 FPS] dynamic-fps-3.11.4+minecraft-1.21.0-neoforge.jar, locator: jarinjar]
[13:23:10] [main/INFO]: Found library file "molang-compiler-3.1.1.19.jar" [parent: veil-neoforge-1.21.1-4.1.4.jar, locator: jarinjar]
[13:23:10] [main/INFO]: Found gamelibrary file "DualCodecs-0.1.2.jar" [parent: [沉浸工程] ImmersiveEngineering-1.21.1-12.4.2-194.jar, locator: jarinjar, reader: mod manifest]
[13:23:10] [main/INFO]: Found library file "kotlinx-serialization-core-jvm-1.11.0.jar" [parent: kotlinforforge-5.12.0-all.jar, locator: jarinjar]
[13:23:10] [main/INFO]: Found library file "Reflect-1.6.2.jar" [parent: ImmediatelyFast-NeoForge-1.6.14+1.21.1.jar, locator: jarinjar]
[13:23:10] [main/INFO]: Found gamelibrary file "Registrate-MC1.21-1.3.0+67.jar" [parent: create-1.21.1-6.0.10.jar, locator: jarinjar, reader: mod manifest]
[13:23:10] [main/INFO]: Found library file "kotlinx-io-core-jvm-0.8.0.jar" [parent: KotlinLangForge-2.12.2-k2.4.10-3.0+neoforge.jar, locator: jarinjar]
[13:23:10] [main/INFO]: Found library file "kotlinx-serialization-json-jvm-1.9.0.jar" [parent: KotlinLangForge-2.12.2-k2.4.10-3.0+neoforge.jar, locator: jarinjar]
[13:23:10] [main/INFO]: Found mod file "dev.ryanhcode.offroad.offroad-neoforge-1.21.1-1.3.0.jar" [parent: create-aeronautics-bundled-1.21.1-1.3.0.jar, locator: jarinjar, reader: mod manifest]
[13:23:10] [main/INFO]: Found library file "atomicfu-jvm-0.29.0.jar" [parent: KotlinLangForge-2.12.2-k2.4.10-3.0+neoforge.jar, locator: jarinjar]
[13:23:10] [main/INFO]: Found mod file "esl-neoforge-1.21.1-1.0.3+neoforge-mc1.21.1.jar" [parent: [机械动力：电气时代] create-new-age-1.2.0+neoforge-mc1.21.1.jar, locator: jarinjar, reader: mod manifest]
[13:23:10] [main/INFO]: 
     Mod List:
		Name Version (Mod Id)

		AppleSkin 3.0.9+mc1.21 (appleskin)
		Applied Energistics 2 19.2.17 (ae2)
		Architectury 13.0.11 (architectury)
		Colorwheel 1.2.9+mc1.21.1 (colorwheel)
		conditional mixin 0.6.4 (conditional_mixin)
		CosmeticArmorReworkedForked 1.21.1-0.0.4 (cosmeticarmorreworkedforked)
		Create 6.0.10 (create)
		Create Aeronautics 1.3.0 (aeronautics)
		Create Aeronautics 1.3.0 (aeronautics_bundled)
		Create Offroad 1.3.0 (offroad)
		Create Simulated 1.3.0 (simulated)
		Create: Connected 1.3.2-mc1.21.1 (create_connected)
		Create: Dragons Plus 1.11.8b (create_dragons_plus)
		Create: Enchantment Industry 2.5.3b (create_enchantment_industry)
		Create: New Age 1.2.0+mc1.21.1 (create_new_age)
		CreateBetterFps 1.1.4 (createbetterfps)
		Curios API 9.5.1+1.21.1 (curios)
		Dynamic FPS 3.11.4 (dynamic_fps)
		ESL 1.0.3 (esl)
		Ferrite Core 7.0.3 (ferritecore)
		Flerovium 1.1.2 (flerovium)
		Flywheel 1.0.6 (flywheel)
		Forgified Fabric API Base 0.4.42+d1308ded19 (fabric_api_base)
		Forgified Fabric BlockView API (v2) 1.0.10+9afaaf8c19 (fabric_block_view_api_v2)
		Forgified Fabric Renderer API (v1) 3.4.1+9125b6dc19 (fabric_renderer_api_v1)
		Forgified Fabric Rendering Data Attachment (v1) 0.3.48+73761d2e19 (fabric_rendering_data_attachment_v1)
		Framework 0.13.11 (framework)
		GL4ES Stencil Fix 1.0.0 (gl4esstencilfix)
		GuideME 21.1.17 (guideme)
		ImmediatelyFast 1.6.14+1.21.1 (immediatelyfast)
		Immersive Engineering 12.4.2-194 (immersiveengineering)
		Inventory Profiles Next 2.1.4 (inventoryprofilesnext)
		Iris 1.8.14-beta.1+mc1.21.1 (iris)
		Iris Veil Compat 0.3.0 (irisveil)
		Jade 15.10.6+neoforge (jade)
		Just Enough Items 19.43.0.395 (jei)
		Kotlin For Forge 5.12.0 (kotlinforforge)
		KotlinLangForge 2.12.2-k2.4.10-3.0+neoforge (klf)
		Lan Server Properties 1.13.2 (lanserverproperties)
		libIPN 6.3.1 (libipn)
		Mekanism 10.7.19 (mekanism)
		Mekanism: Generators 10.7.19 (mekanismgenerators)
		Mekanism: Ponders 1.0.3-1.21.1 (mekanism_ponders)
		Minecraft 1.21.1 (minecraft)
		Mouse Tweaks 2.26.1 (mousetweaks)
		NeoForge 21.1.244 (neoforge)
		Ponder 1.0.82+mc1.21.1 (ponder)
		ProjectE 1.1.0 (projecte)
		Reese's Sodium Options 2.2.3+mc1.21.1 (reeses_sodium_options)
		Sable 2.0.3 (sable)
		Sable Companion 1.6.0 (sablecompanion)
		Sodium 0.8.13-beta.2+mc1.21.1 (sodium)
		Sodium Dynamic Lights 1.0.9 (sodiumdynamiclights)
		Sodium Extra 0.9.3+mc1.21.1 (sodium_extra)
		Sodium/Embeddium Chinese Localized Package 3.17.8 (sclp)
		Tree Vein Miner 2.0.0 (mr_tree_veinminer)
		Trinkets and Baubles Reforked 1.2.3 (trinketsandbaubles)
		Veil 4.1.4 (veil)
		Veinminer 2.11.2 (veinminer)
[13:23:10] [main/ERROR]: Access transformer file accesstransformer.cfg provided by mod sodium_extra does not exist!
[13:23:10] [main/INFO]: Loading coremod script-engine for [gl4esstencilfix]
[13:23:13] [main/INFO]: Compatibility level set to JAVA_21
[13:23:13] [main/INFO]: Launching target 'forgeclient' with arguments [--version, 1.21.1 NeoForge, --gameDir, D:\Minecraft\.minecraft, --assetsDir, D:\Minecraft\.minecraft\assets, --uuid, 050f97b8d0c942c5a3fc65e7017d8894, --username, Trail_Akivili, --assetIndex, 17, --accessToken, ❄❄❄❄❄❄❄❄, --clientId, ${clientid}, --xuid, ${auth_xuid}, --userType, msa, --versionType, HMCL 3.16.4, --width, 1920, --height, 1080]
[13:23:14] [main/INFO]: Loaded configuration file for Sodium Extra: 36 options available, 0 override(s) found
[13:23:14] [main/WARN]: Reference map 'aeronautics.refmap.json' for aeronautics.mixins.json could not be read. If this is a development environment you can ignore this message
[13:23:14] [main/WARN]: Reference map 'trinketsandbaubles.refmap.json' for trinketsandbaubles.mixins.json could not be read. If this is a development environment you can ignore this message
[13:23:14] [main/WARN]: Reference map 'iris.refmap.json' for mixins.iris.json could not be read. If this is a development environment you can ignore this message
[13:23:14] [main/WARN]: Reference map 'iris.refmap.json' for mixins.iris.fantastic.json could not be read. If this is a development environment you can ignore this message
[13:23:14] [main/WARN]: Reference map 'iris.refmap.json' for mixins.iris.vertexformat.json could not be read. If this is a development environment you can ignore this message
[13:23:14] [main/WARN]: Reference map 'iris.refmap.json' for iris-batched-entity-rendering.mixins.json could not be read. If this is a development environment you can ignore this message
[13:23:14] [main/WARN]: Reference map 'iris.refmap.json' for mixins.iris.compat.sodium.json could not be read. If this is a development environment you can ignore this message
[13:23:14] [main/WARN]: Reference map 'simulated.refmap.json' for simulated.mixins.json could not be read. If this is a development environment you can ignore this message
[13:23:14] [main/WARN]: Reference map 'createbetterfps.refmap.json' for createbetterfps.mixins.json could not be read. If this is a development environment you can ignore this message
[13:23:14] [main/INFO]: Loaded configuration file for Sodium: 45 options available, 1 override(s) found
[13:23:14] [main/WARN]: Reference map 'offroad.refmap.json' for offroad.mixins.json could not be read. If this is a development environment you can ignore this message
[13:23:14] [main/WARN]: Reference map 'create_connected.refmap.json' for create_connected.mixins.json could not be read. If this is a development environment you can ignore this message
[13:23:14] [main/WARN]: Reference map 'curios.refmap.json' for curios.neoforge.mixins.json could not be read. If this is a development environment you can ignore this message
[13:23:14] [main/WARN]: Reference map 'curios.refmap.json' for curios.mixins.json could not be read. If this is a development environment you can ignore this message
[13:23:14] [main/WARN]: Reference map 'sclp.refmap.json' for sclp.mixins.json could not be read. If this is a development environment you can ignore this message
[13:23:14] [main/WARN]: Reference map 'ipnext.refmap.json' for mixins.ipnext.json could not be read. If this is a development environment you can ignore this message
[13:23:14] [main/WARN]: Reference map '${refmap_target}refmap.json' for ferritecore.predicates.mixin.json could not be read. If this is a development environment you can ignore this message
[13:23:14] [main/WARN]: Reference map '${refmap_target}refmap.json' for ferritecore.fastmap.mixin.json could not be read. If this is a development environment you can ignore this message
[13:23:14] [main/WARN]: Reference map '${refmap_target}refmap.json' for ferritecore.mrl.mixin.json could not be read. If this is a development environment you can ignore this message
[13:23:14] [main/WARN]: Reference map '${refmap_target}refmap.json' for ferritecore.dedupmultipart.mixin.json could not be read. If this is a development environment you can ignore this message
[13:23:14] [main/WARN]: Reference map '${refmap_target}refmap.json' for ferritecore.blockstatecache.mixin.json could not be read. If this is a development environment you can ignore this message
[13:23:14] [main/WARN]: Reference map '${refmap_target}refmap.json' for ferritecore.dedupbakedquad.mixin.json could not be read. If this is a development environment you can ignore this message
[13:23:14] [main/WARN]: Reference map '${refmap_target}refmap.json' for ferritecore.threaddetec.mixin.json could not be read. If this is a development environment you can ignore this message
[13:23:14] [main/WARN]: Reference map '${refmap_target}refmap.json' for ferritecore.modelsides.mixin.json could not be read. If this is a development environment you can ignore this message
[13:23:14] [main/WARN]: Reference map '${refmap_target}refmap.json' for ferritecore.datacomponents.mixin.json could not be read. If this is a development environment you can ignore this message
[13:23:14] [main/WARN]: Reference map '${refmap_target}refmap.json' for ferritecore.accessors.mixin.json could not be read. If this is a development environment you can ignore this message
[13:23:14] [main/WARN]: Reference map 'lsp.refmap.json' for lsp.mixins.json could not be read. If this is a development environment you can ignore this message
[13:23:14] [main/WARN]: Reference map 'ponder.refmap.json' for ponder-common.mixins.json could not be read. If this is a development environment you can ignore this message
[13:23:14] [main/INFO]: Using Sodium renderer mixins
[13:23:14] [main/INFO]: Using Sodium renderer mixins
[GL4ESFix] SUCCESS: RenderTarget.enableStencil() -> no-op RETURN
[13:23:16] [main/WARN]: Error loading class: com/portingdeadmods/cable_facades/events/GameClientEvents$2 (java.lang.ClassNotFoundException: com.portingdeadmods.cable_facades.events.GameClientEvents$2)
[13:23:16] [main/WARN]: Error loading class: com/direwolf20/justdirethings/client/renderers/OurRenderTypes (java.lang.ClassNotFoundException: com.direwolf20.justdirethings.client.renderers.OurRenderTypes)
[13:23:16] [main/WARN]: Force-disabling mixin 'features.render.world.sky.ClientLevelMixin' as rule 'mixin.features.render.world.sky' (added by mods [iris]) disables it and children
[13:23:16] [main/WARN]: Force-disabling mixin 'features.render.world.sky.FogRendererMixin' as rule 'mixin.features.render.world.sky' (added by mods [iris]) disables it and children
[13:23:16] [main/WARN]: Force-disabling mixin 'features.render.world.sky.LevelRendererMixin' as rule 'mixin.features.render.world.sky' (added by mods [iris]) disables it and children
[13:23:16] [main/WARN]: Error loading class: me/jellysquid/mods/sodium/client/model/light/data/ArrayLightDataCache (java.lang.ClassNotFoundException: me.jellysquid.mods.sodium.client.model.light.data.ArrayLightDataCache)
[13:23:16] [main/WARN]: Error loading class: me/jellysquid/mods/sodium/client/model/light/flat/FlatLightPipeline (java.lang.ClassNotFoundException: me.jellysquid.mods.sodium.client.model.light.flat.FlatLightPipeline)
[13:23:16] [main/WARN]: Error loading class: me/jellysquid/mods/sodium/client/model/light/data/LightDataAccess (java.lang.ClassNotFoundException: me.jellysquid.mods.sodium.client.model.light.data.LightDataAccess)
[13:23:16] [main/WARN]: Error loading class: net/fabricmc/fabric/impl/client/indigo/renderer/aocalc/AoCalculator (java.lang.ClassNotFoundException: net.fabricmc.fabric.impl.client.indigo.renderer.aocalc.AoCalculator)
[13:23:16] [main/WARN]: Error loading class: net/caffeinemc/mods/sodium/client/gui/SodiumOptionsGUI (java.lang.ClassNotFoundException: net.caffeinemc.mods.sodium.client.gui.SodiumOptionsGUI)
[13:23:16] [main/WARN]: @Mixin target net.caffeinemc.mods.sodium.client.gui.SodiumOptionsGUI was not found mixins.sodiumdynamiclights.json:sodium.SodiumOptionsGuiMixin from mod sodiumdynamiclights
[13:23:16] [main/WARN]: Error loading class: com/copycatsplus/copycats/content/copycat/slab/CopycatSlabBlock (java.lang.ClassNotFoundException: com.copycatsplus.copycats.content.copycat.slab.CopycatSlabBlock)
[13:23:16] [main/WARN]: @Mixin target com.copycatsplus.copycats.content.copycat.slab.CopycatSlabBlock was not found create_connected.mixins.json:compat.CopycatBlockMixin from mod create_connected
[13:23:16] [main/WARN]: Error loading class: com/copycatsplus/copycats/content/copycat/board/CopycatBoardBlock (java.lang.ClassNotFoundException: com.copycatsplus.copycats.content.copycat.board.CopycatBoardBlock)
[13:23:16] [main/WARN]: @Mixin target com.copycatsplus.copycats.content.copycat.board.CopycatBoardBlock was not found create_connected.mixins.json:compat.CopycatBlockMixin from mod create_connected
[13:23:16] [main/WARN]: Error loading class: me/jellysquid/mods/lithium/common/ai/pathing/PathNodeDefaults (java.lang.ClassNotFoundException: me.jellysquid.mods.lithium.common.ai.pathing.PathNodeDefaults)
[13:23:17] [main/WARN]: Error loading class: com/simibubi/create/foundation/ponder/PonderWorld (java.lang.ClassNotFoundException: com.simibubi.create.foundation.ponder.PonderWorld)
[13:23:17] [main/WARN]: Error loading class: org/embeddedt/embeddium/impl/util/PlatformUtil (java.lang.ClassNotFoundException: org.embeddedt.embeddium.impl.util.PlatformUtil)
[13:23:17] [main/WARN]: @Mixin target org.embeddedt.embeddium.impl.util.PlatformUtil was not found sclp.mixins.json:embeddium.MixinEmbeddiumPlatformUtil from mod sclp
[13:23:17] [main/WARN]: Error loading class: org/embeddedt/embeddium/impl/gui/screen/PromptScreen (java.lang.ClassNotFoundException: org.embeddedt.embeddium.impl.gui.screen.PromptScreen)
[13:23:17] [main/WARN]: @Mixin target org.embeddedt.embeddium.impl.gui.screen.PromptScreen was not found sclp.mixins.json:embeddium.MixinScreenPrompt from mod sclp
[13:23:17] [main/WARN]: Error loading class: org/embeddedt/embeddium/impl/gui/EmbeddiumVideoOptionsScreen (java.lang.ClassNotFoundException: org.embeddedt.embeddium.impl.gui.EmbeddiumVideoOptionsScreen)
[13:23:17] [main/WARN]: @Mixin target org.embeddedt.embeddium.impl.gui.EmbeddiumVideoOptionsScreen was not found sclp.mixins.json:embeddium.EmbeddiumOptionsGUIMixin from mod sclp
[13:23:17] [main/WARN]: Error loading class: org/embeddedt/embeddium/api/options/control/ControlValueFormatter (java.lang.ClassNotFoundException: org.embeddedt.embeddium.api.options.control.ControlValueFormatter)
[13:23:17] [main/WARN]: @Mixin target org.embeddedt.embeddium.api.options.control.ControlValueFormatter was not found sclp.mixins.json:embeddium.MixinControlValueFormatter from mod sclp
[13:23:17] [main/WARN]: Error loading class: net/caffeinemc/mods/sodium/client/gui/options/control/ControlValueFormatter (java.lang.ClassNotFoundException: net.caffeinemc.mods.sodium.client.gui.options.control.ControlValueFormatter)
[13:23:17] [main/WARN]: @Mixin target net.caffeinemc.mods.sodium.client.gui.options.control.ControlValueFormatter was not found sclp.mixins.json:sodium.MixinControlValueFormatter from mod sclp
[13:23:17] [main/WARN]: Error loading class: net/caffeinemc/mods/sodium/client/gui/SodiumOptionsGUI (java.lang.ClassNotFoundException: net.caffeinemc.mods.sodium.client.gui.SodiumOptionsGUI)
[13:23:17] [main/WARN]: @Mixin target net.caffeinemc.mods.sodium.client.gui.SodiumOptionsGUI was not found sclp.mixins.json:sodium.SodiumOptionsGUIMixin from mod sclp
[13:23:17] [main/WARN]: Error loading class: org/embeddedt/embeddium/api/options/structure/OptionImpl (java.lang.ClassNotFoundException: org.embeddedt.embeddium.api.options.structure.OptionImpl)
[13:23:17] [main/WARN]: @Mixin target org.embeddedt.embeddium.api.options.structure.OptionImpl was not found sclp.mixins.json:embeddium.MixinOptionImpl from mod sclp
[13:23:17] [main/WARN]: Error loading class: net/caffeinemc/mods/sodium/client/gui/options/OptionImpl (java.lang.ClassNotFoundException: net.caffeinemc.mods.sodium.client.gui.options.OptionImpl)
[13:23:17] [main/WARN]: @Mixin target net.caffeinemc.mods.sodium.client.gui.options.OptionImpl was not found sclp.mixins.json:sodium.MixinOptionImpl from mod sclp
[13:23:17] [main/WARN]: Error loading class: toni/sodiumoptionsapi/gui/TabHeaderWidget (java.lang.ClassNotFoundException: toni.sodiumoptionsapi.gui.TabHeaderWidget)
[13:23:17] [main/WARN]: @Mixin target toni.sodiumoptionsapi.gui.TabHeaderWidget was not found sclp.mixins.json:sodium_options_api.MixinTabHeaderWidget from mod sclp
[13:23:17] [main/WARN]: Inventory Profiles Next: Doing our own dependency resolving! Because Forge is being Forge....: https://github.com/MinecraftForge/MinecraftForge/issues/9088
[13:23:17] [main/WARN]: Error loading class: dev/isxander/controlify/virtualmouse/VirtualMouseHandler (java.lang.ClassNotFoundException: dev.isxander.controlify.virtualmouse.VirtualMouseHandler)
[13:23:17] [main/WARN]: @Mixin target dev.isxander.controlify.virtualmouse.VirtualMouseHandler was not found mixins.ipnext.json:MixinVirtualMouseHandler from mod inventoryprofilesnext
[13:23:17] [main/WARN]: Error loading class: de/maxhenkel/easyvillagers/blocks/tileentity/TraderTileentityBase (java.lang.ClassNotFoundException: de.maxhenkel.easyvillagers.blocks.tileentity.TraderTileentityBase)
[13:23:17] [main/WARN]: @Mixin target de.maxhenkel.easyvillagers.blocks.tileentity.TraderTileentityBase was not found mixins.ipnext.json:MixinTraderTileEntityBase from mod inventoryprofilesnext
[13:23:18] [main/WARN]: Error loading class: me/jellysquid/mods/sodium/client/model/light/data/ArrayLightDataCache (java.lang.ClassNotFoundException: me.jellysquid.mods.sodium.client.model.light.data.ArrayLightDataCache)
[13:23:18] [main/WARN]: Error loading class: me/jellysquid/mods/sodium/client/model/light/data/ArrayLightDataCache (java.lang.ClassNotFoundException: me.jellysquid.mods.sodium.client.model.light.data.ArrayLightDataCache)
[13:23:18] [main/WARN]: Error loading class: me/jellysquid/mods/sodium/client/model/light/flat/FlatLightPipeline (java.lang.ClassNotFoundException: me.jellysquid.mods.sodium.client.model.light.flat.FlatLightPipeline)
[13:23:18] [main/WARN]: Error loading class: me/jellysquid/mods/sodium/client/model/light/flat/FlatLightPipeline (java.lang.ClassNotFoundException: me.jellysquid.mods.sodium.client.model.light.flat.FlatLightPipeline)
[13:23:18] [main/WARN]: Error loading class: me/jellysquid/mods/sodium/client/model/light/data/LightDataAccess (java.lang.ClassNotFoundException: me.jellysquid.mods.sodium.client.model.light.data.LightDataAccess)
[13:23:18] [main/WARN]: Error loading class: me/jellysquid/mods/sodium/client/model/light/data/LightDataAccess (java.lang.ClassNotFoundException: me.jellysquid.mods.sodium.client.model.light.data.LightDataAccess)
[13:23:18] [main/WARN]: Error loading class: org/jetbrains/annotations/ApiStatus$ScheduledForRemoval (java.lang.ClassNotFoundException: org.jetbrains.annotations.ApiStatus$ScheduledForRemoval)
[13:23:18] [main/INFO]: Initializing MixinExtras via com.llamalad7.mixinextras.service.MixinExtrasServiceImpl(version=0.5.3).
WARN StatusConsoleListener Error parsing URI D:\Minecraft\.minecraft\versions\1.21.1 NeoForge\log4j2.xml
WARN StatusConsoleListener Advanced terminal features are not available in this environment
[13:23:23] [Datafixer Bootstrap/INFO] [mojang/DataFixerBuilder]: 229 Datafixer optimizations took 864 milliseconds
[GL4ESFix] SUCCESS: RenderTarget.enableStencil() -> no-op RETURN
[13:23:33] [Render thread/WARN] [minecraft/VanillaPackResourcesBuilder]: Assets URL 'union:/D:/Minecraft/.minecraft/libraries/net/minecraft/client/1.21.1-20240808.144430/client-1.21.1-20240808.144430-srg.jar%23233!/assets/.mcassetsroot' uses unexpected schema
[13:23:33] [Render thread/WARN] [minecraft/VanillaPackResourcesBuilder]: Assets URL 'union:/D:/Minecraft/.minecraft/libraries/net/minecraft/client/1.21.1-20240808.144430/client-1.21.1-20240808.144430-srg.jar%23233!/data/.mcassetsroot' uses unexpected schema
[13:23:33] [Render thread/INFO] [mojang/YggdrasilAuthenticationService]: Environment: Environment[sessionHost=https://sessionserver.mojang.com, servicesHost=https://api.minecraftservices.com, name=PROD]
[13:23:33] [Render thread/INFO] [minecraft/Minecraft]: Setting user: Trail_Akivili
[13:23:34] [Render thread/INFO] [minecraft/Minecraft]: Backend library: LWJGL version 3.3.3+5
[13:23:34] [Render thread/INFO] [mojang/Window]: OpenGL Vendor: NVIDIA Corporation
[13:23:34] [Render thread/INFO] [mojang/Window]: OpenGL Renderer: NVIDIA GeForce GTX 960/PCIe/SSE2
[13:23:34] [Render thread/INFO] [mojang/Window]: OpenGL Version: 4.6.0 NVIDIA 560.94
[13:23:34] [Render thread/INFO] [Sodium-NvidiaWorkarounds/]: Modifying OpenGL context to apply workarounds for the NVIDIA graphics driver...
[13:23:34] [Render thread/INFO] [Sodium-NvidiaWorkarounds/]: Enabling GL_DEBUG_OUTPUT_SYNCHRONOUS to force the NVIDIA driver to disable threaded command submission
[13:23:34] [ForkJoinPool.commonPool-worker-6/WARN] [Iris/]: [Iris Update Check] Failed to get update info!
javax.net.ssl.SSLHandshakeException: (certificate_unknown) PKIX path building failed: sun.security.provider.certpath.SunCertPathBuilderException: unable to find valid certification path to requested target
	at java.base/sun.security.ssl.Alert.createSSLException(Alert.java:130) ~[?:?] {}
	at java.base/sun.security.ssl.TransportContext.fatal(TransportContext.java:383) ~[?:?] {}
	at java.base/sun.security.ssl.TransportContext.fatal(TransportContext.java:326) ~[?:?] {}
	at java.base/sun.security.ssl.TransportContext.fatal(TransportContext.java:321) ~[?:?] {}
	at java.base/sun.security.ssl.CertificateMessage$T13CertificateConsumer.checkServerCerts(CertificateMessage.java:1287) ~[?:?] {}
	at java.base/sun.security.ssl.CertificateMessage$T13CertificateConsumer.onConsumeCertificate(CertificateMessage.java:1164) ~[?:?] {}
	at java.base/sun.security.ssl.CertificateMessage$T13CertificateConsumer.consume(CertificateMessage.java:1107) ~[?:?] {}
	at java.base/sun.security.ssl.SSLHandshake.consume(SSLHandshake.java:393) ~[?:?] {}
	at java.base/sun.security.ssl.HandshakeContext.dispatch(HandshakeContext.java:477) ~[?:?] {}
	at java.base/sun.security.ssl.HandshakeContext.dispatch(HandshakeContext.java:448) ~[?:?] {}
	at java.base/sun.security.ssl.TransportContext.dispatch(TransportContext.java:206) ~[?:?] {}
	at java.base/sun.security.ssl.SSLTransport.decode(SSLTransport.java:172) ~[?:?] {}
	at java.base/sun.security.ssl.SSLSocketImpl.decode(SSLSocketImpl.java:1505) ~[?:?] {}
	at java.base/sun.security.ssl.SSLSocketImpl.readHandshakeRecord(SSLSocketImpl.java:1420) ~[?:?] {}
	at java.base/sun.security.ssl.SSLSocketImpl.startHandshake(SSLSocketImpl.java:455) ~[?:?] {}
	at java.base/sun.security.ssl.SSLSocketImpl.startHandshake(SSLSocketImpl.java:426) ~[?:?] {}
	at java.base/sun.net.www.protocol.https.HttpsClient.afterConnect(HttpsClient.java:586) ~[?:?] {}
	at java.base/sun.net.www.protocol.https.AbstractDelegateHttpsURLConnection.connect(AbstractDelegateHttpsURLConnection.java:190) ~[?:?] {}
	at java.base/sun.net.www.protocol.http.HttpURLConnection.getInputStream0(HttpURLConnection.java:1691) ~[?:?] {}
	at java.base/sun.net.www.protocol.http.HttpURLConnection.getInputStream(HttpURLConnection.java:1615) ~[?:?] {}
	at java.base/sun.net.www.protocol.https.HttpsURLConnectionImpl.getInputStream(HttpsURLConnectionImpl.java:223) ~[?:?] {}
	at java.base/java.net.URL.openStream(URL.java:1325) ~[?:?] {}
	at TRANSFORMER/iris@1.8.14-beta.1+mc1.21.1/net.irisshaders.iris.UpdateChecker.lambda$checkForUpdates$0(UpdateChecker.java:89) ~[?:?] {re:classloading}
	at java.base/java.util.concurrent.CompletableFuture$AsyncSupply.run(CompletableFuture.java:1768) [?:?] {}
	at java.base/java.util.concurrent.CompletableFuture$AsyncSupply.exec(CompletableFuture.java:1760) [?:?] {}
	at java.base/java.util.concurrent.ForkJoinTask.doExec(ForkJoinTask.java:387) [?:?] {}
	at java.base/java.util.concurrent.ForkJoinPool$WorkQueue.topLevelExec(ForkJoinPool.java:1310) [?:?] {}
	at java.base/java.util.concurrent.ForkJoinPool.scan(ForkJoinPool.java:1841) [?:?] {}
	at java.base/java.util.concurrent.ForkJoinPool.runWorker(ForkJoinPool.java:1806) [?:?] {}
	at java.base/java.util.concurrent.ForkJoinWorkerThread.run(ForkJoinWorkerThread.java:188) [?:?] {}
Caused by: sun.security.validator.ValidatorException: PKIX path building failed: sun.security.provider.certpath.SunCertPathBuilderException: unable to find valid certification path to requested target
	at java.base/sun.security.validator.PKIXValidator.doBuild(PKIXValidator.java:388) ~[?:?] {}
	at java.base/sun.security.validator.PKIXValidator.engineValidate(PKIXValidator.java:271) ~[?:?] {}
	at java.base/sun.security.validator.Validator.validate(Validator.java:256) ~[?:?] {}
	at java.base/sun.security.ssl.X509TrustManagerImpl.checkTrusted(X509TrustManagerImpl.java:230) ~[?:?] {}
	at java.base/sun.security.ssl.X509TrustManagerImpl.checkServerTrusted(X509TrustManagerImpl.java:132) ~[?:?] {}
	at java.base/sun.security.ssl.CertificateMessage$T13CertificateConsumer.checkServerCerts(CertificateMessage.java:1271) ~[?:?] {}
	... 25 more
Caused by: sun.security.provider.certpath.SunCertPathBuilderException: unable to find valid certification path to requested target
	at java.base/sun.security.provider.certpath.SunCertPathBuilder.build(SunCertPathBuilder.java:148) ~[?:?] {}
	at java.base/sun.security.provider.certpath.SunCertPathBuilder.engineBuild(SunCertPathBuilder.java:129) ~[?:?] {}
	at java.base/java.security.cert.CertPathBuilder.build(CertPathBuilder.java:297) ~[?:?] {}
	at java.base/sun.security.validator.PKIXValidator.doBuild(PKIXValidator.java:383) ~[?:?] {}
	at java.base/sun.security.validator.PKIXValidator.engineValidate(PKIXValidator.java:271) ~[?:?] {}
	at java.base/sun.security.validator.Validator.validate(Validator.java:256) ~[?:?] {}
	at java.base/sun.security.ssl.X509TrustManagerImpl.checkTrusted(X509TrustManagerImpl.java:230) ~[?:?] {}
	at java.base/sun.security.ssl.X509TrustManagerImpl.checkServerTrusted(X509TrustManagerImpl.java:132) ~[?:?] {}
	at java.base/sun.security.ssl.CertificateMessage$T13CertificateConsumer.checkServerCerts(CertificateMessage.java:1271) ~[?:?] {}
	... 25 more
[13:23:34] [Render thread/INFO] [ImmediatelyFast/]: Initializing ImmediatelyFast 1.6.14+1.21.1 on NVIDIA GeForce GTX 960/PCIe/SSE2 (NVIDIA Corporation) with OpenGL 4.6.0 NVIDIA 560.94
[13:23:34] [Render thread/INFO] [ImmediatelyFast/]: Found Iris 1.8.14-beta.1+mc1.21.1. Enabling compatibility.
[13:23:34] [Render thread/INFO] [Iris/]: Debug functionality is disabled.
[13:23:34] [Render thread/INFO] [Iris/]: OpenGL 4.5 detected, enabling DSA.
[13:23:34] [Render thread/INFO] [Iris/]: Shaders are disabled because enableShaders is set to false in iris.properties
[13:23:34] [Render thread/INFO] [colorwheel/]: Is OIT supported: true
[GL4ESFix] Mod initialized. RenderTarget.enableStencil() has been patched to a no-op.
[13:23:35] [modloading-worker-0/INFO] [Veil/]: Veil is initializing.
[13:23:35] [modloading-worker-0/INFO] [or.an.cn.CreateNewAge/]: Hello 1.21.1 Create!
[Mouse Tweaks] Main.initialize()
[Mouse Tweaks] Initialized.
[13:23:35] [modloading-worker-0/INFO] [ne.ne.ne.co.NeoForgeMod/NEOFORGE-MOD]: NeoForge mod loading, version 21.1.244, for MC 1.21.1
[13:23:36] [modloading-worker-0/INFO] [th.ko.ne.te.KotlinForForge/]: Kotlin For Forge Enabled!
[13:23:36] [modloading-worker-0/WARN] [AE2:C/]: Unable to find class com.simibubi.create.foundation.ponder.PonderWorld. Integration with PonderJS disabled.
[13:23:36] [modloading-worker-0/INFO] [de.mi.ve.Veinminer/]: Veinminer Version: 2.11.2 (neoforge)
[13:23:37] [modloading-worker-0/INFO] [me.je.li.lo.PluginCaller/]: Sending ConfigManager...
10月 01, 2026 1:23:37 下午 guideme.internal.shaded.lucene.internal.vectorization.VectorizationProvider lookup
警告: You are running with unsupported Java 21. To make full use of the Vector API, please update Apache Lucene.
[13:23:37] [modloading-worker-0/INFO] [me.je.li.lo.PluginCaller/]: Sending ConfigManager took 14.68 milliseconds
[13:23:37] [modloading-worker-0/INFO] [Inventory Profiles Next/]: [Inventory Profiles Next] Inventory Profiles Next - init in Kotlin
[13:23:37] [SCLP Language loading thread-0/INFO] [SCLP/]: [SCLP]en_us language loaded
[13:23:37] [SCLP Language loading thread-3/INFO] [SCLP/]: [SCLP]zh_hk language loaded
[13:23:38] [SCLP Language loading thread-3/INFO] [SCLP/]: [SCLP]ja_jp language loaded
[13:23:38] [SCLP Language loading thread-2/INFO] [SCLP/]: [SCLP]zh_tw language loaded
[13:23:38] [modloading-worker-0/INFO] [co.si.cr.Create/]: Create 6.0.10 initializing! Commit hash: ac0c444d9828da3453ae8cc65338e8de063286fb
[13:23:38] [SCLP Language loading thread-1/INFO] [SCLP/]: [SCLP]zh_cn have internet update
[13:23:38] [SCLP Language loading thread-1/INFO] [SCLP/]: [SCLP]zh_cn language loaded
[13:23:38] [modloading-worker-0/INFO] [SCLP/]: [SCLP] All language loaded
[13:23:38] [modloading-worker-0/INFO] [SCLP/]: [SCLP] I18NLanguage init
[13:23:38] [modloading-worker-0/INFO] [SCLP/]: [SCLP]
      ____                                    ____ 
     /   /                                   /   /   
    /   /    ____________  ______  _____    /   /    ___ ___ 
   /   /___ /  _  /  _  / /     / /  _  \  /   /___ |  //  /
  /_______/ \____/\____/ /  /  /  \__   / /_______/  \    /
 ___________________________________/  /______________/  /
/___LoongLy Software 2026_______________________________/
[SCLP]LoongLy:Sodium Chinese Localized Package init successful!(钠汉化包初始化成功！)

[13:23:39] [DefaultDispatcher-worker-1/INFO] [de.mi.ve.Veinminer/]: veinminer is up to date
[13:23:39] [modloading-worker-0/WARN] [mixin/]: @Inject(@At("INVOKE")) Shift.BY=2 on create_connected.mixins.json:sequencedgearshift.SequencedGearshiftScreenMixin from mod create_connected::handler$bkk000$create_connected$updateParamsOfRow exceeds the maximum allowed value: 0. Increase the value of maxShiftBy to suppress this warning.
[13:23:39] [modloading-worker-0/INFO] [mixin/]: mekanism_ponders.mixins.json:AccessorAttributeStateActive from mod mekanism_ponders->@Accessor[FIELD_GETTER]::mekanism_ponder$getActiveProperty()Lnet/minecraft/world/level/block/state/properties/BooleanProperty; should be static as its target is
[13:23:43] [modloading-worker-0/INFO] [de.ry.sa.Sable/]: Sable loaded!
[13:23:43] [modloading-worker-0/WARN] [de.ry.sa.Sable/]: NOTE: Sable is loaded with Flywheel. Sable contains extensive shader overrides and a full light-storage replacement. Expect this to cause compatibility issues. If issues arise, please report them to the Sable issue tracker (https://github.com/ryanhcode/sable/issues) instead of the Flywheel issue tracker.
[13:23:50] [modloading-sync-worker/INFO] [co.ji.tr.TrinketsandBaublesMod/]: Loaded Trinkets and Baubles config file trinketsandbaubles-common.toml
[13:23:51] [Render thread/ERROR] [mixin/]: Write access detected to @Final field name:Lnet/minecraft/network/chat/Component; in sclp.mixins.json:sodium.MixinPageBuilderImpl from mod sclp::handler$boa000$sclp$injectSetName
[13:23:51] [Render thread/INFO] [Veil/]: GL Debug supported
[13:23:51] [Render thread/WARN] [minecraft/SynchedEntityData]: defineId called for: class net.minecraft.world.entity.LivingEntity from class net.minecraft.client.Camera
[13:23:51] [Render thread/INFO] [Iris/]: Hardware information:
[13:23:51] [Render thread/INFO] [Iris/]: CPU: 16x Intel(R) Xeon(R) CPU E5-2660 0 @ 2.20GHz
[13:23:51] [Render thread/INFO] [Iris/]: GPU: NVIDIA GeForce GTX 960/PCIe/SSE2 (Supports OpenGL 4.6.0 NVIDIA 560.94)
[13:23:51] [Render thread/INFO] [Iris/]: OS: Windows 11 (10.0)
[13:23:53] [Render thread/INFO] [minecraft/ReloadableResourceManager]: Reloading ResourceManager: vanilla, mod_resources, mod/sodium, mod/gl4esstencilfix, mod/fabric_renderer_api_v1, mod/sodium_extra, mod/jei, mod/aeronautics, mod/aeronautics_bundled, mod/flerovium, mod/mekanism, mod/projecte, mod/neoforge, mod/fabric_block_view_api_v2, mod/trinketsandbaubles, mod/iris, mod/veil, mod/simulated, mod/guideme, mod/mekanismgenerators, mod/create_new_age, mod/mr_tree_veinminer, mod/createbetterfps, mod/sodiumdynamiclights, mod/offroad, mod/create_connected, mod/irisveil, mod/libipn, mod/fabric_api_base, mod/mousetweaks, mod/immersiveengineering, mod/jade, mod/ae2, mod/reeses_sodium_options, mod/kotlinforforge, mod/curios, mod/sablecompanion, mod/veinminer, mod/sclp, mod/immediatelyfast, mod/inventoryprofilesnext, mod/architectury, mod/cosmeticarmorreworkedforked, mod/appleskin, mod/ferritecore, mod/conditional_mixin, mod/lanserverproperties, mod/dynamic_fps, mod/fabric_rendering_data_attachment_v1, mod/framework, mod/colorwheel, mod/flywheel, mod/ponder, mod/create, mod/create_dragons_plus, mod/sable, mod/mekanism_ponders, mod/create_enchantment_industry, mod/esl
[13:23:53] [Worker-Main-4/INFO] [me.co.Mekanism/]: Version 10.7.19 initializing...
[13:23:53] [Immersive Engineering Contributors Thread/INFO] [immersiveengineering/]: Attempting to download special revolvers from GitHub
[13:23:53] [Worker-Main-4/INFO] [me.co.Mekanism/]: Initialized HolidayManager.
[13:23:53] [Immersive Engineering Contributors Thread/INFO] [immersiveengineering/]: Could not load contributor+special revolver list.
javax.net.ssl.SSLHandshakeException: (certificate_unknown) PKIX path building failed: sun.security.provider.certpath.SunCertPathBuilderException: unable to find valid certification path to requested target
	at java.base/sun.security.ssl.Alert.createSSLException(Alert.java:130) ~[?:?] {}
	at java.base/sun.security.ssl.TransportContext.fatal(TransportContext.java:383) ~[?:?] {}
	at java.base/sun.security.ssl.TransportContext.fatal(TransportContext.java:326) ~[?:?] {}
	at java.base/sun.security.ssl.TransportContext.fatal(TransportContext.java:321) ~[?:?] {}
	at java.base/sun.security.ssl.CertificateMessage$T13CertificateConsumer.checkServerCerts(CertificateMessage.java:1287) ~[?:?] {}
	at java.base/sun.security.ssl.CertificateMessage$T13CertificateConsumer.onConsumeCertificate(CertificateMessage.java:1164) ~[?:?] {}
	at java.base/sun.security.ssl.CertificateMessage$T13CertificateConsumer.consume(CertificateMessage.java:1107) ~[?:?] {}
	at java.base/sun.security.ssl.SSLHandshake.consume(SSLHandshake.java:393) ~[?:?] {}
	at java.base/sun.security.ssl.HandshakeContext.dispatch(HandshakeContext.java:477) ~[?:?] {}
	at java.base/sun.security.ssl.HandshakeContext.dispatch(HandshakeContext.java:448) ~[?:?] {}
	at java.base/sun.security.ssl.TransportContext.dispatch(TransportContext.java:206) ~[?:?] {}
	at java.base/sun.security.ssl.SSLTransport.decode(SSLTransport.java:172) ~[?:?] {}
	at java.base/sun.security.ssl.SSLSocketImpl.decode(SSLSocketImpl.java:1505) ~[?:?] {}
	at java.base/sun.security.ssl.SSLSocketImpl.readHandshakeRecord(SSLSocketImpl.java:1420) ~[?:?] {}
	at java.base/sun.security.ssl.SSLSocketImpl.startHandshake(SSLSocketImpl.java:455) ~[?:?] {}
	at java.base/sun.security.ssl.SSLSocketImpl.startHandshake(SSLSocketImpl.java:426) ~[?:?] {}
	at java.base/sun.net.www.protocol.https.HttpsClient.afterConnect(HttpsClient.java:586) ~[?:?] {}
	at java.base/sun.net.www.protocol.https.AbstractDelegateHttpsURLConnection.connect(AbstractDelegateHttpsURLConnection.java:190) ~[?:?] {}
	at java.base/sun.net.www.protocol.http.HttpURLConnection.getInputStream0(HttpURLConnection.java:1691) ~[?:?] {}
	at java.base/sun.net.www.protocol.http.HttpURLConnection.getInputStream(HttpURLConnection.java:1615) ~[?:?] {}
	at java.base/sun.net.www.protocol.https.HttpsURLConnectionImpl.getInputStream(HttpsURLConnectionImpl.java:223) ~[?:?] {}
	at java.base/java.net.URL.openStream(URL.java:1325) ~[?:?] {}
	at TRANSFORMER/immersiveengineering@12.4.2-194/blusunrize.immersiveengineering.ImmersiveEngineering$ThreadContributorSpecialsDownloader.run(ImmersiveEngineering.java:329) [%5B沉浸工程%5D%20ImmersiveEngineering-1.21.1-12.4.2-194.jar%23246!/:?] {re:classloading}
Caused by: sun.security.validator.ValidatorException: PKIX path building failed: sun.security.provider.certpath.SunCertPathBuilderException: unable to find valid certification path to requested target
	at java.base/sun.security.validator.PKIXValidator.doBuild(PKIXValidator.java:388) ~[?:?] {}
	at java.base/sun.security.validator.PKIXValidator.engineValidate(PKIXValidator.java:271) ~[?:?] {}
	at java.base/sun.security.validator.Validator.validate(Validator.java:256) ~[?:?] {}
	at java.base/sun.security.ssl.X509TrustManagerImpl.checkTrusted(X509TrustManagerImpl.java:230) ~[?:?] {}
	at java.base/sun.security.ssl.X509TrustManagerImpl.checkServerTrusted(X509TrustManagerImpl.java:132) ~[?:?] {}
	at java.base/sun.security.ssl.CertificateMessage$T13CertificateConsumer.checkServerCerts(CertificateMessage.java:1271) ~[?:?] {}
	... 18 more
Caused by: sun.security.provider.certpath.SunCertPathBuilderException: unable to find valid certification path to requested target
	at java.base/sun.security.provider.certpath.SunCertPathBuilder.build(SunCertPathBuilder.java:148) ~[?:?] {}
	at java.base/sun.security.provider.certpath.SunCertPathBuilder.engineBuild(SunCertPathBuilder.java:129) ~[?:?] {}
	at java.base/java.security.cert.CertPathBuilder.build(CertPathBuilder.java:297) ~[?:?] {}
	at java.base/sun.security.validator.PKIXValidator.doBuild(PKIXValidator.java:383) ~[?:?] {}
	at java.base/sun.security.validator.PKIXValidator.engineValidate(PKIXValidator.java:271) ~[?:?] {}
	at java.base/sun.security.validator.Validator.validate(Validator.java:256) ~[?:?] {}
	at java.base/sun.security.ssl.X509TrustManagerImpl.checkTrusted(X509TrustManagerImpl.java:230) ~[?:?] {}
	at java.base/sun.security.ssl.X509TrustManagerImpl.checkServerTrusted(X509TrustManagerImpl.java:132) ~[?:?] {}
	at java.base/sun.security.ssl.CertificateMessage$T13CertificateConsumer.checkServerCerts(CertificateMessage.java:1271) ~[?:?] {}
	... 18 more
[13:23:53] [Worker-Main-4/INFO] [me.co.Mekanism/]: Fake player readout: UUID = 46e82cd0-d480-3d48-800a-77431ede078e, name = [Mekanism]
[13:23:53] [Worker-Main-4/INFO] [me.co.Mekanism/]: Mod loaded.
[13:23:53] [Worker-Main-4/INFO] [me.co.Mekanism/]: Loaded 'Mekanism: Generators' module.
[13:23:53] [NeoForge Version Check/INFO] [ne.ne.fm.VersionChecker/]: [projecte] Starting version check at https://raw.githubusercontent.com/sinkillerj/ProjectE/mc1.21.1/update.json
[13:23:54] [Worker-Main-13/INFO] [minecraft/UnihexProvider]: Found unifont_jp_patch-15.1.05.hex, loading
[13:23:54] [Worker-Main-1/INFO] [minecraft/UnihexProvider]: Found unifont_all_no_pua-15.1.05.hex, loading
[13:23:54] [NeoForge Version Check/WARN] [ne.ne.fm.VersionChecker/]: Failed to process update information
javax.net.ssl.SSLHandshakeException: (certificate_unknown) PKIX path building failed: sun.security.provider.certpath.SunCertPathBuilderException: unable to find valid certification path to requested target
	at java.net.http/jdk.internal.net.http.HttpClientImpl.send(HttpClientImpl.java:960) ~[java.net.http:?] {}
	at java.net.http/jdk.internal.net.http.HttpClientFacade.send(HttpClientFacade.java:133) ~[java.net.http:?] {}
	at MC-BOOTSTRAP/fml_loader@4.0.43/net.neoforged.fml.VersionChecker$1.openUrlString(VersionChecker.java:129) ~[loader-4.0.43.jar%23161!/:4.0] {}
	at MC-BOOTSTRAP/fml_loader@4.0.43/net.neoforged.fml.VersionChecker$1.process(VersionChecker.java:162) ~[loader-4.0.43.jar%23161!/:4.0] {}
	at java.base/java.lang.Iterable.forEach(Iterable.java:75) [?:?] {re:mixin}
	at MC-BOOTSTRAP/fml_loader@4.0.43/net.neoforged.fml.VersionChecker$1.run(VersionChecker.java:105) [loader-4.0.43.jar%23161!/:4.0] {}
Caused by: javax.net.ssl.SSLHandshakeException: (certificate_unknown) PKIX path building failed: sun.security.provider.certpath.SunCertPathBuilderException: unable to find valid certification path to requested target
	at java.base/sun.security.ssl.Alert.createSSLException(Alert.java:130) ~[?:?] {}
	at java.base/sun.security.ssl.TransportContext.fatal(TransportContext.java:383) ~[?:?] {}
	at java.base/sun.security.ssl.TransportContext.fatal(TransportContext.java:326) ~[?:?] {}
	at java.base/sun.security.ssl.TransportContext.fatal(TransportContext.java:321) ~[?:?] {}
	at java.base/sun.security.ssl.CertificateMessage$T13CertificateConsumer.checkServerCerts(CertificateMessage.java:1287) ~[?:?] {}
	at java.base/sun.security.ssl.CertificateMessage$T13CertificateConsumer.onConsumeCertificate(CertificateMessage.java:1164) ~[?:?] {}
	at java.base/sun.security.ssl.CertificateMessage$T13CertificateConsumer.consume(CertificateMessage.java:1107) ~[?:?] {}
	at java.base/sun.security.ssl.SSLHandshake.consume(SSLHandshake.java:393) ~[?:?] {}
	at java.base/sun.security.ssl.HandshakeContext.dispatch(HandshakeContext.java:477) ~[?:?] {}
	at java.base/sun.security.ssl.SSLEngineImpl$DelegatedTask$DelegatedAction.run(SSLEngineImpl.java:1274) ~[?:?] {}
	at java.base/sun.security.ssl.SSLEngineImpl$DelegatedTask$DelegatedAction.run(SSLEngineImpl.java:1261) ~[?:?] {}
	at java.base/java.security.AccessController.doPrivileged(AccessController.java:714) ~[?:?] {}
	at java.base/sun.security.ssl.SSLEngineImpl$DelegatedTask.run(SSLEngineImpl.java:1206) ~[?:?] {}
	at java.base/java.util.ArrayList.forEach(ArrayList.java:1596) ~[?:?] {re:mixin}
	at java.net.http/jdk.internal.net.http.common.SSLFlowDelegate.lambda$executeTasks$3(SSLFlowDelegate.java:1156) ~[java.net.http:?] {}
	at java.net.http/jdk.internal.net.http.HttpClientImpl$DelegatingExecutor.execute(HttpClientImpl.java:177) ~[java.net.http:?] {}
	at java.net.http/jdk.internal.net.http.common.SSLFlowDelegate.executeTasks(SSLFlowDelegate.java:1151) ~[java.net.http:?] {}
	at java.net.http/jdk.internal.net.http.common.SSLFlowDelegate.doHandshake(SSLFlowDelegate.java:1117) ~[java.net.http:?] {}
	at java.net.http/jdk.internal.net.http.common.SSLFlowDelegate$Reader.processData(SSLFlowDelegate.java:513) ~[java.net.http:?] {}
	at java.net.http/jdk.internal.net.http.common.SSLFlowDelegate$Reader$ReaderDownstreamPusher.run(SSLFlowDelegate.java:283) ~[java.net.http:?] {}
	at java.net.http/jdk.internal.net.http.common.SequentialScheduler$LockingRestartableTask.run(SequentialScheduler.java:182) ~[java.net.http:?] {}
	at java.net.http/jdk.internal.net.http.common.SequentialScheduler$CompleteRestartableTask.run(SequentialScheduler.java:149) ~[java.net.http:?] {}
	at java.net.http/jdk.internal.net.http.common.SequentialScheduler$TryEndDeferredCompleter.complete(SequentialScheduler.java:324) ~[java.net.http:?] {}
	at java.net.http/jdk.internal.net.http.common.SequentialScheduler$CompleteRestartableTask.run(SequentialScheduler.java:151) ~[java.net.http:?] {}
	at java.net.http/jdk.internal.net.http.common.SequentialScheduler$SchedulableTask.run(SequentialScheduler.java:207) ~[java.net.http:?] {}
	at java.base/java.util.concurrent.ThreadPoolExecutor.runWorker(ThreadPoolExecutor.java:1144) ~[?:?] {}
	at java.base/java.util.concurrent.ThreadPoolExecutor$Worker.run(ThreadPoolExecutor.java:642) ~[?:?] {}
	at java.base/java.lang.Thread.run(Thread.java:1583) ~[?:?] {re:mixin}
Caused by: sun.security.validator.ValidatorException: PKIX path building failed: sun.security.provider.certpath.SunCertPathBuilderException: unable to find valid certification path to requested target
	at java.base/sun.security.validator.PKIXValidator.doBuild(PKIXValidator.java:388) ~[?:?] {}
	at java.base/sun.security.validator.PKIXValidator.engineValidate(PKIXValidator.java:271) ~[?:?] {}
	at java.base/sun.security.validator.Validator.validate(Validator.java:256) ~[?:?] {}
	at java.base/sun.security.ssl.X509TrustManagerImpl.checkTrusted(X509TrustManagerImpl.java:284) ~[?:?] {}
	at java.base/sun.security.ssl.X509TrustManagerImpl.checkServerTrusted(X509TrustManagerImpl.java:144) ~[?:?] {}
	at java.base/sun.security.ssl.CertificateMessage$T13CertificateConsumer.checkServerCerts(CertificateMessage.java:1265) ~[?:?] {}
	at java.base/sun.security.ssl.CertificateMessage$T13CertificateConsumer.onConsumeCertificate(CertificateMessage.java:1164) ~[?:?] {}
	at java.base/sun.security.ssl.CertificateMessage$T13CertificateConsumer.consume(CertificateMessage.java:1107) ~[?:?] {}
	at java.base/sun.security.ssl.SSLHandshake.consume(SSLHandshake.java:393) ~[?:?] {}
	at java.base/sun.security.ssl.HandshakeContext.dispatch(HandshakeContext.java:477) ~[?:?] {}
	at java.base/sun.security.ssl.SSLEngineImpl$DelegatedTask$DelegatedAction.run(SSLEngineImpl.java:1274) ~[?:?] {}
	at java.base/sun.security.ssl.SSLEngineImpl$DelegatedTask$DelegatedAction.run(SSLEngineImpl.java:1261) ~[?:?] {}
	at java.base/java.security.AccessController.doPrivileged(AccessController.java:714) ~[?:?] {}
	at java.base/sun.security.ssl.SSLEngineImpl$DelegatedTask.run(SSLEngineImpl.java:1206) ~[?:?] {}
	at java.base/java.util.ArrayList.forEach(ArrayList.java:1596) ~[?:?] {re:mixin}
	at java.net.http/jdk.internal.net.http.common.SSLFlowDelegate.lambda$executeTasks$3(SSLFlowDelegate.java:1156) ~[java.net.http:?] {}
	at java.net.http/jdk.internal.net.http.HttpClientImpl$DelegatingExecutor.execute(HttpClientImpl.java:177) ~[java.net.http:?] {}
	at java.net.http/jdk.internal.net.http.common.SSLFlowDelegate.executeTasks(SSLFlowDelegate.java:1151) ~[java.net.http:?] {}
	at java.net.http/jdk.internal.net.http.common.SSLFlowDelegate.doHandshake(SSLFlowDelegate.java:1117) ~[java.net.http:?] {}
	at java.net.http/jdk.internal.net.http.common.SSLFlowDelegate$Reader.processData(SSLFlowDelegate.java:513) ~[java.net.http:?] {}
	at java.net.http/jdk.internal.net.http.common.SSLFlowDelegate$Reader$ReaderDownstreamPusher.run(SSLFlowDelegate.java:283) ~[java.net.http:?] {}
	at java.net.http/jdk.internal.net.http.common.SequentialScheduler$LockingRestartableTask.run(SequentialScheduler.java:182) ~[java.net.http:?] {}
	at java.net.http/jdk.internal.net.http.common.SequentialScheduler$CompleteRestartableTask.run(SequentialScheduler.java:149) ~[java.net.http:?] {}
	at java.net.http/jdk.internal.net.http.common.SequentialScheduler$TryEndDeferredCompleter.complete(SequentialScheduler.java:324) ~[java.net.http:?] {}
	at java.net.http/jdk.internal.net.http.common.SequentialScheduler$CompleteRestartableTask.run(SequentialScheduler.java:151) ~[java.net.http:?] {}
	at java.net.http/jdk.internal.net.http.common.SequentialScheduler$SchedulableTask.run(SequentialScheduler.java:207) ~[java.net.http:?] {}
	at java.base/java.util.concurrent.ThreadPoolExecutor.runWorker(ThreadPoolExecutor.java:1144) ~[?:?] {}
	at java.base/java.util.concurrent.ThreadPoolExecutor$Worker.run(ThreadPoolExecutor.java:642) ~[?:?] {}
	at java.base/java.lang.Thread.run(Thread.java:1583) ~[?:?] {re:mixin}
Caused by: sun.security.provider.certpath.SunCertPathBuilderException: unable to find valid certification path to requested target
	at java.base/sun.security.provider.certpath.SunCertPathBuilder.build(SunCertPathBuilder.java:148) ~[?:?] {}
	at java.base/sun.security.provider.certpath.SunCertPathBuilder.engineBuild(SunCertPathBuilder.java:129) ~[?:?] {}
	at java.base/java.security.cert.CertPathBuilder.build(CertPathBuilder.java:297) ~[?:?] {}
	at java.base/sun.security.validator.PKIXValidator.doBuild(PKIXValidator.java:383) ~[?:?] {}
	at java.base/sun.security.validator.PKIXValidator.engineValidate(PKIXValidator.java:271) ~[?:?] {}
	at java.base/sun.security.validator.Validator.validate(Validator.java:256) ~[?:?] {}
	at java.base/sun.security.ssl.X509TrustManagerImpl.checkTrusted(X509TrustManagerImpl.java:284) ~[?:?] {}
	at java.base/sun.security.ssl.X509TrustManagerImpl.checkServerTrusted(X509TrustManagerImpl.java:144) ~[?:?] {}
	at java.base/sun.security.ssl.CertificateMessage$T13CertificateConsumer.checkServerCerts(CertificateMessage.java:1265) ~[?:?] {}
	at java.base/sun.security.ssl.CertificateMessage$T13CertificateConsumer.onConsumeCertificate(CertificateMessage.java:1164) ~[?:?] {}
	at java.base/sun.security.ssl.CertificateMessage$T13CertificateConsumer.consume(CertificateMessage.java:1107) ~[?:?] {}
	at java.base/sun.security.ssl.SSLHandshake.consume(SSLHandshake.java:393) ~[?:?] {}
	at java.base/sun.security.ssl.HandshakeContext.dispatch(HandshakeContext.java:477) ~[?:?] {}
	at java.base/sun.security.ssl.SSLEngineImpl$DelegatedTask$DelegatedAction.run(SSLEngineImpl.java:1274) ~[?:?] {}
	at java.base/sun.security.ssl.SSLEngineImpl$DelegatedTask$DelegatedAction.run(SSLEngineImpl.java:1261) ~[?:?] {}
	at java.base/java.security.AccessController.doPrivileged(AccessController.java:714) ~[?:?] {}
	at java.base/sun.security.ssl.SSLEngineImpl$DelegatedTask.run(SSLEngineImpl.java:1206) ~[?:?] {}
	at java.base/java.util.ArrayList.forEach(ArrayList.java:1596) ~[?:?] {re:mixin}
	at java.net.http/jdk.internal.net.http.common.SSLFlowDelegate.lambda$executeTasks$3(SSLFlowDelegate.java:1156) ~[java.net.http:?] {}
	at java.net.http/jdk.internal.net.http.HttpClientImpl$DelegatingExecutor.execute(HttpClientImpl.java:177) ~[java.net.http:?] {}
	at java.net.http/jdk.internal.net.http.common.SSLFlowDelegate.executeTasks(SSLFlowDelegate.java:1151) ~[java.net.http:?] {}
	at java.net.http/jdk.internal.net.http.common.SSLFlowDelegate.doHandshake(SSLFlowDelegate.java:1117) ~[java.net.http:?] {}
	at java.net.http/jdk.internal.net.http.common.SSLFlowDelegate$Reader.processData(SSLFlowDelegate.java:513) ~[java.net.http:?] {}
	at java.net.http/jdk.internal.net.http.common.SSLFlowDelegate$Reader$ReaderDownstreamPusher.run(SSLFlowDelegate.java:283) ~[java.net.http:?] {}
	at java.net.http/jdk.internal.net.http.common.SequentialScheduler$LockingRestartableTask.run(SequentialScheduler.java:182) ~[java.net.http:?] {}
	at java.net.http/jdk.internal.net.http.common.SequentialScheduler$CompleteRestartableTask.run(SequentialScheduler.java:149) ~[java.net.http:?] {}
	at java.net.http/jdk.internal.net.http.common.SequentialScheduler$TryEndDeferredCompleter.complete(SequentialScheduler.java:324) ~[java.net.http:?] {}
	at java.net.http/jdk.internal.net.http.common.SequentialScheduler$CompleteRestartableTask.run(SequentialScheduler.java:151) ~[java.net.http:?] {}
	at java.net.http/jdk.internal.net.http.common.SequentialScheduler$SchedulableTask.run(SequentialScheduler.java:207) ~[java.net.http:?] {}
	at java.base/java.util.concurrent.ThreadPoolExecutor.runWorker(ThreadPoolExecutor.java:1144) ~[?:?] {}
	at java.base/java.util.concurrent.ThreadPoolExecutor$Worker.run(ThreadPoolExecutor.java:642) ~[?:?] {}
	at java.base/java.lang.Thread.run(Thread.java:1583) ~[?:?] {re:mixin}
[13:23:54] [NeoForge Version Check/INFO] [ne.ne.fm.VersionChecker/]: [mr_tree_veinminer] Starting version check at https://api.modrinth.com/updates/wEhW4ceB/forge_updates.json?neoforge=only
[13:23:55] [Worker-Main-1/WARN] [minecraft/SpriteLoader]: Texture immersiveengineering:block/connector/redstone_switchboard with size 24x24 limits mip level from 4 to 3
[13:23:55] [NeoForge Version Check/INFO] [ne.ne.fm.VersionChecker/]: [mr_tree_veinminer] Found status: OUTDATED Current: 2.0.0 Target: 7.01R2+mod
[13:23:55] [NeoForge Version Check/INFO] [ne.ne.fm.VersionChecker/]: [create_connected] Starting version check at https://raw.githubusercontent.com/hlysine/create_connected/main/update.json
[13:23:55] [NeoForge Version Check/WARN] [ne.ne.fm.VersionChecker/]: Failed to process update information
javax.net.ssl.SSLHandshakeException: (certificate_unknown) PKIX path building failed: sun.security.provider.certpath.SunCertPathBuilderException: unable to find valid certification path to requested target
	at java.net.http/jdk.internal.net.http.HttpClientImpl.send(HttpClientImpl.java:960) ~[java.net.http:?] {}
	at java.net.http/jdk.internal.net.http.HttpClientFacade.send(HttpClientFacade.java:133) ~[java.net.http:?] {}
	at MC-BOOTSTRAP/fml_loader@4.0.43/net.neoforged.fml.VersionChecker$1.openUrlString(VersionChecker.java:129) ~[loader-4.0.43.jar%23161!/:4.0] {}
	at MC-BOOTSTRAP/fml_loader@4.0.43/net.neoforged.fml.VersionChecker$1.process(VersionChecker.java:162) ~[loader-4.0.43.jar%23161!/:4.0] {}
	at java.base/java.lang.Iterable.forEach(Iterable.java:75) [?:?] {re:mixin}
	at MC-BOOTSTRAP/fml_loader@4.0.43/net.neoforged.fml.VersionChecker$1.run(VersionChecker.java:105) [loader-4.0.43.jar%23161!/:4.0] {}
Caused by: javax.net.ssl.SSLHandshakeException: (certificate_unknown) PKIX path building failed: sun.security.provider.certpath.SunCertPathBuilderException: unable to find valid certification path to requested target
	at java.base/sun.security.ssl.Alert.createSSLException(Alert.java:130) ~[?:?] {}
	at java.base/sun.security.ssl.TransportContext.fatal(TransportContext.java:383) ~[?:?] {}
	at java.base/sun.security.ssl.TransportContext.fatal(TransportContext.java:326) ~[?:?] {}
	at java.base/sun.security.ssl.TransportContext.fatal(TransportContext.java:321) ~[?:?] {}
	at java.base/sun.security.ssl.CertificateMessage$T13CertificateConsumer.checkServerCerts(CertificateMessage.java:1287) ~[?:?] {}
	at java.base/sun.security.ssl.CertificateMessage$T13CertificateConsumer.onConsumeCertificate(CertificateMessage.java:1164) ~[?:?] {}
	at java.base/sun.security.ssl.CertificateMessage$T13CertificateConsumer.consume(CertificateMessage.java:1107) ~[?:?] {}
	at java.base/sun.security.ssl.SSLHandshake.consume(SSLHandshake.java:393) ~[?:?] {}
	at java.base/sun.security.ssl.HandshakeContext.dispatch(HandshakeContext.java:477) ~[?:?] {}
	at java.base/sun.security.ssl.SSLEngineImpl$DelegatedTask$DelegatedAction.run(SSLEngineImpl.java:1274) ~[?:?] {}
	at java.base/sun.security.ssl.SSLEngineImpl$DelegatedTask$DelegatedAction.run(SSLEngineImpl.java:1261) ~[?:?] {}
	at java.base/java.security.AccessController.doPrivileged(AccessController.java:714) ~[?:?] {}
	at java.base/sun.security.ssl.SSLEngineImpl$DelegatedTask.run(SSLEngineImpl.java:1206) ~[?:?] {}
	at java.base/java.util.ArrayList.forEach(ArrayList.java:1596) ~[?:?] {re:mixin}
	at java.net.http/jdk.internal.net.http.common.SSLFlowDelegate.lambda$executeTasks$3(SSLFlowDelegate.java:1156) ~[java.net.http:?] {}
	at java.net.http/jdk.internal.net.http.HttpClientImpl$DelegatingExecutor.execute(HttpClientImpl.java:177) ~[java.net.http:?] {}
	at java.net.http/jdk.internal.net.http.common.SSLFlowDelegate.executeTasks(SSLFlowDelegate.java:1151) ~[java.net.http:?] {}
	at java.net.http/jdk.internal.net.http.common.SSLFlowDelegate.doHandshake(SSLFlowDelegate.java:1117) ~[java.net.http:?] {}
	at java.net.http/jdk.internal.net.http.common.SSLFlowDelegate$Reader.processData(SSLFlowDelegate.java:513) ~[java.net.http:?] {}
	at java.net.http/jdk.internal.net.http.common.SSLFlowDelegate$Reader$ReaderDownstreamPusher.run(SSLFlowDelegate.java:283) ~[java.net.http:?] {}
	at java.net.http/jdk.internal.net.http.common.SequentialScheduler$LockingRestartableTask.run(SequentialScheduler.java:182) ~[java.net.http:?] {}
	at java.net.http/jdk.internal.net.http.common.SequentialScheduler$CompleteRestartableTask.run(SequentialScheduler.java:149) ~[java.net.http:?] {}
	at java.net.http/jdk.internal.net.http.common.SequentialScheduler$TryEndDeferredCompleter.complete(SequentialScheduler.java:324) ~[java.net.http:?] {}
	at java.net.http/jdk.internal.net.http.common.SequentialScheduler$CompleteRestartableTask.run(SequentialScheduler.java:151) ~[java.net.http:?] {}
	at java.net.http/jdk.internal.net.http.common.SequentialScheduler$SchedulableTask.run(SequentialScheduler.java:207) ~[java.net.http:?] {}
	at java.base/java.util.concurrent.ThreadPoolExecutor.runWorker(ThreadPoolExecutor.java:1144) ~[?:?] {}
	at java.base/java.util.concurrent.ThreadPoolExecutor$Worker.run(ThreadPoolExecutor.java:642) ~[?:?] {}
	at java.base/java.lang.Thread.run(Thread.java:1583) ~[?:?] {re:mixin}
Caused by: sun.security.validator.ValidatorException: PKIX path building failed: sun.security.provider.certpath.SunCertPathBuilderException: unable to find valid certification path to requested target
	at java.base/sun.security.validator.PKIXValidator.doBuild(PKIXValidator.java:388) ~[?:?] {}
	at java.base/sun.security.validator.PKIXValidator.engineValidate(PKIXValidator.java:271) ~[?:?] {}
	at java.base/sun.security.validator.Validator.validate(Validator.java:256) ~[?:?] {}
	at java.base/sun.security.ssl.X509TrustManagerImpl.checkTrusted(X509TrustManagerImpl.java:284) ~[?:?] {}
	at java.base/sun.security.ssl.X509TrustManagerImpl.checkServerTrusted(X509TrustManagerImpl.java:144) ~[?:?] {}
	at java.base/sun.security.ssl.CertificateMessage$T13CertificateConsumer.checkServerCerts(CertificateMessage.java:1265) ~[?:?] {}
	at java.base/sun.security.ssl.CertificateMessage$T13CertificateConsumer.onConsumeCertificate(CertificateMessage.java:1164) ~[?:?] {}
	at java.base/sun.security.ssl.CertificateMessage$T13CertificateConsumer.consume(CertificateMessage.java:1107) ~[?:?] {}
	at java.base/sun.security.ssl.SSLHandshake.consume(SSLHandshake.java:393) ~[?:?] {}
	at java.base/sun.security.ssl.HandshakeContext.dispatch(HandshakeContext.java:477) ~[?:?] {}
	at java.base/sun.security.ssl.SSLEngineImpl$DelegatedTask$DelegatedAction.run(SSLEngineImpl.java:1274) ~[?:?] {}
	at java.base/sun.security.ssl.SSLEngineImpl$DelegatedTask$DelegatedAction.run(SSLEngineImpl.java:1261) ~[?:?] {}
	at java.base/java.security.AccessController.doPrivileged(AccessController.java:714) ~[?:?] {}
	at java.base/sun.security.ssl.SSLEngineImpl$DelegatedTask.run(SSLEngineImpl.java:1206) ~[?:?] {}
	at java.base/java.util.ArrayList.forEach(ArrayList.java:1596) ~[?:?] {re:mixin}
	at java.net.http/jdk.internal.net.http.common.SSLFlowDelegate.lambda$executeTasks$3(SSLFlowDelegate.java:1156) ~[java.net.http:?] {}
	at java.net.http/jdk.internal.net.http.HttpClientImpl$DelegatingExecutor.execute(HttpClientImpl.java:177) ~[java.net.http:?] {}
	at java.net.http/jdk.internal.net.http.common.SSLFlowDelegate.executeTasks(SSLFlowDelegate.java:1151) ~[java.net.http:?] {}
	at java.net.http/jdk.internal.net.http.common.SSLFlowDelegate.doHandshake(SSLFlowDelegate.java:1117) ~[java.net.http:?] {}
	at java.net.http/jdk.internal.net.http.common.SSLFlowDelegate$Reader.processData(SSLFlowDelegate.java:513) ~[java.net.http:?] {}
	at java.net.http/jdk.internal.net.http.common.SSLFlowDelegate$Reader$ReaderDownstreamPusher.run(SSLFlowDelegate.java:283) ~[java.net.http:?] {}
	at java.net.http/jdk.internal.net.http.common.SequentialScheduler$LockingRestartableTask.run(SequentialScheduler.java:182) ~[java.net.http:?] {}
	at java.net.http/jdk.internal.net.http.common.SequentialScheduler$CompleteRestartableTask.run(SequentialScheduler.java:149) ~[java.net.http:?] {}
	at java.net.http/jdk.internal.net.http.common.SequentialScheduler$TryEndDeferredCompleter.complete(SequentialScheduler.java:324) ~[java.net.http:?] {}
	at java.net.http/jdk.internal.net.http.common.SequentialScheduler$CompleteRestartableTask.run(SequentialScheduler.java:151) ~[java.net.http:?] {}
	at java.net.http/jdk.internal.net.http.common.SequentialScheduler$SchedulableTask.run(SequentialScheduler.java:207) ~[java.net.http:?] {}
	at java.base/java.util.concurrent.ThreadPoolExecutor.runWorker(ThreadPoolExecutor.java:1144) ~[?:?] {}
	at java.base/java.util.concurrent.ThreadPoolExecutor$Worker.run(ThreadPoolExecutor.java:642) ~[?:?] {}
	at java.base/java.lang.Thread.run(Thread.java:1583) ~[?:?] {re:mixin}
Caused by: sun.security.provider.certpath.SunCertPathBuilderException: unable to find valid certification path to requested target
	at java.base/sun.security.provider.certpath.SunCertPathBuilder.build(SunCertPathBuilder.java:148) ~[?:?] {}
	at java.base/sun.security.provider.certpath.SunCertPathBuilder.engineBuild(SunCertPathBuilder.java:129) ~[?:?] {}
	at java.base/java.security.cert.CertPathBuilder.build(CertPathBuilder.java:297) ~[?:?] {}
	at java.base/sun.security.validator.PKIXValidator.doBuild(PKIXValidator.java:383) ~[?:?] {}
	at java.base/sun.security.validator.PKIXValidator.engineValidate(PKIXValidator.java:271) ~[?:?] {}
	at java.base/sun.security.validator.Validator.validate(Validator.java:256) ~[?:?] {}
	at java.base/sun.security.ssl.X509TrustManagerImpl.checkTrusted(X509TrustManagerImpl.java:284) ~[?:?] {}
	at java.base/sun.security.ssl.X509TrustManagerImpl.checkServerTrusted(X509TrustManagerImpl.java:144) ~[?:?] {}
	at java.base/sun.security.ssl.CertificateMessage$T13CertificateConsumer.checkServerCerts(CertificateMessage.java:1265) ~[?:?] {}
	at java.base/sun.security.ssl.CertificateMessage$T13CertificateConsumer.onConsumeCertificate(CertificateMessage.java:1164) ~[?:?] {}
	at java.base/sun.security.ssl.CertificateMessage$T13CertificateConsumer.consume(CertificateMessage.java:1107) ~[?:?] {}
	at java.base/sun.security.ssl.SSLHandshake.consume(SSLHandshake.java:393) ~[?:?] {}
	at java.base/sun.security.ssl.HandshakeContext.dispatch(HandshakeContext.java:477) ~[?:?] {}
	at java.base/sun.security.ssl.SSLEngineImpl$DelegatedTask$DelegatedAction.run(SSLEngineImpl.java:1274) ~[?:?] {}
	at java.base/sun.security.ssl.SSLEngineImpl$DelegatedTask$DelegatedAction.run(SSLEngineImpl.java:1261) ~[?:?] {}
	at java.base/java.security.AccessController.doPrivileged(AccessController.java:714) ~[?:?] {}
	at java.base/sun.security.ssl.SSLEngineImpl$DelegatedTask.run(SSLEngineImpl.java:1206) ~[?:?] {}
	at java.base/java.util.ArrayList.forEach(ArrayList.java:1596) ~[?:?] {re:mixin}
	at java.net.http/jdk.internal.net.http.common.SSLFlowDelegate.lambda$executeTasks$3(SSLFlowDelegate.java:1156) ~[java.net.http:?] {}
	at java.net.http/jdk.internal.net.http.HttpClientImpl$DelegatingExecutor.execute(HttpClientImpl.java:177) ~[java.net.http:?] {}
	at java.net.http/jdk.internal.net.http.common.SSLFlowDelegate.executeTasks(SSLFlowDelegate.java:1151) ~[java.net.http:?] {}
	at java.net.http/jdk.internal.net.http.common.SSLFlowDelegate.doHandshake(SSLFlowDelegate.java:1117) ~[java.net.http:?] {}
	at java.net.http/jdk.internal.net.http.common.SSLFlowDelegate$Reader.processData(SSLFlowDelegate.java:513) ~[java.net.http:?] {}
	at java.net.http/jdk.internal.net.http.common.SSLFlowDelegate$Reader$ReaderDownstreamPusher.run(SSLFlowDelegate.java:283) ~[java.net.http:?] {}
	at java.net.http/jdk.internal.net.http.common.SequentialScheduler$LockingRestartableTask.run(SequentialScheduler.java:182) ~[java.net.http:?] {}
	at java.net.http/jdk.internal.net.http.common.SequentialScheduler$CompleteRestartableTask.run(SequentialScheduler.java:149) ~[java.net.http:?] {}
	at java.net.http/jdk.internal.net.http.common.SequentialScheduler$TryEndDeferredCompleter.complete(SequentialScheduler.java:324) ~[java.net.http:?] {}
	at java.net.http/jdk.internal.net.http.common.SequentialScheduler$CompleteRestartableTask.run(SequentialScheduler.java:151) ~[java.net.http:?] {}
	at java.net.http/jdk.internal.net.http.common.SequentialScheduler$SchedulableTask.run(SequentialScheduler.java:207) ~[java.net.http:?] {}
	at java.base/java.util.concurrent.ThreadPoolExecutor.runWorker(ThreadPoolExecutor.java:1144) ~[?:?] {}
	at java.base/java.util.concurrent.ThreadPoolExecutor$Worker.run(ThreadPoolExecutor.java:642) ~[?:?] {}
	at java.base/java.lang.Thread.run(Thread.java:1583) ~[?:?] {re:mixin}
[13:23:55] [NeoForge Version Check/INFO] [ne.ne.fm.VersionChecker/]: [immersiveengineering] Starting version check at https://raw.githubusercontent.com/BluSunrize/ImmersiveEngineering/1.21.1/changelog.json
[13:23:55] [NeoForge Version Check/WARN] [ne.ne.fm.VersionChecker/]: Failed to process update information
javax.net.ssl.SSLHandshakeException: (certificate_unknown) PKIX path building failed: sun.security.provider.certpath.SunCertPathBuilderException: unable to find valid certification path to requested target
	at java.net.http/jdk.internal.net.http.HttpClientImpl.send(HttpClientImpl.java:960) ~[java.net.http:?] {}
	at java.net.http/jdk.internal.net.http.HttpClientFacade.send(HttpClientFacade.java:133) ~[java.net.http:?] {}
	at MC-BOOTSTRAP/fml_loader@4.0.43/net.neoforged.fml.VersionChecker$1.openUrlString(VersionChecker.java:129) ~[loader-4.0.43.jar%23161!/:4.0] {}
	at MC-BOOTSTRAP/fml_loader@4.0.43/net.neoforged.fml.VersionChecker$1.process(VersionChecker.java:162) ~[loader-4.0.43.jar%23161!/:4.0] {}
	at java.base/java.lang.Iterable.forEach(Iterable.java:75) [?:?] {re:mixin}
	at MC-BOOTSTRAP/fml_loader@4.0.43/net.neoforged.fml.VersionChecker$1.run(VersionChecker.java:105) [loader-4.0.43.jar%23161!/:4.0] {}
Caused by: javax.net.ssl.SSLHandshakeException: (certificate_unknown) PKIX path building failed: sun.security.provider.certpath.SunCertPathBuilderException: unable to find valid certification path to requested target
	at java.base/sun.security.ssl.Alert.createSSLException(Alert.java:130) ~[?:?] {}
	at java.base/sun.security.ssl.TransportContext.fatal(TransportContext.java:383) ~[?:?] {}
	at java.base/sun.security.ssl.TransportContext.fatal(TransportContext.java:326) ~[?:?] {}
	at java.base/sun.security.ssl.TransportContext.fatal(TransportContext.java:321) ~[?:?] {}
	at java.base/sun.security.ssl.CertificateMessage$T13CertificateConsumer.checkServerCerts(CertificateMessage.java:1287) ~[?:?] {}
	at java.base/sun.security.ssl.CertificateMessage$T13CertificateConsumer.onConsumeCertificate(CertificateMessage.java:1164) ~[?:?] {}
	at java.base/sun.security.ssl.CertificateMessage$T13CertificateConsumer.consume(CertificateMessage.java:1107) ~[?:?] {}
	at java.base/sun.security.ssl.SSLHandshake.consume(SSLHandshake.java:393) ~[?:?] {}
	at java.base/sun.security.ssl.HandshakeContext.dispatch(HandshakeContext.java:477) ~[?:?] {}
	at java.base/sun.security.ssl.SSLEngineImpl$DelegatedTask$DelegatedAction.run(SSLEngineImpl.java:1274) ~[?:?] {}
	at java.base/sun.security.ssl.SSLEngineImpl$DelegatedTask$DelegatedAction.run(SSLEngineImpl.java:1261) ~[?:?] {}
	at java.base/java.security.AccessController.doPrivileged(AccessController.java:714) ~[?:?] {}
	at java.base/sun.security.ssl.SSLEngineImpl$DelegatedTask.run(SSLEngineImpl.java:1206) ~[?:?] {}
	at java.base/java.util.ArrayList.forEach(ArrayList.java:1596) ~[?:?] {re:mixin}
	at java.net.http/jdk.internal.net.http.common.SSLFlowDelegate.lambda$executeTasks$3(SSLFlowDelegate.java:1156) ~[java.net.http:?] {}
	at java.net.http/jdk.internal.net.http.HttpClientImpl$DelegatingExecutor.execute(HttpClientImpl.java:177) ~[java.net.http:?] {}
	at java.net.http/jdk.internal.net.http.common.SSLFlowDelegate.executeTasks(SSLFlowDelegate.java:1151) ~[java.net.http:?] {}
	at java.net.http/jdk.internal.net.http.common.SSLFlowDelegate.doHandshake(SSLFlowDelegate.java:1117) ~[java.net.http:?] {}
	at java.net.http/jdk.internal.net.http.common.SSLFlowDelegate$Reader.processData(SSLFlowDelegate.java:513) ~[java.net.http:?] {}
	at java.net.http/jdk.internal.net.http.common.SSLFlowDelegate$Reader$ReaderDownstreamPusher.run(SSLFlowDelegate.java:283) ~[java.net.http:?] {}
	at java.net.http/jdk.internal.net.http.common.SequentialScheduler$LockingRestartableTask.run(SequentialScheduler.java:182) ~[java.net.http:?] {}
	at java.net.http/jdk.internal.net.http.common.SequentialScheduler$CompleteRestartableTask.run(SequentialScheduler.java:149) ~[java.net.http:?] {}
	at java.net.http/jdk.internal.net.http.common.SequentialScheduler$TryEndDeferredCompleter.complete(SequentialScheduler.java:324) ~[java.net.http:?] {}
	at java.net.http/jdk.internal.net.http.common.SequentialScheduler$CompleteRestartableTask.run(SequentialScheduler.java:151) ~[java.net.http:?] {}
	at java.net.http/jdk.internal.net.http.common.SequentialScheduler$SchedulableTask.run(SequentialScheduler.java:207) ~[java.net.http:?] {}
	at java.base/java.util.concurrent.ThreadPoolExecutor.runWorker(ThreadPoolExecutor.java:1144) ~[?:?] {}
	at java.base/java.util.concurrent.ThreadPoolExecutor$Worker.run(ThreadPoolExecutor.java:642) ~[?:?] {}
	at java.base/java.lang.Thread.run(Thread.java:1583) ~[?:?] {re:mixin}
Caused by: sun.security.validator.ValidatorException: PKIX path building failed: sun.security.provider.certpath.SunCertPathBuilderException: unable to find valid certification path to requested target
	at java.base/sun.security.validator.PKIXValidator.doBuild(PKIXValidator.java:388) ~[?:?] {}
	at java.base/sun.security.validator.PKIXValidator.engineValidate(PKIXValidator.java:271) ~[?:?] {}
	at java.base/sun.security.validator.Validator.validate(Validator.java:256) ~[?:?] {}
	at java.base/sun.security.ssl.X509TrustManagerImpl.checkTrusted(X509TrustManagerImpl.java:284) ~[?:?] {}
	at java.base/sun.security.ssl.X509TrustManagerImpl.checkServerTrusted(X509TrustManagerImpl.java:144) ~[?:?] {}
	at java.base/sun.security.ssl.CertificateMessage$T13CertificateConsumer.checkServerCerts(CertificateMessage.java:1265) ~[?:?] {}
	at java.base/sun.security.ssl.CertificateMessage$T13CertificateConsumer.onConsumeCertificate(CertificateMessage.java:1164) ~[?:?] {}
	at java.base/sun.security.ssl.CertificateMessage$T13CertificateConsumer.consume(CertificateMessage.java:1107) ~[?:?] {}
	at java.base/sun.security.ssl.SSLHandshake.consume(SSLHandshake.java:393) ~[?:?] {}
	at java.base/sun.security.ssl.HandshakeContext.dispatch(HandshakeContext.java:477) ~[?:?] {}
	at java.base/sun.security.ssl.SSLEngineImpl$DelegatedTask$DelegatedAction.run(SSLEngineImpl.java:1274) ~[?:?] {}
	at java.base/sun.security.ssl.SSLEngineImpl$DelegatedTask$DelegatedAction.run(SSLEngineImpl.java:1261) ~[?:?] {}
	at java.base/java.security.AccessController.doPrivileged(AccessController.java:714) ~[?:?] {}
	at java.base/sun.security.ssl.SSLEngineImpl$DelegatedTask.run(SSLEngineImpl.java:1206) ~[?:?] {}
	at java.base/java.util.ArrayList.forEach(ArrayList.java:1596) ~[?:?] {re:mixin}
	at java.net.http/jdk.internal.net.http.common.SSLFlowDelegate.lambda$executeTasks$3(SSLFlowDelegate.java:1156) ~[java.net.http:?] {}
	at java.net.http/jdk.internal.net.http.HttpClientImpl$DelegatingExecutor.execute(HttpClientImpl.java:177) ~[java.net.http:?] {}
	at java.net.http/jdk.internal.net.http.common.SSLFlowDelegate.executeTasks(SSLFlowDelegate.java:1151) ~[java.net.http:?] {}
	at java.net.http/jdk.internal.net.http.common.SSLFlowDelegate.doHandshake(SSLFlowDelegate.java:1117) ~[java.net.http:?] {}
	at java.net.http/jdk.internal.net.http.common.SSLFlowDelegate$Reader.processData(SSLFlowDelegate.java:513) ~[java.net.http:?] {}
	at java.net.http/jdk.internal.net.http.common.SSLFlowDelegate$Reader$ReaderDownstreamPusher.run(SSLFlowDelegate.java:283) ~[java.net.http:?] {}
	at java.net.http/jdk.internal.net.http.common.SequentialScheduler$LockingRestartableTask.run(SequentialScheduler.java:182) ~[java.net.http:?] {}
	at java.net.http/jdk.internal.net.http.common.SequentialScheduler$CompleteRestartableTask.run(SequentialScheduler.java:149) ~[java.net.http:?] {}
	at java.net.http/jdk.internal.net.http.common.SequentialScheduler$TryEndDeferredCompleter.complete(SequentialScheduler.java:324) ~[java.net.http:?] {}
	at java.net.http/jdk.internal.net.http.common.SequentialScheduler$CompleteRestartableTask.run(SequentialScheduler.java:151) ~[java.net.http:?] {}
	at java.net.http/jdk.internal.net.http.common.SequentialScheduler$SchedulableTask.run(SequentialScheduler.java:207) ~[java.net.http:?] {}
	at java.base/java.util.concurrent.ThreadPoolExecutor.runWorker(ThreadPoolExecutor.java:1144) ~[?:?] {}
	at java.base/java.util.concurrent.ThreadPoolExecutor$Worker.run(ThreadPoolExecutor.java:642) ~[?:?] {}
	at java.base/java.lang.Thread.run(Thread.java:1583) ~[?:?] {re:mixin}
Caused by: sun.security.provider.certpath.SunCertPathBuilderException: unable to find valid certification path to requested target
	at java.base/sun.security.provider.certpath.SunCertPathBuilder.build(SunCertPathBuilder.java:148) ~[?:?] {}
	at java.base/sun.security.provider.certpath.SunCertPathBuilder.engineBuild(SunCertPathBuilder.java:129) ~[?:?] {}
	at java.base/java.security.cert.CertPathBuilder.build(CertPathBuilder.java:297) ~[?:?] {}
	at java.base/sun.security.validator.PKIXValidator.doBuild(PKIXValidator.java:383) ~[?:?] {}
	at java.base/sun.security.validator.PKIXValidator.engineValidate(PKIXValidator.java:271) ~[?:?] {}
	at java.base/sun.security.validator.Validator.validate(Validator.java:256) ~[?:?] {}
	at java.base/sun.security.ssl.X509TrustManagerImpl.checkTrusted(X509TrustManagerImpl.java:284) ~[?:?] {}
	at java.base/sun.security.ssl.X509TrustManagerImpl.checkServerTrusted(X509TrustManagerImpl.java:144) ~[?:?] {}
	at java.base/sun.security.ssl.CertificateMessage$T13CertificateConsumer.checkServerCerts(CertificateMessage.java:1265) ~[?:?] {}
	at java.base/sun.security.ssl.CertificateMessage$T13CertificateConsumer.onConsumeCertificate(CertificateMessage.java:1164) ~[?:?] {}
	at java.base/sun.security.ssl.CertificateMessage$T13CertificateConsumer.consume(CertificateMessage.java:1107) ~[?:?] {}
	at java.base/sun.security.ssl.SSLHandshake.consume(SSLHandshake.java:393) ~[?:?] {}
	at java.base/sun.security.ssl.HandshakeContext.dispatch(HandshakeContext.java:477) ~[?:?] {}
	at java.base/sun.security.ssl.SSLEngineImpl$DelegatedTask$DelegatedAction.run(SSLEngineImpl.java:1274) ~[?:?] {}
	at java.base/sun.security.ssl.SSLEngineImpl$DelegatedTask$DelegatedAction.run(SSLEngineImpl.java:1261) ~[?:?] {}
	at java.base/java.security.AccessController.doPrivileged(AccessController.java:714) ~[?:?] {}
	at java.base/sun.security.ssl.SSLEngineImpl$DelegatedTask.run(SSLEngineImpl.java:1206) ~[?:?] {}
	at java.base/java.util.ArrayList.forEach(ArrayList.java:1596) ~[?:?] {re:mixin}
	at java.net.http/jdk.internal.net.http.common.SSLFlowDelegate.lambda$executeTasks$3(SSLFlowDelegate.java:1156) ~[java.net.http:?] {}
	at java.net.http/jdk.internal.net.http.HttpClientImpl$DelegatingExecutor.execute(HttpClientImpl.java:177) ~[java.net.http:?] {}
	at java.net.http/jdk.internal.net.http.common.SSLFlowDelegate.executeTasks(SSLFlowDelegate.java:1151) ~[java.net.http:?] {}
	at java.net.http/jdk.internal.net.http.common.SSLFlowDelegate.doHandshake(SSLFlowDelegate.java:1117) ~[java.net.http:?] {}
	at java.net.http/jdk.internal.net.http.common.SSLFlowDelegate$Reader.processData(SSLFlowDelegate.java:513) ~[java.net.http:?] {}
	at java.net.http/jdk.internal.net.http.common.SSLFlowDelegate$Reader$ReaderDownstreamPusher.run(SSLFlowDelegate.java:283) ~[java.net.http:?] {}
	at java.net.http/jdk.internal.net.http.common.SequentialScheduler$LockingRestartableTask.run(SequentialScheduler.java:182) ~[java.net.http:?] {}
	at java.net.http/jdk.internal.net.http.common.SequentialScheduler$CompleteRestartableTask.run(SequentialScheduler.java:149) ~[java.net.http:?] {}
	at java.net.http/jdk.internal.net.http.common.SequentialScheduler$TryEndDeferredCompleter.complete(SequentialScheduler.java:324) ~[java.net.http:?] {}
	at java.net.http/jdk.internal.net.http.common.SequentialScheduler$CompleteRestartableTask.run(SequentialScheduler.java:151) ~[java.net.http:?] {}
	at java.net.http/jdk.internal.net.http.common.SequentialScheduler$SchedulableTask.run(SequentialScheduler.java:207) ~[java.net.http:?] {}
	at java.base/java.util.concurrent.ThreadPoolExecutor.runWorker(ThreadPoolExecutor.java:1144) ~[?:?] {}
	at java.base/java.util.concurrent.ThreadPoolExecutor$Worker.run(ThreadPoolExecutor.java:642) ~[?:?] {}
	at java.base/java.lang.Thread.run(Thread.java:1583) ~[?:?] {re:mixin}
[13:23:55] [NeoForge Version Check/INFO] [ne.ne.fm.VersionChecker/]: [dynamic_fps] Starting version check at https://api.lostluma.net/updates/dynamic-fps?platform=neoforge
[13:23:56] [Worker-Main-13/INFO] [sodiumdynamiclights/]: [LambDynLights] Initializing SodiumDynamicLights...
[13:23:56] [Worker-Main-6/INFO] [or.an.mc.co.LogBase/]: [libIPN] Initializing client...
[13:23:56] [Worker-Main-12/INFO] [to.le.ir.IrisVeilCompat/]: HELLO FROM CLIENT SETUP
[13:23:56] [Worker-Main-12/INFO] [to.le.ir.IrisVeilCompat/]: MINECRAFT NAME >> Trail_Akivili
[13:23:56] [Worker-Main-6/INFO] [or.an.mc.co.LogBase/]: [libIPN] libIPN - init in Kotlin
[13:23:56] [NeoForge Version Check/INFO] [ne.ne.fm.VersionChecker/]: [dynamic_fps] Found status: UP_TO_DATE Current: 3.11.4 Target: null
[13:23:56] [NeoForge Version Check/INFO] [ne.ne.fm.VersionChecker/]: [create] Starting version check at https://api.modrinth.com/updates/create/forge_updates.json?neoforge=only
[13:23:56] [NeoForge Version Check/INFO] [ne.ne.fm.VersionChecker/]: [create] Found status: OUTDATED Current: 6.0.10 Target: 6.0.10+mc1.21.1
[13:24:03] [Worker-Main-14/WARN] [minecraft/ModelManager]: Missing textures in model create_connected:fan_soul_stripping_catalyst#inventory:
    minecraft:textures/atlas/blocks.png:createnetherindustry:block/soul_stripping_block
[13:24:03] [Worker-Main-14/WARN] [minecraft/ModelManager]: Missing textures in model create_connected:fan_enriched_catalyst#:
    minecraft:textures/atlas/blocks.png:createnuclear:block/enriched_soul_soil
    minecraft:textures/atlas/blocks.png:createnuclear:block/enriching/campfire/enriching_flame
[13:24:03] [Worker-Main-14/WARN] [minecraft/ModelManager]: Missing textures in model create_connected:fan_transmutation_catalyst#:
    minecraft:textures/atlas/blocks.png:create_shimmer:fluid/shimmer_flow
[13:24:03] [Worker-Main-14/WARN] [minecraft/ModelManager]: Missing textures in model create_connected:fan_enriched_catalyst#inventory:
    minecraft:textures/atlas/blocks.png:createnuclear:block/enriched_soul_soil
    minecraft:textures/atlas/blocks.png:createnuclear:block/enriching/campfire/enriching_flame
[13:24:03] [Worker-Main-14/WARN] [minecraft/ModelManager]: Missing textures in model create_connected:fan_glooming_catalyst#inventory:
    minecraft:textures/atlas/blocks.png:twilightforest:block/deadrock
    minecraft:textures/atlas/blocks.png:create_shimmer:block/ominous_campfire_fire
[13:24:03] [Worker-Main-14/WARN] [minecraft/ModelManager]: Missing textures in model create_connected:fan_glooming_catalyst#:
    minecraft:textures/atlas/blocks.png:twilightforest:block/deadrock
    minecraft:textures/atlas/blocks.png:create_shimmer:block/ominous_campfire_fire
[13:24:03] [Worker-Main-14/WARN] [minecraft/ModelManager]: Missing textures in model create_connected:fan_soul_stripping_catalyst#:
    minecraft:textures/atlas/blocks.png:createnetherindustry:block/soul_stripping_block
[13:24:03] [Worker-Main-14/WARN] [minecraft/ModelManager]: Missing textures in model create_connected:fan_transmutation_catalyst#inventory:
    minecraft:textures/atlas/blocks.png:create_shimmer:fluid/shimmer_flow
[13:24:04] [Render thread/INFO] [Veil/]: Loaded 0 shader modifications
[13:24:04] [Render thread/INFO] [to.le.ir.IrisVeilCompat/]: [VeilHook] Captured vertex source for 'veil:necromancer/skinned_mesh': 5049 chars, hasGetVelocity=false, hasOffset=false
[13:24:04] [Render thread/INFO] [to.le.ir.IrisVeilCompat/]: [VeilHook] Captured fragment source for 'veil:necromancer/skinned_mesh': 2073 chars
[13:24:04] [Render thread/INFO] [to.le.ir.IrisVeilCompat/]: [VeilHook] Captured vertex source for 'veil:blit_screen': 542 chars, hasGetVelocity=false, hasOffset=false
[13:24:04] [Render thread/INFO] [to.le.ir.IrisVeilCompat/]: [VeilHook] Captured fragment source for 'veil:blit_screen': 495 chars
[13:24:04] [Render thread/INFO] [to.le.ir.IrisVeilCompat/]: [VeilHook] Captured vertex source for 'veil:blit_screen': 542 chars, hasGetVelocity=false, hasOffset=false
[13:24:04] [Render thread/INFO] [to.le.ir.IrisVeilCompat/]: [VeilHook] Captured fragment source for 'veil:blit_depth': 532 chars
[13:24:04] [Render thread/INFO] [to.le.ir.IrisVeilCompat/]: [VeilHook] Captured vertex source for 'veil:core/blit_screen_effect': 600 chars, hasGetVelocity=false, hasOffset=false
[13:24:04] [Render thread/INFO] [to.le.ir.IrisVeilCompat/]: [VeilHook] Captured fragment source for 'veil:core/blit_screen_effect': 543 chars
[13:24:04] [Render thread/INFO] [to.le.ir.IrisVeilCompat/]: [VeilHook] Captured vertex source for 'veil:light/area': 1703 chars, hasGetVelocity=false, hasOffset=false
[13:24:04] [Render thread/INFO] [to.le.ir.IrisVeilCompat/]: [VeilHook] Captured fragment source for 'veil:light/area': 14130 chars
[13:24:04] [Render thread/INFO] [to.le.ir.IrisVeilCompat/]: [VeilHook] Captured vertex source for 'veil:blit_screen': 542 chars, hasGetVelocity=false, hasOffset=false
[13:24:04] [Render thread/INFO] [to.le.ir.IrisVeilCompat/]: [VeilHook] Captured fragment source for 'veil:debug/cubemap': 1758 chars
[13:24:04] [Render thread/INFO] [to.le.ir.IrisVeilCompat/]: [VeilHook] Captured vertex source for 'simulated:end_sea': 1127 chars, hasGetVelocity=false, hasOffset=false
[13:24:04] [Render thread/INFO] [to.le.ir.IrisVeilCompat/]: [VeilHook] Captured fragment source for 'simulated:end_sea': 1278 chars
[13:24:04] [Render thread/INFO] [to.le.ir.IrisVeilCompat/]: [VeilHook] Captured vertex source for 'simulated:rope/rope': 4214 chars, hasGetVelocity=false, hasOffset=false
[13:24:04] [Render thread/INFO] [to.le.ir.IrisVeilCompat/]: [VeilHook] Captured fragment source for 'simulated:rope/rope': 1948 chars
[13:24:04] [Render thread/INFO] [to.le.ir.IrisVeilCompat/]: [VeilHook] Captured vertex source for 'veil:quasar/particle_additive': 1985 chars, hasGetVelocity=false, hasOffset=false
[13:24:04] [Render thread/INFO] [to.le.ir.IrisVeilCompat/]: [VeilHook] Captured fragment source for 'veil:quasar/particle_additive': 1874 chars
[13:24:04] [Render thread/INFO] [to.le.ir.IrisVeilCompat/]: [VeilHook] Captured vertex source for 'simulated:redstone_accumulator/diode': 4070 chars, hasGetVelocity=false, hasOffset=false
[13:24:04] [Render thread/INFO] [to.le.ir.IrisVeilCompat/]: [VeilHook] Captured fragment source for 'simulated:redstone_accumulator/diode': 3788 chars
[13:24:04] [Render thread/INFO] [to.le.ir.IrisVeilCompat/]: [VeilHook] Captured vertex source for 'veil:debug/shell': 629 chars, hasGetVelocity=false, hasOffset=false
[13:24:04] [Render thread/INFO] [to.le.ir.IrisVeilCompat/]: [VeilHook] Captured fragment source for 'veil:debug/shell': 605 chars
[13:24:04] [Render thread/INFO] [to.le.ir.IrisVeilCompat/]: [VeilHook] Captured vertex source for 'veil:blit_screen': 542 chars, hasGetVelocity=false, hasOffset=false
[13:24:04] [Render thread/INFO] [to.le.ir.IrisVeilCompat/]: [VeilHook] Captured fragment source for 'veil:light/directional': 9064 chars
[13:24:04] [Render thread/INFO] [to.le.ir.IrisVeilCompat/]: [VeilHook] Captured vertex source for 'veil:quasar/particle': 1985 chars, hasGetVelocity=false, hasOffset=false
[13:24:04] [Render thread/INFO] [to.le.ir.IrisVeilCompat/]: [VeilHook] Captured fragment source for 'veil:quasar/particle': 1898 chars
[13:24:04] [Render thread/INFO] [to.le.ir.IrisVeilCompat/]: [VeilHook] Captured vertex source for 'aeronautics:levitite/levitite': 5585 chars, hasGetVelocity=true, hasOffset=true
[13:24:04] [Render thread/INFO] [to.le.ir.IrisVeilCompat/]: [VeilHook] Captured fragment source for 'aeronautics:levitite/levitite': 3656 chars
[13:24:04] [Render thread/INFO] [to.le.ir.IrisVeilCompat/]: [VeilHook] Captured vertex source for 'simulated:spring/spring': 4196 chars, hasGetVelocity=false, hasOffset=false
[13:24:04] [Render thread/INFO] [to.le.ir.IrisVeilCompat/]: [VeilHook] Captured fragment source for 'simulated:spring/spring': 1972 chars
[13:24:04] [Render thread/INFO] [to.le.ir.IrisVeilCompat/]: [VeilHook] Captured vertex source for 'veil:blit_screen': 542 chars, hasGetVelocity=false, hasOffset=false
[13:24:04] [Render thread/INFO] [to.le.ir.IrisVeilCompat/]: [VeilHook] Captured fragment source for 'veil:core/composite': 783 chars
[13:24:04] [Render thread/INFO] [to.le.ir.IrisVeilCompat/]: [VeilHook] Captured vertex source for 'aeronautics:hot_air_overlay': 1167 chars, hasGetVelocity=false, hasOffset=false
[13:24:04] [Render thread/INFO] [to.le.ir.IrisVeilCompat/]: [VeilHook] Captured fragment source for 'aeronautics:hot_air_overlay': 907 chars
[13:24:04] [Render thread/INFO] [to.le.ir.IrisVeilCompat/]: [VeilHook] Captured vertex source for 'aeronautics:burner_flame': 1770 chars, hasGetVelocity=false, hasOffset=false
[13:24:04] [Render thread/INFO] [to.le.ir.IrisVeilCompat/]: [VeilHook] Captured fragment source for 'aeronautics:burner_flame': 5298 chars
[13:24:04] [Render thread/INFO] [to.le.ir.IrisVeilCompat/]: [VeilHook] Captured vertex source for 'veil:blit_screen': 542 chars, hasGetVelocity=false, hasOffset=false
[13:24:04] [Render thread/INFO] [to.le.ir.IrisVeilCompat/]: [VeilHook] Captured fragment source for 'veil:core/blur': 937 chars
[13:24:04] [Render thread/INFO] [to.le.ir.IrisVeilCompat/]: [VeilHook] Captured vertex source for 'veil:blit_screen': 542 chars, hasGetVelocity=false, hasOffset=false
[13:24:04] [Render thread/INFO] [to.le.ir.IrisVeilCompat/]: [VeilHook] Captured fragment source for 'veil:core/bloom': 2631 chars
[13:24:04] [Render thread/INFO] [to.le.ir.IrisVeilCompat/]: [VeilHook] Captured vertex source for 'veil:blit_screen': 542 chars, hasGetVelocity=false, hasOffset=false
[13:24:04] [Render thread/INFO] [to.le.ir.IrisVeilCompat/]: [VeilHook] Captured fragment source for 'aeronautics:soft_light': 1108 chars
[13:24:04] [Render thread/INFO] [to.le.ir.IrisVeilCompat/]: [VeilHook] Captured vertex source for 'veil:blit_screen': 542 chars, hasGetVelocity=false, hasOffset=false
[13:24:04] [Render thread/INFO] [to.le.ir.IrisVeilCompat/]: [VeilHook] Captured fragment source for 'veil:debug/array': 539 chars
[13:24:04] [Render thread/INFO] [to.le.ir.IrisVeilCompat/]: [VeilHook] Captured vertex source for 'veil:blit_screen': 542 chars, hasGetVelocity=false, hasOffset=false
[13:24:04] [Render thread/INFO] [to.le.ir.IrisVeilCompat/]: [VeilHook] Captured fragment source for 'veil:core/unblur': 1318 chars
[13:24:04] [Render thread/INFO] [to.le.ir.IrisVeilCompat/]: [VeilHook] Captured vertex source for 'veil:light/point': 1136 chars, hasGetVelocity=false, hasOffset=false
[13:24:04] [Render thread/INFO] [to.le.ir.IrisVeilCompat/]: [VeilHook] Captured fragment source for 'veil:light/point': 13059 chars
[13:24:04] [Render thread/INFO] [to.le.ir.IrisVeilCompat/]: [VeilHook] Captured vertex source for 'simulated:laser_pointer/lens': 4016 chars, hasGetVelocity=false, hasOffset=false
[13:24:04] [Render thread/INFO] [to.le.ir.IrisVeilCompat/]: [VeilHook] Captured fragment source for 'simulated:laser_pointer/lens': 4048 chars
[13:24:04] [Render thread/INFO] [to.le.ir.IrisVeilCompat/]: [VeilHook] Captured vertex source for 'simulated:laser/laser': 774 chars, hasGetVelocity=false, hasOffset=false
[13:24:04] [Render thread/INFO] [to.le.ir.IrisVeilCompat/]: [VeilHook] Captured fragment source for 'simulated:laser/laser': 1878 chars
[13:24:04] [Render thread/INFO] [to.le.ir.IrisVeilCompat/]: [VeilHook] Captured vertex source for 'simulated:contraption_diagram/outline_diagram': 610 chars, hasGetVelocity=false, hasOffset=false
[13:24:04] [Render thread/INFO] [to.le.ir.IrisVeilCompat/]: [VeilHook] Captured fragment source for 'simulated:contraption_diagram/outline_diagram': 5629 chars
[13:24:04] [Render thread/INFO] [to.le.ir.IrisVeilCompat/]: [VeilHook] Captured vertex source for 'veil:blit_screen': 542 chars, hasGetVelocity=false, hasOffset=false
[13:24:04] [Render thread/INFO] [to.le.ir.IrisVeilCompat/]: [VeilHook] Captured fragment source for 'simulated:spread_end_sea': 2427 chars
[13:24:04] [Render thread/INFO] [Veil/]: Loaded 29 shaders from: pinwheel/shaders/program
[13:24:04] [Worker-Main-9/INFO] [sn.ja.Jade/]: Start loading plugin from mekanism.common.integration.lookingat.jade.MekanismJadePlugin
[13:24:04] [Worker-Main-9/INFO] [sn.ja.Jade/]: Start loading plugin from moze_intel.projecte.integration.jade.PEJadePlugin
[13:24:04] [Worker-Main-9/INFO] [sn.ja.Jade/]: Start loading plugin from blusunrize.immersiveengineering.common.util.compat.jade.IEWailaPlugin
[13:24:04] [Worker-Main-9/INFO] [sn.ja.Jade/]: Start loading plugin from snownee.jade.addon.vanilla.VanillaPlugin
[13:24:04] [Worker-Main-9/INFO] [sn.ja.Jade/]: Start loading plugin from snownee.jade.addon.universal.UniversalPlugin
[13:24:04] [Worker-Main-9/INFO] [sn.ja.Jade/]: Start loading plugin from snownee.jade.addon.debug.DebugPlugin
[13:24:04] [Worker-Main-9/INFO] [sn.ja.Jade/]: Start loading plugin from snownee.jade.addon.core.CorePlugin
[13:24:04] [Worker-Main-9/INFO] [sn.ja.Jade/]: Start loading plugin from snownee.jade.addon.access.AccessibilityPlugin
[13:24:04] [Worker-Main-9/INFO] [sn.ja.Jade/]: Start loading plugin from appeng.integration.modules.jade.JadeModule
[13:24:04] [Worker-Main-15/INFO] [PonderIndex/]: Registering Ponder Scenes took 320.0 ms
[13:24:04] [Worker-Main-15/INFO] [PonderIndex/]: Registering Ponder Tags took 12.56 ms
[13:24:05] [Render thread/WARN] [minecraft/SoundEngine]: Missing sound for event: minecraft:item.goat_horn.play
[13:24:05] [Render thread/WARN] [minecraft/SoundEngine]: Missing sound for event: minecraft:entity.goat.screaming.horn_break
[13:24:05] [Render thread/INFO] [mojang/Library]: OpenAL initialized on device OpenAL Soft on Digital Audio (S/PDIF) (High Definition Audio Device)
[13:24:05] [Render thread/INFO] [minecraft/SoundEngine]: Sound engine started
[13:24:05] [Render thread/INFO] [minecraft/TextureAtlas]: Created: 4096x2048x4 minecraft:textures/atlas/blocks.png-atlas
[13:24:05] [Render thread/INFO] [minecraft/TextureAtlas]: Created: 256x256x4 minecraft:textures/atlas/signs.png-atlas
[13:24:05] [Render thread/INFO] [minecraft/TextureAtlas]: Created: 1024x512x4 minecraft:textures/atlas/shield_patterns.png-atlas
[13:24:05] [Render thread/INFO] [minecraft/TextureAtlas]: Created: 1024x512x4 minecraft:textures/atlas/banner_patterns.png-atlas
[13:24:05] [Render thread/INFO] [minecraft/TextureAtlas]: Created: 2048x1024x4 minecraft:textures/atlas/armor_trims.png-atlas
[13:24:05] [Render thread/INFO] [minecraft/TextureAtlas]: Created: 256x256x4 minecraft:textures/atlas/chest.png-atlas
[13:24:05] [Render thread/INFO] [minecraft/TextureAtlas]: Created: 128x64x4 minecraft:textures/atlas/decorated_pot.png-atlas
[13:24:05] [Render thread/INFO] [minecraft/TextureAtlas]: Created: 512x256x4 minecraft:textures/atlas/shulker_boxes.png-atlas
[13:24:05] [Render thread/INFO] [minecraft/TextureAtlas]: Created: 512x256x4 minecraft:textures/atlas/beds.png-atlas
[13:24:06] [Render thread/INFO] [minecraft/TextureAtlas]: Created: 1024x512x0 minecraft:textures/atlas/particles.png-atlas
[13:24:06] [Render thread/INFO] [minecraft/TextureAtlas]: Created: 512x256x0 minecraft:textures/atlas/paintings.png-atlas
[13:24:06] [Render thread/INFO] [minecraft/TextureAtlas]: Created: 256x128x0 minecraft:textures/atlas/mob_effects.png-atlas
[13:24:06] [Render thread/INFO] [minecraft/TextureAtlas]: Created: 64x64x0 minecraft:textures/atlas/map_decorations.png-atlas
[13:24:06] [Render thread/INFO] [minecraft/TextureAtlas]: Created: 1024x1024x0 minecraft:textures/atlas/gui.png-atlas
[13:24:06] [Render thread/WARN] [minecraft/ShaderInstance]: Shader rendertype_entity_translucent_emissive could not find sampler named Sampler2 in the specified shader program.
[13:24:06] [Render thread/INFO] [minecraft/TextureAtlas]: Created: 256x256x0 jei:textures/atlas/gui.png-atlas
[13:24:06] [Render thread/INFO] [minecraft/TextureAtlas]: Created: 512x256x0 mekanism:textures/atlas/robit.png-atlas
[13:24:06] [Render thread/INFO] [ne.ne.ne.cl.en.an.js.AnimationLoader/]: Loaded 0 entity animations
[13:24:06] [Render thread/INFO] [Veil/]: Loaded 3 framebuffers
[13:24:06] [Render thread/INFO] [Veil/]: Loaded 6 post pipelines
[13:24:06] [Render thread/INFO] [Veil/]: Loaded 4 render types
[13:24:06] [Render thread/INFO] [Veil/]: Enabled bloom pipeline
[13:24:06] [Render thread/INFO] [Veil/]: Loaded 0 quasar particles
[13:24:06] [Render thread/INFO] [Veil/]: Loaded 0 templates
[13:24:06] [Render thread/INFO] [Veil/]: Loaded 0 modules
[13:24:06] [Render thread/INFO] [gu.in.GuideReloadListener/]: Data driven guides: []
[13:24:06] [Render thread/INFO] [flywheel/backend/shaders/]: Loaded 106 shader sources in 55.107 ms
[13:24:06] [Render thread/INFO] [co.si.cr.Create/]: Loaded 58 train hat configurations.
[13:24:07] [Render thread/INFO] [Iris/]: Creating pipeline for dimension minecraft:overworld
[13:24:12] [Render thread/WARN] [ne.ne.ne.co.CommonHooks/WP]: The following mods have version differences that were not resolved:
controllable (version 0.25.4 -> MISSING)
Things may not work well.
[13:24:12] [Render thread/INFO] [co.si.cr.Create/]: Created 157 recipes which will be injected into the game
[13:24:12] [Render thread/INFO] [co.si.cr.Create/]: Created 0 tags which will be injected into the game
[13:24:12] [Render thread/INFO] [pl.dr.cr.da.ru.RuntimePackResources/]: Starting provider [plus.dragons.createdragonsplus.data.internal.CDPRuntimeRecipeProvider@64e08192] for runtime resource [create_dragons_plus:runtime]
[13:24:12] [Render thread/INFO] [pl.dr.cr.da.ru.RuntimePackResources/]: plus.dragons.createdragonsplus.data.internal.CDPRuntimeRecipeProvider@64e08192 finished after 36 ms
[13:24:14] [Worker-Main-2/ERROR] [minecraft/LootDataType]: Couldn't parse element ResourceKey[minecraft:root / minecraft:loot_table]:create_connected:blocks/dye_depot_amber_fan_dyeing_catalyst - Unknown registry key in ResourceKey[minecraft:root / minecraft:item]: create_connected:dye_depot_amber_fan_dyeing_catalyst
[13:24:14] [Worker-Main-2/ERROR] [minecraft/LootDataType]: Couldn't parse element ResourceKey[minecraft:root / minecraft:loot_table]:create_connected:blocks/dye_depot_maroon_fan_dyeing_catalyst - Unknown registry key in ResourceKey[minecraft:root / minecraft:item]: create_connected:dye_depot_maroon_fan_dyeing_catalyst
[13:24:14] [Worker-Main-2/ERROR] [minecraft/LootDataType]: Couldn't parse element ResourceKey[minecraft:root / minecraft:loot_table]:create_connected:blocks/dye_depot_mint_fan_dyeing_catalyst - Unknown registry key in ResourceKey[minecraft:root / minecraft:item]: create_connected:dye_depot_mint_fan_dyeing_catalyst
[13:24:14] [Worker-Main-2/ERROR] [minecraft/LootDataType]: Couldn't parse element ResourceKey[minecraft:root / minecraft:loot_table]:create_connected:blocks/dye_depot_coral_fan_dyeing_catalyst - Unknown registry key in ResourceKey[minecraft:root / minecraft:item]: create_connected:dye_depot_coral_fan_dyeing_catalyst
[13:24:14] [Worker-Main-2/ERROR] [minecraft/LootDataType]: Couldn't parse element ResourceKey[minecraft:root / minecraft:loot_table]:create_connected:blocks/dye_depot_forest_fan_dyeing_catalyst - Unknown registry key in ResourceKey[minecraft:root / minecraft:item]: create_connected:dye_depot_forest_fan_dyeing_catalyst
[13:24:14] [Worker-Main-2/ERROR] [minecraft/LootDataType]: Couldn't parse element ResourceKey[minecraft:root / minecraft:loot_table]:create_connected:blocks/dye_depot_olive_fan_dyeing_catalyst - Unknown registry key in ResourceKey[minecraft:root / minecraft:item]: create_connected:dye_depot_olive_fan_dyeing_catalyst
[13:24:14] [Worker-Main-2/ERROR] [minecraft/LootDataType]: Couldn't parse element ResourceKey[minecraft:root / minecraft:loot_table]:create_connected:blocks/dye_depot_verdant_fan_dyeing_catalyst - Unknown registry key in ResourceKey[minecraft:root / minecraft:item]: create_connected:dye_depot_verdant_fan_dyeing_catalyst
[13:24:14] [Worker-Main-2/ERROR] [minecraft/LootDataType]: Couldn't parse element ResourceKey[minecraft:root / minecraft:loot_table]:create_connected:blocks/dye_depot_beige_fan_dyeing_catalyst - Unknown registry key in ResourceKey[minecraft:root / minecraft:item]: create_connected:dye_depot_beige_fan_dyeing_catalyst
[13:24:14] [Worker-Main-2/ERROR] [minecraft/LootDataType]: Couldn't parse element ResourceKey[minecraft:root / minecraft:loot_table]:create_connected:blocks/dye_depot_aqua_fan_dyeing_catalyst - Unknown registry key in ResourceKey[minecraft:root / minecraft:item]: create_connected:dye_depot_aqua_fan_dyeing_catalyst
[13:24:14] [Worker-Main-2/ERROR] [minecraft/LootDataType]: Couldn't parse element ResourceKey[minecraft:root / minecraft:loot_table]:create_connected:blocks/dye_depot_slate_fan_dyeing_catalyst - Unknown registry key in ResourceKey[minecraft:root / minecraft:item]: create_connected:dye_depot_slate_fan_dyeing_catalyst
[13:24:14] [Worker-Main-2/ERROR] [minecraft/LootDataType]: Couldn't parse element ResourceKey[minecraft:root / minecraft:loot_table]:create_connected:blocks/dye_depot_teal_fan_dyeing_catalyst - Unknown registry key in ResourceKey[minecraft:root / minecraft:item]: create_connected:dye_depot_teal_fan_dyeing_catalyst
[13:24:14] [Worker-Main-2/ERROR] [minecraft/LootDataType]: Couldn't parse element ResourceKey[minecraft:root / minecraft:loot_table]:create_connected:blocks/dye_depot_ginger_fan_dyeing_catalyst - Unknown registry key in ResourceKey[minecraft:root / minecraft:item]: create_connected:dye_depot_ginger_fan_dyeing_catalyst
[13:24:14] [Worker-Main-2/ERROR] [minecraft/LootDataType]: Couldn't parse element ResourceKey[minecraft:root / minecraft:loot_table]:create_connected:blocks/dye_depot_tan_fan_dyeing_catalyst - Unknown registry key in ResourceKey[minecraft:root / minecraft:item]: create_connected:dye_depot_tan_fan_dyeing_catalyst
[13:24:14] [Worker-Main-2/ERROR] [minecraft/LootDataType]: Couldn't parse element ResourceKey[minecraft:root / minecraft:loot_table]:create_connected:blocks/dye_depot_indigo_fan_dyeing_catalyst - Unknown registry key in ResourceKey[minecraft:root / minecraft:item]: create_connected:dye_depot_indigo_fan_dyeing_catalyst
[13:24:14] [Worker-Main-2/ERROR] [minecraft/LootDataType]: Couldn't parse element ResourceKey[minecraft:root / minecraft:loot_table]:create_connected:blocks/dye_depot_rose_fan_dyeing_catalyst - Unknown registry key in ResourceKey[minecraft:root / minecraft:item]: create_connected:dye_depot_rose_fan_dyeing_catalyst
[13:24:14] [Worker-Main-2/ERROR] [minecraft/LootDataType]: Couldn't parse element ResourceKey[minecraft:root / minecraft:loot_table]:create_connected:blocks/dye_depot_navy_fan_dyeing_catalyst - Unknown registry key in ResourceKey[minecraft:root / minecraft:item]: create_connected:dye_depot_navy_fan_dyeing_catalyst
[13:24:15] [Worker-Main-2/INFO] [AE2:C/]: Scanning class appeng.server.testplots.AutoCraftingTestPlots for plots
[13:24:15] [Worker-Main-2/INFO] [AE2:C/]: Scanning class appeng.server.testplots.SpawnExtraGridTestTools for plots
[13:24:15] [Worker-Main-2/INFO] [AE2:C/]: Scanning class appeng.server.testplots.PatternProviderPlots for plots
[13:24:15] [Worker-Main-2/INFO] [AE2:C/]: Scanning class appeng.server.testplots.CrystalResonanceGeneratorTestPlots for plots
[13:24:15] [Worker-Main-2/INFO] [AE2:C/]: Scanning class appeng.server.testplots.InterfaceTestPlots for plots
[13:24:15] [Worker-Main-2/INFO] [AE2:C/]: Scanning class appeng.server.testplots.PatternProviderLockModePlots for plots
[13:24:15] [Worker-Main-2/INFO] [AE2:C/]: Scanning class appeng.server.testplots.ItemP2PTestPlots for plots
[13:24:15] [Worker-Main-2/INFO] [AE2:C/]: Scanning class appeng.server.testplots.InvalidPatternTestPlot for plots
[13:24:15] [Worker-Main-2/INFO] [AE2:C/]: Scanning class appeng.server.testplots.MemoryCardTestPlots for plots
[13:24:15] [Worker-Main-2/INFO] [AE2:C/]: Scanning class appeng.server.testplots.AnnihilationPlaneTests for plots
[13:24:15] [Worker-Main-2/INFO] [AE2:C/]: Scanning class appeng.server.testplots.InscriberTestPlots for plots
[13:24:15] [Worker-Main-2/INFO] [AE2:C/]: Scanning class appeng.server.testplots.GuidebookPlot for plots
[13:24:15] [Worker-Main-2/INFO] [AE2:C/]: Scanning class appeng.server.testplots.SubnetPlots for plots
[13:24:15] [Worker-Main-2/INFO] [AE2:C/]: Scanning class appeng.server.testplots.P2PTestPlots for plots
[13:24:15] [Worker-Main-2/INFO] [AE2:C/]: Scanning class appeng.server.testplots.QnbTestPlots for plots
[13:24:15] [Worker-Main-2/INFO] [AE2:C/]: Scanning class appeng.server.testplots.ExternalEnergyTestPlots for plots
[13:24:15] [Worker-Main-2/INFO] [AE2:C/]: Scanning class appeng.server.testplots.ChannelTests for plots
[13:24:15] [Worker-Main-2/INFO] [AE2:C/]: Scanning class appeng.server.testplots.TestPlots for plots
[13:24:15] [Worker-Main-2/INFO] [AE2:C/]: Scanning class appeng.server.testplots.SpatialTestPlots for plots
[13:24:16] [Render thread/INFO] [minecraft/RecipeManager]: Loaded 6829 recipes
[13:24:17] [Render thread/INFO] [minecraft/AdvancementTree]: Loaded 4233 advancements
[13:24:17] [Render thread/INFO] [Curios API/]: Loaded 11 curio slots
[13:24:17] [Render thread/INFO] [Curios API/]: Loaded 1 curio entities
[13:24:22] [Server thread/INFO] [minecraft/IntegratedServer]: Starting integrated minecraft server version 1.21.1
[13:24:22] [Server thread/INFO] [minecraft/MinecraftServer]: Generating keypair
[13:24:22] [Server thread/INFO] [Framework/]: Loading server configs...
[13:24:23] [Server thread/INFO] [de.ry.sa.Sable/]: Creating physics pipeline for ResourceKey[minecraft:dimension / minecraft:overworld] using RapierPhysicsPipelineProvider
[2026-10-01T05:24:23.347218300Z] [INFO] (sable_rapier) Rapier scene initialized
[13:24:23] [Server thread/INFO] [de.ry.sa.Sable/]: Creating physics pipeline for ResourceKey[minecraft:dimension / minecraft:the_end] using RapierPhysicsPipelineProvider
[2026-10-01T05:24:23.886451500Z] [INFO] (sable_rapier) Rapier scene initialized
[13:24:25] [Server thread/INFO] [de.ry.sa.Sable/]: Creating physics pipeline for ResourceKey[minecraft:dimension / minecraft:the_nether] using RapierPhysicsPipelineProvider
[2026-10-01T05:24:25.102486200Z] [INFO] (sable_rapier) Rapier scene initialized
[13:24:25] [Server thread/INFO] [de.ry.sa.Sable/]: Creating physics pipeline for ResourceKey[minecraft:dimension / ae2:spatial_storage] using RapierPhysicsPipelineProvider
[2026-10-01T05:24:25.128404200Z] [INFO] (sable_rapier) Rapier scene initialized
[13:24:25] [Server thread/INFO] [minecraft/MinecraftServer]: Preparing start region for dimension minecraft:overworld
[13:24:25] [Render thread/INFO] [minecraft/LoggerChunkProgressListener]: 准备生成区域中：0%
[13:24:25] [Render thread/INFO] [minecraft/LoggerChunkProgressListener]: 准备生成区域中：0%
[13:24:25] [Server thread/INFO] [ne.ne.ne.se.pe.PermissionAPI/]: Successfully initialized permission handler neoforge:default_handler
[13:24:26] [Render thread/INFO] [minecraft/LoggerChunkProgressListener]: Time elapsed: 827 ms
[13:24:26] [ProjectE UUID Checker Server/ERROR] [mo.pr.PECore/FATAL]: Caught exception in UUID Checker thread!
javax.net.ssl.SSLHandshakeException: (certificate_unknown) PKIX path building failed: sun.security.provider.certpath.SunCertPathBuilderException: unable to find valid certification path to requested target
	at java.base/sun.security.ssl.Alert.createSSLException(Alert.java:130) ~[?:?] {}
	at java.base/sun.security.ssl.TransportContext.fatal(TransportContext.java:383) ~[?:?] {}
	at java.base/sun.security.ssl.TransportContext.fatal(TransportContext.java:326) ~[?:?] {}
	at java.base/sun.security.ssl.TransportContext.fatal(TransportContext.java:321) ~[?:?] {}
	at java.base/sun.security.ssl.CertificateMessage$T13CertificateConsumer.checkServerCerts(CertificateMessage.java:1287) ~[?:?] {}
	at java.base/sun.security.ssl.CertificateMessage$T13CertificateConsumer.onConsumeCertificate(CertificateMessage.java:1164) ~[?:?] {}
	at java.base/sun.security.ssl.CertificateMessage$T13CertificateConsumer.consume(CertificateMessage.java:1107) ~[?:?] {}
	at java.base/sun.security.ssl.SSLHandshake.consume(SSLHandshake.java:393) ~[?:?] {}
	at java.base/sun.security.ssl.HandshakeContext.dispatch(HandshakeContext.java:477) ~[?:?] {}
	at java.base/sun.security.ssl.HandshakeContext.dispatch(HandshakeContext.java:448) ~[?:?] {}
	at java.base/sun.security.ssl.TransportContext.dispatch(TransportContext.java:206) ~[?:?] {}
	at java.base/sun.security.ssl.SSLTransport.decode(SSLTransport.java:172) ~[?:?] {}
	at java.base/sun.security.ssl.SSLSocketImpl.decode(SSLSocketImpl.java:1505) ~[?:?] {}
	at java.base/sun.security.ssl.SSLSocketImpl.readHandshakeRecord(SSLSocketImpl.java:1420) ~[?:?] {}
	at java.base/sun.security.ssl.SSLSocketImpl.startHandshake(SSLSocketImpl.java:455) ~[?:?] {}
	at java.base/sun.security.ssl.SSLSocketImpl.startHandshake(SSLSocketImpl.java:426) ~[?:?] {}
	at java.base/sun.net.www.protocol.https.HttpsClient.afterConnect(HttpsClient.java:586) ~[?:?] {}
	at java.base/sun.net.www.protocol.https.AbstractDelegateHttpsURLConnection.connect(AbstractDelegateHttpsURLConnection.java:190) ~[?:?] {}
	at java.base/sun.net.www.protocol.http.HttpURLConnection.getInputStream0(HttpURLConnection.java:1691) ~[?:?] {}
	at java.base/sun.net.www.protocol.http.HttpURLConnection.getInputStream(HttpURLConnection.java:1615) ~[?:?] {}
	at java.base/sun.net.www.protocol.https.HttpsURLConnectionImpl.getInputStream(HttpsURLConnectionImpl.java:223) ~[?:?] {}
	at java.base/java.net.URL.openStream(URL.java:1325) ~[?:?] {}
	at TRANSFORMER/projecte@1.1.0/moze_intel.projecte.network.ThreadCheckUUID.run(ThreadCheckUUID.java:35) [%5B等价交换重制版%5D%20ProjectE-1.21.1-PE1.1.0.jar%23247!/:1.1.0] {re:classloading}
Caused by: sun.security.validator.ValidatorException: PKIX path building failed: sun.security.provider.certpath.SunCertPathBuilderException: unable to find valid certification path to requested target
	at java.base/sun.security.validator.PKIXValidator.doBuild(PKIXValidator.java:388) ~[?:?] {}
	at java.base/sun.security.validator.PKIXValidator.engineValidate(PKIXValidator.java:271) ~[?:?] {}
	at java.base/sun.security.validator.Validator.validate(Validator.java:256) ~[?:?] {}
	at java.base/sun.security.ssl.X509TrustManagerImpl.checkTrusted(X509TrustManagerImpl.java:230) ~[?:?] {}
	at java.base/sun.security.ssl.X509TrustManagerImpl.checkServerTrusted(X509TrustManagerImpl.java:132) ~[?:?] {}
	at java.base/sun.security.ssl.CertificateMessage$T13CertificateConsumer.checkServerCerts(CertificateMessage.java:1271) ~[?:?] {}
	... 18 more
Caused by: sun.security.provider.certpath.SunCertPathBuilderException: unable to find valid certification path to requested target
	at java.base/sun.security.provider.certpath.SunCertPathBuilder.build(SunCertPathBuilder.java:148) ~[?:?] {}
	at java.base/sun.security.provider.certpath.SunCertPathBuilder.engineBuild(SunCertPathBuilder.java:129) ~[?:?] {}
	at java.base/java.security.cert.CertPathBuilder.build(CertPathBuilder.java:297) ~[?:?] {}
	at java.base/sun.security.validator.PKIXValidator.doBuild(PKIXValidator.java:383) ~[?:?] {}
	at java.base/sun.security.validator.PKIXValidator.engineValidate(PKIXValidator.java:271) ~[?:?] {}
	at java.base/sun.security.validator.Validator.validate(Validator.java:256) ~[?:?] {}
	at java.base/sun.security.ssl.X509TrustManagerImpl.checkTrusted(X509TrustManagerImpl.java:230) ~[?:?] {}
	at java.base/sun.security.ssl.X509TrustManagerImpl.checkServerTrusted(X509TrustManagerImpl.java:132) ~[?:?] {}
	at java.base/sun.security.ssl.CertificateMessage$T13CertificateConsumer.checkServerCerts(CertificateMessage.java:1271) ~[?:?] {}
	... 18 more
[13:24:26] [Server thread/INFO] [immersiveengineering/]: Couldn't fully analyze 1 mekanism:free_runners_armored, missing knowledge for {1 mekanism:free_runners=1.0}
[13:24:26] [Server thread/INFO] [immersiveengineering/]: Finished recipe profiler for Arc Recycling, took 127 milliseconds
[13:24:26] [Server thread/INFO] [minecraft/IntegratedServer]: Changing view distance to 12, from 10
[13:24:26] [Server thread/INFO] [minecraft/IntegratedServer]: Changing simulation distance to 12, from 0
[13:24:26] [Render thread/INFO] [de.ry.sa.Sable/]: Adding local UDP server channel future
[13:24:27] [Render thread/WARN] [io.ne.bo.Bootstrap/]: Unknown channel option 'SO_BROADCAST' for channel '[id: 0xf525681b]'
[13:24:27] [Netty Server IO #1/INFO] [de.ry.sa.Sable/]: Server UDP channel active
[13:24:27] [Render thread/INFO] [de.ry.sa.Sable/]: Starting local client UDP channel future
[13:24:27] [Netty Local Client IO #1/INFO] [de.ry.sa.Sable/]: Client UDP channel active
[13:24:27] [Render thread/INFO] [co.si.cr.Create/]: Created 157 recipes which will be injected into the game
[13:24:27] [Render thread/INFO] [co.si.cr.Create/]: Created 0 tags which will be injected into the game
[13:24:27] [Render thread/INFO] [pl.dr.cr.da.ru.RuntimePackResources/]: Starting provider [plus.dragons.createdragonsplus.data.internal.CDPRuntimeRecipeProvider@4a9f198f] for runtime resource [create_dragons_plus:runtime]
[13:24:27] [Render thread/INFO] [pl.dr.cr.da.ru.RuntimePackResources/]: plus.dragons.createdragonsplus.data.internal.CDPRuntimeRecipeProvider@4a9f198f finished after 13 ms
[13:24:29] [Server thread/INFO] [minecraft/PlayerList]: Trail_Akivili[local:E:e5b35984] logged in with entity id 8 at (1151.8151448517553, -33.66822555358114, 632.8883995591939)
[13:24:29] [Server thread/INFO] [de.ry.sa.Sable/]: Beginning attempted authentication with player Trail_Akivili
[13:24:30] [Server thread/WARN] [mo.pr.PECore/]: EMC Exploit: "0 + 9*minecraft:item: mekanism:nugget_tin => 1*minecraft:item: mekanism:ingot_tin" ingredient cost: 252 value of result: 256 setValueFromConversion: 0 + 1*minecraft:item Tag: c:ingots/iron => 1*minecraft:item: mekanism:ingot_tin
[13:24:30] [Server thread/WARN] [mo.pr.PECore/]: EMC Exploit: ingredients (0 + 200*NSSFake: craftingMapper/256 + 1*minecraft:item: minecraft:dead_fire_coral => 1*minecraft:item: minecraft:fire_coral) cost 1 but output value is 16
[13:24:30] [Server thread/WARN] [mo.pr.PECore/]: EMC Exploit: ingredients (0 + 200*NSSFake: craftingMapper/256 + 1*minecraft:item: minecraft:dead_tube_coral_fan => 1*minecraft:item: minecraft:tube_coral_fan) cost 1 but output value is 16
[13:24:30] [Server thread/WARN] [mo.pr.PECore/]: EMC Exploit: ingredients (0 + 1*minecraft:item: minecraft:dead_bubble_coral_fan + 200*NSSFake: craftingMapper/256 => 1*minecraft:item: minecraft:bubble_coral_fan) cost 1 but output value is 16
[13:24:30] [Render thread/INFO] [Inventory Profiles Next/]: [Inventory Profiles Next] Loaded 0 external GUI hints
[13:24:30] [Render thread/INFO] [Inventory Profiles Next/]: [Inventory Profiles Next] Loaded 803 build-in GUI hints
[13:24:30] [Server thread/WARN] [mo.pr.PECore/]: EMC Exploit: ingredients (0 + 1*minecraft:item: minecraft:clay => 4*minecraft:item: minecraft:clay_ball) cost 1 but output value is 16
[13:24:30] [Render thread/INFO] [Inventory Profiles Next/]: [Inventory Profiles Next] Effective GUI hints after merge: 803
[13:24:30] [Server thread/WARN] [mo.pr.PECore/]: EMC Exploit: ingredients (0 + 1*minecraft:item: mekanism:nugget_uranium + 8*NSSFake: craftingMapper/80 => 1*minecraft:item: mekanism:ingot_uranium) cost 4095 but output value is 4096
[13:24:30] [Server thread/WARN] [mo.pr.PECore/]: EMC Exploit: "0 + 9*minecraft:item: mekanism:nugget_osmium => 1*minecraft:item: mekanism:ingot_osmium" ingredient cost: 504 value of result: 512 setValueFromConversion: 0 + 2*minecraft:item Tag: c:ingots/iron => 1*minecraft:item: mekanism:ingot_osmium
[13:24:30] [Server thread/WARN] [mo.pr.PECore/]: EMC Exploit: "0 + 9*minecraft:item: mekanism:nugget_bronze => 1*minecraft:item: mekanism:ingot_bronze" ingredient cost: 153 value of result: 160 setValueFromConversion: 0 + 1*minecraft:item Tag: c:ingots/tin + 3*minecraft:item Tag: c:ingots/copper => 4*minecraft:item: mekanism:ingot_bronze
[13:24:30] [Server thread/WARN] [mo.pr.PECore/]: EMC Exploit: "0 + 1*minecraft:item: mekanism:dust_bronze => 1*minecraft:item: mekanism:ingot_bronze" ingredient cost: 103 value of result: 160 setValueFromConversion: 0 + 1*minecraft:item Tag: c:ingots/tin + 3*minecraft:item Tag: c:ingots/copper => 4*minecraft:item: mekanism:ingot_bronze
[13:24:30] [Server thread/WARN] [mo.pr.PECore/]: EMC Exploit: "0 + 10*mekanism:chemical: mekanism:tin + 3*minecraft:item: minecraft:copper_ingot => 4*minecraft:item: mekanism:ingot_bronze" ingredient cost: 414 value of result: 160 setValueFromConversion: 0 + 1*minecraft:item Tag: c:ingots/tin + 3*minecraft:item Tag: c:ingots/copper => 4*minecraft:item: mekanism:ingot_bronze
[13:24:30] [Server thread/WARN] [mo.pr.PECore/]: EMC Exploit: ingredients (0 + 1*minecraft:item: minecraft:dead_fire_coral_block + 200*NSSFake: craftingMapper/254 => 1*minecraft:item: minecraft:fire_coral_block) cost 4 but output value is 64
[13:24:30] [Server thread/WARN] [mo.pr.PECore/]: EMC Exploit: ingredients (0 + 200*NSSFake: craftingMapper/256 + 1*minecraft:item: minecraft:dead_bubble_coral => 1*minecraft:item: minecraft:bubble_coral) cost 1 but output value is 16
[13:24:30] [Server thread/WARN] [mo.pr.PECore/]: EMC Exploit: ingredients (0 + 200*NSSFake: craftingMapper/256 + 1*minecraft:item: minecraft:dead_fire_coral_fan => 1*minecraft:item: minecraft:fire_coral_fan) cost 1 but output value is 16
[13:24:30] [Server thread/WARN] [mo.pr.PECore/]: EMC Exploit: "0 + 8*NSSFake: craftingMapper/133 + 1*minecraft:item: mekanism:nugget_lead => 1*minecraft:item: mekanism:ingot_lead" ingredient cost: 504 value of result: 512 setValueFromConversion: 0 + 2*minecraft:item Tag: c:ingots/iron => 1*minecraft:item: mekanism:ingot_lead
[13:24:30] [Server thread/WARN] [mo.pr.PECore/]: EMC Exploit: "0 + 8*NSSFake: craftingMapper/48 + 1*minecraft:item: immersiveengineering:nugget_copper => 1*minecraft:item: minecraft:copper_ingot" ingredient cost: 126 value of result: 128 setValueFromConversion: 0 + 1*minecraft:item Tag: c:ingots/iron => 2*minecraft:item: minecraft:copper_ingot
[13:24:30] [Server thread/WARN] [mo.pr.PECore/]: EMC Exploit: "0 + 9*NSSFake: craftingMapper/48 => 1*minecraft:item: minecraft:copper_ingot" ingredient cost: 126 value of result: 128 setValueFromConversion: 0 + 1*minecraft:item Tag: c:ingots/iron => 2*minecraft:item: minecraft:copper_ingot
[13:24:30] [Server thread/WARN] [mo.pr.PECore/]: EMC Exploit: ingredients (0 + 200*NSSFake: craftingMapper/256 + 1*minecraft:item: minecraft:dead_brain_coral => 1*minecraft:item: minecraft:brain_coral) cost 1 but output value is 16
[13:24:30] [Server thread/WARN] [mo.pr.PECore/]: EMC Exploit: ingredients (0 + 1*minecraft:item: minecraft:diorite + 1*minecraft:item: minecraft:cobblestone => 2*minecraft:item: minecraft:andesite) cost 17 but output value is 16
[13:24:30] [Server thread/WARN] [mo.pr.PECore/]: EMC Exploit: ingredients (0 + 1*minecraft:item: minecraft:dead_bubble_coral_block + 200*NSSFake: craftingMapper/254 => 1*minecraft:item: minecraft:bubble_coral_block) cost 4 but output value is 64
[13:24:30] [Server thread/WARN] [mo.pr.PECore/]: EMC Exploit: ingredients (0 + 1*NSSFake: craftingMapper/139 => 1*minecraft:item: minecraft:gravel) cost 1 but output value is 4
[13:24:30] [Server thread/WARN] [mo.pr.PECore/]: EMC Exploit: ingredients (0 + 1*minecraft:item: minecraft:cobblestone => 1*minecraft:item: minecraft:gravel) cost 1 but output value is 4
[13:24:30] [Server thread/WARN] [mo.pr.PECore/]: EMC Exploit: ingredients (0 + 200*NSSFake: craftingMapper/256 + 1*minecraft:item: minecraft:dead_horn_coral_fan => 1*minecraft:item: minecraft:horn_coral_fan) cost 1 but output value is 16
[13:24:30] [Server thread/WARN] [mo.pr.PECore/]: EMC Exploit: "0 + 9*minecraft:item: immersiveengineering:nugget_silver => 1*minecraft:item: immersiveengineering:ingot_silver" ingredient cost: 504 value of result: 512 setValueFromConversion: 0 + 2*minecraft:item Tag: c:ingots/iron => 1*minecraft:item: immersiveengineering:ingot_silver
[13:24:30] [Server thread/WARN] [mo.pr.PECore/]: EMC Exploit: ingredients (0 + 1*minecraft:item: minecraft:clay_ball + 10*mekanism:chemical: mekanism:bio => 1*minecraft:item: minecraft:slime_ball) cost 50 / 3 but output value is 32
[13:24:30] [Server thread/WARN] [mo.pr.PECore/]: EMC Exploit: ingredients (0 + 40*mekanism:chemical: mekanism:bio + 1*minecraft:item: minecraft:clay => 4*minecraft:item: minecraft:slime_ball) cost 11 / 3 but output value is 32
[13:24:30] [Server thread/WARN] [mo.pr.PECore/]: EMC Exploit: ingredients (0 + 1*minecraft:item: minecraft:dead_tube_coral_block + 200*NSSFake: craftingMapper/254 => 1*minecraft:item: minecraft:tube_coral_block) cost 4 but output value is 64
[13:24:30] [Server thread/WARN] [mo.pr.PECore/]: EMC Exploit: ingredients (0 + 1*minecraft:item: minecraft:dead_brain_coral_block + 200*NSSFake: craftingMapper/254 => 1*minecraft:item: minecraft:brain_coral_block) cost 4 but output value is 64
[13:24:30] [Server thread/WARN] [mo.pr.PECore/]: EMC Exploit: ingredients (0 + 9*minecraft:item: minecraft:iron_nugget => 1*minecraft:item: minecraft:iron_ingot) cost 252 but output value is 256
[13:24:30] [Server thread/WARN] [mo.pr.PECore/]: EMC Exploit: ingredients (0 + 1*minecraft:item: immersiveengineering:nugget_uranium + 8*NSSFake: craftingMapper/80 => 1*minecraft:item: immersiveengineering:ingot_uranium) cost 4095 but output value is 4096
[13:24:30] [Server thread/WARN] [mo.pr.PECore/]: EMC Exploit: ingredients (0 + 9*minecraft:item: create:zinc_nugget => 1*minecraft:item: create:zinc_ingot) cost 126 but output value is 128
[13:24:30] [Server thread/WARN] [mo.pr.PECore/]: EMC Exploit: ingredients (0 + 1*minecraft:item: minecraft:dead_horn_coral_block + 200*NSSFake: craftingMapper/254 => 1*minecraft:item: minecraft:horn_coral_block) cost 4 but output value is 64
[13:24:30] [Server thread/WARN] [mo.pr.PECore/]: EMC Exploit: ingredients (0 + 1*minecraft:item: minecraft:dead_tube_coral + 200*NSSFake: craftingMapper/256 => 1*minecraft:item: minecraft:tube_coral) cost 1 but output value is 16
[13:24:30] [Server thread/WARN] [mo.pr.PECore/]: EMC Exploit: "0 + 8*NSSFake: craftingMapper/133 + 1*minecraft:item: immersiveengineering:nugget_lead => 1*minecraft:item: immersiveengineering:ingot_lead" ingredient cost: 504 value of result: 512 setValueFromConversion: 0 + 2*minecraft:item Tag: c:ingots/iron => 1*minecraft:item: immersiveengineering:ingot_lead
[13:24:30] [Server thread/WARN] [mo.pr.PECore/]: EMC Exploit: "0 + 9*minecraft:item: immersiveengineering:nugget_aluminum => 1*minecraft:item: immersiveengineering:ingot_aluminum" ingredient cost: 126 value of result: 128 setValueFromConversion: 0 + 1*minecraft:item Tag: c:ingots/iron => 2*minecraft:item: immersiveengineering:ingot_aluminum
[13:24:30] [Server thread/WARN] [mo.pr.PECore/]: EMC Exploit: ingredients (0 + 1*minecraft:item: minecraft:cobweb => 9*minecraft:item: minecraft:string) cost 12 but output value is 12
[13:24:30] [Server thread/WARN] [mo.pr.PECore/]: EMC Exploit: ingredients (0 + 200*NSSFake: craftingMapper/256 + 1*minecraft:item: minecraft:dead_horn_coral => 1*minecraft:item: minecraft:horn_coral) cost 1 but output value is 16
[13:24:30] [Server thread/WARN] [mo.pr.PECore/]: EMC Exploit: "0 + 9*minecraft:item: minecraft:gold_nugget => 1*minecraft:item: minecraft:gold_ingot" ingredient cost: 2043 value of result: 2048 setValueFromConversion: 0 + 8*minecraft:item Tag: c:ingots/iron => 1*minecraft:item: minecraft:gold_ingot
[13:24:30] [Server thread/WARN] [mo.pr.PECore/]: EMC Exploit: ingredients (0 + 1*minecraft:item: minecraft:flint => 1*minecraft:item: minecraft:gunpowder) cost 4 but output value is 192
[13:24:30] [Server thread/WARN] [mo.pr.PECore/]: EMC Exploit: "0 + 9*minecraft:item: immersiveengineering:nugget_nickel => 1*minecraft:item: immersiveengineering:ingot_nickel" ingredient cost: 1017 value of result: 1024 setValueFromConversion: 0 + 4*minecraft:item Tag: c:ingots/iron => 1*minecraft:item: immersiveengineering:ingot_nickel
[13:24:30] [Server thread/WARN] [mo.pr.PECore/]: EMC Exploit: ingredients (0 + 200*NSSFake: craftingMapper/256 + 1*minecraft:item: minecraft:dead_brain_coral_fan => 1*minecraft:item: minecraft:brain_coral_fan) cost 1 but output value is 16
[13:24:30] [Render thread/INFO] [Iris/]: Reloading pipeline on dimension change: minecraft:overworld => minecraft:overworld
[13:24:30] [Render thread/INFO] [Iris/]: Destroying pipeline minecraft:overworld
[13:24:30] [Render thread/INFO] [Iris/]: Creating pipeline for dimension minecraft:overworld
[13:24:30] [Server thread/INFO] [mo.pr.PECore/]: Registered 2697 EMC values. (took 1048 ms)
[13:24:30] [Server thread/INFO] [minecraft/MinecraftServer]: Trail_Akivili加入了游戏
[13:24:30] [Render thread/WARN] [mixin/]: Error loading class: me/jellysquid/mods/sodium/client/model/light/data/LightDataAccess (java.lang.ClassNotFoundException: me.jellysquid.mods.sodium.client.model.light.data.LightDataAccess)
[13:24:30] [Render thread/WARN] [mixin/]: Error loading class: me/jellysquid/mods/sodium/client/model/light/data/ArrayLightDataCache (java.lang.ClassNotFoundException: me.jellysquid.mods.sodium.client.model.light.data.ArrayLightDataCache)
[13:24:30] [Render thread/WARN] [mixin/]: Error loading class: me/jellysquid/mods/sodium/client/model/light/flat/FlatLightPipeline (java.lang.ClassNotFoundException: me.jellysquid.mods.sodium.client.model.light.flat.FlatLightPipeline)
[13:24:30] [Netty Server IO #2/INFO] [immersiveengineering/]: Recipes for potions: minecraft:long_water_breathing, minecraft:awkward, minecraft:slowness, minecraft:weakness, minecraft:poison, minecraft:long_strength, minecraft:wind_charged, minecraft:strong_leaping, minecraft:long_swiftness, minecraft:leaping, minecraft:strong_slowness, minecraft:slow_falling, minecraft:oozing, minecraft:long_invisibility, minecraft:harming, minecraft:long_poison, minecraft:long_weakness, minecraft:long_slowness, minecraft:strong_strength, minecraft:strong_healing, minecraft:infested, minecraft:long_leaping, minecraft:healing, minecraft:long_night_vision, minecraft:swiftness, minecraft:fire_resistance, minecraft:regeneration, minecraft:invisibility, minecraft:long_slow_falling, minecraft:strong_turtle_master, minecraft:long_fire_resistance, minecraft:long_turtle_master, minecraft:strong_harming, minecraft:long_regeneration, minecraft:night_vision, minecraft:turtle_master, minecraft:strong_regeneration, minecraft:weaving, minecraft:strong_swiftness, minecraft:water_breathing, minecraft:strength, minecraft:water, minecraft:strong_poison
[13:24:30] [Render thread/INFO] [ChunkBuilder/]: Started 10 worker threads
[13:24:31] [Render thread/INFO] [flywheel/]: Started 10 worker threads
[13:24:31] [Render thread/INFO] [me.je.co.ut.LoggedTimer/]: Starting JEI...
[13:24:31] [Render thread/INFO] [me.je.li.lo.PluginCaller/]: Configuring JEI...
[13:24:31] [Render thread/INFO] [me.je.li.lo.PluginCaller/]: Configuring JEI took 5.278 milliseconds
[13:24:31] [Render thread/INFO] [me.je.li.lo.PluginCaller/]: Registering item subtypes...
[13:24:31] [Render thread/INFO] [me.je.li.lo.PluginCallerTimerRunnable/]: Registering item subtypes: jei:minecraft took 27.52 milliseconds
[13:24:31] [Render thread/INFO] [me.je.li.lo.PluginCaller/]: Registering item subtypes took 45.49 milliseconds
[13:24:31] [Render thread/INFO] [me.je.li.lo.PluginCaller/]: Registering fluid subtypes...
[13:24:31] [Render thread/INFO] [me.je.li.lo.PluginCaller/]: Registering fluid subtypes took 8.183 milliseconds
[13:24:31] [Render thread/INFO] [me.je.li.lo.PluginCaller/]: Registering ingredients...
[13:24:32] [Server thread/WARN] [minecraft/MinecraftServer]: Can't keep up! Is the server overloaded? Running 3085ms or 61 ticks behind
[13:24:32] [Render thread/INFO] [me.je.li.lo.PluginCallerTimerRunnable/]: Registering ingredients: jei:minecraft took 879.7 milliseconds
[13:24:32] [Render thread/INFO] [me.je.li.lo.PluginCallerTimerRunnable/]: Registering ingredients: mekanism:jei_plugin took 16.88 milliseconds
[13:24:32] [Render thread/INFO] [me.je.li.lo.PluginCaller/]: Registering ingredients took 898.4 milliseconds
[13:24:32] [Render thread/INFO] [me.je.li.lo.PluginCaller/]: Registering extra ingredients...
[13:24:32] [Render thread/INFO] [me.je.li.lo.PluginCallerTimerRunnable/]: Registering extra ingredients: create:jei_plugin took 13.04 milliseconds
[13:24:32] [Render thread/INFO] [me.je.li.lo.PluginCaller/]: Registering extra ingredients took 14.65 milliseconds
[13:24:32] [Render thread/INFO] [me.je.li.lo.PluginCaller/]: Registering search ingredient aliases...
[13:24:32] [Render thread/INFO] [me.je.li.lo.PluginCallerTimerRunnable/]: Registering search ingredient aliases: mekanism:jei_plugin took 58.20 milliseconds
[13:24:32] [Render thread/INFO] [me.je.li.lo.PluginCallerTimerRunnable/]: Registering search ingredient aliases: projecte:main took 23.92 milliseconds
[13:24:32] [Render thread/INFO] [me.je.li.lo.PluginCaller/]: Registering search ingredient aliases took 94.39 milliseconds
[13:24:33] [Render thread/INFO] [me.je.li.lo.PluginCaller/]: Registering Mod Info...
[13:24:33] [Render thread/INFO] [me.je.li.lo.PluginCaller/]: Registering Mod Info took 2.864 milliseconds
[13:24:33] [Render thread/INFO] [me.je.li.lo.PluginCaller/]: Registering advanced search...
[13:24:33] [Render thread/INFO] [me.je.li.lo.PluginCaller/]: Registering advanced search took 1.629 milliseconds
[13:24:33] [Render thread/INFO] [me.je.li.lo.PluginCaller/]: Registering categories...
[13:24:33] [Render thread/INFO] [me.je.li.lo.PluginCallerTimerRunnable/]: Registering categories: jei:minecraft took 99.94 milliseconds
[13:24:33] [Render thread/INFO] [me.je.li.lo.PluginCallerTimerRunnable/]: Registering categories: mekanism:jei_plugin took 292.3 milliseconds
[13:24:33] [Render thread/INFO] [me.je.li.lo.PluginCallerTimerRunnable/]: Registering categories: projecte:main took 26.94 milliseconds
[13:24:33] [Render thread/INFO] [me.je.li.lo.PluginCallerTimerRunnable/]: Registering categories: mekanismgenerators:jei_plugin took 13.60 milliseconds
[13:24:33] [Render thread/INFO] [me.je.li.lo.PluginCallerTimerRunnable/]: Registering categories: create_new_age:jei_plugin took 45.22 milliseconds
[13:24:33] [Render thread/INFO] [me.je.li.lo.PluginCallerTimerRunnable/]: Registering categories: immersiveengineering:main took 82.64 milliseconds
[13:24:33] [Render thread/INFO] [me.je.li.lo.PluginCallerTimerRunnable/]: Registering categories: create:jei_plugin took 201.7 milliseconds
[13:24:34] [Render thread/INFO] [me.je.li.lo.PluginCallerTimerRunnable/]: Registering categories: create_dragons_plus:jei_plugin took 47.04 milliseconds
[13:24:34] [Render thread/INFO] [me.je.li.lo.PluginCallerTimerRunnable/]: Registering categories: create_enchantment_industry:jei took 18.55 milliseconds
[13:24:34] [Render thread/INFO] [me.je.li.lo.PluginCaller/]: Registering categories took 836.0 milliseconds
[13:24:34] [Render thread/INFO] [me.je.li.lo.PluginCaller/]: Registering vanilla category extensions...
[13:24:34] [Render thread/INFO] [me.je.li.lo.PluginCallerTimerRunnable/]: Registering vanilla category extensions: jei:minecraft took 12.90 milliseconds
[13:24:34] [Render thread/INFO] [me.je.li.lo.PluginCaller/]: Registering vanilla category extensions took 14.24 milliseconds
[13:24:34] [Render thread/INFO] [me.je.li.lo.PluginCaller/]: Registering recipe catalysts...
[13:24:34] [Render thread/INFO] [me.je.li.lo.PluginCaller/]: Registering recipe catalysts took 11.55 milliseconds
[13:24:34] [Render thread/INFO] [me.je.co.ut.LoggedTimer/]: Building recipe registry...
[13:24:34] [Render thread/INFO] [me.je.co.ut.LoggedTimer/]: Building recipe registry took 151.9 milliseconds
[13:24:34] [Render thread/INFO] [me.je.li.lo.PluginCaller/]: Registering advanced plugins...
[13:24:34] [Render thread/INFO] [me.je.li.lo.PluginCaller/]: Registering advanced plugins took 2.864 milliseconds
[13:24:34] [Render thread/INFO] [me.je.li.lo.PluginCaller/]: Registering recipes...
[13:24:35] [Render thread/INFO] [me.je.li.lo.PluginCallerTimerRunnable/]: Registering recipes: jei:minecraft took 1.142 seconds
[13:24:35] [Render thread/INFO] [me.je.li.lo.PluginCallerTimerRunnable/]: Registering recipes: mekanism:jei_plugin took 149.4 milliseconds
[13:24:35] [Render thread/INFO] [me.je.li.lo.PluginCallerTimerRunnable/]: Registering recipes: projecte:main took 37.08 milliseconds
[13:24:35] [Render thread/INFO] [me.je.li.lo.PluginCallerTimerRunnable/]: Registering recipes: mekanismgenerators:jei_plugin took 11.47 milliseconds
[13:24:35] [Render thread/INFO] [immersiveengineering/]: Adding recipes to JEI!!
[13:24:35] [Render thread/INFO] [me.je.li.lo.PluginCallerTimerRunnable/]: Registering recipes: immersiveengineering:main took 134.3 milliseconds
[13:24:36] [Render thread/INFO] [me.je.li.lo.PluginCallerTimerRunnable/]: Registering recipes: create:jei_plugin took 504.7 milliseconds
[13:24:36] [Render thread/INFO] [me.je.li.lo.PluginCallerTimerRunnable/]: Registering recipes: create_dragons_plus:jei_plugin took 160.5 milliseconds
[13:24:36] [Render thread/INFO] [me.je.li.lo.PluginCallerTimerRunnable/]: Registering recipes: create_enchantment_industry:jei took 142.3 milliseconds
[13:24:36] [Render thread/INFO] [me.je.li.lo.PluginCaller/]: Registering recipes took 2.295 seconds
[13:24:36] [Render thread/INFO] [me.je.li.lo.PluginCaller/]: Registering recipes transfer handlers...
[13:24:36] [Render thread/INFO] [me.je.li.lo.PluginCallerTimerRunnable/]: Registering recipes transfer handlers: jei:minecraft took 12.37 milliseconds
[13:24:36] [Render thread/INFO] [me.je.li.lo.PluginCaller/]: Registering recipes transfer handlers took 34.58 milliseconds
[13:24:36] [Render thread/INFO] [me.je.co.ut.LoggedTimer/]: Building runtime...
[13:24:36] [Render thread/INFO] [me.je.li.lo.PluginCaller/]: Registering gui handlers...
[13:24:36] [Render thread/INFO] [me.je.li.lo.PluginCallerTimerRunnable/]: Registering gui handlers: jei:minecraft took 14.16 milliseconds
[13:24:36] [Render thread/INFO] [me.je.li.lo.PluginCallerTimerRunnable/]: Registering gui handlers: jei:gui took 36.92 milliseconds
[13:24:36] [Render thread/INFO] [me.je.li.lo.PluginCaller/]: Registering gui handlers took 77.54 milliseconds
[13:24:36] [Render thread/INFO] [me.je.li.lo.PluginCaller/]: Registering Runtime...
[13:24:36] [Render thread/INFO] [me.je.gu.st.JeiGuiStarter/]: Starting JEI GUI
[13:24:36] [Render thread/INFO] [me.je.co.ut.LoggedTimer/]: Building ingredient list...
[13:24:36] [Render thread/INFO] [me.je.co.ut.LoggedTimer/]: Building ingredient list took 151.2 milliseconds
[13:24:36] [Render thread/INFO] [me.je.co.ut.LoggedTimer/]: Building ingredient filter...
[13:24:38] [Render thread/INFO] [me.je.gu.in.IngredientFilter/]: Adding 4504 ingredients
[13:24:38] [Render thread/INFO] [me.je.gu.in.IngredientFilter/]: Added 4504 ingredients
[13:24:38] [Render thread/INFO] [me.je.co.ut.LoggedTimer/]: Building ingredient filter took 1.437 seconds
[13:24:38] [Render thread/INFO] [me.je.li.lo.PluginCallerTimerRunnable/]: Registering Runtime: jei:neoforge_gui took 2.093 seconds
[13:24:38] [Render thread/INFO] [me.je.li.lo.PluginCaller/]: Registering Runtime took 2.095 seconds
[13:24:38] [Render thread/INFO] [me.je.co.ut.LoggedTimer/]: Building runtime took 2.222 seconds
[13:24:38] [Render thread/INFO] [me.je.li.lo.PluginCaller/]: Sending Runtime...
[13:24:38] [Render thread/INFO] [me.je.li.lo.PluginCaller/]: Sending Runtime took 1.541 milliseconds
[13:24:38] [Render thread/INFO] [me.je.co.ut.LoggedTimer/]: Starting JEI took 6.972 seconds
[13:24:38] [Render thread/INFO] [sn.ja.Jade/]: Received config from the server: 
[13:24:38] [Render thread/INFO] [minecraft/AdvancementTree]: Loaded 1199 advancements
[13:24:40] [Render thread/INFO] [Veil/]: Multi-Bind supported, using core
[13:25:21] [Server thread/INFO] [minecraft/IntegratedServer]: Saving and pausing game...
[13:25:21] [Server thread/INFO] [minecraft/MinecraftServer]: Saving chunks for level 'ServerLevel[新的世界]'/minecraft:overworld
[13:25:21] [Server thread/INFO] [de.ry.sa.Sable/]: Saving sub-levels for level 'ServerLevel[新的世界]'/minecraft:overworld
[13:25:21] [Server thread/INFO] [minecraft/MinecraftServer]: Saving chunks for level 'ServerLevel[新的世界]'/minecraft:the_end
[13:25:21] [Server thread/INFO] [de.ry.sa.Sable/]: Saving sub-levels for level 'ServerLevel[新的世界]'/minecraft:the_end
[13:25:21] [Server thread/INFO] [minecraft/MinecraftServer]: Saving chunks for level 'ServerLevel[新的世界]'/minecraft:the_nether
[13:25:21] [Server thread/INFO] [de.ry.sa.Sable/]: Saving sub-levels for level 'ServerLevel[新的世界]'/minecraft:the_nether
[13:25:21] [Server thread/INFO] [minecraft/MinecraftServer]: Saving chunks for level 'ServerLevel[新的世界]'/ae2:spatial_storage
[13:25:21] [Server thread/INFO] [de.ry.sa.Sable/]: Saving sub-levels for level 'ServerLevel[新的世界]'/ae2:spatial_storage
[13:25:26] [Server thread/INFO] [minecraft/IntegratedServer]: Saving and pausing game...
[13:25:27] [Server thread/INFO] [minecraft/MinecraftServer]: Saving chunks for level 'ServerLevel[新的世界]'/minecraft:overworld
[13:25:27] [Server thread/INFO] [de.ry.sa.Sable/]: Saving sub-levels for level 'ServerLevel[新的世界]'/minecraft:overworld
[13:25:27] [Server thread/INFO] [minecraft/MinecraftServer]: Saving chunks for level 'ServerLevel[新的世界]'/minecraft:the_end
[13:25:27] [Server thread/INFO] [de.ry.sa.Sable/]: Saving sub-levels for level 'ServerLevel[新的世界]'/minecraft:the_end
[13:25:27] [Server thread/INFO] [minecraft/MinecraftServer]: Saving chunks for level 'ServerLevel[新的世界]'/minecraft:the_nether
[13:25:27] [Server thread/INFO] [de.ry.sa.Sable/]: Saving sub-levels for level 'ServerLevel[新的世界]'/minecraft:the_nether
[13:25:27] [Server thread/INFO] [minecraft/MinecraftServer]: Saving chunks for level 'ServerLevel[新的世界]'/ae2:spatial_storage
[13:25:27] [Server thread/INFO] [de.ry.sa.Sable/]: Saving sub-levels for level 'ServerLevel[新的世界]'/ae2:spatial_storage
[13:25:38] [Render thread/INFO] [Sodium/]: Flushed changes to Minecraft configuration
[13:25:38] [Render thread/INFO] [ChunkBuilder/]: Stopping worker threads
[13:25:38] [Render thread/INFO] [ChunkBuilder/]: Started 10 worker threads
[13:29:42] [Server thread/INFO] [de.ry.sa.Sable/]: Saving sub-levels for level 'ServerLevel[新的世界]'/minecraft:overworld
[13:29:42] [Server thread/INFO] [de.ry.sa.Sable/]: Saving sub-levels for level 'ServerLevel[新的世界]'/minecraft:the_end
[13:29:42] [Server thread/INFO] [de.ry.sa.Sable/]: Saving sub-levels for level 'ServerLevel[新的世界]'/minecraft:the_nether
[13:29:42] [Server thread/INFO] [de.ry.sa.Sable/]: Saving sub-levels for level 'ServerLevel[新的世界]'/ae2:spatial_storage
[13:32:10] [Server thread/INFO] [minecraft/MinecraftServer]: [Trail_Akivili: 已传送530个实体至Trail_Akivili]
[13:32:10] [Render thread/INFO] [minecraft/ChatComponent]: [System] [CHAT] 已传送530个实体至Trail_Akivili
[13:32:23] [Render thread/WARN] [Sodium-VertexConsumerTracker/]: Class com.mojang.blaze3d.vertex.VertexMultiConsumer$Double does not support optimized vertex writing code paths, which may cause reduced rendering performance
[13:32:49] [Server thread/INFO] [minecraft/IntegratedServer]: Saving and pausing game...
[13:32:49] [Server thread/INFO] [minecraft/MinecraftServer]: Saving chunks for level 'ServerLevel[新的世界]'/minecraft:overworld
[13:32:49] [Server thread/INFO] [de.ry.sa.Sable/]: Saving sub-levels for level 'ServerLevel[新的世界]'/minecraft:overworld
[13:32:49] [Server thread/INFO] [minecraft/MinecraftServer]: Saving chunks for level 'ServerLevel[新的世界]'/minecraft:the_end
[13:32:49] [Server thread/INFO] [de.ry.sa.Sable/]: Saving sub-levels for level 'ServerLevel[新的世界]'/minecraft:the_end
[13:32:49] [Server thread/INFO] [minecraft/MinecraftServer]: Saving chunks for level 'ServerLevel[新的世界]'/minecraft:the_nether
[13:32:49] [Server thread/INFO] [de.ry.sa.Sable/]: Saving sub-levels for level 'ServerLevel[新的世界]'/minecraft:the_nether
[13:32:49] [Server thread/INFO] [minecraft/MinecraftServer]: Saving chunks for level 'ServerLevel[新的世界]'/ae2:spatial_storage
[13:32:49] [Server thread/INFO] [de.ry.sa.Sable/]: Saving sub-levels for level 'ServerLevel[新的世界]'/ae2:spatial_storage
[13:33:25] [Server thread/INFO] [minecraft/MinecraftServer]: [Trail_Akivili: 已传送98个实体至Trail_Akivili]
[13:33:25] [Render thread/INFO] [minecraft/ChatComponent]: [System] [CHAT] 已传送98个实体至Trail_Akivili
[13:33:38] [Render thread/INFO] [minecraft/ChatComponent]: [System] [CHAT] 将怀表模式设为: 加速时间流逝
[13:34:42] [Server thread/INFO] [de.ry.sa.Sable/]: Saving sub-levels for level 'ServerLevel[新的世界]'/minecraft:overworld
[13:34:42] [Server thread/INFO] [de.ry.sa.Sable/]: Saving sub-levels for level 'ServerLevel[新的世界]'/minecraft:the_end
[13:34:42] [Server thread/INFO] [de.ry.sa.Sable/]: Saving sub-levels for level 'ServerLevel[新的世界]'/minecraft:the_nether
[13:34:42] [Server thread/INFO] [de.ry.sa.Sable/]: Saving sub-levels for level 'ServerLevel[新的世界]'/ae2:spatial_storage
[13:37:02] [Server thread/INFO] [minecraft/MinecraftServer]: [Trail_Akivili: 已传送167个实体至Trail_Akivili]
[13:37:02] [Render thread/INFO] [minecraft/ChatComponent]: [System] [CHAT] 已传送167个实体至Trail_Akivili
[13:37:15] [Server thread/WARN] [minecraft/MinecraftServer]: Can't keep up! Is the server overloaded? Running 2069ms or 41 ticks behind
[13:39:14] [Server thread/INFO] [minecraft/MinecraftServer]: [Trail_Akivili: 已传送1075个实体至Trail_Akivili]
[13:39:14] [Render thread/INFO] [minecraft/ChatComponent]: [System] [CHAT] 已传送1075个实体至Trail_Akivili
[13:39:31] [Server thread/INFO] [minecraft/MinecraftServer]: [Trail_Akivili: 已传送20个实体至Trail_Akivili]
[13:39:31] [Render thread/INFO] [minecraft/ChatComponent]: [System] [CHAT] 已传送20个实体至Trail_Akivili
[13:39:44] [Server thread/INFO] [de.ry.sa.Sable/]: Saving sub-levels for level 'ServerLevel[新的世界]'/minecraft:overworld
[13:39:44] [Server thread/INFO] [de.ry.sa.Sable/]: Saving sub-levels for level 'ServerLevel[新的世界]'/minecraft:the_end
[13:39:44] [Server thread/INFO] [de.ry.sa.Sable/]: Saving sub-levels for level 'ServerLevel[新的世界]'/minecraft:the_nether
[13:39:44] [Server thread/INFO] [de.ry.sa.Sable/]: Saving sub-levels for level 'ServerLevel[新的世界]'/ae2:spatial_storage
[13:40:31] [Server thread/INFO] [minecraft/MinecraftServer]: [Trail_Akivili: 已传送211个实体至Trail_Akivili]
[13:40:31] [Render thread/INFO] [minecraft/ChatComponent]: [System] [CHAT] 已传送211个实体至Trail_Akivili
[13:40:34] [Server thread/INFO] [minecraft/MinecraftServer]: [Trail_Akivili: 已传送46个实体至Trail_Akivili]
[13:40:34] [Render thread/INFO] [minecraft/ChatComponent]: [System] [CHAT] 已传送46个实体至Trail_Akivili
[13:42:37] [Render thread/INFO] [minecraft/ChatComponent]: [System] [CHAT] Added minecraft:calcite to veinminer blocks
[13:42:40] [Render thread/INFO] [minecraft/AdvancementTree]: Loaded 1218 advancements
[13:43:04] [Render thread/INFO] [minecraft/ChatComponent]: [System] [CHAT] Added create:limestone to veinminer blocks
[13:43:44] [Server thread/WARN] [minecraft/MinecraftServer]: Can't keep up! Is the server overloaded? Running 4881ms or 97 ticks behind